ARM GAS  C:\Users\Booster\AppData\Local\Temp\ccYRDURW.s 			page 1


   1              		.cpu cortex-m4
   2              		.arch armv7e-m
   3              		.fpu fpv4-sp-d16
   4              		.eabi_attribute 27, 1
   5              		.eabi_attribute 28, 1
   6              		.eabi_attribute 20, 1
   7              		.eabi_attribute 21, 1
   8              		.eabi_attribute 23, 3
   9              		.eabi_attribute 24, 1
  10              		.eabi_attribute 25, 1
  11              		.eabi_attribute 26, 1
  12              		.eabi_attribute 30, 1
  13              		.eabi_attribute 34, 1
  14              		.eabi_attribute 18, 4
  15              		.file	"stm32g4xx_hal_fdcan.c"
  16              		.text
  17              	.Ltext0:
  18              		.cfi_sections	.debug_frame
  19              		.file 1 "Drivers/STM32G4xx_HAL_Driver/Src/stm32g4xx_hal_fdcan.c"
  20              		.section	.text.FDCAN_CalcultateRamBlockAddresses,"ax",%progbits
  21              		.align	1
  22              		.syntax unified
  23              		.thumb
  24              		.thumb_func
  26              	FDCAN_CalcultateRamBlockAddresses:
  27              	.LVL0:
  28              	.LFB389:
   1:Drivers/STM32G4xx_HAL_Driver/Src/stm32g4xx_hal_fdcan.c **** /**
   2:Drivers/STM32G4xx_HAL_Driver/Src/stm32g4xx_hal_fdcan.c ****   ******************************************************************************
   3:Drivers/STM32G4xx_HAL_Driver/Src/stm32g4xx_hal_fdcan.c ****   * @file    stm32g4xx_hal_fdcan.c
   4:Drivers/STM32G4xx_HAL_Driver/Src/stm32g4xx_hal_fdcan.c ****   * @author  MCD Application Team
   5:Drivers/STM32G4xx_HAL_Driver/Src/stm32g4xx_hal_fdcan.c ****   * @brief   FDCAN HAL module driver.
   6:Drivers/STM32G4xx_HAL_Driver/Src/stm32g4xx_hal_fdcan.c ****   *          This file provides firmware functions to manage the following
   7:Drivers/STM32G4xx_HAL_Driver/Src/stm32g4xx_hal_fdcan.c ****   *          functionalities of the Flexible DataRate Controller Area Network
   8:Drivers/STM32G4xx_HAL_Driver/Src/stm32g4xx_hal_fdcan.c ****   *          (FDCAN) peripheral:
   9:Drivers/STM32G4xx_HAL_Driver/Src/stm32g4xx_hal_fdcan.c ****   *           + Initialization and de-initialization functions
  10:Drivers/STM32G4xx_HAL_Driver/Src/stm32g4xx_hal_fdcan.c ****   *           + IO operation functions
  11:Drivers/STM32G4xx_HAL_Driver/Src/stm32g4xx_hal_fdcan.c ****   *           + Peripheral Configuration and Control functions
  12:Drivers/STM32G4xx_HAL_Driver/Src/stm32g4xx_hal_fdcan.c ****   *           + Peripheral State and Error functions
  13:Drivers/STM32G4xx_HAL_Driver/Src/stm32g4xx_hal_fdcan.c ****   ******************************************************************************
  14:Drivers/STM32G4xx_HAL_Driver/Src/stm32g4xx_hal_fdcan.c ****   * @attention
  15:Drivers/STM32G4xx_HAL_Driver/Src/stm32g4xx_hal_fdcan.c ****   *
  16:Drivers/STM32G4xx_HAL_Driver/Src/stm32g4xx_hal_fdcan.c ****   * Copyright (c) 2019 STMicroelectronics.
  17:Drivers/STM32G4xx_HAL_Driver/Src/stm32g4xx_hal_fdcan.c ****   * All rights reserved.
  18:Drivers/STM32G4xx_HAL_Driver/Src/stm32g4xx_hal_fdcan.c ****   *
  19:Drivers/STM32G4xx_HAL_Driver/Src/stm32g4xx_hal_fdcan.c ****   * This software is licensed under terms that can be found in the LICENSE file
  20:Drivers/STM32G4xx_HAL_Driver/Src/stm32g4xx_hal_fdcan.c ****   * in the root directory of this software component.
  21:Drivers/STM32G4xx_HAL_Driver/Src/stm32g4xx_hal_fdcan.c ****   * If no LICENSE file comes with this software, it is provided AS-IS.
  22:Drivers/STM32G4xx_HAL_Driver/Src/stm32g4xx_hal_fdcan.c ****   *
  23:Drivers/STM32G4xx_HAL_Driver/Src/stm32g4xx_hal_fdcan.c ****   ******************************************************************************
  24:Drivers/STM32G4xx_HAL_Driver/Src/stm32g4xx_hal_fdcan.c ****   @verbatim
  25:Drivers/STM32G4xx_HAL_Driver/Src/stm32g4xx_hal_fdcan.c ****   ==============================================================================
  26:Drivers/STM32G4xx_HAL_Driver/Src/stm32g4xx_hal_fdcan.c ****                         ##### How to use this driver #####
  27:Drivers/STM32G4xx_HAL_Driver/Src/stm32g4xx_hal_fdcan.c ****   ==============================================================================
  28:Drivers/STM32G4xx_HAL_Driver/Src/stm32g4xx_hal_fdcan.c ****     [..]
  29:Drivers/STM32G4xx_HAL_Driver/Src/stm32g4xx_hal_fdcan.c ****       (#) Initialize the FDCAN peripheral using HAL_FDCAN_Init function.
  30:Drivers/STM32G4xx_HAL_Driver/Src/stm32g4xx_hal_fdcan.c **** 
ARM GAS  C:\Users\Booster\AppData\Local\Temp\ccYRDURW.s 			page 2


  31:Drivers/STM32G4xx_HAL_Driver/Src/stm32g4xx_hal_fdcan.c ****       (#) If needed , configure the reception filters and optional features using
  32:Drivers/STM32G4xx_HAL_Driver/Src/stm32g4xx_hal_fdcan.c ****           the following configuration functions:
  33:Drivers/STM32G4xx_HAL_Driver/Src/stm32g4xx_hal_fdcan.c ****             (++) HAL_FDCAN_ConfigFilter
  34:Drivers/STM32G4xx_HAL_Driver/Src/stm32g4xx_hal_fdcan.c ****             (++) HAL_FDCAN_ConfigGlobalFilter
  35:Drivers/STM32G4xx_HAL_Driver/Src/stm32g4xx_hal_fdcan.c ****             (++) HAL_FDCAN_ConfigExtendedIdMask
  36:Drivers/STM32G4xx_HAL_Driver/Src/stm32g4xx_hal_fdcan.c ****             (++) HAL_FDCAN_ConfigRxFifoOverwrite
  37:Drivers/STM32G4xx_HAL_Driver/Src/stm32g4xx_hal_fdcan.c ****             (++) HAL_FDCAN_ConfigRamWatchdog
  38:Drivers/STM32G4xx_HAL_Driver/Src/stm32g4xx_hal_fdcan.c ****             (++) HAL_FDCAN_ConfigTimestampCounter
  39:Drivers/STM32G4xx_HAL_Driver/Src/stm32g4xx_hal_fdcan.c ****             (++) HAL_FDCAN_EnableTimestampCounter
  40:Drivers/STM32G4xx_HAL_Driver/Src/stm32g4xx_hal_fdcan.c ****             (++) HAL_FDCAN_DisableTimestampCounter
  41:Drivers/STM32G4xx_HAL_Driver/Src/stm32g4xx_hal_fdcan.c ****             (++) HAL_FDCAN_ConfigTimeoutCounter
  42:Drivers/STM32G4xx_HAL_Driver/Src/stm32g4xx_hal_fdcan.c ****             (++) HAL_FDCAN_EnableTimeoutCounter
  43:Drivers/STM32G4xx_HAL_Driver/Src/stm32g4xx_hal_fdcan.c ****             (++) HAL_FDCAN_DisableTimeoutCounter
  44:Drivers/STM32G4xx_HAL_Driver/Src/stm32g4xx_hal_fdcan.c ****             (++) HAL_FDCAN_ConfigTxDelayCompensation
  45:Drivers/STM32G4xx_HAL_Driver/Src/stm32g4xx_hal_fdcan.c ****             (++) HAL_FDCAN_EnableTxDelayCompensation
  46:Drivers/STM32G4xx_HAL_Driver/Src/stm32g4xx_hal_fdcan.c ****             (++) HAL_FDCAN_DisableTxDelayCompensation
  47:Drivers/STM32G4xx_HAL_Driver/Src/stm32g4xx_hal_fdcan.c ****             (++) HAL_FDCAN_EnableISOMode
  48:Drivers/STM32G4xx_HAL_Driver/Src/stm32g4xx_hal_fdcan.c ****             (++) HAL_FDCAN_DisableISOMode
  49:Drivers/STM32G4xx_HAL_Driver/Src/stm32g4xx_hal_fdcan.c ****             (++) HAL_FDCAN_EnableEdgeFiltering
  50:Drivers/STM32G4xx_HAL_Driver/Src/stm32g4xx_hal_fdcan.c ****             (++) HAL_FDCAN_DisableEdgeFiltering
  51:Drivers/STM32G4xx_HAL_Driver/Src/stm32g4xx_hal_fdcan.c **** 
  52:Drivers/STM32G4xx_HAL_Driver/Src/stm32g4xx_hal_fdcan.c ****       (#) Start the FDCAN module using HAL_FDCAN_Start function. At this level
  53:Drivers/STM32G4xx_HAL_Driver/Src/stm32g4xx_hal_fdcan.c ****           the node is active on the bus: it can send and receive messages.
  54:Drivers/STM32G4xx_HAL_Driver/Src/stm32g4xx_hal_fdcan.c **** 
  55:Drivers/STM32G4xx_HAL_Driver/Src/stm32g4xx_hal_fdcan.c ****       (#) The following Tx control functions can only be called when the FDCAN
  56:Drivers/STM32G4xx_HAL_Driver/Src/stm32g4xx_hal_fdcan.c ****           module is started:
  57:Drivers/STM32G4xx_HAL_Driver/Src/stm32g4xx_hal_fdcan.c ****             (++) HAL_FDCAN_AddMessageToTxFifoQ
  58:Drivers/STM32G4xx_HAL_Driver/Src/stm32g4xx_hal_fdcan.c ****             (++) HAL_FDCAN_AbortTxRequest
  59:Drivers/STM32G4xx_HAL_Driver/Src/stm32g4xx_hal_fdcan.c **** 
  60:Drivers/STM32G4xx_HAL_Driver/Src/stm32g4xx_hal_fdcan.c ****       (#) After having submitted a Tx request in Tx Fifo or Queue, it is possible to
  61:Drivers/STM32G4xx_HAL_Driver/Src/stm32g4xx_hal_fdcan.c ****           get Tx buffer location used to place the Tx request thanks to
  62:Drivers/STM32G4xx_HAL_Driver/Src/stm32g4xx_hal_fdcan.c ****           HAL_FDCAN_GetLatestTxFifoQRequestBuffer API.
  63:Drivers/STM32G4xx_HAL_Driver/Src/stm32g4xx_hal_fdcan.c ****           It is then possible to abort later on the corresponding Tx Request using
  64:Drivers/STM32G4xx_HAL_Driver/Src/stm32g4xx_hal_fdcan.c ****           HAL_FDCAN_AbortTxRequest API.
  65:Drivers/STM32G4xx_HAL_Driver/Src/stm32g4xx_hal_fdcan.c **** 
  66:Drivers/STM32G4xx_HAL_Driver/Src/stm32g4xx_hal_fdcan.c ****       (#) When a message is received into the FDCAN message RAM, it can be
  67:Drivers/STM32G4xx_HAL_Driver/Src/stm32g4xx_hal_fdcan.c ****           retrieved using the HAL_FDCAN_GetRxMessage function.
  68:Drivers/STM32G4xx_HAL_Driver/Src/stm32g4xx_hal_fdcan.c **** 
  69:Drivers/STM32G4xx_HAL_Driver/Src/stm32g4xx_hal_fdcan.c ****       (#) Calling the HAL_FDCAN_Stop function stops the FDCAN module by entering
  70:Drivers/STM32G4xx_HAL_Driver/Src/stm32g4xx_hal_fdcan.c ****           it to initialization mode and re-enabling access to configuration
  71:Drivers/STM32G4xx_HAL_Driver/Src/stm32g4xx_hal_fdcan.c ****           registers through the configuration functions listed here above.
  72:Drivers/STM32G4xx_HAL_Driver/Src/stm32g4xx_hal_fdcan.c **** 
  73:Drivers/STM32G4xx_HAL_Driver/Src/stm32g4xx_hal_fdcan.c ****       (#) All other control functions can be called any time after initialization
  74:Drivers/STM32G4xx_HAL_Driver/Src/stm32g4xx_hal_fdcan.c ****           phase, no matter if the FDCAN module is started or stopped.
  75:Drivers/STM32G4xx_HAL_Driver/Src/stm32g4xx_hal_fdcan.c **** 
  76:Drivers/STM32G4xx_HAL_Driver/Src/stm32g4xx_hal_fdcan.c ****       *** Polling mode operation ***
  77:Drivers/STM32G4xx_HAL_Driver/Src/stm32g4xx_hal_fdcan.c ****       ==============================
  78:Drivers/STM32G4xx_HAL_Driver/Src/stm32g4xx_hal_fdcan.c ****     [..]
  79:Drivers/STM32G4xx_HAL_Driver/Src/stm32g4xx_hal_fdcan.c ****         (#) Reception and transmission states can be monitored via the following
  80:Drivers/STM32G4xx_HAL_Driver/Src/stm32g4xx_hal_fdcan.c ****             functions:
  81:Drivers/STM32G4xx_HAL_Driver/Src/stm32g4xx_hal_fdcan.c ****               (++) HAL_FDCAN_IsTxBufferMessagePending
  82:Drivers/STM32G4xx_HAL_Driver/Src/stm32g4xx_hal_fdcan.c ****               (++) HAL_FDCAN_GetRxFifoFillLevel
  83:Drivers/STM32G4xx_HAL_Driver/Src/stm32g4xx_hal_fdcan.c ****               (++) HAL_FDCAN_GetTxFifoFreeLevel
  84:Drivers/STM32G4xx_HAL_Driver/Src/stm32g4xx_hal_fdcan.c **** 
  85:Drivers/STM32G4xx_HAL_Driver/Src/stm32g4xx_hal_fdcan.c ****       *** Interrupt mode operation ***
  86:Drivers/STM32G4xx_HAL_Driver/Src/stm32g4xx_hal_fdcan.c ****       ================================
  87:Drivers/STM32G4xx_HAL_Driver/Src/stm32g4xx_hal_fdcan.c ****       [..]
ARM GAS  C:\Users\Booster\AppData\Local\Temp\ccYRDURW.s 			page 3


  88:Drivers/STM32G4xx_HAL_Driver/Src/stm32g4xx_hal_fdcan.c ****         (#) There are two interrupt lines: line 0 and 1.
  89:Drivers/STM32G4xx_HAL_Driver/Src/stm32g4xx_hal_fdcan.c ****             By default, all interrupts are assigned to line 0. Interrupt lines
  90:Drivers/STM32G4xx_HAL_Driver/Src/stm32g4xx_hal_fdcan.c ****             can be configured using HAL_FDCAN_ConfigInterruptLines function.
  91:Drivers/STM32G4xx_HAL_Driver/Src/stm32g4xx_hal_fdcan.c **** 
  92:Drivers/STM32G4xx_HAL_Driver/Src/stm32g4xx_hal_fdcan.c ****         (#) Notifications are activated using HAL_FDCAN_ActivateNotification
  93:Drivers/STM32G4xx_HAL_Driver/Src/stm32g4xx_hal_fdcan.c ****             function. Then, the process can be controlled through one of the
  94:Drivers/STM32G4xx_HAL_Driver/Src/stm32g4xx_hal_fdcan.c ****             available user callbacks: HAL_FDCAN_xxxCallback.
  95:Drivers/STM32G4xx_HAL_Driver/Src/stm32g4xx_hal_fdcan.c **** 
  96:Drivers/STM32G4xx_HAL_Driver/Src/stm32g4xx_hal_fdcan.c ****   *** Callback registration ***
  97:Drivers/STM32G4xx_HAL_Driver/Src/stm32g4xx_hal_fdcan.c ****   =============================================
  98:Drivers/STM32G4xx_HAL_Driver/Src/stm32g4xx_hal_fdcan.c **** 
  99:Drivers/STM32G4xx_HAL_Driver/Src/stm32g4xx_hal_fdcan.c ****   The compilation define USE_HAL_FDCAN_REGISTER_CALLBACKS when set to 1
 100:Drivers/STM32G4xx_HAL_Driver/Src/stm32g4xx_hal_fdcan.c ****   allows the user to configure dynamically the driver callbacks.
 101:Drivers/STM32G4xx_HAL_Driver/Src/stm32g4xx_hal_fdcan.c ****   Use Function HAL_FDCAN_RegisterCallback() or HAL_FDCAN_RegisterXXXCallback()
 102:Drivers/STM32G4xx_HAL_Driver/Src/stm32g4xx_hal_fdcan.c ****   to register an interrupt callback.
 103:Drivers/STM32G4xx_HAL_Driver/Src/stm32g4xx_hal_fdcan.c **** 
 104:Drivers/STM32G4xx_HAL_Driver/Src/stm32g4xx_hal_fdcan.c ****   Function HAL_FDCAN_RegisterCallback() allows to register following callbacks:
 105:Drivers/STM32G4xx_HAL_Driver/Src/stm32g4xx_hal_fdcan.c ****     (+) TxFifoEmptyCallback          : Tx Fifo Empty Callback.
 106:Drivers/STM32G4xx_HAL_Driver/Src/stm32g4xx_hal_fdcan.c ****     (+) HighPriorityMessageCallback  : High Priority Message Callback.
 107:Drivers/STM32G4xx_HAL_Driver/Src/stm32g4xx_hal_fdcan.c ****     (+) TimestampWraparoundCallback  : Timestamp Wraparound Callback.
 108:Drivers/STM32G4xx_HAL_Driver/Src/stm32g4xx_hal_fdcan.c ****     (+) TimeoutOccurredCallback      : Timeout Occurred Callback.
 109:Drivers/STM32G4xx_HAL_Driver/Src/stm32g4xx_hal_fdcan.c ****     (+) ErrorCallback                : Error Callback.
 110:Drivers/STM32G4xx_HAL_Driver/Src/stm32g4xx_hal_fdcan.c ****     (+) MspInitCallback              : FDCAN MspInit.
 111:Drivers/STM32G4xx_HAL_Driver/Src/stm32g4xx_hal_fdcan.c ****     (+) MspDeInitCallback            : FDCAN MspDeInit.
 112:Drivers/STM32G4xx_HAL_Driver/Src/stm32g4xx_hal_fdcan.c ****   This function takes as parameters the HAL peripheral handle, the Callback ID
 113:Drivers/STM32G4xx_HAL_Driver/Src/stm32g4xx_hal_fdcan.c ****   and a pointer to the user callback function.
 114:Drivers/STM32G4xx_HAL_Driver/Src/stm32g4xx_hal_fdcan.c **** 
 115:Drivers/STM32G4xx_HAL_Driver/Src/stm32g4xx_hal_fdcan.c ****   For specific callbacks TxEventFifoCallback, RxFifo0Callback, RxFifo1Callback,
 116:Drivers/STM32G4xx_HAL_Driver/Src/stm32g4xx_hal_fdcan.c ****   TxBufferCompleteCallback, TxBufferAbortCallback and ErrorStatusCallback use dedicated
 117:Drivers/STM32G4xx_HAL_Driver/Src/stm32g4xx_hal_fdcan.c ****   register callbacks: respectively HAL_FDCAN_RegisterTxEventFifoCallback(),
 118:Drivers/STM32G4xx_HAL_Driver/Src/stm32g4xx_hal_fdcan.c ****   HAL_FDCAN_RegisterRxFifo0Callback(), HAL_FDCAN_RegisterRxFifo1Callback(),
 119:Drivers/STM32G4xx_HAL_Driver/Src/stm32g4xx_hal_fdcan.c ****   HAL_FDCAN_RegisterTxBufferCompleteCallback(), HAL_FDCAN_RegisterTxBufferAbortCallback()
 120:Drivers/STM32G4xx_HAL_Driver/Src/stm32g4xx_hal_fdcan.c ****   and HAL_FDCAN_RegisterErrorStatusCallback().
 121:Drivers/STM32G4xx_HAL_Driver/Src/stm32g4xx_hal_fdcan.c **** 
 122:Drivers/STM32G4xx_HAL_Driver/Src/stm32g4xx_hal_fdcan.c ****   Use function HAL_FDCAN_UnRegisterCallback() to reset a callback to the default
 123:Drivers/STM32G4xx_HAL_Driver/Src/stm32g4xx_hal_fdcan.c ****   weak function.
 124:Drivers/STM32G4xx_HAL_Driver/Src/stm32g4xx_hal_fdcan.c ****   HAL_FDCAN_UnRegisterCallback takes as parameters the HAL peripheral handle,
 125:Drivers/STM32G4xx_HAL_Driver/Src/stm32g4xx_hal_fdcan.c ****   and the Callback ID.
 126:Drivers/STM32G4xx_HAL_Driver/Src/stm32g4xx_hal_fdcan.c ****   This function allows to reset following callbacks:
 127:Drivers/STM32G4xx_HAL_Driver/Src/stm32g4xx_hal_fdcan.c ****     (+) TxFifoEmptyCallback          : Tx Fifo Empty Callback.
 128:Drivers/STM32G4xx_HAL_Driver/Src/stm32g4xx_hal_fdcan.c ****     (+) HighPriorityMessageCallback  : High Priority Message Callback.
 129:Drivers/STM32G4xx_HAL_Driver/Src/stm32g4xx_hal_fdcan.c ****     (+) TimestampWraparoundCallback  : Timestamp Wraparound Callback.
 130:Drivers/STM32G4xx_HAL_Driver/Src/stm32g4xx_hal_fdcan.c ****     (+) TimeoutOccurredCallback      : Timeout Occurred Callback.
 131:Drivers/STM32G4xx_HAL_Driver/Src/stm32g4xx_hal_fdcan.c ****     (+) ErrorCallback                : Error Callback.
 132:Drivers/STM32G4xx_HAL_Driver/Src/stm32g4xx_hal_fdcan.c ****     (+) MspInitCallback              : FDCAN MspInit.
 133:Drivers/STM32G4xx_HAL_Driver/Src/stm32g4xx_hal_fdcan.c ****     (+) MspDeInitCallback            : FDCAN MspDeInit.
 134:Drivers/STM32G4xx_HAL_Driver/Src/stm32g4xx_hal_fdcan.c **** 
 135:Drivers/STM32G4xx_HAL_Driver/Src/stm32g4xx_hal_fdcan.c ****   For specific callbacks TxEventFifoCallback, RxFifo0Callback, RxFifo1Callback,
 136:Drivers/STM32G4xx_HAL_Driver/Src/stm32g4xx_hal_fdcan.c ****   TxBufferCompleteCallback and TxBufferAbortCallback, use dedicated
 137:Drivers/STM32G4xx_HAL_Driver/Src/stm32g4xx_hal_fdcan.c ****   unregister callbacks: respectively HAL_FDCAN_UnRegisterTxEventFifoCallback(),
 138:Drivers/STM32G4xx_HAL_Driver/Src/stm32g4xx_hal_fdcan.c ****   HAL_FDCAN_UnRegisterRxFifo0Callback(), HAL_FDCAN_UnRegisterRxFifo1Callback(),
 139:Drivers/STM32G4xx_HAL_Driver/Src/stm32g4xx_hal_fdcan.c ****   HAL_FDCAN_UnRegisterTxBufferCompleteCallback(), HAL_FDCAN_UnRegisterTxBufferAbortCallback()
 140:Drivers/STM32G4xx_HAL_Driver/Src/stm32g4xx_hal_fdcan.c ****   and HAL_FDCAN_UnRegisterErrorStatusCallback().
 141:Drivers/STM32G4xx_HAL_Driver/Src/stm32g4xx_hal_fdcan.c **** 
 142:Drivers/STM32G4xx_HAL_Driver/Src/stm32g4xx_hal_fdcan.c ****   By default, after the HAL_FDCAN_Init() and when the state is HAL_FDCAN_STATE_RESET,
 143:Drivers/STM32G4xx_HAL_Driver/Src/stm32g4xx_hal_fdcan.c ****   all callbacks are set to the corresponding weak functions:
 144:Drivers/STM32G4xx_HAL_Driver/Src/stm32g4xx_hal_fdcan.c ****   examples HAL_FDCAN_ErrorCallback().
ARM GAS  C:\Users\Booster\AppData\Local\Temp\ccYRDURW.s 			page 4


 145:Drivers/STM32G4xx_HAL_Driver/Src/stm32g4xx_hal_fdcan.c ****   Exception done for MspInit and MspDeInit functions that are
 146:Drivers/STM32G4xx_HAL_Driver/Src/stm32g4xx_hal_fdcan.c ****   reset to the legacy weak function in the HAL_FDCAN_Init()/ HAL_FDCAN_DeInit() only when
 147:Drivers/STM32G4xx_HAL_Driver/Src/stm32g4xx_hal_fdcan.c ****   these callbacks are null (not registered beforehand).
 148:Drivers/STM32G4xx_HAL_Driver/Src/stm32g4xx_hal_fdcan.c ****   if not, MspInit or MspDeInit are not null, the HAL_FDCAN_Init()/ HAL_FDCAN_DeInit()
 149:Drivers/STM32G4xx_HAL_Driver/Src/stm32g4xx_hal_fdcan.c ****   keep and use the user MspInit/MspDeInit callbacks (registered beforehand)
 150:Drivers/STM32G4xx_HAL_Driver/Src/stm32g4xx_hal_fdcan.c **** 
 151:Drivers/STM32G4xx_HAL_Driver/Src/stm32g4xx_hal_fdcan.c ****   Callbacks can be registered/unregistered in HAL_FDCAN_STATE_READY state only.
 152:Drivers/STM32G4xx_HAL_Driver/Src/stm32g4xx_hal_fdcan.c ****   Exception done MspInit/MspDeInit that can be registered/unregistered
 153:Drivers/STM32G4xx_HAL_Driver/Src/stm32g4xx_hal_fdcan.c ****   in HAL_FDCAN_STATE_READY or HAL_FDCAN_STATE_RESET state,
 154:Drivers/STM32G4xx_HAL_Driver/Src/stm32g4xx_hal_fdcan.c ****   thus registered (user) MspInit/DeInit callbacks can be used during the Init/DeInit.
 155:Drivers/STM32G4xx_HAL_Driver/Src/stm32g4xx_hal_fdcan.c ****   In that case first register the MspInit/MspDeInit user callbacks
 156:Drivers/STM32G4xx_HAL_Driver/Src/stm32g4xx_hal_fdcan.c ****   using HAL_FDCAN_RegisterCallback() before calling HAL_FDCAN_DeInit()
 157:Drivers/STM32G4xx_HAL_Driver/Src/stm32g4xx_hal_fdcan.c ****   or HAL_FDCAN_Init() function.
 158:Drivers/STM32G4xx_HAL_Driver/Src/stm32g4xx_hal_fdcan.c **** 
 159:Drivers/STM32G4xx_HAL_Driver/Src/stm32g4xx_hal_fdcan.c ****   When The compilation define USE_HAL_FDCAN_REGISTER_CALLBACKS is set to 0 or
 160:Drivers/STM32G4xx_HAL_Driver/Src/stm32g4xx_hal_fdcan.c ****   not defined, the callback registration feature is not available and all callbacks
 161:Drivers/STM32G4xx_HAL_Driver/Src/stm32g4xx_hal_fdcan.c ****   are set to the corresponding weak functions.
 162:Drivers/STM32G4xx_HAL_Driver/Src/stm32g4xx_hal_fdcan.c **** 
 163:Drivers/STM32G4xx_HAL_Driver/Src/stm32g4xx_hal_fdcan.c ****   @endverbatim
 164:Drivers/STM32G4xx_HAL_Driver/Src/stm32g4xx_hal_fdcan.c ****   ******************************************************************************
 165:Drivers/STM32G4xx_HAL_Driver/Src/stm32g4xx_hal_fdcan.c ****   */
 166:Drivers/STM32G4xx_HAL_Driver/Src/stm32g4xx_hal_fdcan.c **** 
 167:Drivers/STM32G4xx_HAL_Driver/Src/stm32g4xx_hal_fdcan.c **** /* Includes ------------------------------------------------------------------*/
 168:Drivers/STM32G4xx_HAL_Driver/Src/stm32g4xx_hal_fdcan.c **** #include "stm32g4xx_hal.h"
 169:Drivers/STM32G4xx_HAL_Driver/Src/stm32g4xx_hal_fdcan.c **** 
 170:Drivers/STM32G4xx_HAL_Driver/Src/stm32g4xx_hal_fdcan.c **** #if defined(FDCAN1)
 171:Drivers/STM32G4xx_HAL_Driver/Src/stm32g4xx_hal_fdcan.c **** 
 172:Drivers/STM32G4xx_HAL_Driver/Src/stm32g4xx_hal_fdcan.c **** /** @addtogroup STM32G4xx_HAL_Driver
 173:Drivers/STM32G4xx_HAL_Driver/Src/stm32g4xx_hal_fdcan.c ****   * @{
 174:Drivers/STM32G4xx_HAL_Driver/Src/stm32g4xx_hal_fdcan.c ****   */
 175:Drivers/STM32G4xx_HAL_Driver/Src/stm32g4xx_hal_fdcan.c **** 
 176:Drivers/STM32G4xx_HAL_Driver/Src/stm32g4xx_hal_fdcan.c **** /** @defgroup FDCAN FDCAN
 177:Drivers/STM32G4xx_HAL_Driver/Src/stm32g4xx_hal_fdcan.c ****   * @brief FDCAN HAL module driver
 178:Drivers/STM32G4xx_HAL_Driver/Src/stm32g4xx_hal_fdcan.c ****   * @{
 179:Drivers/STM32G4xx_HAL_Driver/Src/stm32g4xx_hal_fdcan.c ****   */
 180:Drivers/STM32G4xx_HAL_Driver/Src/stm32g4xx_hal_fdcan.c **** 
 181:Drivers/STM32G4xx_HAL_Driver/Src/stm32g4xx_hal_fdcan.c **** #ifdef HAL_FDCAN_MODULE_ENABLED
 182:Drivers/STM32G4xx_HAL_Driver/Src/stm32g4xx_hal_fdcan.c **** 
 183:Drivers/STM32G4xx_HAL_Driver/Src/stm32g4xx_hal_fdcan.c **** /* Private typedef -----------------------------------------------------------*/
 184:Drivers/STM32G4xx_HAL_Driver/Src/stm32g4xx_hal_fdcan.c **** /* Private define ------------------------------------------------------------*/
 185:Drivers/STM32G4xx_HAL_Driver/Src/stm32g4xx_hal_fdcan.c **** /** @addtogroup FDCAN_Private_Constants
 186:Drivers/STM32G4xx_HAL_Driver/Src/stm32g4xx_hal_fdcan.c ****   * @{
 187:Drivers/STM32G4xx_HAL_Driver/Src/stm32g4xx_hal_fdcan.c ****   */
 188:Drivers/STM32G4xx_HAL_Driver/Src/stm32g4xx_hal_fdcan.c **** #define FDCAN_TIMEOUT_VALUE 10U
 189:Drivers/STM32G4xx_HAL_Driver/Src/stm32g4xx_hal_fdcan.c **** 
 190:Drivers/STM32G4xx_HAL_Driver/Src/stm32g4xx_hal_fdcan.c **** #define FDCAN_TX_EVENT_FIFO_MASK (FDCAN_IR_TEFL | FDCAN_IR_TEFF | FDCAN_IR_TEFN)
 191:Drivers/STM32G4xx_HAL_Driver/Src/stm32g4xx_hal_fdcan.c **** #define FDCAN_RX_FIFO0_MASK (FDCAN_IR_RF0L | FDCAN_IR_RF0F | FDCAN_IR_RF0N)
 192:Drivers/STM32G4xx_HAL_Driver/Src/stm32g4xx_hal_fdcan.c **** #define FDCAN_RX_FIFO1_MASK (FDCAN_IR_RF1L | FDCAN_IR_RF1F | FDCAN_IR_RF1N)
 193:Drivers/STM32G4xx_HAL_Driver/Src/stm32g4xx_hal_fdcan.c **** #define FDCAN_ERROR_MASK (FDCAN_IR_ELO | FDCAN_IR_WDI | FDCAN_IR_PEA | FDCAN_IR_PED | FDCAN_IR_ARA)
 194:Drivers/STM32G4xx_HAL_Driver/Src/stm32g4xx_hal_fdcan.c **** #define FDCAN_ERROR_STATUS_MASK (FDCAN_IR_EP | FDCAN_IR_EW | FDCAN_IR_BO)
 195:Drivers/STM32G4xx_HAL_Driver/Src/stm32g4xx_hal_fdcan.c **** 
 196:Drivers/STM32G4xx_HAL_Driver/Src/stm32g4xx_hal_fdcan.c **** #define FDCAN_ELEMENT_MASK_STDID ((uint32_t)0x1FFC0000U) /* Standard Identifier         */
 197:Drivers/STM32G4xx_HAL_Driver/Src/stm32g4xx_hal_fdcan.c **** #define FDCAN_ELEMENT_MASK_EXTID ((uint32_t)0x1FFFFFFFU) /* Extended Identifier         */
 198:Drivers/STM32G4xx_HAL_Driver/Src/stm32g4xx_hal_fdcan.c **** #define FDCAN_ELEMENT_MASK_RTR   ((uint32_t)0x20000000U) /* Remote Transmission Request */
 199:Drivers/STM32G4xx_HAL_Driver/Src/stm32g4xx_hal_fdcan.c **** #define FDCAN_ELEMENT_MASK_XTD   ((uint32_t)0x40000000U) /* Extended Identifier         */
 200:Drivers/STM32G4xx_HAL_Driver/Src/stm32g4xx_hal_fdcan.c **** #define FDCAN_ELEMENT_MASK_ESI   ((uint32_t)0x80000000U) /* Error State Indicator       */
 201:Drivers/STM32G4xx_HAL_Driver/Src/stm32g4xx_hal_fdcan.c **** #define FDCAN_ELEMENT_MASK_TS    ((uint32_t)0x0000FFFFU) /* Timestamp                   */
ARM GAS  C:\Users\Booster\AppData\Local\Temp\ccYRDURW.s 			page 5


 202:Drivers/STM32G4xx_HAL_Driver/Src/stm32g4xx_hal_fdcan.c **** #define FDCAN_ELEMENT_MASK_DLC   ((uint32_t)0x000F0000U) /* Data Length Code            */
 203:Drivers/STM32G4xx_HAL_Driver/Src/stm32g4xx_hal_fdcan.c **** #define FDCAN_ELEMENT_MASK_BRS   ((uint32_t)0x00100000U) /* Bit Rate Switch             */
 204:Drivers/STM32G4xx_HAL_Driver/Src/stm32g4xx_hal_fdcan.c **** #define FDCAN_ELEMENT_MASK_FDF   ((uint32_t)0x00200000U) /* FD Format                   */
 205:Drivers/STM32G4xx_HAL_Driver/Src/stm32g4xx_hal_fdcan.c **** #define FDCAN_ELEMENT_MASK_EFC   ((uint32_t)0x00800000U) /* Event FIFO Control          */
 206:Drivers/STM32G4xx_HAL_Driver/Src/stm32g4xx_hal_fdcan.c **** #define FDCAN_ELEMENT_MASK_MM    ((uint32_t)0xFF000000U) /* Message Marker              */
 207:Drivers/STM32G4xx_HAL_Driver/Src/stm32g4xx_hal_fdcan.c **** #define FDCAN_ELEMENT_MASK_FIDX  ((uint32_t)0x7F000000U) /* Filter Index                */
 208:Drivers/STM32G4xx_HAL_Driver/Src/stm32g4xx_hal_fdcan.c **** #define FDCAN_ELEMENT_MASK_ANMF  ((uint32_t)0x80000000U) /* Accepted Non-matching Frame */
 209:Drivers/STM32G4xx_HAL_Driver/Src/stm32g4xx_hal_fdcan.c **** #define FDCAN_ELEMENT_MASK_ET    ((uint32_t)0x00C00000U) /* Event type                  */
 210:Drivers/STM32G4xx_HAL_Driver/Src/stm32g4xx_hal_fdcan.c **** 
 211:Drivers/STM32G4xx_HAL_Driver/Src/stm32g4xx_hal_fdcan.c **** #define SRAMCAN_FLS_NBR                  (28U)         /* Max. Filter List Standard Number      */
 212:Drivers/STM32G4xx_HAL_Driver/Src/stm32g4xx_hal_fdcan.c **** #define SRAMCAN_FLE_NBR                  ( 8U)         /* Max. Filter List Extended Number      */
 213:Drivers/STM32G4xx_HAL_Driver/Src/stm32g4xx_hal_fdcan.c **** #define SRAMCAN_RF0_NBR                  ( 3U)         /* RX FIFO 0 Elements Number             */
 214:Drivers/STM32G4xx_HAL_Driver/Src/stm32g4xx_hal_fdcan.c **** #define SRAMCAN_RF1_NBR                  ( 3U)         /* RX FIFO 1 Elements Number             */
 215:Drivers/STM32G4xx_HAL_Driver/Src/stm32g4xx_hal_fdcan.c **** #define SRAMCAN_TEF_NBR                  ( 3U)         /* TX Event FIFO Elements Number         */
 216:Drivers/STM32G4xx_HAL_Driver/Src/stm32g4xx_hal_fdcan.c **** #define SRAMCAN_TFQ_NBR                  ( 3U)         /* TX FIFO/Queue Elements Number         */
 217:Drivers/STM32G4xx_HAL_Driver/Src/stm32g4xx_hal_fdcan.c **** 
 218:Drivers/STM32G4xx_HAL_Driver/Src/stm32g4xx_hal_fdcan.c **** #define SRAMCAN_FLS_SIZE            ( 1U * 4U)         /* Filter Standard Element Size in bytes */
 219:Drivers/STM32G4xx_HAL_Driver/Src/stm32g4xx_hal_fdcan.c **** #define SRAMCAN_FLE_SIZE            ( 2U * 4U)         /* Filter Extended Element Size in bytes */
 220:Drivers/STM32G4xx_HAL_Driver/Src/stm32g4xx_hal_fdcan.c **** #define SRAMCAN_RF0_SIZE            (18U * 4U)         /* RX FIFO 0 Elements Size in bytes      */
 221:Drivers/STM32G4xx_HAL_Driver/Src/stm32g4xx_hal_fdcan.c **** #define SRAMCAN_RF1_SIZE            (18U * 4U)         /* RX FIFO 1 Elements Size in bytes      */
 222:Drivers/STM32G4xx_HAL_Driver/Src/stm32g4xx_hal_fdcan.c **** #define SRAMCAN_TEF_SIZE            ( 2U * 4U)         /* TX Event FIFO Elements Size in bytes  */
 223:Drivers/STM32G4xx_HAL_Driver/Src/stm32g4xx_hal_fdcan.c **** #define SRAMCAN_TFQ_SIZE            (18U * 4U)         /* TX FIFO/Queue Elements Size in bytes  */
 224:Drivers/STM32G4xx_HAL_Driver/Src/stm32g4xx_hal_fdcan.c **** 
 225:Drivers/STM32G4xx_HAL_Driver/Src/stm32g4xx_hal_fdcan.c **** #define SRAMCAN_FLSSA ((uint32_t)0)                                                      /* Filter 
 226:Drivers/STM32G4xx_HAL_Driver/Src/stm32g4xx_hal_fdcan.c ****                                                                                             Address
 227:Drivers/STM32G4xx_HAL_Driver/Src/stm32g4xx_hal_fdcan.c **** #define SRAMCAN_FLESA ((uint32_t)(SRAMCAN_FLSSA + (SRAMCAN_FLS_NBR * SRAMCAN_FLS_SIZE))) /* Filter 
 228:Drivers/STM32G4xx_HAL_Driver/Src/stm32g4xx_hal_fdcan.c ****                                                                                             Address
 229:Drivers/STM32G4xx_HAL_Driver/Src/stm32g4xx_hal_fdcan.c **** #define SRAMCAN_RF0SA ((uint32_t)(SRAMCAN_FLESA + (SRAMCAN_FLE_NBR * SRAMCAN_FLE_SIZE))) /* Rx FIFO
 230:Drivers/STM32G4xx_HAL_Driver/Src/stm32g4xx_hal_fdcan.c **** #define SRAMCAN_RF1SA ((uint32_t)(SRAMCAN_RF0SA + (SRAMCAN_RF0_NBR * SRAMCAN_RF0_SIZE))) /* Rx FIFO
 231:Drivers/STM32G4xx_HAL_Driver/Src/stm32g4xx_hal_fdcan.c **** #define SRAMCAN_TEFSA ((uint32_t)(SRAMCAN_RF1SA + (SRAMCAN_RF1_NBR * SRAMCAN_RF1_SIZE))) /* Tx Even
 232:Drivers/STM32G4xx_HAL_Driver/Src/stm32g4xx_hal_fdcan.c ****                                                                                             Address
 233:Drivers/STM32G4xx_HAL_Driver/Src/stm32g4xx_hal_fdcan.c **** #define SRAMCAN_TFQSA ((uint32_t)(SRAMCAN_TEFSA + (SRAMCAN_TEF_NBR * SRAMCAN_TEF_SIZE))) /* Tx FIFO
 234:Drivers/STM32G4xx_HAL_Driver/Src/stm32g4xx_hal_fdcan.c ****                                                                                             Address
 235:Drivers/STM32G4xx_HAL_Driver/Src/stm32g4xx_hal_fdcan.c **** #define SRAMCAN_SIZE  ((uint32_t)(SRAMCAN_TFQSA + (SRAMCAN_TFQ_NBR * SRAMCAN_TFQ_SIZE))) /* Message
 236:Drivers/STM32G4xx_HAL_Driver/Src/stm32g4xx_hal_fdcan.c **** 
 237:Drivers/STM32G4xx_HAL_Driver/Src/stm32g4xx_hal_fdcan.c **** /**
 238:Drivers/STM32G4xx_HAL_Driver/Src/stm32g4xx_hal_fdcan.c ****   * @}
 239:Drivers/STM32G4xx_HAL_Driver/Src/stm32g4xx_hal_fdcan.c ****   */
 240:Drivers/STM32G4xx_HAL_Driver/Src/stm32g4xx_hal_fdcan.c **** 
 241:Drivers/STM32G4xx_HAL_Driver/Src/stm32g4xx_hal_fdcan.c **** /* Private macro -------------------------------------------------------------*/
 242:Drivers/STM32G4xx_HAL_Driver/Src/stm32g4xx_hal_fdcan.c **** /* Private variables ---------------------------------------------------------*/
 243:Drivers/STM32G4xx_HAL_Driver/Src/stm32g4xx_hal_fdcan.c **** /** @addtogroup FDCAN_Private_Variables
 244:Drivers/STM32G4xx_HAL_Driver/Src/stm32g4xx_hal_fdcan.c ****   * @{
 245:Drivers/STM32G4xx_HAL_Driver/Src/stm32g4xx_hal_fdcan.c ****   */
 246:Drivers/STM32G4xx_HAL_Driver/Src/stm32g4xx_hal_fdcan.c **** static const uint8_t DLCtoBytes[] = {0, 1, 2, 3, 4, 5, 6, 7, 8, 12, 16, 20, 24, 32, 48, 64};
 247:Drivers/STM32G4xx_HAL_Driver/Src/stm32g4xx_hal_fdcan.c **** /**
 248:Drivers/STM32G4xx_HAL_Driver/Src/stm32g4xx_hal_fdcan.c ****   * @}
 249:Drivers/STM32G4xx_HAL_Driver/Src/stm32g4xx_hal_fdcan.c ****   */
 250:Drivers/STM32G4xx_HAL_Driver/Src/stm32g4xx_hal_fdcan.c **** 
 251:Drivers/STM32G4xx_HAL_Driver/Src/stm32g4xx_hal_fdcan.c **** /* Private function prototypes -----------------------------------------------*/
 252:Drivers/STM32G4xx_HAL_Driver/Src/stm32g4xx_hal_fdcan.c **** /** @addtogroup FDCAN_Private_Functions_Prototypes
 253:Drivers/STM32G4xx_HAL_Driver/Src/stm32g4xx_hal_fdcan.c ****   * @{
 254:Drivers/STM32G4xx_HAL_Driver/Src/stm32g4xx_hal_fdcan.c ****   */
 255:Drivers/STM32G4xx_HAL_Driver/Src/stm32g4xx_hal_fdcan.c **** static void FDCAN_CalcultateRamBlockAddresses(FDCAN_HandleTypeDef *hfdcan);
 256:Drivers/STM32G4xx_HAL_Driver/Src/stm32g4xx_hal_fdcan.c **** static void FDCAN_CopyMessageToRAM(const FDCAN_HandleTypeDef *hfdcan, const FDCAN_TxHeaderTypeDef *
 257:Drivers/STM32G4xx_HAL_Driver/Src/stm32g4xx_hal_fdcan.c ****                                    const uint8_t *pTxData, uint32_t BufferIndex);
 258:Drivers/STM32G4xx_HAL_Driver/Src/stm32g4xx_hal_fdcan.c **** /**
ARM GAS  C:\Users\Booster\AppData\Local\Temp\ccYRDURW.s 			page 6


 259:Drivers/STM32G4xx_HAL_Driver/Src/stm32g4xx_hal_fdcan.c ****   * @}
 260:Drivers/STM32G4xx_HAL_Driver/Src/stm32g4xx_hal_fdcan.c ****   */
 261:Drivers/STM32G4xx_HAL_Driver/Src/stm32g4xx_hal_fdcan.c **** 
 262:Drivers/STM32G4xx_HAL_Driver/Src/stm32g4xx_hal_fdcan.c **** /* Exported functions --------------------------------------------------------*/
 263:Drivers/STM32G4xx_HAL_Driver/Src/stm32g4xx_hal_fdcan.c **** /** @defgroup FDCAN_Exported_Functions FDCAN Exported Functions
 264:Drivers/STM32G4xx_HAL_Driver/Src/stm32g4xx_hal_fdcan.c ****   * @{
 265:Drivers/STM32G4xx_HAL_Driver/Src/stm32g4xx_hal_fdcan.c ****   */
 266:Drivers/STM32G4xx_HAL_Driver/Src/stm32g4xx_hal_fdcan.c **** 
 267:Drivers/STM32G4xx_HAL_Driver/Src/stm32g4xx_hal_fdcan.c **** /** @defgroup FDCAN_Exported_Functions_Group1 Initialization and de-initialization functions
 268:Drivers/STM32G4xx_HAL_Driver/Src/stm32g4xx_hal_fdcan.c ****   *  @brief    Initialization and Configuration functions
 269:Drivers/STM32G4xx_HAL_Driver/Src/stm32g4xx_hal_fdcan.c ****   *
 270:Drivers/STM32G4xx_HAL_Driver/Src/stm32g4xx_hal_fdcan.c **** @verbatim
 271:Drivers/STM32G4xx_HAL_Driver/Src/stm32g4xx_hal_fdcan.c ****   ==============================================================================
 272:Drivers/STM32G4xx_HAL_Driver/Src/stm32g4xx_hal_fdcan.c ****               ##### Initialization and de-initialization functions #####
 273:Drivers/STM32G4xx_HAL_Driver/Src/stm32g4xx_hal_fdcan.c ****   ==============================================================================
 274:Drivers/STM32G4xx_HAL_Driver/Src/stm32g4xx_hal_fdcan.c ****     [..]  This section provides functions allowing to:
 275:Drivers/STM32G4xx_HAL_Driver/Src/stm32g4xx_hal_fdcan.c ****       (+) Initialize and configure the FDCAN.
 276:Drivers/STM32G4xx_HAL_Driver/Src/stm32g4xx_hal_fdcan.c ****       (+) De-initialize the FDCAN.
 277:Drivers/STM32G4xx_HAL_Driver/Src/stm32g4xx_hal_fdcan.c ****       (+) Enter FDCAN peripheral in power down mode.
 278:Drivers/STM32G4xx_HAL_Driver/Src/stm32g4xx_hal_fdcan.c ****       (+) Exit power down mode.
 279:Drivers/STM32G4xx_HAL_Driver/Src/stm32g4xx_hal_fdcan.c ****       (+) Register callbacks.
 280:Drivers/STM32G4xx_HAL_Driver/Src/stm32g4xx_hal_fdcan.c ****       (+) Unregister callbacks.
 281:Drivers/STM32G4xx_HAL_Driver/Src/stm32g4xx_hal_fdcan.c **** 
 282:Drivers/STM32G4xx_HAL_Driver/Src/stm32g4xx_hal_fdcan.c **** @endverbatim
 283:Drivers/STM32G4xx_HAL_Driver/Src/stm32g4xx_hal_fdcan.c ****   * @{
 284:Drivers/STM32G4xx_HAL_Driver/Src/stm32g4xx_hal_fdcan.c ****   */
 285:Drivers/STM32G4xx_HAL_Driver/Src/stm32g4xx_hal_fdcan.c **** 
 286:Drivers/STM32G4xx_HAL_Driver/Src/stm32g4xx_hal_fdcan.c **** /**
 287:Drivers/STM32G4xx_HAL_Driver/Src/stm32g4xx_hal_fdcan.c ****   * @brief  Initializes the FDCAN peripheral according to the specified
 288:Drivers/STM32G4xx_HAL_Driver/Src/stm32g4xx_hal_fdcan.c ****   *         parameters in the FDCAN_InitTypeDef structure.
 289:Drivers/STM32G4xx_HAL_Driver/Src/stm32g4xx_hal_fdcan.c ****   * @param  hfdcan pointer to an FDCAN_HandleTypeDef structure that contains
 290:Drivers/STM32G4xx_HAL_Driver/Src/stm32g4xx_hal_fdcan.c ****   *         the configuration information for the specified FDCAN.
 291:Drivers/STM32G4xx_HAL_Driver/Src/stm32g4xx_hal_fdcan.c ****   * @retval HAL status
 292:Drivers/STM32G4xx_HAL_Driver/Src/stm32g4xx_hal_fdcan.c ****   */
 293:Drivers/STM32G4xx_HAL_Driver/Src/stm32g4xx_hal_fdcan.c **** HAL_StatusTypeDef HAL_FDCAN_Init(FDCAN_HandleTypeDef *hfdcan)
 294:Drivers/STM32G4xx_HAL_Driver/Src/stm32g4xx_hal_fdcan.c **** {
 295:Drivers/STM32G4xx_HAL_Driver/Src/stm32g4xx_hal_fdcan.c ****   uint32_t tickstart;
 296:Drivers/STM32G4xx_HAL_Driver/Src/stm32g4xx_hal_fdcan.c **** 
 297:Drivers/STM32G4xx_HAL_Driver/Src/stm32g4xx_hal_fdcan.c ****   /* Check FDCAN handle */
 298:Drivers/STM32G4xx_HAL_Driver/Src/stm32g4xx_hal_fdcan.c ****   if (hfdcan == NULL)
 299:Drivers/STM32G4xx_HAL_Driver/Src/stm32g4xx_hal_fdcan.c ****   {
 300:Drivers/STM32G4xx_HAL_Driver/Src/stm32g4xx_hal_fdcan.c ****     return HAL_ERROR;
 301:Drivers/STM32G4xx_HAL_Driver/Src/stm32g4xx_hal_fdcan.c ****   }
 302:Drivers/STM32G4xx_HAL_Driver/Src/stm32g4xx_hal_fdcan.c **** 
 303:Drivers/STM32G4xx_HAL_Driver/Src/stm32g4xx_hal_fdcan.c ****   /* Check function parameters */
 304:Drivers/STM32G4xx_HAL_Driver/Src/stm32g4xx_hal_fdcan.c ****   assert_param(IS_FDCAN_ALL_INSTANCE(hfdcan->Instance));
 305:Drivers/STM32G4xx_HAL_Driver/Src/stm32g4xx_hal_fdcan.c ****   if (hfdcan->Instance == FDCAN1)
 306:Drivers/STM32G4xx_HAL_Driver/Src/stm32g4xx_hal_fdcan.c ****   {
 307:Drivers/STM32G4xx_HAL_Driver/Src/stm32g4xx_hal_fdcan.c ****     assert_param(IS_FDCAN_CKDIV(hfdcan->Init.ClockDivider));
 308:Drivers/STM32G4xx_HAL_Driver/Src/stm32g4xx_hal_fdcan.c ****   }
 309:Drivers/STM32G4xx_HAL_Driver/Src/stm32g4xx_hal_fdcan.c ****   assert_param(IS_FDCAN_FRAME_FORMAT(hfdcan->Init.FrameFormat));
 310:Drivers/STM32G4xx_HAL_Driver/Src/stm32g4xx_hal_fdcan.c ****   assert_param(IS_FDCAN_MODE(hfdcan->Init.Mode));
 311:Drivers/STM32G4xx_HAL_Driver/Src/stm32g4xx_hal_fdcan.c ****   assert_param(IS_FUNCTIONAL_STATE(hfdcan->Init.AutoRetransmission));
 312:Drivers/STM32G4xx_HAL_Driver/Src/stm32g4xx_hal_fdcan.c ****   assert_param(IS_FUNCTIONAL_STATE(hfdcan->Init.TransmitPause));
 313:Drivers/STM32G4xx_HAL_Driver/Src/stm32g4xx_hal_fdcan.c ****   assert_param(IS_FUNCTIONAL_STATE(hfdcan->Init.ProtocolException));
 314:Drivers/STM32G4xx_HAL_Driver/Src/stm32g4xx_hal_fdcan.c ****   assert_param(IS_FDCAN_NOMINAL_PRESCALER(hfdcan->Init.NominalPrescaler));
 315:Drivers/STM32G4xx_HAL_Driver/Src/stm32g4xx_hal_fdcan.c ****   assert_param(IS_FDCAN_NOMINAL_SJW(hfdcan->Init.NominalSyncJumpWidth));
ARM GAS  C:\Users\Booster\AppData\Local\Temp\ccYRDURW.s 			page 7


 316:Drivers/STM32G4xx_HAL_Driver/Src/stm32g4xx_hal_fdcan.c ****   assert_param(IS_FDCAN_NOMINAL_TSEG1(hfdcan->Init.NominalTimeSeg1));
 317:Drivers/STM32G4xx_HAL_Driver/Src/stm32g4xx_hal_fdcan.c ****   assert_param(IS_FDCAN_NOMINAL_TSEG2(hfdcan->Init.NominalTimeSeg2));
 318:Drivers/STM32G4xx_HAL_Driver/Src/stm32g4xx_hal_fdcan.c ****   if (hfdcan->Init.FrameFormat == FDCAN_FRAME_FD_BRS)
 319:Drivers/STM32G4xx_HAL_Driver/Src/stm32g4xx_hal_fdcan.c ****   {
 320:Drivers/STM32G4xx_HAL_Driver/Src/stm32g4xx_hal_fdcan.c ****     assert_param(IS_FDCAN_DATA_PRESCALER(hfdcan->Init.DataPrescaler));
 321:Drivers/STM32G4xx_HAL_Driver/Src/stm32g4xx_hal_fdcan.c ****     assert_param(IS_FDCAN_DATA_SJW(hfdcan->Init.DataSyncJumpWidth));
 322:Drivers/STM32G4xx_HAL_Driver/Src/stm32g4xx_hal_fdcan.c ****     assert_param(IS_FDCAN_DATA_TSEG1(hfdcan->Init.DataTimeSeg1));
 323:Drivers/STM32G4xx_HAL_Driver/Src/stm32g4xx_hal_fdcan.c ****     assert_param(IS_FDCAN_DATA_TSEG2(hfdcan->Init.DataTimeSeg2));
 324:Drivers/STM32G4xx_HAL_Driver/Src/stm32g4xx_hal_fdcan.c ****   }
 325:Drivers/STM32G4xx_HAL_Driver/Src/stm32g4xx_hal_fdcan.c ****   assert_param(IS_FDCAN_MAX_VALUE(hfdcan->Init.StdFiltersNbr, SRAMCAN_FLS_NBR));
 326:Drivers/STM32G4xx_HAL_Driver/Src/stm32g4xx_hal_fdcan.c ****   assert_param(IS_FDCAN_MAX_VALUE(hfdcan->Init.ExtFiltersNbr, SRAMCAN_FLE_NBR));
 327:Drivers/STM32G4xx_HAL_Driver/Src/stm32g4xx_hal_fdcan.c ****   assert_param(IS_FDCAN_TX_FIFO_QUEUE_MODE(hfdcan->Init.TxFifoQueueMode));
 328:Drivers/STM32G4xx_HAL_Driver/Src/stm32g4xx_hal_fdcan.c **** 
 329:Drivers/STM32G4xx_HAL_Driver/Src/stm32g4xx_hal_fdcan.c **** #if USE_HAL_FDCAN_REGISTER_CALLBACKS == 1
 330:Drivers/STM32G4xx_HAL_Driver/Src/stm32g4xx_hal_fdcan.c ****   if (hfdcan->State == HAL_FDCAN_STATE_RESET)
 331:Drivers/STM32G4xx_HAL_Driver/Src/stm32g4xx_hal_fdcan.c ****   {
 332:Drivers/STM32G4xx_HAL_Driver/Src/stm32g4xx_hal_fdcan.c ****     /* Allocate lock resource and initialize it */
 333:Drivers/STM32G4xx_HAL_Driver/Src/stm32g4xx_hal_fdcan.c ****     hfdcan->Lock = HAL_UNLOCKED;
 334:Drivers/STM32G4xx_HAL_Driver/Src/stm32g4xx_hal_fdcan.c **** 
 335:Drivers/STM32G4xx_HAL_Driver/Src/stm32g4xx_hal_fdcan.c ****     /* Reset callbacks to legacy functions */
 336:Drivers/STM32G4xx_HAL_Driver/Src/stm32g4xx_hal_fdcan.c ****     hfdcan->TxEventFifoCallback         = HAL_FDCAN_TxEventFifoCallback;         /* TxEventFifoCall
 337:Drivers/STM32G4xx_HAL_Driver/Src/stm32g4xx_hal_fdcan.c ****     hfdcan->RxFifo0Callback             = HAL_FDCAN_RxFifo0Callback;             /* RxFifo0Callback
 338:Drivers/STM32G4xx_HAL_Driver/Src/stm32g4xx_hal_fdcan.c ****     hfdcan->RxFifo1Callback             = HAL_FDCAN_RxFifo1Callback;             /* RxFifo1Callback
 339:Drivers/STM32G4xx_HAL_Driver/Src/stm32g4xx_hal_fdcan.c ****     hfdcan->TxFifoEmptyCallback         = HAL_FDCAN_TxFifoEmptyCallback;         /* TxFifoEmptyCall
 340:Drivers/STM32G4xx_HAL_Driver/Src/stm32g4xx_hal_fdcan.c ****     hfdcan->TxBufferCompleteCallback    = HAL_FDCAN_TxBufferCompleteCallback;    /* TxBufferComplet
 341:Drivers/STM32G4xx_HAL_Driver/Src/stm32g4xx_hal_fdcan.c ****     hfdcan->TxBufferAbortCallback       = HAL_FDCAN_TxBufferAbortCallback;       /* TxBufferAbortCa
 342:Drivers/STM32G4xx_HAL_Driver/Src/stm32g4xx_hal_fdcan.c ****     hfdcan->HighPriorityMessageCallback = HAL_FDCAN_HighPriorityMessageCallback; /* HighPriorityMes
 343:Drivers/STM32G4xx_HAL_Driver/Src/stm32g4xx_hal_fdcan.c ****     hfdcan->TimestampWraparoundCallback = HAL_FDCAN_TimestampWraparoundCallback; /* TimestampWrapar
 344:Drivers/STM32G4xx_HAL_Driver/Src/stm32g4xx_hal_fdcan.c ****     hfdcan->TimeoutOccurredCallback     = HAL_FDCAN_TimeoutOccurredCallback;     /* TimeoutOccurred
 345:Drivers/STM32G4xx_HAL_Driver/Src/stm32g4xx_hal_fdcan.c ****     hfdcan->ErrorCallback               = HAL_FDCAN_ErrorCallback;               /* ErrorCallback  
 346:Drivers/STM32G4xx_HAL_Driver/Src/stm32g4xx_hal_fdcan.c ****     hfdcan->ErrorStatusCallback         = HAL_FDCAN_ErrorStatusCallback;         /* ErrorStatusCall
 347:Drivers/STM32G4xx_HAL_Driver/Src/stm32g4xx_hal_fdcan.c **** 
 348:Drivers/STM32G4xx_HAL_Driver/Src/stm32g4xx_hal_fdcan.c ****     if (hfdcan->MspInitCallback == NULL)
 349:Drivers/STM32G4xx_HAL_Driver/Src/stm32g4xx_hal_fdcan.c ****     {
 350:Drivers/STM32G4xx_HAL_Driver/Src/stm32g4xx_hal_fdcan.c ****       hfdcan->MspInitCallback = HAL_FDCAN_MspInit;  /* Legacy weak MspInit */
 351:Drivers/STM32G4xx_HAL_Driver/Src/stm32g4xx_hal_fdcan.c ****     }
 352:Drivers/STM32G4xx_HAL_Driver/Src/stm32g4xx_hal_fdcan.c **** 
 353:Drivers/STM32G4xx_HAL_Driver/Src/stm32g4xx_hal_fdcan.c ****     /* Init the low level hardware: CLOCK, NVIC */
 354:Drivers/STM32G4xx_HAL_Driver/Src/stm32g4xx_hal_fdcan.c ****     hfdcan->MspInitCallback(hfdcan);
 355:Drivers/STM32G4xx_HAL_Driver/Src/stm32g4xx_hal_fdcan.c ****   }
 356:Drivers/STM32G4xx_HAL_Driver/Src/stm32g4xx_hal_fdcan.c **** #else
 357:Drivers/STM32G4xx_HAL_Driver/Src/stm32g4xx_hal_fdcan.c ****   if (hfdcan->State == HAL_FDCAN_STATE_RESET)
 358:Drivers/STM32G4xx_HAL_Driver/Src/stm32g4xx_hal_fdcan.c ****   {
 359:Drivers/STM32G4xx_HAL_Driver/Src/stm32g4xx_hal_fdcan.c ****     /* Allocate lock resource and initialize it */
 360:Drivers/STM32G4xx_HAL_Driver/Src/stm32g4xx_hal_fdcan.c ****     hfdcan->Lock = HAL_UNLOCKED;
 361:Drivers/STM32G4xx_HAL_Driver/Src/stm32g4xx_hal_fdcan.c **** 
 362:Drivers/STM32G4xx_HAL_Driver/Src/stm32g4xx_hal_fdcan.c ****     /* Init the low level hardware: CLOCK, NVIC */
 363:Drivers/STM32G4xx_HAL_Driver/Src/stm32g4xx_hal_fdcan.c ****     HAL_FDCAN_MspInit(hfdcan);
 364:Drivers/STM32G4xx_HAL_Driver/Src/stm32g4xx_hal_fdcan.c ****   }
 365:Drivers/STM32G4xx_HAL_Driver/Src/stm32g4xx_hal_fdcan.c **** #endif /* USE_HAL_FDCAN_REGISTER_CALLBACKS */
 366:Drivers/STM32G4xx_HAL_Driver/Src/stm32g4xx_hal_fdcan.c **** 
 367:Drivers/STM32G4xx_HAL_Driver/Src/stm32g4xx_hal_fdcan.c ****   /* Exit from Sleep mode */
 368:Drivers/STM32G4xx_HAL_Driver/Src/stm32g4xx_hal_fdcan.c ****   CLEAR_BIT(hfdcan->Instance->CCCR, FDCAN_CCCR_CSR);
 369:Drivers/STM32G4xx_HAL_Driver/Src/stm32g4xx_hal_fdcan.c **** 
 370:Drivers/STM32G4xx_HAL_Driver/Src/stm32g4xx_hal_fdcan.c ****   /* Get tick */
 371:Drivers/STM32G4xx_HAL_Driver/Src/stm32g4xx_hal_fdcan.c ****   tickstart = HAL_GetTick();
 372:Drivers/STM32G4xx_HAL_Driver/Src/stm32g4xx_hal_fdcan.c **** 
ARM GAS  C:\Users\Booster\AppData\Local\Temp\ccYRDURW.s 			page 8


 373:Drivers/STM32G4xx_HAL_Driver/Src/stm32g4xx_hal_fdcan.c ****   /* Check Sleep mode acknowledge */
 374:Drivers/STM32G4xx_HAL_Driver/Src/stm32g4xx_hal_fdcan.c ****   while ((hfdcan->Instance->CCCR & FDCAN_CCCR_CSA) == FDCAN_CCCR_CSA)
 375:Drivers/STM32G4xx_HAL_Driver/Src/stm32g4xx_hal_fdcan.c ****   {
 376:Drivers/STM32G4xx_HAL_Driver/Src/stm32g4xx_hal_fdcan.c ****     if ((HAL_GetTick() - tickstart) > FDCAN_TIMEOUT_VALUE)
 377:Drivers/STM32G4xx_HAL_Driver/Src/stm32g4xx_hal_fdcan.c ****     {
 378:Drivers/STM32G4xx_HAL_Driver/Src/stm32g4xx_hal_fdcan.c ****       /* Update error code */
 379:Drivers/STM32G4xx_HAL_Driver/Src/stm32g4xx_hal_fdcan.c ****       hfdcan->ErrorCode |= HAL_FDCAN_ERROR_TIMEOUT;
 380:Drivers/STM32G4xx_HAL_Driver/Src/stm32g4xx_hal_fdcan.c **** 
 381:Drivers/STM32G4xx_HAL_Driver/Src/stm32g4xx_hal_fdcan.c ****       /* Change FDCAN state */
 382:Drivers/STM32G4xx_HAL_Driver/Src/stm32g4xx_hal_fdcan.c ****       hfdcan->State = HAL_FDCAN_STATE_ERROR;
 383:Drivers/STM32G4xx_HAL_Driver/Src/stm32g4xx_hal_fdcan.c **** 
 384:Drivers/STM32G4xx_HAL_Driver/Src/stm32g4xx_hal_fdcan.c ****       return HAL_ERROR;
 385:Drivers/STM32G4xx_HAL_Driver/Src/stm32g4xx_hal_fdcan.c ****     }
 386:Drivers/STM32G4xx_HAL_Driver/Src/stm32g4xx_hal_fdcan.c ****   }
 387:Drivers/STM32G4xx_HAL_Driver/Src/stm32g4xx_hal_fdcan.c **** 
 388:Drivers/STM32G4xx_HAL_Driver/Src/stm32g4xx_hal_fdcan.c ****   /* Request initialisation */
 389:Drivers/STM32G4xx_HAL_Driver/Src/stm32g4xx_hal_fdcan.c ****   SET_BIT(hfdcan->Instance->CCCR, FDCAN_CCCR_INIT);
 390:Drivers/STM32G4xx_HAL_Driver/Src/stm32g4xx_hal_fdcan.c **** 
 391:Drivers/STM32G4xx_HAL_Driver/Src/stm32g4xx_hal_fdcan.c ****   /* Get tick */
 392:Drivers/STM32G4xx_HAL_Driver/Src/stm32g4xx_hal_fdcan.c ****   tickstart = HAL_GetTick();
 393:Drivers/STM32G4xx_HAL_Driver/Src/stm32g4xx_hal_fdcan.c **** 
 394:Drivers/STM32G4xx_HAL_Driver/Src/stm32g4xx_hal_fdcan.c ****   /* Wait until the INIT bit into CCCR register is set */
 395:Drivers/STM32G4xx_HAL_Driver/Src/stm32g4xx_hal_fdcan.c ****   while ((hfdcan->Instance->CCCR & FDCAN_CCCR_INIT) == 0U)
 396:Drivers/STM32G4xx_HAL_Driver/Src/stm32g4xx_hal_fdcan.c ****   {
 397:Drivers/STM32G4xx_HAL_Driver/Src/stm32g4xx_hal_fdcan.c ****     /* Check for the Timeout */
 398:Drivers/STM32G4xx_HAL_Driver/Src/stm32g4xx_hal_fdcan.c ****     if ((HAL_GetTick() - tickstart) > FDCAN_TIMEOUT_VALUE)
 399:Drivers/STM32G4xx_HAL_Driver/Src/stm32g4xx_hal_fdcan.c ****     {
 400:Drivers/STM32G4xx_HAL_Driver/Src/stm32g4xx_hal_fdcan.c ****       /* Update error code */
 401:Drivers/STM32G4xx_HAL_Driver/Src/stm32g4xx_hal_fdcan.c ****       hfdcan->ErrorCode |= HAL_FDCAN_ERROR_TIMEOUT;
 402:Drivers/STM32G4xx_HAL_Driver/Src/stm32g4xx_hal_fdcan.c **** 
 403:Drivers/STM32G4xx_HAL_Driver/Src/stm32g4xx_hal_fdcan.c ****       /* Change FDCAN state */
 404:Drivers/STM32G4xx_HAL_Driver/Src/stm32g4xx_hal_fdcan.c ****       hfdcan->State = HAL_FDCAN_STATE_ERROR;
 405:Drivers/STM32G4xx_HAL_Driver/Src/stm32g4xx_hal_fdcan.c **** 
 406:Drivers/STM32G4xx_HAL_Driver/Src/stm32g4xx_hal_fdcan.c ****       return HAL_ERROR;
 407:Drivers/STM32G4xx_HAL_Driver/Src/stm32g4xx_hal_fdcan.c ****     }
 408:Drivers/STM32G4xx_HAL_Driver/Src/stm32g4xx_hal_fdcan.c ****   }
 409:Drivers/STM32G4xx_HAL_Driver/Src/stm32g4xx_hal_fdcan.c **** 
 410:Drivers/STM32G4xx_HAL_Driver/Src/stm32g4xx_hal_fdcan.c ****   /* Enable configuration change */
 411:Drivers/STM32G4xx_HAL_Driver/Src/stm32g4xx_hal_fdcan.c ****   SET_BIT(hfdcan->Instance->CCCR, FDCAN_CCCR_CCE);
 412:Drivers/STM32G4xx_HAL_Driver/Src/stm32g4xx_hal_fdcan.c **** 
 413:Drivers/STM32G4xx_HAL_Driver/Src/stm32g4xx_hal_fdcan.c ****   /* Check FDCAN instance */
 414:Drivers/STM32G4xx_HAL_Driver/Src/stm32g4xx_hal_fdcan.c ****   if (hfdcan->Instance == FDCAN1)
 415:Drivers/STM32G4xx_HAL_Driver/Src/stm32g4xx_hal_fdcan.c ****   {
 416:Drivers/STM32G4xx_HAL_Driver/Src/stm32g4xx_hal_fdcan.c ****     /* Configure Clock divider */
 417:Drivers/STM32G4xx_HAL_Driver/Src/stm32g4xx_hal_fdcan.c ****     FDCAN_CONFIG->CKDIV = hfdcan->Init.ClockDivider;
 418:Drivers/STM32G4xx_HAL_Driver/Src/stm32g4xx_hal_fdcan.c ****   }
 419:Drivers/STM32G4xx_HAL_Driver/Src/stm32g4xx_hal_fdcan.c **** 
 420:Drivers/STM32G4xx_HAL_Driver/Src/stm32g4xx_hal_fdcan.c ****   /* Set the no automatic retransmission */
 421:Drivers/STM32G4xx_HAL_Driver/Src/stm32g4xx_hal_fdcan.c ****   if (hfdcan->Init.AutoRetransmission == ENABLE)
 422:Drivers/STM32G4xx_HAL_Driver/Src/stm32g4xx_hal_fdcan.c ****   {
 423:Drivers/STM32G4xx_HAL_Driver/Src/stm32g4xx_hal_fdcan.c ****     CLEAR_BIT(hfdcan->Instance->CCCR, FDCAN_CCCR_DAR);
 424:Drivers/STM32G4xx_HAL_Driver/Src/stm32g4xx_hal_fdcan.c ****   }
 425:Drivers/STM32G4xx_HAL_Driver/Src/stm32g4xx_hal_fdcan.c ****   else
 426:Drivers/STM32G4xx_HAL_Driver/Src/stm32g4xx_hal_fdcan.c ****   {
 427:Drivers/STM32G4xx_HAL_Driver/Src/stm32g4xx_hal_fdcan.c ****     SET_BIT(hfdcan->Instance->CCCR, FDCAN_CCCR_DAR);
 428:Drivers/STM32G4xx_HAL_Driver/Src/stm32g4xx_hal_fdcan.c ****   }
 429:Drivers/STM32G4xx_HAL_Driver/Src/stm32g4xx_hal_fdcan.c **** 
ARM GAS  C:\Users\Booster\AppData\Local\Temp\ccYRDURW.s 			page 9


 430:Drivers/STM32G4xx_HAL_Driver/Src/stm32g4xx_hal_fdcan.c ****   /* Set the transmit pause feature */
 431:Drivers/STM32G4xx_HAL_Driver/Src/stm32g4xx_hal_fdcan.c ****   if (hfdcan->Init.TransmitPause == ENABLE)
 432:Drivers/STM32G4xx_HAL_Driver/Src/stm32g4xx_hal_fdcan.c ****   {
 433:Drivers/STM32G4xx_HAL_Driver/Src/stm32g4xx_hal_fdcan.c ****     SET_BIT(hfdcan->Instance->CCCR, FDCAN_CCCR_TXP);
 434:Drivers/STM32G4xx_HAL_Driver/Src/stm32g4xx_hal_fdcan.c ****   }
 435:Drivers/STM32G4xx_HAL_Driver/Src/stm32g4xx_hal_fdcan.c ****   else
 436:Drivers/STM32G4xx_HAL_Driver/Src/stm32g4xx_hal_fdcan.c ****   {
 437:Drivers/STM32G4xx_HAL_Driver/Src/stm32g4xx_hal_fdcan.c ****     CLEAR_BIT(hfdcan->Instance->CCCR, FDCAN_CCCR_TXP);
 438:Drivers/STM32G4xx_HAL_Driver/Src/stm32g4xx_hal_fdcan.c ****   }
 439:Drivers/STM32G4xx_HAL_Driver/Src/stm32g4xx_hal_fdcan.c **** 
 440:Drivers/STM32G4xx_HAL_Driver/Src/stm32g4xx_hal_fdcan.c ****   /* Set the Protocol Exception Handling */
 441:Drivers/STM32G4xx_HAL_Driver/Src/stm32g4xx_hal_fdcan.c ****   if (hfdcan->Init.ProtocolException == ENABLE)
 442:Drivers/STM32G4xx_HAL_Driver/Src/stm32g4xx_hal_fdcan.c ****   {
 443:Drivers/STM32G4xx_HAL_Driver/Src/stm32g4xx_hal_fdcan.c ****     CLEAR_BIT(hfdcan->Instance->CCCR, FDCAN_CCCR_PXHD);
 444:Drivers/STM32G4xx_HAL_Driver/Src/stm32g4xx_hal_fdcan.c ****   }
 445:Drivers/STM32G4xx_HAL_Driver/Src/stm32g4xx_hal_fdcan.c ****   else
 446:Drivers/STM32G4xx_HAL_Driver/Src/stm32g4xx_hal_fdcan.c ****   {
 447:Drivers/STM32G4xx_HAL_Driver/Src/stm32g4xx_hal_fdcan.c ****     SET_BIT(hfdcan->Instance->CCCR, FDCAN_CCCR_PXHD);
 448:Drivers/STM32G4xx_HAL_Driver/Src/stm32g4xx_hal_fdcan.c ****   }
 449:Drivers/STM32G4xx_HAL_Driver/Src/stm32g4xx_hal_fdcan.c **** 
 450:Drivers/STM32G4xx_HAL_Driver/Src/stm32g4xx_hal_fdcan.c ****   /* Set FDCAN Frame Format */
 451:Drivers/STM32G4xx_HAL_Driver/Src/stm32g4xx_hal_fdcan.c ****   MODIFY_REG(hfdcan->Instance->CCCR, FDCAN_FRAME_FD_BRS, hfdcan->Init.FrameFormat);
 452:Drivers/STM32G4xx_HAL_Driver/Src/stm32g4xx_hal_fdcan.c **** 
 453:Drivers/STM32G4xx_HAL_Driver/Src/stm32g4xx_hal_fdcan.c ****   /* Reset FDCAN Operation Mode */
 454:Drivers/STM32G4xx_HAL_Driver/Src/stm32g4xx_hal_fdcan.c ****   CLEAR_BIT(hfdcan->Instance->CCCR, (FDCAN_CCCR_TEST | FDCAN_CCCR_MON | FDCAN_CCCR_ASM));
 455:Drivers/STM32G4xx_HAL_Driver/Src/stm32g4xx_hal_fdcan.c ****   CLEAR_BIT(hfdcan->Instance->TEST, FDCAN_TEST_LBCK);
 456:Drivers/STM32G4xx_HAL_Driver/Src/stm32g4xx_hal_fdcan.c **** 
 457:Drivers/STM32G4xx_HAL_Driver/Src/stm32g4xx_hal_fdcan.c ****   /* Set FDCAN Operating Mode:
 458:Drivers/STM32G4xx_HAL_Driver/Src/stm32g4xx_hal_fdcan.c ****                | Normal | Restricted |    Bus     | Internal | External
 459:Drivers/STM32G4xx_HAL_Driver/Src/stm32g4xx_hal_fdcan.c ****                |        | Operation  | Monitoring | LoopBack | LoopBack
 460:Drivers/STM32G4xx_HAL_Driver/Src/stm32g4xx_hal_fdcan.c ****      CCCR.TEST |   0    |     0      |     0      |    1     |    1
 461:Drivers/STM32G4xx_HAL_Driver/Src/stm32g4xx_hal_fdcan.c ****      CCCR.MON  |   0    |     0      |     1      |    1     |    0
 462:Drivers/STM32G4xx_HAL_Driver/Src/stm32g4xx_hal_fdcan.c ****      TEST.LBCK |   0    |     0      |     0      |    1     |    1
 463:Drivers/STM32G4xx_HAL_Driver/Src/stm32g4xx_hal_fdcan.c ****      CCCR.ASM  |   0    |     1      |     0      |    0     |    0
 464:Drivers/STM32G4xx_HAL_Driver/Src/stm32g4xx_hal_fdcan.c ****   */
 465:Drivers/STM32G4xx_HAL_Driver/Src/stm32g4xx_hal_fdcan.c ****   if (hfdcan->Init.Mode == FDCAN_MODE_RESTRICTED_OPERATION)
 466:Drivers/STM32G4xx_HAL_Driver/Src/stm32g4xx_hal_fdcan.c ****   {
 467:Drivers/STM32G4xx_HAL_Driver/Src/stm32g4xx_hal_fdcan.c ****     /* Enable Restricted Operation mode */
 468:Drivers/STM32G4xx_HAL_Driver/Src/stm32g4xx_hal_fdcan.c ****     SET_BIT(hfdcan->Instance->CCCR, FDCAN_CCCR_ASM);
 469:Drivers/STM32G4xx_HAL_Driver/Src/stm32g4xx_hal_fdcan.c ****   }
 470:Drivers/STM32G4xx_HAL_Driver/Src/stm32g4xx_hal_fdcan.c ****   else if (hfdcan->Init.Mode != FDCAN_MODE_NORMAL)
 471:Drivers/STM32G4xx_HAL_Driver/Src/stm32g4xx_hal_fdcan.c ****   {
 472:Drivers/STM32G4xx_HAL_Driver/Src/stm32g4xx_hal_fdcan.c ****     if (hfdcan->Init.Mode != FDCAN_MODE_BUS_MONITORING)
 473:Drivers/STM32G4xx_HAL_Driver/Src/stm32g4xx_hal_fdcan.c ****     {
 474:Drivers/STM32G4xx_HAL_Driver/Src/stm32g4xx_hal_fdcan.c ****       /* Enable write access to TEST register */
 475:Drivers/STM32G4xx_HAL_Driver/Src/stm32g4xx_hal_fdcan.c ****       SET_BIT(hfdcan->Instance->CCCR, FDCAN_CCCR_TEST);
 476:Drivers/STM32G4xx_HAL_Driver/Src/stm32g4xx_hal_fdcan.c **** 
 477:Drivers/STM32G4xx_HAL_Driver/Src/stm32g4xx_hal_fdcan.c ****       /* Enable LoopBack mode */
 478:Drivers/STM32G4xx_HAL_Driver/Src/stm32g4xx_hal_fdcan.c ****       SET_BIT(hfdcan->Instance->TEST, FDCAN_TEST_LBCK);
 479:Drivers/STM32G4xx_HAL_Driver/Src/stm32g4xx_hal_fdcan.c **** 
 480:Drivers/STM32G4xx_HAL_Driver/Src/stm32g4xx_hal_fdcan.c ****       if (hfdcan->Init.Mode == FDCAN_MODE_INTERNAL_LOOPBACK)
 481:Drivers/STM32G4xx_HAL_Driver/Src/stm32g4xx_hal_fdcan.c ****       {
 482:Drivers/STM32G4xx_HAL_Driver/Src/stm32g4xx_hal_fdcan.c ****         SET_BIT(hfdcan->Instance->CCCR, FDCAN_CCCR_MON);
 483:Drivers/STM32G4xx_HAL_Driver/Src/stm32g4xx_hal_fdcan.c ****       }
 484:Drivers/STM32G4xx_HAL_Driver/Src/stm32g4xx_hal_fdcan.c ****     }
 485:Drivers/STM32G4xx_HAL_Driver/Src/stm32g4xx_hal_fdcan.c ****     else
 486:Drivers/STM32G4xx_HAL_Driver/Src/stm32g4xx_hal_fdcan.c ****     {
ARM GAS  C:\Users\Booster\AppData\Local\Temp\ccYRDURW.s 			page 10


 487:Drivers/STM32G4xx_HAL_Driver/Src/stm32g4xx_hal_fdcan.c ****       /* Enable bus monitoring mode */
 488:Drivers/STM32G4xx_HAL_Driver/Src/stm32g4xx_hal_fdcan.c ****       SET_BIT(hfdcan->Instance->CCCR, FDCAN_CCCR_MON);
 489:Drivers/STM32G4xx_HAL_Driver/Src/stm32g4xx_hal_fdcan.c ****     }
 490:Drivers/STM32G4xx_HAL_Driver/Src/stm32g4xx_hal_fdcan.c ****   }
 491:Drivers/STM32G4xx_HAL_Driver/Src/stm32g4xx_hal_fdcan.c ****   else
 492:Drivers/STM32G4xx_HAL_Driver/Src/stm32g4xx_hal_fdcan.c ****   {
 493:Drivers/STM32G4xx_HAL_Driver/Src/stm32g4xx_hal_fdcan.c ****     /* Nothing to do: normal mode */
 494:Drivers/STM32G4xx_HAL_Driver/Src/stm32g4xx_hal_fdcan.c ****   }
 495:Drivers/STM32G4xx_HAL_Driver/Src/stm32g4xx_hal_fdcan.c **** 
 496:Drivers/STM32G4xx_HAL_Driver/Src/stm32g4xx_hal_fdcan.c ****   /* Set the nominal bit timing register */
 497:Drivers/STM32G4xx_HAL_Driver/Src/stm32g4xx_hal_fdcan.c ****   hfdcan->Instance->NBTP = ((((uint32_t)hfdcan->Init.NominalSyncJumpWidth - 1U) << FDCAN_NBTP_NSJW_
 498:Drivers/STM32G4xx_HAL_Driver/Src/stm32g4xx_hal_fdcan.c ****                             (((uint32_t)hfdcan->Init.NominalTimeSeg1 - 1U) << FDCAN_NBTP_NTSEG1_Pos
 499:Drivers/STM32G4xx_HAL_Driver/Src/stm32g4xx_hal_fdcan.c ****                             (((uint32_t)hfdcan->Init.NominalTimeSeg2 - 1U) << FDCAN_NBTP_NTSEG2_Pos
 500:Drivers/STM32G4xx_HAL_Driver/Src/stm32g4xx_hal_fdcan.c ****                             (((uint32_t)hfdcan->Init.NominalPrescaler - 1U) << FDCAN_NBTP_NBRP_Pos)
 501:Drivers/STM32G4xx_HAL_Driver/Src/stm32g4xx_hal_fdcan.c **** 
 502:Drivers/STM32G4xx_HAL_Driver/Src/stm32g4xx_hal_fdcan.c ****   /* If FD operation with BRS is selected, set the data bit timing register */
 503:Drivers/STM32G4xx_HAL_Driver/Src/stm32g4xx_hal_fdcan.c ****   if (hfdcan->Init.FrameFormat == FDCAN_FRAME_FD_BRS)
 504:Drivers/STM32G4xx_HAL_Driver/Src/stm32g4xx_hal_fdcan.c ****   {
 505:Drivers/STM32G4xx_HAL_Driver/Src/stm32g4xx_hal_fdcan.c ****     hfdcan->Instance->DBTP = ((((uint32_t)hfdcan->Init.DataSyncJumpWidth - 1U) << FDCAN_DBTP_DSJW_P
 506:Drivers/STM32G4xx_HAL_Driver/Src/stm32g4xx_hal_fdcan.c ****                               (((uint32_t)hfdcan->Init.DataTimeSeg1 - 1U) << FDCAN_DBTP_DTSEG1_Pos)
 507:Drivers/STM32G4xx_HAL_Driver/Src/stm32g4xx_hal_fdcan.c ****                               (((uint32_t)hfdcan->Init.DataTimeSeg2 - 1U) << FDCAN_DBTP_DTSEG2_Pos)
 508:Drivers/STM32G4xx_HAL_Driver/Src/stm32g4xx_hal_fdcan.c ****                               (((uint32_t)hfdcan->Init.DataPrescaler - 1U) << FDCAN_DBTP_DBRP_Pos))
 509:Drivers/STM32G4xx_HAL_Driver/Src/stm32g4xx_hal_fdcan.c ****   }
 510:Drivers/STM32G4xx_HAL_Driver/Src/stm32g4xx_hal_fdcan.c **** 
 511:Drivers/STM32G4xx_HAL_Driver/Src/stm32g4xx_hal_fdcan.c ****   /* Select between Tx FIFO and Tx Queue operation modes */
 512:Drivers/STM32G4xx_HAL_Driver/Src/stm32g4xx_hal_fdcan.c ****   SET_BIT(hfdcan->Instance->TXBC, hfdcan->Init.TxFifoQueueMode);
 513:Drivers/STM32G4xx_HAL_Driver/Src/stm32g4xx_hal_fdcan.c **** 
 514:Drivers/STM32G4xx_HAL_Driver/Src/stm32g4xx_hal_fdcan.c ****   /* Calculate each RAM block address */
 515:Drivers/STM32G4xx_HAL_Driver/Src/stm32g4xx_hal_fdcan.c ****   FDCAN_CalcultateRamBlockAddresses(hfdcan);
 516:Drivers/STM32G4xx_HAL_Driver/Src/stm32g4xx_hal_fdcan.c **** 
 517:Drivers/STM32G4xx_HAL_Driver/Src/stm32g4xx_hal_fdcan.c ****   /* Initialize the Latest Tx request buffer index */
 518:Drivers/STM32G4xx_HAL_Driver/Src/stm32g4xx_hal_fdcan.c ****   hfdcan->LatestTxFifoQRequest = 0U;
 519:Drivers/STM32G4xx_HAL_Driver/Src/stm32g4xx_hal_fdcan.c **** 
 520:Drivers/STM32G4xx_HAL_Driver/Src/stm32g4xx_hal_fdcan.c ****   /* Initialize the error code */
 521:Drivers/STM32G4xx_HAL_Driver/Src/stm32g4xx_hal_fdcan.c ****   hfdcan->ErrorCode = HAL_FDCAN_ERROR_NONE;
 522:Drivers/STM32G4xx_HAL_Driver/Src/stm32g4xx_hal_fdcan.c **** 
 523:Drivers/STM32G4xx_HAL_Driver/Src/stm32g4xx_hal_fdcan.c ****   /* Initialize the FDCAN state */
 524:Drivers/STM32G4xx_HAL_Driver/Src/stm32g4xx_hal_fdcan.c ****   hfdcan->State = HAL_FDCAN_STATE_READY;
 525:Drivers/STM32G4xx_HAL_Driver/Src/stm32g4xx_hal_fdcan.c **** 
 526:Drivers/STM32G4xx_HAL_Driver/Src/stm32g4xx_hal_fdcan.c ****   /* Return function status */
 527:Drivers/STM32G4xx_HAL_Driver/Src/stm32g4xx_hal_fdcan.c ****   return HAL_OK;
 528:Drivers/STM32G4xx_HAL_Driver/Src/stm32g4xx_hal_fdcan.c **** }
 529:Drivers/STM32G4xx_HAL_Driver/Src/stm32g4xx_hal_fdcan.c **** 
 530:Drivers/STM32G4xx_HAL_Driver/Src/stm32g4xx_hal_fdcan.c **** /**
 531:Drivers/STM32G4xx_HAL_Driver/Src/stm32g4xx_hal_fdcan.c ****   * @brief  Deinitializes the FDCAN peripheral registers to their default reset values.
 532:Drivers/STM32G4xx_HAL_Driver/Src/stm32g4xx_hal_fdcan.c ****   * @param  hfdcan pointer to an FDCAN_HandleTypeDef structure that contains
 533:Drivers/STM32G4xx_HAL_Driver/Src/stm32g4xx_hal_fdcan.c ****   *         the configuration information for the specified FDCAN.
 534:Drivers/STM32G4xx_HAL_Driver/Src/stm32g4xx_hal_fdcan.c ****   * @retval HAL status
 535:Drivers/STM32G4xx_HAL_Driver/Src/stm32g4xx_hal_fdcan.c ****   */
 536:Drivers/STM32G4xx_HAL_Driver/Src/stm32g4xx_hal_fdcan.c **** HAL_StatusTypeDef HAL_FDCAN_DeInit(FDCAN_HandleTypeDef *hfdcan)
 537:Drivers/STM32G4xx_HAL_Driver/Src/stm32g4xx_hal_fdcan.c **** {
 538:Drivers/STM32G4xx_HAL_Driver/Src/stm32g4xx_hal_fdcan.c ****   /* Check FDCAN handle */
 539:Drivers/STM32G4xx_HAL_Driver/Src/stm32g4xx_hal_fdcan.c ****   if (hfdcan == NULL)
 540:Drivers/STM32G4xx_HAL_Driver/Src/stm32g4xx_hal_fdcan.c ****   {
 541:Drivers/STM32G4xx_HAL_Driver/Src/stm32g4xx_hal_fdcan.c ****     return HAL_ERROR;
 542:Drivers/STM32G4xx_HAL_Driver/Src/stm32g4xx_hal_fdcan.c ****   }
 543:Drivers/STM32G4xx_HAL_Driver/Src/stm32g4xx_hal_fdcan.c **** 
ARM GAS  C:\Users\Booster\AppData\Local\Temp\ccYRDURW.s 			page 11


 544:Drivers/STM32G4xx_HAL_Driver/Src/stm32g4xx_hal_fdcan.c ****   /* Check function parameters */
 545:Drivers/STM32G4xx_HAL_Driver/Src/stm32g4xx_hal_fdcan.c ****   assert_param(IS_FDCAN_ALL_INSTANCE(hfdcan->Instance));
 546:Drivers/STM32G4xx_HAL_Driver/Src/stm32g4xx_hal_fdcan.c **** 
 547:Drivers/STM32G4xx_HAL_Driver/Src/stm32g4xx_hal_fdcan.c ****   /* Stop the FDCAN module: return value is voluntary ignored */
 548:Drivers/STM32G4xx_HAL_Driver/Src/stm32g4xx_hal_fdcan.c ****   (void)HAL_FDCAN_Stop(hfdcan);
 549:Drivers/STM32G4xx_HAL_Driver/Src/stm32g4xx_hal_fdcan.c **** 
 550:Drivers/STM32G4xx_HAL_Driver/Src/stm32g4xx_hal_fdcan.c ****   /* Disable Interrupt lines */
 551:Drivers/STM32G4xx_HAL_Driver/Src/stm32g4xx_hal_fdcan.c ****   CLEAR_BIT(hfdcan->Instance->ILE, (FDCAN_INTERRUPT_LINE0 | FDCAN_INTERRUPT_LINE1));
 552:Drivers/STM32G4xx_HAL_Driver/Src/stm32g4xx_hal_fdcan.c **** 
 553:Drivers/STM32G4xx_HAL_Driver/Src/stm32g4xx_hal_fdcan.c **** #if USE_HAL_FDCAN_REGISTER_CALLBACKS == 1
 554:Drivers/STM32G4xx_HAL_Driver/Src/stm32g4xx_hal_fdcan.c ****   if (hfdcan->MspDeInitCallback == NULL)
 555:Drivers/STM32G4xx_HAL_Driver/Src/stm32g4xx_hal_fdcan.c ****   {
 556:Drivers/STM32G4xx_HAL_Driver/Src/stm32g4xx_hal_fdcan.c ****     hfdcan->MspDeInitCallback = HAL_FDCAN_MspDeInit; /* Legacy weak MspDeInit */
 557:Drivers/STM32G4xx_HAL_Driver/Src/stm32g4xx_hal_fdcan.c ****   }
 558:Drivers/STM32G4xx_HAL_Driver/Src/stm32g4xx_hal_fdcan.c **** 
 559:Drivers/STM32G4xx_HAL_Driver/Src/stm32g4xx_hal_fdcan.c ****   /* DeInit the low level hardware: CLOCK, NVIC */
 560:Drivers/STM32G4xx_HAL_Driver/Src/stm32g4xx_hal_fdcan.c ****   hfdcan->MspDeInitCallback(hfdcan);
 561:Drivers/STM32G4xx_HAL_Driver/Src/stm32g4xx_hal_fdcan.c **** #else
 562:Drivers/STM32G4xx_HAL_Driver/Src/stm32g4xx_hal_fdcan.c ****   /* DeInit the low level hardware: CLOCK, NVIC */
 563:Drivers/STM32G4xx_HAL_Driver/Src/stm32g4xx_hal_fdcan.c ****   HAL_FDCAN_MspDeInit(hfdcan);
 564:Drivers/STM32G4xx_HAL_Driver/Src/stm32g4xx_hal_fdcan.c **** #endif /* USE_HAL_FDCAN_REGISTER_CALLBACKS */
 565:Drivers/STM32G4xx_HAL_Driver/Src/stm32g4xx_hal_fdcan.c **** 
 566:Drivers/STM32G4xx_HAL_Driver/Src/stm32g4xx_hal_fdcan.c ****   /* Reset the FDCAN ErrorCode */
 567:Drivers/STM32G4xx_HAL_Driver/Src/stm32g4xx_hal_fdcan.c ****   hfdcan->ErrorCode = HAL_FDCAN_ERROR_NONE;
 568:Drivers/STM32G4xx_HAL_Driver/Src/stm32g4xx_hal_fdcan.c **** 
 569:Drivers/STM32G4xx_HAL_Driver/Src/stm32g4xx_hal_fdcan.c ****   /* Change FDCAN state */
 570:Drivers/STM32G4xx_HAL_Driver/Src/stm32g4xx_hal_fdcan.c ****   hfdcan->State = HAL_FDCAN_STATE_RESET;
 571:Drivers/STM32G4xx_HAL_Driver/Src/stm32g4xx_hal_fdcan.c **** 
 572:Drivers/STM32G4xx_HAL_Driver/Src/stm32g4xx_hal_fdcan.c ****   /* Return function status */
 573:Drivers/STM32G4xx_HAL_Driver/Src/stm32g4xx_hal_fdcan.c ****   return HAL_OK;
 574:Drivers/STM32G4xx_HAL_Driver/Src/stm32g4xx_hal_fdcan.c **** }
 575:Drivers/STM32G4xx_HAL_Driver/Src/stm32g4xx_hal_fdcan.c **** 
 576:Drivers/STM32G4xx_HAL_Driver/Src/stm32g4xx_hal_fdcan.c **** /**
 577:Drivers/STM32G4xx_HAL_Driver/Src/stm32g4xx_hal_fdcan.c ****   * @brief  Initializes the FDCAN MSP.
 578:Drivers/STM32G4xx_HAL_Driver/Src/stm32g4xx_hal_fdcan.c ****   * @param  hfdcan pointer to an FDCAN_HandleTypeDef structure that contains
 579:Drivers/STM32G4xx_HAL_Driver/Src/stm32g4xx_hal_fdcan.c ****   *         the configuration information for the specified FDCAN.
 580:Drivers/STM32G4xx_HAL_Driver/Src/stm32g4xx_hal_fdcan.c ****   * @retval None
 581:Drivers/STM32G4xx_HAL_Driver/Src/stm32g4xx_hal_fdcan.c ****   */
 582:Drivers/STM32G4xx_HAL_Driver/Src/stm32g4xx_hal_fdcan.c **** __weak void HAL_FDCAN_MspInit(FDCAN_HandleTypeDef *hfdcan)
 583:Drivers/STM32G4xx_HAL_Driver/Src/stm32g4xx_hal_fdcan.c **** {
 584:Drivers/STM32G4xx_HAL_Driver/Src/stm32g4xx_hal_fdcan.c ****   /* Prevent unused argument(s) compilation warning */
 585:Drivers/STM32G4xx_HAL_Driver/Src/stm32g4xx_hal_fdcan.c ****   UNUSED(hfdcan);
 586:Drivers/STM32G4xx_HAL_Driver/Src/stm32g4xx_hal_fdcan.c ****   /* NOTE: This function Should not be modified, when the callback is needed,
 587:Drivers/STM32G4xx_HAL_Driver/Src/stm32g4xx_hal_fdcan.c ****             the HAL_FDCAN_MspInit could be implemented in the user file
 588:Drivers/STM32G4xx_HAL_Driver/Src/stm32g4xx_hal_fdcan.c ****    */
 589:Drivers/STM32G4xx_HAL_Driver/Src/stm32g4xx_hal_fdcan.c **** }
 590:Drivers/STM32G4xx_HAL_Driver/Src/stm32g4xx_hal_fdcan.c **** 
 591:Drivers/STM32G4xx_HAL_Driver/Src/stm32g4xx_hal_fdcan.c **** /**
 592:Drivers/STM32G4xx_HAL_Driver/Src/stm32g4xx_hal_fdcan.c ****   * @brief  DeInitializes the FDCAN MSP.
 593:Drivers/STM32G4xx_HAL_Driver/Src/stm32g4xx_hal_fdcan.c ****   * @param  hfdcan pointer to an FDCAN_HandleTypeDef structure that contains
 594:Drivers/STM32G4xx_HAL_Driver/Src/stm32g4xx_hal_fdcan.c ****   *         the configuration information for the specified FDCAN.
 595:Drivers/STM32G4xx_HAL_Driver/Src/stm32g4xx_hal_fdcan.c ****   * @retval None
 596:Drivers/STM32G4xx_HAL_Driver/Src/stm32g4xx_hal_fdcan.c ****   */
 597:Drivers/STM32G4xx_HAL_Driver/Src/stm32g4xx_hal_fdcan.c **** __weak void HAL_FDCAN_MspDeInit(FDCAN_HandleTypeDef *hfdcan)
 598:Drivers/STM32G4xx_HAL_Driver/Src/stm32g4xx_hal_fdcan.c **** {
 599:Drivers/STM32G4xx_HAL_Driver/Src/stm32g4xx_hal_fdcan.c ****   /* Prevent unused argument(s) compilation warning */
 600:Drivers/STM32G4xx_HAL_Driver/Src/stm32g4xx_hal_fdcan.c ****   UNUSED(hfdcan);
ARM GAS  C:\Users\Booster\AppData\Local\Temp\ccYRDURW.s 			page 12


 601:Drivers/STM32G4xx_HAL_Driver/Src/stm32g4xx_hal_fdcan.c ****   /* NOTE: This function Should not be modified, when the callback is needed,
 602:Drivers/STM32G4xx_HAL_Driver/Src/stm32g4xx_hal_fdcan.c ****             the HAL_FDCAN_MspDeInit could be implemented in the user file
 603:Drivers/STM32G4xx_HAL_Driver/Src/stm32g4xx_hal_fdcan.c ****    */
 604:Drivers/STM32G4xx_HAL_Driver/Src/stm32g4xx_hal_fdcan.c **** }
 605:Drivers/STM32G4xx_HAL_Driver/Src/stm32g4xx_hal_fdcan.c **** 
 606:Drivers/STM32G4xx_HAL_Driver/Src/stm32g4xx_hal_fdcan.c **** /**
 607:Drivers/STM32G4xx_HAL_Driver/Src/stm32g4xx_hal_fdcan.c ****   * @brief  Enter FDCAN peripheral in sleep mode.
 608:Drivers/STM32G4xx_HAL_Driver/Src/stm32g4xx_hal_fdcan.c ****   * @param  hfdcan pointer to an FDCAN_HandleTypeDef structure that contains
 609:Drivers/STM32G4xx_HAL_Driver/Src/stm32g4xx_hal_fdcan.c ****   *         the configuration information for the specified FDCAN.
 610:Drivers/STM32G4xx_HAL_Driver/Src/stm32g4xx_hal_fdcan.c ****   * @retval HAL status
 611:Drivers/STM32G4xx_HAL_Driver/Src/stm32g4xx_hal_fdcan.c ****   */
 612:Drivers/STM32G4xx_HAL_Driver/Src/stm32g4xx_hal_fdcan.c **** HAL_StatusTypeDef HAL_FDCAN_EnterPowerDownMode(FDCAN_HandleTypeDef *hfdcan)
 613:Drivers/STM32G4xx_HAL_Driver/Src/stm32g4xx_hal_fdcan.c **** {
 614:Drivers/STM32G4xx_HAL_Driver/Src/stm32g4xx_hal_fdcan.c ****   uint32_t tickstart;
 615:Drivers/STM32G4xx_HAL_Driver/Src/stm32g4xx_hal_fdcan.c **** 
 616:Drivers/STM32G4xx_HAL_Driver/Src/stm32g4xx_hal_fdcan.c ****   /* Request clock stop */
 617:Drivers/STM32G4xx_HAL_Driver/Src/stm32g4xx_hal_fdcan.c ****   SET_BIT(hfdcan->Instance->CCCR, FDCAN_CCCR_CSR);
 618:Drivers/STM32G4xx_HAL_Driver/Src/stm32g4xx_hal_fdcan.c **** 
 619:Drivers/STM32G4xx_HAL_Driver/Src/stm32g4xx_hal_fdcan.c ****   /* Get tick */
 620:Drivers/STM32G4xx_HAL_Driver/Src/stm32g4xx_hal_fdcan.c ****   tickstart = HAL_GetTick();
 621:Drivers/STM32G4xx_HAL_Driver/Src/stm32g4xx_hal_fdcan.c **** 
 622:Drivers/STM32G4xx_HAL_Driver/Src/stm32g4xx_hal_fdcan.c ****   /* Wait until FDCAN is ready for power down */
 623:Drivers/STM32G4xx_HAL_Driver/Src/stm32g4xx_hal_fdcan.c ****   while ((hfdcan->Instance->CCCR & FDCAN_CCCR_CSA) == 0U)
 624:Drivers/STM32G4xx_HAL_Driver/Src/stm32g4xx_hal_fdcan.c ****   {
 625:Drivers/STM32G4xx_HAL_Driver/Src/stm32g4xx_hal_fdcan.c ****     if ((HAL_GetTick() - tickstart) > FDCAN_TIMEOUT_VALUE)
 626:Drivers/STM32G4xx_HAL_Driver/Src/stm32g4xx_hal_fdcan.c ****     {
 627:Drivers/STM32G4xx_HAL_Driver/Src/stm32g4xx_hal_fdcan.c ****       /* Update error code */
 628:Drivers/STM32G4xx_HAL_Driver/Src/stm32g4xx_hal_fdcan.c ****       hfdcan->ErrorCode |= HAL_FDCAN_ERROR_TIMEOUT;
 629:Drivers/STM32G4xx_HAL_Driver/Src/stm32g4xx_hal_fdcan.c **** 
 630:Drivers/STM32G4xx_HAL_Driver/Src/stm32g4xx_hal_fdcan.c ****       /* Change FDCAN state */
 631:Drivers/STM32G4xx_HAL_Driver/Src/stm32g4xx_hal_fdcan.c ****       hfdcan->State = HAL_FDCAN_STATE_ERROR;
 632:Drivers/STM32G4xx_HAL_Driver/Src/stm32g4xx_hal_fdcan.c **** 
 633:Drivers/STM32G4xx_HAL_Driver/Src/stm32g4xx_hal_fdcan.c ****       return HAL_ERROR;
 634:Drivers/STM32G4xx_HAL_Driver/Src/stm32g4xx_hal_fdcan.c ****     }
 635:Drivers/STM32G4xx_HAL_Driver/Src/stm32g4xx_hal_fdcan.c ****   }
 636:Drivers/STM32G4xx_HAL_Driver/Src/stm32g4xx_hal_fdcan.c **** 
 637:Drivers/STM32G4xx_HAL_Driver/Src/stm32g4xx_hal_fdcan.c ****   /* Return function status */
 638:Drivers/STM32G4xx_HAL_Driver/Src/stm32g4xx_hal_fdcan.c ****   return HAL_OK;
 639:Drivers/STM32G4xx_HAL_Driver/Src/stm32g4xx_hal_fdcan.c **** }
 640:Drivers/STM32G4xx_HAL_Driver/Src/stm32g4xx_hal_fdcan.c **** 
 641:Drivers/STM32G4xx_HAL_Driver/Src/stm32g4xx_hal_fdcan.c **** /**
 642:Drivers/STM32G4xx_HAL_Driver/Src/stm32g4xx_hal_fdcan.c ****   * @brief  Exit power down mode.
 643:Drivers/STM32G4xx_HAL_Driver/Src/stm32g4xx_hal_fdcan.c ****   * @param  hfdcan pointer to an FDCAN_HandleTypeDef structure that contains
 644:Drivers/STM32G4xx_HAL_Driver/Src/stm32g4xx_hal_fdcan.c ****   *         the configuration information for the specified FDCAN.
 645:Drivers/STM32G4xx_HAL_Driver/Src/stm32g4xx_hal_fdcan.c ****   * @retval HAL status
 646:Drivers/STM32G4xx_HAL_Driver/Src/stm32g4xx_hal_fdcan.c ****   */
 647:Drivers/STM32G4xx_HAL_Driver/Src/stm32g4xx_hal_fdcan.c **** HAL_StatusTypeDef HAL_FDCAN_ExitPowerDownMode(FDCAN_HandleTypeDef *hfdcan)
 648:Drivers/STM32G4xx_HAL_Driver/Src/stm32g4xx_hal_fdcan.c **** {
 649:Drivers/STM32G4xx_HAL_Driver/Src/stm32g4xx_hal_fdcan.c ****   uint32_t tickstart;
 650:Drivers/STM32G4xx_HAL_Driver/Src/stm32g4xx_hal_fdcan.c **** 
 651:Drivers/STM32G4xx_HAL_Driver/Src/stm32g4xx_hal_fdcan.c ****   /* Reset clock stop request */
 652:Drivers/STM32G4xx_HAL_Driver/Src/stm32g4xx_hal_fdcan.c ****   CLEAR_BIT(hfdcan->Instance->CCCR, FDCAN_CCCR_CSR);
 653:Drivers/STM32G4xx_HAL_Driver/Src/stm32g4xx_hal_fdcan.c **** 
 654:Drivers/STM32G4xx_HAL_Driver/Src/stm32g4xx_hal_fdcan.c ****   /* Get tick */
 655:Drivers/STM32G4xx_HAL_Driver/Src/stm32g4xx_hal_fdcan.c ****   tickstart = HAL_GetTick();
 656:Drivers/STM32G4xx_HAL_Driver/Src/stm32g4xx_hal_fdcan.c **** 
 657:Drivers/STM32G4xx_HAL_Driver/Src/stm32g4xx_hal_fdcan.c ****   /* Wait until FDCAN exits sleep mode */
ARM GAS  C:\Users\Booster\AppData\Local\Temp\ccYRDURW.s 			page 13


 658:Drivers/STM32G4xx_HAL_Driver/Src/stm32g4xx_hal_fdcan.c ****   while ((hfdcan->Instance->CCCR & FDCAN_CCCR_CSA) == FDCAN_CCCR_CSA)
 659:Drivers/STM32G4xx_HAL_Driver/Src/stm32g4xx_hal_fdcan.c ****   {
 660:Drivers/STM32G4xx_HAL_Driver/Src/stm32g4xx_hal_fdcan.c ****     if ((HAL_GetTick() - tickstart) > FDCAN_TIMEOUT_VALUE)
 661:Drivers/STM32G4xx_HAL_Driver/Src/stm32g4xx_hal_fdcan.c ****     {
 662:Drivers/STM32G4xx_HAL_Driver/Src/stm32g4xx_hal_fdcan.c ****       /* Update error code */
 663:Drivers/STM32G4xx_HAL_Driver/Src/stm32g4xx_hal_fdcan.c ****       hfdcan->ErrorCode |= HAL_FDCAN_ERROR_TIMEOUT;
 664:Drivers/STM32G4xx_HAL_Driver/Src/stm32g4xx_hal_fdcan.c **** 
 665:Drivers/STM32G4xx_HAL_Driver/Src/stm32g4xx_hal_fdcan.c ****       /* Change FDCAN state */
 666:Drivers/STM32G4xx_HAL_Driver/Src/stm32g4xx_hal_fdcan.c ****       hfdcan->State = HAL_FDCAN_STATE_ERROR;
 667:Drivers/STM32G4xx_HAL_Driver/Src/stm32g4xx_hal_fdcan.c **** 
 668:Drivers/STM32G4xx_HAL_Driver/Src/stm32g4xx_hal_fdcan.c ****       return HAL_ERROR;
 669:Drivers/STM32G4xx_HAL_Driver/Src/stm32g4xx_hal_fdcan.c ****     }
 670:Drivers/STM32G4xx_HAL_Driver/Src/stm32g4xx_hal_fdcan.c ****   }
 671:Drivers/STM32G4xx_HAL_Driver/Src/stm32g4xx_hal_fdcan.c **** 
 672:Drivers/STM32G4xx_HAL_Driver/Src/stm32g4xx_hal_fdcan.c ****   /* Enter normal operation */
 673:Drivers/STM32G4xx_HAL_Driver/Src/stm32g4xx_hal_fdcan.c ****   CLEAR_BIT(hfdcan->Instance->CCCR, FDCAN_CCCR_INIT);
 674:Drivers/STM32G4xx_HAL_Driver/Src/stm32g4xx_hal_fdcan.c **** 
 675:Drivers/STM32G4xx_HAL_Driver/Src/stm32g4xx_hal_fdcan.c ****   /* Return function status */
 676:Drivers/STM32G4xx_HAL_Driver/Src/stm32g4xx_hal_fdcan.c ****   return HAL_OK;
 677:Drivers/STM32G4xx_HAL_Driver/Src/stm32g4xx_hal_fdcan.c **** }
 678:Drivers/STM32G4xx_HAL_Driver/Src/stm32g4xx_hal_fdcan.c **** 
 679:Drivers/STM32G4xx_HAL_Driver/Src/stm32g4xx_hal_fdcan.c **** #if USE_HAL_FDCAN_REGISTER_CALLBACKS == 1
 680:Drivers/STM32G4xx_HAL_Driver/Src/stm32g4xx_hal_fdcan.c **** /**
 681:Drivers/STM32G4xx_HAL_Driver/Src/stm32g4xx_hal_fdcan.c ****   * @brief  Register a FDCAN CallBack.
 682:Drivers/STM32G4xx_HAL_Driver/Src/stm32g4xx_hal_fdcan.c ****   *         To be used instead of the weak predefined callback
 683:Drivers/STM32G4xx_HAL_Driver/Src/stm32g4xx_hal_fdcan.c ****   * @param  hfdcan pointer to a FDCAN_HandleTypeDef structure that contains
 684:Drivers/STM32G4xx_HAL_Driver/Src/stm32g4xx_hal_fdcan.c ****   *         the configuration information for FDCAN module
 685:Drivers/STM32G4xx_HAL_Driver/Src/stm32g4xx_hal_fdcan.c ****   * @param  CallbackID ID of the callback to be registered
 686:Drivers/STM32G4xx_HAL_Driver/Src/stm32g4xx_hal_fdcan.c ****   *         This parameter can be one of the following values:
 687:Drivers/STM32G4xx_HAL_Driver/Src/stm32g4xx_hal_fdcan.c ****   *           @arg @ref HAL_FDCAN_TX_FIFO_EMPTY_CB_ID Tx Fifo Empty callback ID
 688:Drivers/STM32G4xx_HAL_Driver/Src/stm32g4xx_hal_fdcan.c ****   *           @arg @ref HAL_FDCAN_HIGH_PRIO_MESSAGE_CB_ID High priority message callback ID
 689:Drivers/STM32G4xx_HAL_Driver/Src/stm32g4xx_hal_fdcan.c ****   *           @arg @ref HAL_FDCAN_TIMESTAMP_WRAPAROUND_CB_ID Timestamp wraparound callback ID
 690:Drivers/STM32G4xx_HAL_Driver/Src/stm32g4xx_hal_fdcan.c ****   *           @arg @ref HAL_FDCAN_TIMEOUT_OCCURRED_CB_ID Timeout occurred callback ID
 691:Drivers/STM32G4xx_HAL_Driver/Src/stm32g4xx_hal_fdcan.c ****   *           @arg @ref HAL_FDCAN_ERROR_CALLBACK_CB_ID Error callback ID
 692:Drivers/STM32G4xx_HAL_Driver/Src/stm32g4xx_hal_fdcan.c ****   *           @arg @ref HAL_FDCAN_MSPINIT_CB_ID MspInit callback ID
 693:Drivers/STM32G4xx_HAL_Driver/Src/stm32g4xx_hal_fdcan.c ****   *           @arg @ref HAL_FDCAN_MSPDEINIT_CB_ID MspDeInit callback ID
 694:Drivers/STM32G4xx_HAL_Driver/Src/stm32g4xx_hal_fdcan.c ****   * @param  pCallback pointer to the Callback function
 695:Drivers/STM32G4xx_HAL_Driver/Src/stm32g4xx_hal_fdcan.c ****   * @retval HAL status
 696:Drivers/STM32G4xx_HAL_Driver/Src/stm32g4xx_hal_fdcan.c ****   */
 697:Drivers/STM32G4xx_HAL_Driver/Src/stm32g4xx_hal_fdcan.c **** HAL_StatusTypeDef HAL_FDCAN_RegisterCallback(FDCAN_HandleTypeDef *hfdcan, HAL_FDCAN_CallbackIDTypeD
 698:Drivers/STM32G4xx_HAL_Driver/Src/stm32g4xx_hal_fdcan.c ****                                              void (* pCallback)(FDCAN_HandleTypeDef *_hFDCAN))
 699:Drivers/STM32G4xx_HAL_Driver/Src/stm32g4xx_hal_fdcan.c **** {
 700:Drivers/STM32G4xx_HAL_Driver/Src/stm32g4xx_hal_fdcan.c ****   HAL_StatusTypeDef status = HAL_OK;
 701:Drivers/STM32G4xx_HAL_Driver/Src/stm32g4xx_hal_fdcan.c **** 
 702:Drivers/STM32G4xx_HAL_Driver/Src/stm32g4xx_hal_fdcan.c ****   if (pCallback == NULL)
 703:Drivers/STM32G4xx_HAL_Driver/Src/stm32g4xx_hal_fdcan.c ****   {
 704:Drivers/STM32G4xx_HAL_Driver/Src/stm32g4xx_hal_fdcan.c ****     /* Update the error code */
 705:Drivers/STM32G4xx_HAL_Driver/Src/stm32g4xx_hal_fdcan.c ****     hfdcan->ErrorCode |= HAL_FDCAN_ERROR_INVALID_CALLBACK;
 706:Drivers/STM32G4xx_HAL_Driver/Src/stm32g4xx_hal_fdcan.c **** 
 707:Drivers/STM32G4xx_HAL_Driver/Src/stm32g4xx_hal_fdcan.c ****     return HAL_ERROR;
 708:Drivers/STM32G4xx_HAL_Driver/Src/stm32g4xx_hal_fdcan.c ****   }
 709:Drivers/STM32G4xx_HAL_Driver/Src/stm32g4xx_hal_fdcan.c **** 
 710:Drivers/STM32G4xx_HAL_Driver/Src/stm32g4xx_hal_fdcan.c ****   if (hfdcan->State == HAL_FDCAN_STATE_READY)
 711:Drivers/STM32G4xx_HAL_Driver/Src/stm32g4xx_hal_fdcan.c ****   {
 712:Drivers/STM32G4xx_HAL_Driver/Src/stm32g4xx_hal_fdcan.c ****     switch (CallbackID)
 713:Drivers/STM32G4xx_HAL_Driver/Src/stm32g4xx_hal_fdcan.c ****     {
 714:Drivers/STM32G4xx_HAL_Driver/Src/stm32g4xx_hal_fdcan.c ****       case HAL_FDCAN_TX_FIFO_EMPTY_CB_ID :
ARM GAS  C:\Users\Booster\AppData\Local\Temp\ccYRDURW.s 			page 14


 715:Drivers/STM32G4xx_HAL_Driver/Src/stm32g4xx_hal_fdcan.c ****         hfdcan->TxFifoEmptyCallback = pCallback;
 716:Drivers/STM32G4xx_HAL_Driver/Src/stm32g4xx_hal_fdcan.c ****         break;
 717:Drivers/STM32G4xx_HAL_Driver/Src/stm32g4xx_hal_fdcan.c **** 
 718:Drivers/STM32G4xx_HAL_Driver/Src/stm32g4xx_hal_fdcan.c ****       case HAL_FDCAN_HIGH_PRIO_MESSAGE_CB_ID :
 719:Drivers/STM32G4xx_HAL_Driver/Src/stm32g4xx_hal_fdcan.c ****         hfdcan->HighPriorityMessageCallback = pCallback;
 720:Drivers/STM32G4xx_HAL_Driver/Src/stm32g4xx_hal_fdcan.c ****         break;
 721:Drivers/STM32G4xx_HAL_Driver/Src/stm32g4xx_hal_fdcan.c **** 
 722:Drivers/STM32G4xx_HAL_Driver/Src/stm32g4xx_hal_fdcan.c ****       case HAL_FDCAN_TIMESTAMP_WRAPAROUND_CB_ID :
 723:Drivers/STM32G4xx_HAL_Driver/Src/stm32g4xx_hal_fdcan.c ****         hfdcan->TimestampWraparoundCallback = pCallback;
 724:Drivers/STM32G4xx_HAL_Driver/Src/stm32g4xx_hal_fdcan.c ****         break;
 725:Drivers/STM32G4xx_HAL_Driver/Src/stm32g4xx_hal_fdcan.c **** 
 726:Drivers/STM32G4xx_HAL_Driver/Src/stm32g4xx_hal_fdcan.c ****       case HAL_FDCAN_TIMEOUT_OCCURRED_CB_ID :
 727:Drivers/STM32G4xx_HAL_Driver/Src/stm32g4xx_hal_fdcan.c ****         hfdcan->TimeoutOccurredCallback = pCallback;
 728:Drivers/STM32G4xx_HAL_Driver/Src/stm32g4xx_hal_fdcan.c ****         break;
 729:Drivers/STM32G4xx_HAL_Driver/Src/stm32g4xx_hal_fdcan.c **** 
 730:Drivers/STM32G4xx_HAL_Driver/Src/stm32g4xx_hal_fdcan.c ****       case HAL_FDCAN_ERROR_CALLBACK_CB_ID :
 731:Drivers/STM32G4xx_HAL_Driver/Src/stm32g4xx_hal_fdcan.c ****         hfdcan->ErrorCallback = pCallback;
 732:Drivers/STM32G4xx_HAL_Driver/Src/stm32g4xx_hal_fdcan.c ****         break;
 733:Drivers/STM32G4xx_HAL_Driver/Src/stm32g4xx_hal_fdcan.c **** 
 734:Drivers/STM32G4xx_HAL_Driver/Src/stm32g4xx_hal_fdcan.c ****       case HAL_FDCAN_MSPINIT_CB_ID :
 735:Drivers/STM32G4xx_HAL_Driver/Src/stm32g4xx_hal_fdcan.c ****         hfdcan->MspInitCallback = pCallback;
 736:Drivers/STM32G4xx_HAL_Driver/Src/stm32g4xx_hal_fdcan.c ****         break;
 737:Drivers/STM32G4xx_HAL_Driver/Src/stm32g4xx_hal_fdcan.c **** 
 738:Drivers/STM32G4xx_HAL_Driver/Src/stm32g4xx_hal_fdcan.c ****       case HAL_FDCAN_MSPDEINIT_CB_ID :
 739:Drivers/STM32G4xx_HAL_Driver/Src/stm32g4xx_hal_fdcan.c ****         hfdcan->MspDeInitCallback = pCallback;
 740:Drivers/STM32G4xx_HAL_Driver/Src/stm32g4xx_hal_fdcan.c ****         break;
 741:Drivers/STM32G4xx_HAL_Driver/Src/stm32g4xx_hal_fdcan.c **** 
 742:Drivers/STM32G4xx_HAL_Driver/Src/stm32g4xx_hal_fdcan.c ****       default :
 743:Drivers/STM32G4xx_HAL_Driver/Src/stm32g4xx_hal_fdcan.c ****         /* Update the error code */
 744:Drivers/STM32G4xx_HAL_Driver/Src/stm32g4xx_hal_fdcan.c ****         hfdcan->ErrorCode |= HAL_FDCAN_ERROR_INVALID_CALLBACK;
 745:Drivers/STM32G4xx_HAL_Driver/Src/stm32g4xx_hal_fdcan.c **** 
 746:Drivers/STM32G4xx_HAL_Driver/Src/stm32g4xx_hal_fdcan.c ****         /* Return error status */
 747:Drivers/STM32G4xx_HAL_Driver/Src/stm32g4xx_hal_fdcan.c ****         status =  HAL_ERROR;
 748:Drivers/STM32G4xx_HAL_Driver/Src/stm32g4xx_hal_fdcan.c ****         break;
 749:Drivers/STM32G4xx_HAL_Driver/Src/stm32g4xx_hal_fdcan.c ****     }
 750:Drivers/STM32G4xx_HAL_Driver/Src/stm32g4xx_hal_fdcan.c ****   }
 751:Drivers/STM32G4xx_HAL_Driver/Src/stm32g4xx_hal_fdcan.c ****   else if (hfdcan->State == HAL_FDCAN_STATE_RESET)
 752:Drivers/STM32G4xx_HAL_Driver/Src/stm32g4xx_hal_fdcan.c ****   {
 753:Drivers/STM32G4xx_HAL_Driver/Src/stm32g4xx_hal_fdcan.c ****     switch (CallbackID)
 754:Drivers/STM32G4xx_HAL_Driver/Src/stm32g4xx_hal_fdcan.c ****     {
 755:Drivers/STM32G4xx_HAL_Driver/Src/stm32g4xx_hal_fdcan.c ****       case HAL_FDCAN_MSPINIT_CB_ID :
 756:Drivers/STM32G4xx_HAL_Driver/Src/stm32g4xx_hal_fdcan.c ****         hfdcan->MspInitCallback = pCallback;
 757:Drivers/STM32G4xx_HAL_Driver/Src/stm32g4xx_hal_fdcan.c ****         break;
 758:Drivers/STM32G4xx_HAL_Driver/Src/stm32g4xx_hal_fdcan.c **** 
 759:Drivers/STM32G4xx_HAL_Driver/Src/stm32g4xx_hal_fdcan.c ****       case HAL_FDCAN_MSPDEINIT_CB_ID :
 760:Drivers/STM32G4xx_HAL_Driver/Src/stm32g4xx_hal_fdcan.c ****         hfdcan->MspDeInitCallback = pCallback;
 761:Drivers/STM32G4xx_HAL_Driver/Src/stm32g4xx_hal_fdcan.c ****         break;
 762:Drivers/STM32G4xx_HAL_Driver/Src/stm32g4xx_hal_fdcan.c **** 
 763:Drivers/STM32G4xx_HAL_Driver/Src/stm32g4xx_hal_fdcan.c ****       default :
 764:Drivers/STM32G4xx_HAL_Driver/Src/stm32g4xx_hal_fdcan.c ****         /* Update the error code */
 765:Drivers/STM32G4xx_HAL_Driver/Src/stm32g4xx_hal_fdcan.c ****         hfdcan->ErrorCode |= HAL_FDCAN_ERROR_INVALID_CALLBACK;
 766:Drivers/STM32G4xx_HAL_Driver/Src/stm32g4xx_hal_fdcan.c **** 
 767:Drivers/STM32G4xx_HAL_Driver/Src/stm32g4xx_hal_fdcan.c ****         /* Return error status */
 768:Drivers/STM32G4xx_HAL_Driver/Src/stm32g4xx_hal_fdcan.c ****         status =  HAL_ERROR;
 769:Drivers/STM32G4xx_HAL_Driver/Src/stm32g4xx_hal_fdcan.c ****         break;
 770:Drivers/STM32G4xx_HAL_Driver/Src/stm32g4xx_hal_fdcan.c ****     }
 771:Drivers/STM32G4xx_HAL_Driver/Src/stm32g4xx_hal_fdcan.c ****   }
ARM GAS  C:\Users\Booster\AppData\Local\Temp\ccYRDURW.s 			page 15


 772:Drivers/STM32G4xx_HAL_Driver/Src/stm32g4xx_hal_fdcan.c ****   else
 773:Drivers/STM32G4xx_HAL_Driver/Src/stm32g4xx_hal_fdcan.c ****   {
 774:Drivers/STM32G4xx_HAL_Driver/Src/stm32g4xx_hal_fdcan.c ****     /* Update the error code */
 775:Drivers/STM32G4xx_HAL_Driver/Src/stm32g4xx_hal_fdcan.c ****     hfdcan->ErrorCode |= HAL_FDCAN_ERROR_INVALID_CALLBACK;
 776:Drivers/STM32G4xx_HAL_Driver/Src/stm32g4xx_hal_fdcan.c **** 
 777:Drivers/STM32G4xx_HAL_Driver/Src/stm32g4xx_hal_fdcan.c ****     /* Return error status */
 778:Drivers/STM32G4xx_HAL_Driver/Src/stm32g4xx_hal_fdcan.c ****     status =  HAL_ERROR;
 779:Drivers/STM32G4xx_HAL_Driver/Src/stm32g4xx_hal_fdcan.c ****   }
 780:Drivers/STM32G4xx_HAL_Driver/Src/stm32g4xx_hal_fdcan.c **** 
 781:Drivers/STM32G4xx_HAL_Driver/Src/stm32g4xx_hal_fdcan.c ****   return status;
 782:Drivers/STM32G4xx_HAL_Driver/Src/stm32g4xx_hal_fdcan.c **** }
 783:Drivers/STM32G4xx_HAL_Driver/Src/stm32g4xx_hal_fdcan.c **** 
 784:Drivers/STM32G4xx_HAL_Driver/Src/stm32g4xx_hal_fdcan.c **** /**
 785:Drivers/STM32G4xx_HAL_Driver/Src/stm32g4xx_hal_fdcan.c ****   * @brief  Unregister a FDCAN CallBack.
 786:Drivers/STM32G4xx_HAL_Driver/Src/stm32g4xx_hal_fdcan.c ****   *         FDCAN callback is redirected to the weak predefined callback
 787:Drivers/STM32G4xx_HAL_Driver/Src/stm32g4xx_hal_fdcan.c ****   * @param  hfdcan pointer to a FDCAN_HandleTypeDef structure that contains
 788:Drivers/STM32G4xx_HAL_Driver/Src/stm32g4xx_hal_fdcan.c ****   *         the configuration information for FDCAN module
 789:Drivers/STM32G4xx_HAL_Driver/Src/stm32g4xx_hal_fdcan.c ****   * @param  CallbackID ID of the callback to be unregistered
 790:Drivers/STM32G4xx_HAL_Driver/Src/stm32g4xx_hal_fdcan.c ****   *         This parameter can be one of the following values:
 791:Drivers/STM32G4xx_HAL_Driver/Src/stm32g4xx_hal_fdcan.c ****   *           @arg @ref HAL_FDCAN_TX_FIFO_EMPTY_CB_ID Tx Fifo Empty callback ID
 792:Drivers/STM32G4xx_HAL_Driver/Src/stm32g4xx_hal_fdcan.c ****   *           @arg @ref HAL_FDCAN_HIGH_PRIO_MESSAGE_CB_ID High priority message callback ID
 793:Drivers/STM32G4xx_HAL_Driver/Src/stm32g4xx_hal_fdcan.c ****   *           @arg @ref HAL_FDCAN_TIMESTAMP_WRAPAROUND_CB_ID Timestamp wraparound callback ID
 794:Drivers/STM32G4xx_HAL_Driver/Src/stm32g4xx_hal_fdcan.c ****   *           @arg @ref HAL_FDCAN_TIMEOUT_OCCURRED_CB_ID Timeout occurred callback ID
 795:Drivers/STM32G4xx_HAL_Driver/Src/stm32g4xx_hal_fdcan.c ****   *           @arg @ref HAL_FDCAN_ERROR_CALLBACK_CB_ID Error callback ID
 796:Drivers/STM32G4xx_HAL_Driver/Src/stm32g4xx_hal_fdcan.c ****   *           @arg @ref HAL_FDCAN_MSPINIT_CB_ID MspInit callback ID
 797:Drivers/STM32G4xx_HAL_Driver/Src/stm32g4xx_hal_fdcan.c ****   *           @arg @ref HAL_FDCAN_MSPDEINIT_CB_ID MspDeInit callback ID
 798:Drivers/STM32G4xx_HAL_Driver/Src/stm32g4xx_hal_fdcan.c ****   * @retval HAL status
 799:Drivers/STM32G4xx_HAL_Driver/Src/stm32g4xx_hal_fdcan.c ****   */
 800:Drivers/STM32G4xx_HAL_Driver/Src/stm32g4xx_hal_fdcan.c **** HAL_StatusTypeDef HAL_FDCAN_UnRegisterCallback(FDCAN_HandleTypeDef *hfdcan, HAL_FDCAN_CallbackIDTyp
 801:Drivers/STM32G4xx_HAL_Driver/Src/stm32g4xx_hal_fdcan.c **** {
 802:Drivers/STM32G4xx_HAL_Driver/Src/stm32g4xx_hal_fdcan.c ****   HAL_StatusTypeDef status = HAL_OK;
 803:Drivers/STM32G4xx_HAL_Driver/Src/stm32g4xx_hal_fdcan.c **** 
 804:Drivers/STM32G4xx_HAL_Driver/Src/stm32g4xx_hal_fdcan.c ****   if (hfdcan->State == HAL_FDCAN_STATE_READY)
 805:Drivers/STM32G4xx_HAL_Driver/Src/stm32g4xx_hal_fdcan.c ****   {
 806:Drivers/STM32G4xx_HAL_Driver/Src/stm32g4xx_hal_fdcan.c ****     switch (CallbackID)
 807:Drivers/STM32G4xx_HAL_Driver/Src/stm32g4xx_hal_fdcan.c ****     {
 808:Drivers/STM32G4xx_HAL_Driver/Src/stm32g4xx_hal_fdcan.c ****       case HAL_FDCAN_TX_FIFO_EMPTY_CB_ID :
 809:Drivers/STM32G4xx_HAL_Driver/Src/stm32g4xx_hal_fdcan.c ****         hfdcan->TxFifoEmptyCallback = HAL_FDCAN_TxFifoEmptyCallback;
 810:Drivers/STM32G4xx_HAL_Driver/Src/stm32g4xx_hal_fdcan.c ****         break;
 811:Drivers/STM32G4xx_HAL_Driver/Src/stm32g4xx_hal_fdcan.c **** 
 812:Drivers/STM32G4xx_HAL_Driver/Src/stm32g4xx_hal_fdcan.c ****       case HAL_FDCAN_HIGH_PRIO_MESSAGE_CB_ID :
 813:Drivers/STM32G4xx_HAL_Driver/Src/stm32g4xx_hal_fdcan.c ****         hfdcan->HighPriorityMessageCallback = HAL_FDCAN_HighPriorityMessageCallback;
 814:Drivers/STM32G4xx_HAL_Driver/Src/stm32g4xx_hal_fdcan.c ****         break;
 815:Drivers/STM32G4xx_HAL_Driver/Src/stm32g4xx_hal_fdcan.c **** 
 816:Drivers/STM32G4xx_HAL_Driver/Src/stm32g4xx_hal_fdcan.c ****       case HAL_FDCAN_TIMESTAMP_WRAPAROUND_CB_ID :
 817:Drivers/STM32G4xx_HAL_Driver/Src/stm32g4xx_hal_fdcan.c ****         hfdcan->TimestampWraparoundCallback = HAL_FDCAN_TimestampWraparoundCallback;
 818:Drivers/STM32G4xx_HAL_Driver/Src/stm32g4xx_hal_fdcan.c ****         break;
 819:Drivers/STM32G4xx_HAL_Driver/Src/stm32g4xx_hal_fdcan.c **** 
 820:Drivers/STM32G4xx_HAL_Driver/Src/stm32g4xx_hal_fdcan.c ****       case HAL_FDCAN_TIMEOUT_OCCURRED_CB_ID :
 821:Drivers/STM32G4xx_HAL_Driver/Src/stm32g4xx_hal_fdcan.c ****         hfdcan->TimeoutOccurredCallback = HAL_FDCAN_TimeoutOccurredCallback;
 822:Drivers/STM32G4xx_HAL_Driver/Src/stm32g4xx_hal_fdcan.c ****         break;
 823:Drivers/STM32G4xx_HAL_Driver/Src/stm32g4xx_hal_fdcan.c **** 
 824:Drivers/STM32G4xx_HAL_Driver/Src/stm32g4xx_hal_fdcan.c ****       case HAL_FDCAN_ERROR_CALLBACK_CB_ID :
 825:Drivers/STM32G4xx_HAL_Driver/Src/stm32g4xx_hal_fdcan.c ****         hfdcan->ErrorCallback = HAL_FDCAN_ErrorCallback;
 826:Drivers/STM32G4xx_HAL_Driver/Src/stm32g4xx_hal_fdcan.c ****         break;
 827:Drivers/STM32G4xx_HAL_Driver/Src/stm32g4xx_hal_fdcan.c **** 
 828:Drivers/STM32G4xx_HAL_Driver/Src/stm32g4xx_hal_fdcan.c ****       case HAL_FDCAN_MSPINIT_CB_ID :
ARM GAS  C:\Users\Booster\AppData\Local\Temp\ccYRDURW.s 			page 16


 829:Drivers/STM32G4xx_HAL_Driver/Src/stm32g4xx_hal_fdcan.c ****         hfdcan->MspInitCallback = HAL_FDCAN_MspInit;
 830:Drivers/STM32G4xx_HAL_Driver/Src/stm32g4xx_hal_fdcan.c ****         break;
 831:Drivers/STM32G4xx_HAL_Driver/Src/stm32g4xx_hal_fdcan.c **** 
 832:Drivers/STM32G4xx_HAL_Driver/Src/stm32g4xx_hal_fdcan.c ****       case HAL_FDCAN_MSPDEINIT_CB_ID :
 833:Drivers/STM32G4xx_HAL_Driver/Src/stm32g4xx_hal_fdcan.c ****         hfdcan->MspDeInitCallback = HAL_FDCAN_MspDeInit;
 834:Drivers/STM32G4xx_HAL_Driver/Src/stm32g4xx_hal_fdcan.c ****         break;
 835:Drivers/STM32G4xx_HAL_Driver/Src/stm32g4xx_hal_fdcan.c **** 
 836:Drivers/STM32G4xx_HAL_Driver/Src/stm32g4xx_hal_fdcan.c ****       default :
 837:Drivers/STM32G4xx_HAL_Driver/Src/stm32g4xx_hal_fdcan.c ****         /* Update the error code */
 838:Drivers/STM32G4xx_HAL_Driver/Src/stm32g4xx_hal_fdcan.c ****         hfdcan->ErrorCode |= HAL_FDCAN_ERROR_INVALID_CALLBACK;
 839:Drivers/STM32G4xx_HAL_Driver/Src/stm32g4xx_hal_fdcan.c **** 
 840:Drivers/STM32G4xx_HAL_Driver/Src/stm32g4xx_hal_fdcan.c ****         /* Return error status */
 841:Drivers/STM32G4xx_HAL_Driver/Src/stm32g4xx_hal_fdcan.c ****         status =  HAL_ERROR;
 842:Drivers/STM32G4xx_HAL_Driver/Src/stm32g4xx_hal_fdcan.c ****         break;
 843:Drivers/STM32G4xx_HAL_Driver/Src/stm32g4xx_hal_fdcan.c ****     }
 844:Drivers/STM32G4xx_HAL_Driver/Src/stm32g4xx_hal_fdcan.c ****   }
 845:Drivers/STM32G4xx_HAL_Driver/Src/stm32g4xx_hal_fdcan.c ****   else if (hfdcan->State == HAL_FDCAN_STATE_RESET)
 846:Drivers/STM32G4xx_HAL_Driver/Src/stm32g4xx_hal_fdcan.c ****   {
 847:Drivers/STM32G4xx_HAL_Driver/Src/stm32g4xx_hal_fdcan.c ****     switch (CallbackID)
 848:Drivers/STM32G4xx_HAL_Driver/Src/stm32g4xx_hal_fdcan.c ****     {
 849:Drivers/STM32G4xx_HAL_Driver/Src/stm32g4xx_hal_fdcan.c ****       case HAL_FDCAN_MSPINIT_CB_ID :
 850:Drivers/STM32G4xx_HAL_Driver/Src/stm32g4xx_hal_fdcan.c ****         hfdcan->MspInitCallback = HAL_FDCAN_MspInit;
 851:Drivers/STM32G4xx_HAL_Driver/Src/stm32g4xx_hal_fdcan.c ****         break;
 852:Drivers/STM32G4xx_HAL_Driver/Src/stm32g4xx_hal_fdcan.c **** 
 853:Drivers/STM32G4xx_HAL_Driver/Src/stm32g4xx_hal_fdcan.c ****       case HAL_FDCAN_MSPDEINIT_CB_ID :
 854:Drivers/STM32G4xx_HAL_Driver/Src/stm32g4xx_hal_fdcan.c ****         hfdcan->MspDeInitCallback = HAL_FDCAN_MspDeInit;
 855:Drivers/STM32G4xx_HAL_Driver/Src/stm32g4xx_hal_fdcan.c ****         break;
 856:Drivers/STM32G4xx_HAL_Driver/Src/stm32g4xx_hal_fdcan.c **** 
 857:Drivers/STM32G4xx_HAL_Driver/Src/stm32g4xx_hal_fdcan.c ****       default :
 858:Drivers/STM32G4xx_HAL_Driver/Src/stm32g4xx_hal_fdcan.c ****         /* Update the error code */
 859:Drivers/STM32G4xx_HAL_Driver/Src/stm32g4xx_hal_fdcan.c ****         hfdcan->ErrorCode |= HAL_FDCAN_ERROR_INVALID_CALLBACK;
 860:Drivers/STM32G4xx_HAL_Driver/Src/stm32g4xx_hal_fdcan.c **** 
 861:Drivers/STM32G4xx_HAL_Driver/Src/stm32g4xx_hal_fdcan.c ****         /* Return error status */
 862:Drivers/STM32G4xx_HAL_Driver/Src/stm32g4xx_hal_fdcan.c ****         status =  HAL_ERROR;
 863:Drivers/STM32G4xx_HAL_Driver/Src/stm32g4xx_hal_fdcan.c ****         break;
 864:Drivers/STM32G4xx_HAL_Driver/Src/stm32g4xx_hal_fdcan.c ****     }
 865:Drivers/STM32G4xx_HAL_Driver/Src/stm32g4xx_hal_fdcan.c ****   }
 866:Drivers/STM32G4xx_HAL_Driver/Src/stm32g4xx_hal_fdcan.c ****   else
 867:Drivers/STM32G4xx_HAL_Driver/Src/stm32g4xx_hal_fdcan.c ****   {
 868:Drivers/STM32G4xx_HAL_Driver/Src/stm32g4xx_hal_fdcan.c ****     /* Update the error code */
 869:Drivers/STM32G4xx_HAL_Driver/Src/stm32g4xx_hal_fdcan.c ****     hfdcan->ErrorCode |= HAL_FDCAN_ERROR_INVALID_CALLBACK;
 870:Drivers/STM32G4xx_HAL_Driver/Src/stm32g4xx_hal_fdcan.c **** 
 871:Drivers/STM32G4xx_HAL_Driver/Src/stm32g4xx_hal_fdcan.c ****     /* Return error status */
 872:Drivers/STM32G4xx_HAL_Driver/Src/stm32g4xx_hal_fdcan.c ****     status =  HAL_ERROR;
 873:Drivers/STM32G4xx_HAL_Driver/Src/stm32g4xx_hal_fdcan.c ****   }
 874:Drivers/STM32G4xx_HAL_Driver/Src/stm32g4xx_hal_fdcan.c **** 
 875:Drivers/STM32G4xx_HAL_Driver/Src/stm32g4xx_hal_fdcan.c ****   return status;
 876:Drivers/STM32G4xx_HAL_Driver/Src/stm32g4xx_hal_fdcan.c **** }
 877:Drivers/STM32G4xx_HAL_Driver/Src/stm32g4xx_hal_fdcan.c **** 
 878:Drivers/STM32G4xx_HAL_Driver/Src/stm32g4xx_hal_fdcan.c **** /**
 879:Drivers/STM32G4xx_HAL_Driver/Src/stm32g4xx_hal_fdcan.c ****   * @brief  Register Tx Event Fifo FDCAN Callback
 880:Drivers/STM32G4xx_HAL_Driver/Src/stm32g4xx_hal_fdcan.c ****   *         To be used instead of the weak HAL_FDCAN_TxEventFifoCallback() predefined callback
 881:Drivers/STM32G4xx_HAL_Driver/Src/stm32g4xx_hal_fdcan.c ****   * @param  hfdcan FDCAN handle
 882:Drivers/STM32G4xx_HAL_Driver/Src/stm32g4xx_hal_fdcan.c ****   * @param  pCallback pointer to the Tx Event Fifo Callback function
 883:Drivers/STM32G4xx_HAL_Driver/Src/stm32g4xx_hal_fdcan.c ****   * @retval HAL status
 884:Drivers/STM32G4xx_HAL_Driver/Src/stm32g4xx_hal_fdcan.c ****   */
 885:Drivers/STM32G4xx_HAL_Driver/Src/stm32g4xx_hal_fdcan.c **** HAL_StatusTypeDef HAL_FDCAN_RegisterTxEventFifoCallback(FDCAN_HandleTypeDef *hfdcan,
ARM GAS  C:\Users\Booster\AppData\Local\Temp\ccYRDURW.s 			page 17


 886:Drivers/STM32G4xx_HAL_Driver/Src/stm32g4xx_hal_fdcan.c ****                                                         pFDCAN_TxEventFifoCallbackTypeDef pCallback
 887:Drivers/STM32G4xx_HAL_Driver/Src/stm32g4xx_hal_fdcan.c **** {
 888:Drivers/STM32G4xx_HAL_Driver/Src/stm32g4xx_hal_fdcan.c ****   HAL_StatusTypeDef status = HAL_OK;
 889:Drivers/STM32G4xx_HAL_Driver/Src/stm32g4xx_hal_fdcan.c **** 
 890:Drivers/STM32G4xx_HAL_Driver/Src/stm32g4xx_hal_fdcan.c ****   if (pCallback == NULL)
 891:Drivers/STM32G4xx_HAL_Driver/Src/stm32g4xx_hal_fdcan.c ****   {
 892:Drivers/STM32G4xx_HAL_Driver/Src/stm32g4xx_hal_fdcan.c ****     /* Update the error code */
 893:Drivers/STM32G4xx_HAL_Driver/Src/stm32g4xx_hal_fdcan.c ****     hfdcan->ErrorCode |= HAL_FDCAN_ERROR_INVALID_CALLBACK;
 894:Drivers/STM32G4xx_HAL_Driver/Src/stm32g4xx_hal_fdcan.c ****     return HAL_ERROR;
 895:Drivers/STM32G4xx_HAL_Driver/Src/stm32g4xx_hal_fdcan.c ****   }
 896:Drivers/STM32G4xx_HAL_Driver/Src/stm32g4xx_hal_fdcan.c **** 
 897:Drivers/STM32G4xx_HAL_Driver/Src/stm32g4xx_hal_fdcan.c ****   if (hfdcan->State == HAL_FDCAN_STATE_READY)
 898:Drivers/STM32G4xx_HAL_Driver/Src/stm32g4xx_hal_fdcan.c ****   {
 899:Drivers/STM32G4xx_HAL_Driver/Src/stm32g4xx_hal_fdcan.c ****     hfdcan->TxEventFifoCallback = pCallback;
 900:Drivers/STM32G4xx_HAL_Driver/Src/stm32g4xx_hal_fdcan.c ****   }
 901:Drivers/STM32G4xx_HAL_Driver/Src/stm32g4xx_hal_fdcan.c ****   else
 902:Drivers/STM32G4xx_HAL_Driver/Src/stm32g4xx_hal_fdcan.c ****   {
 903:Drivers/STM32G4xx_HAL_Driver/Src/stm32g4xx_hal_fdcan.c ****     /* Update the error code */
 904:Drivers/STM32G4xx_HAL_Driver/Src/stm32g4xx_hal_fdcan.c ****     hfdcan->ErrorCode |= HAL_FDCAN_ERROR_INVALID_CALLBACK;
 905:Drivers/STM32G4xx_HAL_Driver/Src/stm32g4xx_hal_fdcan.c **** 
 906:Drivers/STM32G4xx_HAL_Driver/Src/stm32g4xx_hal_fdcan.c ****     /* Return error status */
 907:Drivers/STM32G4xx_HAL_Driver/Src/stm32g4xx_hal_fdcan.c ****     status =  HAL_ERROR;
 908:Drivers/STM32G4xx_HAL_Driver/Src/stm32g4xx_hal_fdcan.c ****   }
 909:Drivers/STM32G4xx_HAL_Driver/Src/stm32g4xx_hal_fdcan.c **** 
 910:Drivers/STM32G4xx_HAL_Driver/Src/stm32g4xx_hal_fdcan.c ****   return status;
 911:Drivers/STM32G4xx_HAL_Driver/Src/stm32g4xx_hal_fdcan.c **** }
 912:Drivers/STM32G4xx_HAL_Driver/Src/stm32g4xx_hal_fdcan.c **** 
 913:Drivers/STM32G4xx_HAL_Driver/Src/stm32g4xx_hal_fdcan.c **** /**
 914:Drivers/STM32G4xx_HAL_Driver/Src/stm32g4xx_hal_fdcan.c ****   * @brief  UnRegister the Tx Event Fifo FDCAN Callback
 915:Drivers/STM32G4xx_HAL_Driver/Src/stm32g4xx_hal_fdcan.c ****   *         Tx Event Fifo FDCAN Callback is redirected to the weak HAL_FDCAN_TxEventFifoCallback() 
 916:Drivers/STM32G4xx_HAL_Driver/Src/stm32g4xx_hal_fdcan.c ****   * @param  hfdcan FDCAN handle
 917:Drivers/STM32G4xx_HAL_Driver/Src/stm32g4xx_hal_fdcan.c ****   * @retval HAL status
 918:Drivers/STM32G4xx_HAL_Driver/Src/stm32g4xx_hal_fdcan.c ****   */
 919:Drivers/STM32G4xx_HAL_Driver/Src/stm32g4xx_hal_fdcan.c **** HAL_StatusTypeDef HAL_FDCAN_UnRegisterTxEventFifoCallback(FDCAN_HandleTypeDef *hfdcan)
 920:Drivers/STM32G4xx_HAL_Driver/Src/stm32g4xx_hal_fdcan.c **** {
 921:Drivers/STM32G4xx_HAL_Driver/Src/stm32g4xx_hal_fdcan.c ****   HAL_StatusTypeDef status = HAL_OK;
 922:Drivers/STM32G4xx_HAL_Driver/Src/stm32g4xx_hal_fdcan.c **** 
 923:Drivers/STM32G4xx_HAL_Driver/Src/stm32g4xx_hal_fdcan.c ****   if (hfdcan->State == HAL_FDCAN_STATE_READY)
 924:Drivers/STM32G4xx_HAL_Driver/Src/stm32g4xx_hal_fdcan.c ****   {
 925:Drivers/STM32G4xx_HAL_Driver/Src/stm32g4xx_hal_fdcan.c ****     hfdcan->TxEventFifoCallback = HAL_FDCAN_TxEventFifoCallback; /* Legacy weak TxEventFifoCallback
 926:Drivers/STM32G4xx_HAL_Driver/Src/stm32g4xx_hal_fdcan.c ****   }
 927:Drivers/STM32G4xx_HAL_Driver/Src/stm32g4xx_hal_fdcan.c ****   else
 928:Drivers/STM32G4xx_HAL_Driver/Src/stm32g4xx_hal_fdcan.c ****   {
 929:Drivers/STM32G4xx_HAL_Driver/Src/stm32g4xx_hal_fdcan.c ****     /* Update the error code */
 930:Drivers/STM32G4xx_HAL_Driver/Src/stm32g4xx_hal_fdcan.c ****     hfdcan->ErrorCode |= HAL_FDCAN_ERROR_INVALID_CALLBACK;
 931:Drivers/STM32G4xx_HAL_Driver/Src/stm32g4xx_hal_fdcan.c **** 
 932:Drivers/STM32G4xx_HAL_Driver/Src/stm32g4xx_hal_fdcan.c ****     /* Return error status */
 933:Drivers/STM32G4xx_HAL_Driver/Src/stm32g4xx_hal_fdcan.c ****     status =  HAL_ERROR;
 934:Drivers/STM32G4xx_HAL_Driver/Src/stm32g4xx_hal_fdcan.c ****   }
 935:Drivers/STM32G4xx_HAL_Driver/Src/stm32g4xx_hal_fdcan.c **** 
 936:Drivers/STM32G4xx_HAL_Driver/Src/stm32g4xx_hal_fdcan.c ****   return status;
 937:Drivers/STM32G4xx_HAL_Driver/Src/stm32g4xx_hal_fdcan.c **** }
 938:Drivers/STM32G4xx_HAL_Driver/Src/stm32g4xx_hal_fdcan.c **** 
 939:Drivers/STM32G4xx_HAL_Driver/Src/stm32g4xx_hal_fdcan.c **** /**
 940:Drivers/STM32G4xx_HAL_Driver/Src/stm32g4xx_hal_fdcan.c ****   * @brief  Register Rx Fifo 0 FDCAN Callback
 941:Drivers/STM32G4xx_HAL_Driver/Src/stm32g4xx_hal_fdcan.c ****   *         To be used instead of the weak HAL_FDCAN_RxFifo0Callback() predefined callback
 942:Drivers/STM32G4xx_HAL_Driver/Src/stm32g4xx_hal_fdcan.c ****   * @param  hfdcan FDCAN handle
ARM GAS  C:\Users\Booster\AppData\Local\Temp\ccYRDURW.s 			page 18


 943:Drivers/STM32G4xx_HAL_Driver/Src/stm32g4xx_hal_fdcan.c ****   * @param  pCallback pointer to the Rx Fifo 0 Callback function
 944:Drivers/STM32G4xx_HAL_Driver/Src/stm32g4xx_hal_fdcan.c ****   * @retval HAL status
 945:Drivers/STM32G4xx_HAL_Driver/Src/stm32g4xx_hal_fdcan.c ****   */
 946:Drivers/STM32G4xx_HAL_Driver/Src/stm32g4xx_hal_fdcan.c **** HAL_StatusTypeDef HAL_FDCAN_RegisterRxFifo0Callback(FDCAN_HandleTypeDef *hfdcan,
 947:Drivers/STM32G4xx_HAL_Driver/Src/stm32g4xx_hal_fdcan.c ****                                                     pFDCAN_RxFifo0CallbackTypeDef pCallback)
 948:Drivers/STM32G4xx_HAL_Driver/Src/stm32g4xx_hal_fdcan.c **** {
 949:Drivers/STM32G4xx_HAL_Driver/Src/stm32g4xx_hal_fdcan.c ****   HAL_StatusTypeDef status = HAL_OK;
 950:Drivers/STM32G4xx_HAL_Driver/Src/stm32g4xx_hal_fdcan.c **** 
 951:Drivers/STM32G4xx_HAL_Driver/Src/stm32g4xx_hal_fdcan.c ****   if (pCallback == NULL)
 952:Drivers/STM32G4xx_HAL_Driver/Src/stm32g4xx_hal_fdcan.c ****   {
 953:Drivers/STM32G4xx_HAL_Driver/Src/stm32g4xx_hal_fdcan.c ****     /* Update the error code */
 954:Drivers/STM32G4xx_HAL_Driver/Src/stm32g4xx_hal_fdcan.c ****     hfdcan->ErrorCode |= HAL_FDCAN_ERROR_INVALID_CALLBACK;
 955:Drivers/STM32G4xx_HAL_Driver/Src/stm32g4xx_hal_fdcan.c ****     return HAL_ERROR;
 956:Drivers/STM32G4xx_HAL_Driver/Src/stm32g4xx_hal_fdcan.c ****   }
 957:Drivers/STM32G4xx_HAL_Driver/Src/stm32g4xx_hal_fdcan.c **** 
 958:Drivers/STM32G4xx_HAL_Driver/Src/stm32g4xx_hal_fdcan.c ****   if (hfdcan->State == HAL_FDCAN_STATE_READY)
 959:Drivers/STM32G4xx_HAL_Driver/Src/stm32g4xx_hal_fdcan.c ****   {
 960:Drivers/STM32G4xx_HAL_Driver/Src/stm32g4xx_hal_fdcan.c ****     hfdcan->RxFifo0Callback = pCallback;
 961:Drivers/STM32G4xx_HAL_Driver/Src/stm32g4xx_hal_fdcan.c ****   }
 962:Drivers/STM32G4xx_HAL_Driver/Src/stm32g4xx_hal_fdcan.c ****   else
 963:Drivers/STM32G4xx_HAL_Driver/Src/stm32g4xx_hal_fdcan.c ****   {
 964:Drivers/STM32G4xx_HAL_Driver/Src/stm32g4xx_hal_fdcan.c ****     /* Update the error code */
 965:Drivers/STM32G4xx_HAL_Driver/Src/stm32g4xx_hal_fdcan.c ****     hfdcan->ErrorCode |= HAL_FDCAN_ERROR_INVALID_CALLBACK;
 966:Drivers/STM32G4xx_HAL_Driver/Src/stm32g4xx_hal_fdcan.c **** 
 967:Drivers/STM32G4xx_HAL_Driver/Src/stm32g4xx_hal_fdcan.c ****     /* Return error status */
 968:Drivers/STM32G4xx_HAL_Driver/Src/stm32g4xx_hal_fdcan.c ****     status =  HAL_ERROR;
 969:Drivers/STM32G4xx_HAL_Driver/Src/stm32g4xx_hal_fdcan.c ****   }
 970:Drivers/STM32G4xx_HAL_Driver/Src/stm32g4xx_hal_fdcan.c **** 
 971:Drivers/STM32G4xx_HAL_Driver/Src/stm32g4xx_hal_fdcan.c ****   return status;
 972:Drivers/STM32G4xx_HAL_Driver/Src/stm32g4xx_hal_fdcan.c **** }
 973:Drivers/STM32G4xx_HAL_Driver/Src/stm32g4xx_hal_fdcan.c **** 
 974:Drivers/STM32G4xx_HAL_Driver/Src/stm32g4xx_hal_fdcan.c **** /**
 975:Drivers/STM32G4xx_HAL_Driver/Src/stm32g4xx_hal_fdcan.c ****   * @brief  UnRegister the Rx Fifo 0 FDCAN Callback
 976:Drivers/STM32G4xx_HAL_Driver/Src/stm32g4xx_hal_fdcan.c ****   *         Rx Fifo 0 FDCAN Callback is redirected to the weak HAL_FDCAN_RxFifo0Callback() predefin
 977:Drivers/STM32G4xx_HAL_Driver/Src/stm32g4xx_hal_fdcan.c ****   * @param  hfdcan FDCAN handle
 978:Drivers/STM32G4xx_HAL_Driver/Src/stm32g4xx_hal_fdcan.c ****   * @retval HAL status
 979:Drivers/STM32G4xx_HAL_Driver/Src/stm32g4xx_hal_fdcan.c ****   */
 980:Drivers/STM32G4xx_HAL_Driver/Src/stm32g4xx_hal_fdcan.c **** HAL_StatusTypeDef HAL_FDCAN_UnRegisterRxFifo0Callback(FDCAN_HandleTypeDef *hfdcan)
 981:Drivers/STM32G4xx_HAL_Driver/Src/stm32g4xx_hal_fdcan.c **** {
 982:Drivers/STM32G4xx_HAL_Driver/Src/stm32g4xx_hal_fdcan.c ****   HAL_StatusTypeDef status = HAL_OK;
 983:Drivers/STM32G4xx_HAL_Driver/Src/stm32g4xx_hal_fdcan.c **** 
 984:Drivers/STM32G4xx_HAL_Driver/Src/stm32g4xx_hal_fdcan.c ****   if (hfdcan->State == HAL_FDCAN_STATE_READY)
 985:Drivers/STM32G4xx_HAL_Driver/Src/stm32g4xx_hal_fdcan.c ****   {
 986:Drivers/STM32G4xx_HAL_Driver/Src/stm32g4xx_hal_fdcan.c ****     hfdcan->RxFifo0Callback = HAL_FDCAN_RxFifo0Callback; /* Legacy weak RxFifo0Callback  */
 987:Drivers/STM32G4xx_HAL_Driver/Src/stm32g4xx_hal_fdcan.c ****   }
 988:Drivers/STM32G4xx_HAL_Driver/Src/stm32g4xx_hal_fdcan.c ****   else
 989:Drivers/STM32G4xx_HAL_Driver/Src/stm32g4xx_hal_fdcan.c ****   {
 990:Drivers/STM32G4xx_HAL_Driver/Src/stm32g4xx_hal_fdcan.c ****     /* Update the error code */
 991:Drivers/STM32G4xx_HAL_Driver/Src/stm32g4xx_hal_fdcan.c ****     hfdcan->ErrorCode |= HAL_FDCAN_ERROR_INVALID_CALLBACK;
 992:Drivers/STM32G4xx_HAL_Driver/Src/stm32g4xx_hal_fdcan.c **** 
 993:Drivers/STM32G4xx_HAL_Driver/Src/stm32g4xx_hal_fdcan.c ****     /* Return error status */
 994:Drivers/STM32G4xx_HAL_Driver/Src/stm32g4xx_hal_fdcan.c ****     status =  HAL_ERROR;
 995:Drivers/STM32G4xx_HAL_Driver/Src/stm32g4xx_hal_fdcan.c ****   }
 996:Drivers/STM32G4xx_HAL_Driver/Src/stm32g4xx_hal_fdcan.c **** 
 997:Drivers/STM32G4xx_HAL_Driver/Src/stm32g4xx_hal_fdcan.c ****   return status;
 998:Drivers/STM32G4xx_HAL_Driver/Src/stm32g4xx_hal_fdcan.c **** }
 999:Drivers/STM32G4xx_HAL_Driver/Src/stm32g4xx_hal_fdcan.c **** 
ARM GAS  C:\Users\Booster\AppData\Local\Temp\ccYRDURW.s 			page 19


1000:Drivers/STM32G4xx_HAL_Driver/Src/stm32g4xx_hal_fdcan.c **** /**
1001:Drivers/STM32G4xx_HAL_Driver/Src/stm32g4xx_hal_fdcan.c ****   * @brief  Register Rx Fifo 1 FDCAN Callback
1002:Drivers/STM32G4xx_HAL_Driver/Src/stm32g4xx_hal_fdcan.c ****   *         To be used instead of the weak HAL_FDCAN_RxFifo1Callback() predefined callback
1003:Drivers/STM32G4xx_HAL_Driver/Src/stm32g4xx_hal_fdcan.c ****   * @param  hfdcan FDCAN handle
1004:Drivers/STM32G4xx_HAL_Driver/Src/stm32g4xx_hal_fdcan.c ****   * @param  pCallback pointer to the Rx Fifo 1 Callback function
1005:Drivers/STM32G4xx_HAL_Driver/Src/stm32g4xx_hal_fdcan.c ****   * @retval HAL status
1006:Drivers/STM32G4xx_HAL_Driver/Src/stm32g4xx_hal_fdcan.c ****   */
1007:Drivers/STM32G4xx_HAL_Driver/Src/stm32g4xx_hal_fdcan.c **** HAL_StatusTypeDef HAL_FDCAN_RegisterRxFifo1Callback(FDCAN_HandleTypeDef *hfdcan,
1008:Drivers/STM32G4xx_HAL_Driver/Src/stm32g4xx_hal_fdcan.c ****                                                     pFDCAN_RxFifo1CallbackTypeDef pCallback)
1009:Drivers/STM32G4xx_HAL_Driver/Src/stm32g4xx_hal_fdcan.c **** {
1010:Drivers/STM32G4xx_HAL_Driver/Src/stm32g4xx_hal_fdcan.c ****   HAL_StatusTypeDef status = HAL_OK;
1011:Drivers/STM32G4xx_HAL_Driver/Src/stm32g4xx_hal_fdcan.c **** 
1012:Drivers/STM32G4xx_HAL_Driver/Src/stm32g4xx_hal_fdcan.c ****   if (pCallback == NULL)
1013:Drivers/STM32G4xx_HAL_Driver/Src/stm32g4xx_hal_fdcan.c ****   {
1014:Drivers/STM32G4xx_HAL_Driver/Src/stm32g4xx_hal_fdcan.c ****     /* Update the error code */
1015:Drivers/STM32G4xx_HAL_Driver/Src/stm32g4xx_hal_fdcan.c ****     hfdcan->ErrorCode |= HAL_FDCAN_ERROR_INVALID_CALLBACK;
1016:Drivers/STM32G4xx_HAL_Driver/Src/stm32g4xx_hal_fdcan.c ****     return HAL_ERROR;
1017:Drivers/STM32G4xx_HAL_Driver/Src/stm32g4xx_hal_fdcan.c ****   }
1018:Drivers/STM32G4xx_HAL_Driver/Src/stm32g4xx_hal_fdcan.c **** 
1019:Drivers/STM32G4xx_HAL_Driver/Src/stm32g4xx_hal_fdcan.c ****   if (hfdcan->State == HAL_FDCAN_STATE_READY)
1020:Drivers/STM32G4xx_HAL_Driver/Src/stm32g4xx_hal_fdcan.c ****   {
1021:Drivers/STM32G4xx_HAL_Driver/Src/stm32g4xx_hal_fdcan.c ****     hfdcan->RxFifo1Callback = pCallback;
1022:Drivers/STM32G4xx_HAL_Driver/Src/stm32g4xx_hal_fdcan.c ****   }
1023:Drivers/STM32G4xx_HAL_Driver/Src/stm32g4xx_hal_fdcan.c ****   else
1024:Drivers/STM32G4xx_HAL_Driver/Src/stm32g4xx_hal_fdcan.c ****   {
1025:Drivers/STM32G4xx_HAL_Driver/Src/stm32g4xx_hal_fdcan.c ****     /* Update the error code */
1026:Drivers/STM32G4xx_HAL_Driver/Src/stm32g4xx_hal_fdcan.c ****     hfdcan->ErrorCode |= HAL_FDCAN_ERROR_INVALID_CALLBACK;
1027:Drivers/STM32G4xx_HAL_Driver/Src/stm32g4xx_hal_fdcan.c **** 
1028:Drivers/STM32G4xx_HAL_Driver/Src/stm32g4xx_hal_fdcan.c ****     /* Return error status */
1029:Drivers/STM32G4xx_HAL_Driver/Src/stm32g4xx_hal_fdcan.c ****     status =  HAL_ERROR;
1030:Drivers/STM32G4xx_HAL_Driver/Src/stm32g4xx_hal_fdcan.c ****   }
1031:Drivers/STM32G4xx_HAL_Driver/Src/stm32g4xx_hal_fdcan.c **** 
1032:Drivers/STM32G4xx_HAL_Driver/Src/stm32g4xx_hal_fdcan.c ****   return status;
1033:Drivers/STM32G4xx_HAL_Driver/Src/stm32g4xx_hal_fdcan.c **** }
1034:Drivers/STM32G4xx_HAL_Driver/Src/stm32g4xx_hal_fdcan.c **** 
1035:Drivers/STM32G4xx_HAL_Driver/Src/stm32g4xx_hal_fdcan.c **** /**
1036:Drivers/STM32G4xx_HAL_Driver/Src/stm32g4xx_hal_fdcan.c ****   * @brief  UnRegister the Rx Fifo 1 FDCAN Callback
1037:Drivers/STM32G4xx_HAL_Driver/Src/stm32g4xx_hal_fdcan.c ****   *         Rx Fifo 1 FDCAN Callback is redirected to the weak HAL_FDCAN_RxFifo1Callback() predefin
1038:Drivers/STM32G4xx_HAL_Driver/Src/stm32g4xx_hal_fdcan.c ****   * @param  hfdcan FDCAN handle
1039:Drivers/STM32G4xx_HAL_Driver/Src/stm32g4xx_hal_fdcan.c ****   * @retval HAL status
1040:Drivers/STM32G4xx_HAL_Driver/Src/stm32g4xx_hal_fdcan.c ****   */
1041:Drivers/STM32G4xx_HAL_Driver/Src/stm32g4xx_hal_fdcan.c **** HAL_StatusTypeDef HAL_FDCAN_UnRegisterRxFifo1Callback(FDCAN_HandleTypeDef *hfdcan)
1042:Drivers/STM32G4xx_HAL_Driver/Src/stm32g4xx_hal_fdcan.c **** {
1043:Drivers/STM32G4xx_HAL_Driver/Src/stm32g4xx_hal_fdcan.c ****   HAL_StatusTypeDef status = HAL_OK;
1044:Drivers/STM32G4xx_HAL_Driver/Src/stm32g4xx_hal_fdcan.c **** 
1045:Drivers/STM32G4xx_HAL_Driver/Src/stm32g4xx_hal_fdcan.c ****   if (hfdcan->State == HAL_FDCAN_STATE_READY)
1046:Drivers/STM32G4xx_HAL_Driver/Src/stm32g4xx_hal_fdcan.c ****   {
1047:Drivers/STM32G4xx_HAL_Driver/Src/stm32g4xx_hal_fdcan.c ****     hfdcan->RxFifo1Callback = HAL_FDCAN_RxFifo1Callback; /* Legacy weak RxFifo1Callback  */
1048:Drivers/STM32G4xx_HAL_Driver/Src/stm32g4xx_hal_fdcan.c ****   }
1049:Drivers/STM32G4xx_HAL_Driver/Src/stm32g4xx_hal_fdcan.c ****   else
1050:Drivers/STM32G4xx_HAL_Driver/Src/stm32g4xx_hal_fdcan.c ****   {
1051:Drivers/STM32G4xx_HAL_Driver/Src/stm32g4xx_hal_fdcan.c ****     /* Update the error code */
1052:Drivers/STM32G4xx_HAL_Driver/Src/stm32g4xx_hal_fdcan.c ****     hfdcan->ErrorCode |= HAL_FDCAN_ERROR_INVALID_CALLBACK;
1053:Drivers/STM32G4xx_HAL_Driver/Src/stm32g4xx_hal_fdcan.c **** 
1054:Drivers/STM32G4xx_HAL_Driver/Src/stm32g4xx_hal_fdcan.c ****     /* Return error status */
1055:Drivers/STM32G4xx_HAL_Driver/Src/stm32g4xx_hal_fdcan.c ****     status =  HAL_ERROR;
1056:Drivers/STM32G4xx_HAL_Driver/Src/stm32g4xx_hal_fdcan.c ****   }
ARM GAS  C:\Users\Booster\AppData\Local\Temp\ccYRDURW.s 			page 20


1057:Drivers/STM32G4xx_HAL_Driver/Src/stm32g4xx_hal_fdcan.c **** 
1058:Drivers/STM32G4xx_HAL_Driver/Src/stm32g4xx_hal_fdcan.c ****   return status;
1059:Drivers/STM32G4xx_HAL_Driver/Src/stm32g4xx_hal_fdcan.c **** }
1060:Drivers/STM32G4xx_HAL_Driver/Src/stm32g4xx_hal_fdcan.c **** 
1061:Drivers/STM32G4xx_HAL_Driver/Src/stm32g4xx_hal_fdcan.c **** /**
1062:Drivers/STM32G4xx_HAL_Driver/Src/stm32g4xx_hal_fdcan.c ****   * @brief  Register Tx Buffer Complete FDCAN Callback
1063:Drivers/STM32G4xx_HAL_Driver/Src/stm32g4xx_hal_fdcan.c ****   *         To be used instead of the weak HAL_FDCAN_TxBufferCompleteCallback() predefined callback
1064:Drivers/STM32G4xx_HAL_Driver/Src/stm32g4xx_hal_fdcan.c ****   * @param  hfdcan FDCAN handle
1065:Drivers/STM32G4xx_HAL_Driver/Src/stm32g4xx_hal_fdcan.c ****   * @param  pCallback pointer to the Tx Buffer Complete Callback function
1066:Drivers/STM32G4xx_HAL_Driver/Src/stm32g4xx_hal_fdcan.c ****   * @retval HAL status
1067:Drivers/STM32G4xx_HAL_Driver/Src/stm32g4xx_hal_fdcan.c ****   */
1068:Drivers/STM32G4xx_HAL_Driver/Src/stm32g4xx_hal_fdcan.c **** HAL_StatusTypeDef HAL_FDCAN_RegisterTxBufferCompleteCallback(FDCAN_HandleTypeDef *hfdcan,
1069:Drivers/STM32G4xx_HAL_Driver/Src/stm32g4xx_hal_fdcan.c ****                                                              pFDCAN_TxBufferCompleteCallbackTypeDef
1070:Drivers/STM32G4xx_HAL_Driver/Src/stm32g4xx_hal_fdcan.c **** {
1071:Drivers/STM32G4xx_HAL_Driver/Src/stm32g4xx_hal_fdcan.c ****   HAL_StatusTypeDef status = HAL_OK;
1072:Drivers/STM32G4xx_HAL_Driver/Src/stm32g4xx_hal_fdcan.c **** 
1073:Drivers/STM32G4xx_HAL_Driver/Src/stm32g4xx_hal_fdcan.c ****   if (pCallback == NULL)
1074:Drivers/STM32G4xx_HAL_Driver/Src/stm32g4xx_hal_fdcan.c ****   {
1075:Drivers/STM32G4xx_HAL_Driver/Src/stm32g4xx_hal_fdcan.c ****     /* Update the error code */
1076:Drivers/STM32G4xx_HAL_Driver/Src/stm32g4xx_hal_fdcan.c ****     hfdcan->ErrorCode |= HAL_FDCAN_ERROR_INVALID_CALLBACK;
1077:Drivers/STM32G4xx_HAL_Driver/Src/stm32g4xx_hal_fdcan.c ****     return HAL_ERROR;
1078:Drivers/STM32G4xx_HAL_Driver/Src/stm32g4xx_hal_fdcan.c ****   }
1079:Drivers/STM32G4xx_HAL_Driver/Src/stm32g4xx_hal_fdcan.c **** 
1080:Drivers/STM32G4xx_HAL_Driver/Src/stm32g4xx_hal_fdcan.c ****   if (hfdcan->State == HAL_FDCAN_STATE_READY)
1081:Drivers/STM32G4xx_HAL_Driver/Src/stm32g4xx_hal_fdcan.c ****   {
1082:Drivers/STM32G4xx_HAL_Driver/Src/stm32g4xx_hal_fdcan.c ****     hfdcan->TxBufferCompleteCallback = pCallback;
1083:Drivers/STM32G4xx_HAL_Driver/Src/stm32g4xx_hal_fdcan.c ****   }
1084:Drivers/STM32G4xx_HAL_Driver/Src/stm32g4xx_hal_fdcan.c ****   else
1085:Drivers/STM32G4xx_HAL_Driver/Src/stm32g4xx_hal_fdcan.c ****   {
1086:Drivers/STM32G4xx_HAL_Driver/Src/stm32g4xx_hal_fdcan.c ****     /* Update the error code */
1087:Drivers/STM32G4xx_HAL_Driver/Src/stm32g4xx_hal_fdcan.c ****     hfdcan->ErrorCode |= HAL_FDCAN_ERROR_INVALID_CALLBACK;
1088:Drivers/STM32G4xx_HAL_Driver/Src/stm32g4xx_hal_fdcan.c **** 
1089:Drivers/STM32G4xx_HAL_Driver/Src/stm32g4xx_hal_fdcan.c ****     /* Return error status */
1090:Drivers/STM32G4xx_HAL_Driver/Src/stm32g4xx_hal_fdcan.c ****     status =  HAL_ERROR;
1091:Drivers/STM32G4xx_HAL_Driver/Src/stm32g4xx_hal_fdcan.c ****   }
1092:Drivers/STM32G4xx_HAL_Driver/Src/stm32g4xx_hal_fdcan.c **** 
1093:Drivers/STM32G4xx_HAL_Driver/Src/stm32g4xx_hal_fdcan.c ****   return status;
1094:Drivers/STM32G4xx_HAL_Driver/Src/stm32g4xx_hal_fdcan.c **** }
1095:Drivers/STM32G4xx_HAL_Driver/Src/stm32g4xx_hal_fdcan.c **** 
1096:Drivers/STM32G4xx_HAL_Driver/Src/stm32g4xx_hal_fdcan.c **** /**
1097:Drivers/STM32G4xx_HAL_Driver/Src/stm32g4xx_hal_fdcan.c ****   * @brief  UnRegister the Tx Buffer Complete FDCAN Callback
1098:Drivers/STM32G4xx_HAL_Driver/Src/stm32g4xx_hal_fdcan.c ****   *         Tx Buffer Complete FDCAN Callback is redirected to
1099:Drivers/STM32G4xx_HAL_Driver/Src/stm32g4xx_hal_fdcan.c ****   *         the weak HAL_FDCAN_TxBufferCompleteCallback() predefined callback
1100:Drivers/STM32G4xx_HAL_Driver/Src/stm32g4xx_hal_fdcan.c ****   * @param  hfdcan FDCAN handle
1101:Drivers/STM32G4xx_HAL_Driver/Src/stm32g4xx_hal_fdcan.c ****   * @retval HAL status
1102:Drivers/STM32G4xx_HAL_Driver/Src/stm32g4xx_hal_fdcan.c ****   */
1103:Drivers/STM32G4xx_HAL_Driver/Src/stm32g4xx_hal_fdcan.c **** HAL_StatusTypeDef HAL_FDCAN_UnRegisterTxBufferCompleteCallback(FDCAN_HandleTypeDef *hfdcan)
1104:Drivers/STM32G4xx_HAL_Driver/Src/stm32g4xx_hal_fdcan.c **** {
1105:Drivers/STM32G4xx_HAL_Driver/Src/stm32g4xx_hal_fdcan.c ****   HAL_StatusTypeDef status = HAL_OK;
1106:Drivers/STM32G4xx_HAL_Driver/Src/stm32g4xx_hal_fdcan.c **** 
1107:Drivers/STM32G4xx_HAL_Driver/Src/stm32g4xx_hal_fdcan.c ****   if (hfdcan->State == HAL_FDCAN_STATE_READY)
1108:Drivers/STM32G4xx_HAL_Driver/Src/stm32g4xx_hal_fdcan.c ****   {
1109:Drivers/STM32G4xx_HAL_Driver/Src/stm32g4xx_hal_fdcan.c ****     hfdcan->TxBufferCompleteCallback = HAL_FDCAN_TxBufferCompleteCallback; /* Legacy weak TxBufferC
1110:Drivers/STM32G4xx_HAL_Driver/Src/stm32g4xx_hal_fdcan.c ****   }
1111:Drivers/STM32G4xx_HAL_Driver/Src/stm32g4xx_hal_fdcan.c ****   else
1112:Drivers/STM32G4xx_HAL_Driver/Src/stm32g4xx_hal_fdcan.c ****   {
1113:Drivers/STM32G4xx_HAL_Driver/Src/stm32g4xx_hal_fdcan.c ****     /* Update the error code */
ARM GAS  C:\Users\Booster\AppData\Local\Temp\ccYRDURW.s 			page 21


1114:Drivers/STM32G4xx_HAL_Driver/Src/stm32g4xx_hal_fdcan.c ****     hfdcan->ErrorCode |= HAL_FDCAN_ERROR_INVALID_CALLBACK;
1115:Drivers/STM32G4xx_HAL_Driver/Src/stm32g4xx_hal_fdcan.c **** 
1116:Drivers/STM32G4xx_HAL_Driver/Src/stm32g4xx_hal_fdcan.c ****     /* Return error status */
1117:Drivers/STM32G4xx_HAL_Driver/Src/stm32g4xx_hal_fdcan.c ****     status =  HAL_ERROR;
1118:Drivers/STM32G4xx_HAL_Driver/Src/stm32g4xx_hal_fdcan.c ****   }
1119:Drivers/STM32G4xx_HAL_Driver/Src/stm32g4xx_hal_fdcan.c **** 
1120:Drivers/STM32G4xx_HAL_Driver/Src/stm32g4xx_hal_fdcan.c ****   return status;
1121:Drivers/STM32G4xx_HAL_Driver/Src/stm32g4xx_hal_fdcan.c **** }
1122:Drivers/STM32G4xx_HAL_Driver/Src/stm32g4xx_hal_fdcan.c **** 
1123:Drivers/STM32G4xx_HAL_Driver/Src/stm32g4xx_hal_fdcan.c **** /**
1124:Drivers/STM32G4xx_HAL_Driver/Src/stm32g4xx_hal_fdcan.c ****   * @brief  Register Tx Buffer Abort FDCAN Callback
1125:Drivers/STM32G4xx_HAL_Driver/Src/stm32g4xx_hal_fdcan.c ****   *         To be used instead of the weak HAL_FDCAN_TxBufferAbortCallback() predefined callback
1126:Drivers/STM32G4xx_HAL_Driver/Src/stm32g4xx_hal_fdcan.c ****   * @param  hfdcan FDCAN handle
1127:Drivers/STM32G4xx_HAL_Driver/Src/stm32g4xx_hal_fdcan.c ****   * @param  pCallback pointer to the Tx Buffer Abort Callback function
1128:Drivers/STM32G4xx_HAL_Driver/Src/stm32g4xx_hal_fdcan.c ****   * @retval HAL status
1129:Drivers/STM32G4xx_HAL_Driver/Src/stm32g4xx_hal_fdcan.c ****   */
1130:Drivers/STM32G4xx_HAL_Driver/Src/stm32g4xx_hal_fdcan.c **** HAL_StatusTypeDef HAL_FDCAN_RegisterTxBufferAbortCallback(FDCAN_HandleTypeDef *hfdcan,
1131:Drivers/STM32G4xx_HAL_Driver/Src/stm32g4xx_hal_fdcan.c ****                                                           pFDCAN_TxBufferAbortCallbackTypeDef pCall
1132:Drivers/STM32G4xx_HAL_Driver/Src/stm32g4xx_hal_fdcan.c **** {
1133:Drivers/STM32G4xx_HAL_Driver/Src/stm32g4xx_hal_fdcan.c ****   HAL_StatusTypeDef status = HAL_OK;
1134:Drivers/STM32G4xx_HAL_Driver/Src/stm32g4xx_hal_fdcan.c **** 
1135:Drivers/STM32G4xx_HAL_Driver/Src/stm32g4xx_hal_fdcan.c ****   if (pCallback == NULL)
1136:Drivers/STM32G4xx_HAL_Driver/Src/stm32g4xx_hal_fdcan.c ****   {
1137:Drivers/STM32G4xx_HAL_Driver/Src/stm32g4xx_hal_fdcan.c ****     /* Update the error code */
1138:Drivers/STM32G4xx_HAL_Driver/Src/stm32g4xx_hal_fdcan.c ****     hfdcan->ErrorCode |= HAL_FDCAN_ERROR_INVALID_CALLBACK;
1139:Drivers/STM32G4xx_HAL_Driver/Src/stm32g4xx_hal_fdcan.c ****     return HAL_ERROR;
1140:Drivers/STM32G4xx_HAL_Driver/Src/stm32g4xx_hal_fdcan.c ****   }
1141:Drivers/STM32G4xx_HAL_Driver/Src/stm32g4xx_hal_fdcan.c **** 
1142:Drivers/STM32G4xx_HAL_Driver/Src/stm32g4xx_hal_fdcan.c ****   if (hfdcan->State == HAL_FDCAN_STATE_READY)
1143:Drivers/STM32G4xx_HAL_Driver/Src/stm32g4xx_hal_fdcan.c ****   {
1144:Drivers/STM32G4xx_HAL_Driver/Src/stm32g4xx_hal_fdcan.c ****     hfdcan->TxBufferAbortCallback = pCallback;
1145:Drivers/STM32G4xx_HAL_Driver/Src/stm32g4xx_hal_fdcan.c ****   }
1146:Drivers/STM32G4xx_HAL_Driver/Src/stm32g4xx_hal_fdcan.c ****   else
1147:Drivers/STM32G4xx_HAL_Driver/Src/stm32g4xx_hal_fdcan.c ****   {
1148:Drivers/STM32G4xx_HAL_Driver/Src/stm32g4xx_hal_fdcan.c ****     /* Update the error code */
1149:Drivers/STM32G4xx_HAL_Driver/Src/stm32g4xx_hal_fdcan.c ****     hfdcan->ErrorCode |= HAL_FDCAN_ERROR_INVALID_CALLBACK;
1150:Drivers/STM32G4xx_HAL_Driver/Src/stm32g4xx_hal_fdcan.c **** 
1151:Drivers/STM32G4xx_HAL_Driver/Src/stm32g4xx_hal_fdcan.c ****     /* Return error status */
1152:Drivers/STM32G4xx_HAL_Driver/Src/stm32g4xx_hal_fdcan.c ****     status =  HAL_ERROR;
1153:Drivers/STM32G4xx_HAL_Driver/Src/stm32g4xx_hal_fdcan.c ****   }
1154:Drivers/STM32G4xx_HAL_Driver/Src/stm32g4xx_hal_fdcan.c **** 
1155:Drivers/STM32G4xx_HAL_Driver/Src/stm32g4xx_hal_fdcan.c ****   return status;
1156:Drivers/STM32G4xx_HAL_Driver/Src/stm32g4xx_hal_fdcan.c **** }
1157:Drivers/STM32G4xx_HAL_Driver/Src/stm32g4xx_hal_fdcan.c **** 
1158:Drivers/STM32G4xx_HAL_Driver/Src/stm32g4xx_hal_fdcan.c **** /**
1159:Drivers/STM32G4xx_HAL_Driver/Src/stm32g4xx_hal_fdcan.c ****   * @brief  UnRegister the Tx Buffer Abort FDCAN Callback
1160:Drivers/STM32G4xx_HAL_Driver/Src/stm32g4xx_hal_fdcan.c ****   *         Tx Buffer Abort FDCAN Callback is redirected to
1161:Drivers/STM32G4xx_HAL_Driver/Src/stm32g4xx_hal_fdcan.c ****   *         the weak HAL_FDCAN_TxBufferAbortCallback() predefined callback
1162:Drivers/STM32G4xx_HAL_Driver/Src/stm32g4xx_hal_fdcan.c ****   * @param  hfdcan FDCAN handle
1163:Drivers/STM32G4xx_HAL_Driver/Src/stm32g4xx_hal_fdcan.c ****   * @retval HAL status
1164:Drivers/STM32G4xx_HAL_Driver/Src/stm32g4xx_hal_fdcan.c ****   */
1165:Drivers/STM32G4xx_HAL_Driver/Src/stm32g4xx_hal_fdcan.c **** HAL_StatusTypeDef HAL_FDCAN_UnRegisterTxBufferAbortCallback(FDCAN_HandleTypeDef *hfdcan)
1166:Drivers/STM32G4xx_HAL_Driver/Src/stm32g4xx_hal_fdcan.c **** {
1167:Drivers/STM32G4xx_HAL_Driver/Src/stm32g4xx_hal_fdcan.c ****   HAL_StatusTypeDef status = HAL_OK;
1168:Drivers/STM32G4xx_HAL_Driver/Src/stm32g4xx_hal_fdcan.c **** 
1169:Drivers/STM32G4xx_HAL_Driver/Src/stm32g4xx_hal_fdcan.c ****   if (hfdcan->State == HAL_FDCAN_STATE_READY)
1170:Drivers/STM32G4xx_HAL_Driver/Src/stm32g4xx_hal_fdcan.c ****   {
ARM GAS  C:\Users\Booster\AppData\Local\Temp\ccYRDURW.s 			page 22


1171:Drivers/STM32G4xx_HAL_Driver/Src/stm32g4xx_hal_fdcan.c ****     hfdcan->TxBufferAbortCallback = HAL_FDCAN_TxBufferAbortCallback; /* Legacy weak TxBufferAbortCa
1172:Drivers/STM32G4xx_HAL_Driver/Src/stm32g4xx_hal_fdcan.c ****   }
1173:Drivers/STM32G4xx_HAL_Driver/Src/stm32g4xx_hal_fdcan.c ****   else
1174:Drivers/STM32G4xx_HAL_Driver/Src/stm32g4xx_hal_fdcan.c ****   {
1175:Drivers/STM32G4xx_HAL_Driver/Src/stm32g4xx_hal_fdcan.c ****     /* Update the error code */
1176:Drivers/STM32G4xx_HAL_Driver/Src/stm32g4xx_hal_fdcan.c ****     hfdcan->ErrorCode |= HAL_FDCAN_ERROR_INVALID_CALLBACK;
1177:Drivers/STM32G4xx_HAL_Driver/Src/stm32g4xx_hal_fdcan.c **** 
1178:Drivers/STM32G4xx_HAL_Driver/Src/stm32g4xx_hal_fdcan.c ****     /* Return error status */
1179:Drivers/STM32G4xx_HAL_Driver/Src/stm32g4xx_hal_fdcan.c ****     status =  HAL_ERROR;
1180:Drivers/STM32G4xx_HAL_Driver/Src/stm32g4xx_hal_fdcan.c ****   }
1181:Drivers/STM32G4xx_HAL_Driver/Src/stm32g4xx_hal_fdcan.c **** 
1182:Drivers/STM32G4xx_HAL_Driver/Src/stm32g4xx_hal_fdcan.c ****   return status;
1183:Drivers/STM32G4xx_HAL_Driver/Src/stm32g4xx_hal_fdcan.c **** }
1184:Drivers/STM32G4xx_HAL_Driver/Src/stm32g4xx_hal_fdcan.c **** 
1185:Drivers/STM32G4xx_HAL_Driver/Src/stm32g4xx_hal_fdcan.c **** /**
1186:Drivers/STM32G4xx_HAL_Driver/Src/stm32g4xx_hal_fdcan.c ****   * @brief  Register Error Status FDCAN Callback
1187:Drivers/STM32G4xx_HAL_Driver/Src/stm32g4xx_hal_fdcan.c ****   *         To be used instead of the weak HAL_FDCAN_ErrorStatusCallback() predefined callback
1188:Drivers/STM32G4xx_HAL_Driver/Src/stm32g4xx_hal_fdcan.c ****   * @param  hfdcan FDCAN handle
1189:Drivers/STM32G4xx_HAL_Driver/Src/stm32g4xx_hal_fdcan.c ****   * @param  pCallback pointer to the Error Status Callback function
1190:Drivers/STM32G4xx_HAL_Driver/Src/stm32g4xx_hal_fdcan.c ****   * @retval HAL status
1191:Drivers/STM32G4xx_HAL_Driver/Src/stm32g4xx_hal_fdcan.c ****   */
1192:Drivers/STM32G4xx_HAL_Driver/Src/stm32g4xx_hal_fdcan.c **** HAL_StatusTypeDef HAL_FDCAN_RegisterErrorStatusCallback(FDCAN_HandleTypeDef *hfdcan,
1193:Drivers/STM32G4xx_HAL_Driver/Src/stm32g4xx_hal_fdcan.c ****                                                         pFDCAN_ErrorStatusCallbackTypeDef pCallback
1194:Drivers/STM32G4xx_HAL_Driver/Src/stm32g4xx_hal_fdcan.c **** {
1195:Drivers/STM32G4xx_HAL_Driver/Src/stm32g4xx_hal_fdcan.c ****   HAL_StatusTypeDef status = HAL_OK;
1196:Drivers/STM32G4xx_HAL_Driver/Src/stm32g4xx_hal_fdcan.c **** 
1197:Drivers/STM32G4xx_HAL_Driver/Src/stm32g4xx_hal_fdcan.c ****   if (pCallback == NULL)
1198:Drivers/STM32G4xx_HAL_Driver/Src/stm32g4xx_hal_fdcan.c ****   {
1199:Drivers/STM32G4xx_HAL_Driver/Src/stm32g4xx_hal_fdcan.c ****     /* Update the error code */
1200:Drivers/STM32G4xx_HAL_Driver/Src/stm32g4xx_hal_fdcan.c ****     hfdcan->ErrorCode |= HAL_FDCAN_ERROR_INVALID_CALLBACK;
1201:Drivers/STM32G4xx_HAL_Driver/Src/stm32g4xx_hal_fdcan.c ****     return HAL_ERROR;
1202:Drivers/STM32G4xx_HAL_Driver/Src/stm32g4xx_hal_fdcan.c ****   }
1203:Drivers/STM32G4xx_HAL_Driver/Src/stm32g4xx_hal_fdcan.c **** 
1204:Drivers/STM32G4xx_HAL_Driver/Src/stm32g4xx_hal_fdcan.c ****   if (hfdcan->State == HAL_FDCAN_STATE_READY)
1205:Drivers/STM32G4xx_HAL_Driver/Src/stm32g4xx_hal_fdcan.c ****   {
1206:Drivers/STM32G4xx_HAL_Driver/Src/stm32g4xx_hal_fdcan.c ****     hfdcan->ErrorStatusCallback = pCallback;
1207:Drivers/STM32G4xx_HAL_Driver/Src/stm32g4xx_hal_fdcan.c ****   }
1208:Drivers/STM32G4xx_HAL_Driver/Src/stm32g4xx_hal_fdcan.c ****   else
1209:Drivers/STM32G4xx_HAL_Driver/Src/stm32g4xx_hal_fdcan.c ****   {
1210:Drivers/STM32G4xx_HAL_Driver/Src/stm32g4xx_hal_fdcan.c ****     /* Update the error code */
1211:Drivers/STM32G4xx_HAL_Driver/Src/stm32g4xx_hal_fdcan.c ****     hfdcan->ErrorCode |= HAL_FDCAN_ERROR_INVALID_CALLBACK;
1212:Drivers/STM32G4xx_HAL_Driver/Src/stm32g4xx_hal_fdcan.c **** 
1213:Drivers/STM32G4xx_HAL_Driver/Src/stm32g4xx_hal_fdcan.c ****     /* Return error status */
1214:Drivers/STM32G4xx_HAL_Driver/Src/stm32g4xx_hal_fdcan.c ****     status =  HAL_ERROR;
1215:Drivers/STM32G4xx_HAL_Driver/Src/stm32g4xx_hal_fdcan.c ****   }
1216:Drivers/STM32G4xx_HAL_Driver/Src/stm32g4xx_hal_fdcan.c **** 
1217:Drivers/STM32G4xx_HAL_Driver/Src/stm32g4xx_hal_fdcan.c ****   return status;
1218:Drivers/STM32G4xx_HAL_Driver/Src/stm32g4xx_hal_fdcan.c **** }
1219:Drivers/STM32G4xx_HAL_Driver/Src/stm32g4xx_hal_fdcan.c **** 
1220:Drivers/STM32G4xx_HAL_Driver/Src/stm32g4xx_hal_fdcan.c **** /**
1221:Drivers/STM32G4xx_HAL_Driver/Src/stm32g4xx_hal_fdcan.c ****   * @brief  UnRegister the Error Status FDCAN Callback
1222:Drivers/STM32G4xx_HAL_Driver/Src/stm32g4xx_hal_fdcan.c ****   *         Error Status FDCAN Callback is redirected to the weak HAL_FDCAN_ErrorStatusCallback() p
1223:Drivers/STM32G4xx_HAL_Driver/Src/stm32g4xx_hal_fdcan.c ****   * @param  hfdcan FDCAN handle
1224:Drivers/STM32G4xx_HAL_Driver/Src/stm32g4xx_hal_fdcan.c ****   * @retval HAL status
1225:Drivers/STM32G4xx_HAL_Driver/Src/stm32g4xx_hal_fdcan.c ****   */
1226:Drivers/STM32G4xx_HAL_Driver/Src/stm32g4xx_hal_fdcan.c **** HAL_StatusTypeDef HAL_FDCAN_UnRegisterErrorStatusCallback(FDCAN_HandleTypeDef *hfdcan)
1227:Drivers/STM32G4xx_HAL_Driver/Src/stm32g4xx_hal_fdcan.c **** {
ARM GAS  C:\Users\Booster\AppData\Local\Temp\ccYRDURW.s 			page 23


1228:Drivers/STM32G4xx_HAL_Driver/Src/stm32g4xx_hal_fdcan.c ****   HAL_StatusTypeDef status = HAL_OK;
1229:Drivers/STM32G4xx_HAL_Driver/Src/stm32g4xx_hal_fdcan.c **** 
1230:Drivers/STM32G4xx_HAL_Driver/Src/stm32g4xx_hal_fdcan.c ****   if (hfdcan->State == HAL_FDCAN_STATE_READY)
1231:Drivers/STM32G4xx_HAL_Driver/Src/stm32g4xx_hal_fdcan.c ****   {
1232:Drivers/STM32G4xx_HAL_Driver/Src/stm32g4xx_hal_fdcan.c ****     hfdcan->ErrorStatusCallback = HAL_FDCAN_ErrorStatusCallback; /* Legacy weak ErrorStatusCallback
1233:Drivers/STM32G4xx_HAL_Driver/Src/stm32g4xx_hal_fdcan.c ****   }
1234:Drivers/STM32G4xx_HAL_Driver/Src/stm32g4xx_hal_fdcan.c ****   else
1235:Drivers/STM32G4xx_HAL_Driver/Src/stm32g4xx_hal_fdcan.c ****   {
1236:Drivers/STM32G4xx_HAL_Driver/Src/stm32g4xx_hal_fdcan.c ****     /* Update the error code */
1237:Drivers/STM32G4xx_HAL_Driver/Src/stm32g4xx_hal_fdcan.c ****     hfdcan->ErrorCode |= HAL_FDCAN_ERROR_INVALID_CALLBACK;
1238:Drivers/STM32G4xx_HAL_Driver/Src/stm32g4xx_hal_fdcan.c **** 
1239:Drivers/STM32G4xx_HAL_Driver/Src/stm32g4xx_hal_fdcan.c ****     /* Return error status */
1240:Drivers/STM32G4xx_HAL_Driver/Src/stm32g4xx_hal_fdcan.c ****     status =  HAL_ERROR;
1241:Drivers/STM32G4xx_HAL_Driver/Src/stm32g4xx_hal_fdcan.c ****   }
1242:Drivers/STM32G4xx_HAL_Driver/Src/stm32g4xx_hal_fdcan.c **** 
1243:Drivers/STM32G4xx_HAL_Driver/Src/stm32g4xx_hal_fdcan.c ****   return status;
1244:Drivers/STM32G4xx_HAL_Driver/Src/stm32g4xx_hal_fdcan.c **** }
1245:Drivers/STM32G4xx_HAL_Driver/Src/stm32g4xx_hal_fdcan.c **** 
1246:Drivers/STM32G4xx_HAL_Driver/Src/stm32g4xx_hal_fdcan.c **** #endif /* USE_HAL_FDCAN_REGISTER_CALLBACKS */
1247:Drivers/STM32G4xx_HAL_Driver/Src/stm32g4xx_hal_fdcan.c **** 
1248:Drivers/STM32G4xx_HAL_Driver/Src/stm32g4xx_hal_fdcan.c **** /**
1249:Drivers/STM32G4xx_HAL_Driver/Src/stm32g4xx_hal_fdcan.c ****   * @}
1250:Drivers/STM32G4xx_HAL_Driver/Src/stm32g4xx_hal_fdcan.c ****   */
1251:Drivers/STM32G4xx_HAL_Driver/Src/stm32g4xx_hal_fdcan.c **** 
1252:Drivers/STM32G4xx_HAL_Driver/Src/stm32g4xx_hal_fdcan.c **** /** @defgroup FDCAN_Exported_Functions_Group2 Configuration functions
1253:Drivers/STM32G4xx_HAL_Driver/Src/stm32g4xx_hal_fdcan.c ****   *  @brief    FDCAN Configuration functions.
1254:Drivers/STM32G4xx_HAL_Driver/Src/stm32g4xx_hal_fdcan.c ****   *
1255:Drivers/STM32G4xx_HAL_Driver/Src/stm32g4xx_hal_fdcan.c **** @verbatim
1256:Drivers/STM32G4xx_HAL_Driver/Src/stm32g4xx_hal_fdcan.c ****   ==============================================================================
1257:Drivers/STM32G4xx_HAL_Driver/Src/stm32g4xx_hal_fdcan.c ****               ##### Configuration functions #####
1258:Drivers/STM32G4xx_HAL_Driver/Src/stm32g4xx_hal_fdcan.c ****   ==============================================================================
1259:Drivers/STM32G4xx_HAL_Driver/Src/stm32g4xx_hal_fdcan.c ****     [..]  This section provides functions allowing to:
1260:Drivers/STM32G4xx_HAL_Driver/Src/stm32g4xx_hal_fdcan.c ****       (+) HAL_FDCAN_ConfigFilter                  : Configure the FDCAN reception filters
1261:Drivers/STM32G4xx_HAL_Driver/Src/stm32g4xx_hal_fdcan.c ****       (+) HAL_FDCAN_ConfigGlobalFilter            : Configure the FDCAN global filter
1262:Drivers/STM32G4xx_HAL_Driver/Src/stm32g4xx_hal_fdcan.c ****       (+) HAL_FDCAN_ConfigExtendedIdMask          : Configure the extended ID mask
1263:Drivers/STM32G4xx_HAL_Driver/Src/stm32g4xx_hal_fdcan.c ****       (+) HAL_FDCAN_ConfigRxFifoOverwrite         : Configure the Rx FIFO operation mode
1264:Drivers/STM32G4xx_HAL_Driver/Src/stm32g4xx_hal_fdcan.c ****       (+) HAL_FDCAN_ConfigRamWatchdog             : Configure the RAM watchdog
1265:Drivers/STM32G4xx_HAL_Driver/Src/stm32g4xx_hal_fdcan.c ****       (+) HAL_FDCAN_ConfigTimestampCounter        : Configure the timestamp counter
1266:Drivers/STM32G4xx_HAL_Driver/Src/stm32g4xx_hal_fdcan.c ****         (+) HAL_FDCAN_EnableTimestampCounter        : Enable the timestamp counter
1267:Drivers/STM32G4xx_HAL_Driver/Src/stm32g4xx_hal_fdcan.c ****         (+) HAL_FDCAN_DisableTimestampCounter       : Disable the timestamp counter
1268:Drivers/STM32G4xx_HAL_Driver/Src/stm32g4xx_hal_fdcan.c ****         (+) HAL_FDCAN_GetTimestampCounter           : Get the timestamp counter value
1269:Drivers/STM32G4xx_HAL_Driver/Src/stm32g4xx_hal_fdcan.c ****         (+) HAL_FDCAN_ResetTimestampCounter         : Reset the timestamp counter to zero
1270:Drivers/STM32G4xx_HAL_Driver/Src/stm32g4xx_hal_fdcan.c ****       (+) HAL_FDCAN_ConfigTimeoutCounter          : Configure the timeout counter
1271:Drivers/STM32G4xx_HAL_Driver/Src/stm32g4xx_hal_fdcan.c ****         (+) HAL_FDCAN_EnableTimeoutCounter          : Enable the timeout counter
1272:Drivers/STM32G4xx_HAL_Driver/Src/stm32g4xx_hal_fdcan.c ****         (+) HAL_FDCAN_DisableTimeoutCounter         : Disable the timeout counter
1273:Drivers/STM32G4xx_HAL_Driver/Src/stm32g4xx_hal_fdcan.c ****         (+) HAL_FDCAN_GetTimeoutCounter             : Get the timeout counter value
1274:Drivers/STM32G4xx_HAL_Driver/Src/stm32g4xx_hal_fdcan.c ****         (+) HAL_FDCAN_ResetTimeoutCounter           : Reset the timeout counter to its start value
1275:Drivers/STM32G4xx_HAL_Driver/Src/stm32g4xx_hal_fdcan.c ****       (+) HAL_FDCAN_ConfigTxDelayCompensation     : Configure the transmitter delay compensation
1276:Drivers/STM32G4xx_HAL_Driver/Src/stm32g4xx_hal_fdcan.c ****         (+) HAL_FDCAN_EnableTxDelayCompensation     : Enable the transmitter delay compensation
1277:Drivers/STM32G4xx_HAL_Driver/Src/stm32g4xx_hal_fdcan.c ****         (+) HAL_FDCAN_DisableTxDelayCompensation    : Disable the transmitter delay compensation
1278:Drivers/STM32G4xx_HAL_Driver/Src/stm32g4xx_hal_fdcan.c ****       (+) HAL_FDCAN_EnableISOMode                 : Enable ISO 11898-1 protocol mode
1279:Drivers/STM32G4xx_HAL_Driver/Src/stm32g4xx_hal_fdcan.c ****       (+) HAL_FDCAN_DisableISOMode                : Disable ISO 11898-1 protocol mode
1280:Drivers/STM32G4xx_HAL_Driver/Src/stm32g4xx_hal_fdcan.c ****       (+) HAL_FDCAN_EnableEdgeFiltering           : Enable edge filtering during bus integration
1281:Drivers/STM32G4xx_HAL_Driver/Src/stm32g4xx_hal_fdcan.c ****       (+) HAL_FDCAN_DisableEdgeFiltering          : Disable edge filtering during bus integration
1282:Drivers/STM32G4xx_HAL_Driver/Src/stm32g4xx_hal_fdcan.c **** 
1283:Drivers/STM32G4xx_HAL_Driver/Src/stm32g4xx_hal_fdcan.c **** @endverbatim
1284:Drivers/STM32G4xx_HAL_Driver/Src/stm32g4xx_hal_fdcan.c ****   * @{
ARM GAS  C:\Users\Booster\AppData\Local\Temp\ccYRDURW.s 			page 24


1285:Drivers/STM32G4xx_HAL_Driver/Src/stm32g4xx_hal_fdcan.c ****   */
1286:Drivers/STM32G4xx_HAL_Driver/Src/stm32g4xx_hal_fdcan.c **** 
1287:Drivers/STM32G4xx_HAL_Driver/Src/stm32g4xx_hal_fdcan.c **** /**
1288:Drivers/STM32G4xx_HAL_Driver/Src/stm32g4xx_hal_fdcan.c ****   * @brief  Configure the FDCAN reception filter according to the specified
1289:Drivers/STM32G4xx_HAL_Driver/Src/stm32g4xx_hal_fdcan.c ****   *         parameters in the FDCAN_FilterTypeDef structure.
1290:Drivers/STM32G4xx_HAL_Driver/Src/stm32g4xx_hal_fdcan.c ****   * @param  hfdcan pointer to an FDCAN_HandleTypeDef structure that contains
1291:Drivers/STM32G4xx_HAL_Driver/Src/stm32g4xx_hal_fdcan.c ****   *         the configuration information for the specified FDCAN.
1292:Drivers/STM32G4xx_HAL_Driver/Src/stm32g4xx_hal_fdcan.c ****   * @param  sFilterConfig pointer to an FDCAN_FilterTypeDef structure that
1293:Drivers/STM32G4xx_HAL_Driver/Src/stm32g4xx_hal_fdcan.c ****   *         contains the filter configuration information
1294:Drivers/STM32G4xx_HAL_Driver/Src/stm32g4xx_hal_fdcan.c ****   * @retval HAL status
1295:Drivers/STM32G4xx_HAL_Driver/Src/stm32g4xx_hal_fdcan.c ****   */
1296:Drivers/STM32G4xx_HAL_Driver/Src/stm32g4xx_hal_fdcan.c **** HAL_StatusTypeDef HAL_FDCAN_ConfigFilter(FDCAN_HandleTypeDef *hfdcan, const FDCAN_FilterTypeDef *sF
1297:Drivers/STM32G4xx_HAL_Driver/Src/stm32g4xx_hal_fdcan.c **** {
1298:Drivers/STM32G4xx_HAL_Driver/Src/stm32g4xx_hal_fdcan.c ****   uint32_t FilterElementW1;
1299:Drivers/STM32G4xx_HAL_Driver/Src/stm32g4xx_hal_fdcan.c ****   uint32_t FilterElementW2;
1300:Drivers/STM32G4xx_HAL_Driver/Src/stm32g4xx_hal_fdcan.c ****   uint32_t *FilterAddress;
1301:Drivers/STM32G4xx_HAL_Driver/Src/stm32g4xx_hal_fdcan.c ****   HAL_FDCAN_StateTypeDef state = hfdcan->State;
1302:Drivers/STM32G4xx_HAL_Driver/Src/stm32g4xx_hal_fdcan.c **** 
1303:Drivers/STM32G4xx_HAL_Driver/Src/stm32g4xx_hal_fdcan.c ****   if ((state == HAL_FDCAN_STATE_READY) || (state == HAL_FDCAN_STATE_BUSY))
1304:Drivers/STM32G4xx_HAL_Driver/Src/stm32g4xx_hal_fdcan.c ****   {
1305:Drivers/STM32G4xx_HAL_Driver/Src/stm32g4xx_hal_fdcan.c ****     /* Check function parameters */
1306:Drivers/STM32G4xx_HAL_Driver/Src/stm32g4xx_hal_fdcan.c ****     assert_param(IS_FDCAN_ID_TYPE(sFilterConfig->IdType));
1307:Drivers/STM32G4xx_HAL_Driver/Src/stm32g4xx_hal_fdcan.c ****     assert_param(IS_FDCAN_FILTER_CFG(sFilterConfig->FilterConfig));
1308:Drivers/STM32G4xx_HAL_Driver/Src/stm32g4xx_hal_fdcan.c **** 
1309:Drivers/STM32G4xx_HAL_Driver/Src/stm32g4xx_hal_fdcan.c ****     if (sFilterConfig->IdType == FDCAN_STANDARD_ID)
1310:Drivers/STM32G4xx_HAL_Driver/Src/stm32g4xx_hal_fdcan.c ****     {
1311:Drivers/STM32G4xx_HAL_Driver/Src/stm32g4xx_hal_fdcan.c ****       /* Check function parameters */
1312:Drivers/STM32G4xx_HAL_Driver/Src/stm32g4xx_hal_fdcan.c ****       assert_param(IS_FDCAN_MAX_VALUE(sFilterConfig->FilterIndex, (hfdcan->Init.StdFiltersNbr - 1U)
1313:Drivers/STM32G4xx_HAL_Driver/Src/stm32g4xx_hal_fdcan.c ****       assert_param(IS_FDCAN_MAX_VALUE(sFilterConfig->FilterID1, 0x7FFU));
1314:Drivers/STM32G4xx_HAL_Driver/Src/stm32g4xx_hal_fdcan.c ****       assert_param(IS_FDCAN_MAX_VALUE(sFilterConfig->FilterID2, 0x7FFU));
1315:Drivers/STM32G4xx_HAL_Driver/Src/stm32g4xx_hal_fdcan.c ****       assert_param(IS_FDCAN_STD_FILTER_TYPE(sFilterConfig->FilterType));
1316:Drivers/STM32G4xx_HAL_Driver/Src/stm32g4xx_hal_fdcan.c **** 
1317:Drivers/STM32G4xx_HAL_Driver/Src/stm32g4xx_hal_fdcan.c ****       /* Build filter element */
1318:Drivers/STM32G4xx_HAL_Driver/Src/stm32g4xx_hal_fdcan.c ****       FilterElementW1 = ((sFilterConfig->FilterType << 30U)   |
1319:Drivers/STM32G4xx_HAL_Driver/Src/stm32g4xx_hal_fdcan.c ****                          (sFilterConfig->FilterConfig << 27U) |
1320:Drivers/STM32G4xx_HAL_Driver/Src/stm32g4xx_hal_fdcan.c ****                          (sFilterConfig->FilterID1 << 16U)    |
1321:Drivers/STM32G4xx_HAL_Driver/Src/stm32g4xx_hal_fdcan.c ****                          sFilterConfig->FilterID2);
1322:Drivers/STM32G4xx_HAL_Driver/Src/stm32g4xx_hal_fdcan.c **** 
1323:Drivers/STM32G4xx_HAL_Driver/Src/stm32g4xx_hal_fdcan.c ****       /* Calculate filter address */
1324:Drivers/STM32G4xx_HAL_Driver/Src/stm32g4xx_hal_fdcan.c ****       FilterAddress = (uint32_t *)(hfdcan->msgRam.StandardFilterSA + (sFilterConfig->FilterIndex * 
1325:Drivers/STM32G4xx_HAL_Driver/Src/stm32g4xx_hal_fdcan.c **** 
1326:Drivers/STM32G4xx_HAL_Driver/Src/stm32g4xx_hal_fdcan.c ****       /* Write filter element to the message RAM */
1327:Drivers/STM32G4xx_HAL_Driver/Src/stm32g4xx_hal_fdcan.c ****       *FilterAddress = FilterElementW1;
1328:Drivers/STM32G4xx_HAL_Driver/Src/stm32g4xx_hal_fdcan.c ****     }
1329:Drivers/STM32G4xx_HAL_Driver/Src/stm32g4xx_hal_fdcan.c ****     else /* sFilterConfig->IdType == FDCAN_EXTENDED_ID */
1330:Drivers/STM32G4xx_HAL_Driver/Src/stm32g4xx_hal_fdcan.c ****     {
1331:Drivers/STM32G4xx_HAL_Driver/Src/stm32g4xx_hal_fdcan.c ****       /* Check function parameters */
1332:Drivers/STM32G4xx_HAL_Driver/Src/stm32g4xx_hal_fdcan.c ****       assert_param(IS_FDCAN_MAX_VALUE(sFilterConfig->FilterIndex, (hfdcan->Init.ExtFiltersNbr - 1U)
1333:Drivers/STM32G4xx_HAL_Driver/Src/stm32g4xx_hal_fdcan.c ****       assert_param(IS_FDCAN_MAX_VALUE(sFilterConfig->FilterID1, 0x1FFFFFFFU));
1334:Drivers/STM32G4xx_HAL_Driver/Src/stm32g4xx_hal_fdcan.c ****       assert_param(IS_FDCAN_MAX_VALUE(sFilterConfig->FilterID2, 0x1FFFFFFFU));
1335:Drivers/STM32G4xx_HAL_Driver/Src/stm32g4xx_hal_fdcan.c ****       assert_param(IS_FDCAN_EXT_FILTER_TYPE(sFilterConfig->FilterType));
1336:Drivers/STM32G4xx_HAL_Driver/Src/stm32g4xx_hal_fdcan.c **** 
1337:Drivers/STM32G4xx_HAL_Driver/Src/stm32g4xx_hal_fdcan.c ****       /* Build first word of filter element */
1338:Drivers/STM32G4xx_HAL_Driver/Src/stm32g4xx_hal_fdcan.c ****       FilterElementW1 = ((sFilterConfig->FilterConfig << 29U) | sFilterConfig->FilterID1);
1339:Drivers/STM32G4xx_HAL_Driver/Src/stm32g4xx_hal_fdcan.c **** 
1340:Drivers/STM32G4xx_HAL_Driver/Src/stm32g4xx_hal_fdcan.c ****       /* Build second word of filter element */
1341:Drivers/STM32G4xx_HAL_Driver/Src/stm32g4xx_hal_fdcan.c ****       FilterElementW2 = ((sFilterConfig->FilterType << 30U) | sFilterConfig->FilterID2);
ARM GAS  C:\Users\Booster\AppData\Local\Temp\ccYRDURW.s 			page 25


1342:Drivers/STM32G4xx_HAL_Driver/Src/stm32g4xx_hal_fdcan.c **** 
1343:Drivers/STM32G4xx_HAL_Driver/Src/stm32g4xx_hal_fdcan.c ****       /* Calculate filter address */
1344:Drivers/STM32G4xx_HAL_Driver/Src/stm32g4xx_hal_fdcan.c ****       FilterAddress = (uint32_t *)(hfdcan->msgRam.ExtendedFilterSA + (sFilterConfig->FilterIndex * 
1345:Drivers/STM32G4xx_HAL_Driver/Src/stm32g4xx_hal_fdcan.c **** 
1346:Drivers/STM32G4xx_HAL_Driver/Src/stm32g4xx_hal_fdcan.c ****       /* Write filter element to the message RAM */
1347:Drivers/STM32G4xx_HAL_Driver/Src/stm32g4xx_hal_fdcan.c ****       *FilterAddress = FilterElementW1;
1348:Drivers/STM32G4xx_HAL_Driver/Src/stm32g4xx_hal_fdcan.c ****       FilterAddress++;
1349:Drivers/STM32G4xx_HAL_Driver/Src/stm32g4xx_hal_fdcan.c ****       *FilterAddress = FilterElementW2;
1350:Drivers/STM32G4xx_HAL_Driver/Src/stm32g4xx_hal_fdcan.c ****     }
1351:Drivers/STM32G4xx_HAL_Driver/Src/stm32g4xx_hal_fdcan.c **** 
1352:Drivers/STM32G4xx_HAL_Driver/Src/stm32g4xx_hal_fdcan.c ****     /* Return function status */
1353:Drivers/STM32G4xx_HAL_Driver/Src/stm32g4xx_hal_fdcan.c ****     return HAL_OK;
1354:Drivers/STM32G4xx_HAL_Driver/Src/stm32g4xx_hal_fdcan.c ****   }
1355:Drivers/STM32G4xx_HAL_Driver/Src/stm32g4xx_hal_fdcan.c ****   else
1356:Drivers/STM32G4xx_HAL_Driver/Src/stm32g4xx_hal_fdcan.c ****   {
1357:Drivers/STM32G4xx_HAL_Driver/Src/stm32g4xx_hal_fdcan.c ****     /* Update error code */
1358:Drivers/STM32G4xx_HAL_Driver/Src/stm32g4xx_hal_fdcan.c ****     hfdcan->ErrorCode |= HAL_FDCAN_ERROR_NOT_INITIALIZED;
1359:Drivers/STM32G4xx_HAL_Driver/Src/stm32g4xx_hal_fdcan.c **** 
1360:Drivers/STM32G4xx_HAL_Driver/Src/stm32g4xx_hal_fdcan.c ****     return HAL_ERROR;
1361:Drivers/STM32G4xx_HAL_Driver/Src/stm32g4xx_hal_fdcan.c ****   }
1362:Drivers/STM32G4xx_HAL_Driver/Src/stm32g4xx_hal_fdcan.c **** }
1363:Drivers/STM32G4xx_HAL_Driver/Src/stm32g4xx_hal_fdcan.c **** 
1364:Drivers/STM32G4xx_HAL_Driver/Src/stm32g4xx_hal_fdcan.c **** /**
1365:Drivers/STM32G4xx_HAL_Driver/Src/stm32g4xx_hal_fdcan.c ****   * @brief  Configure the FDCAN global filter.
1366:Drivers/STM32G4xx_HAL_Driver/Src/stm32g4xx_hal_fdcan.c ****   * @param  hfdcan pointer to an FDCAN_HandleTypeDef structure that contains
1367:Drivers/STM32G4xx_HAL_Driver/Src/stm32g4xx_hal_fdcan.c ****   *         the configuration information for the specified FDCAN.
1368:Drivers/STM32G4xx_HAL_Driver/Src/stm32g4xx_hal_fdcan.c ****   * @param  NonMatchingStd Defines how received messages with 11-bit IDs that
1369:Drivers/STM32G4xx_HAL_Driver/Src/stm32g4xx_hal_fdcan.c ****   *         do not match any element of the filter list are treated.
1370:Drivers/STM32G4xx_HAL_Driver/Src/stm32g4xx_hal_fdcan.c ****   *         This parameter can be a value of @arg FDCAN_Non_Matching_Frames.
1371:Drivers/STM32G4xx_HAL_Driver/Src/stm32g4xx_hal_fdcan.c ****   * @param  NonMatchingExt Defines how received messages with 29-bit IDs that
1372:Drivers/STM32G4xx_HAL_Driver/Src/stm32g4xx_hal_fdcan.c ****   *         do not match any element of the filter list are treated.
1373:Drivers/STM32G4xx_HAL_Driver/Src/stm32g4xx_hal_fdcan.c ****   *         This parameter can be a value of @arg FDCAN_Non_Matching_Frames.
1374:Drivers/STM32G4xx_HAL_Driver/Src/stm32g4xx_hal_fdcan.c ****   * @param  RejectRemoteStd Filter or reject all the remote 11-bit IDs frames.
1375:Drivers/STM32G4xx_HAL_Driver/Src/stm32g4xx_hal_fdcan.c ****   *         This parameter can be a value of @arg FDCAN_Reject_Remote_Frames.
1376:Drivers/STM32G4xx_HAL_Driver/Src/stm32g4xx_hal_fdcan.c ****   * @param  RejectRemoteExt Filter or reject all the remote 29-bit IDs frames.
1377:Drivers/STM32G4xx_HAL_Driver/Src/stm32g4xx_hal_fdcan.c ****   *         This parameter can be a value of @arg FDCAN_Reject_Remote_Frames.
1378:Drivers/STM32G4xx_HAL_Driver/Src/stm32g4xx_hal_fdcan.c ****   * @retval HAL status
1379:Drivers/STM32G4xx_HAL_Driver/Src/stm32g4xx_hal_fdcan.c ****   */
1380:Drivers/STM32G4xx_HAL_Driver/Src/stm32g4xx_hal_fdcan.c **** HAL_StatusTypeDef HAL_FDCAN_ConfigGlobalFilter(FDCAN_HandleTypeDef *hfdcan,
1381:Drivers/STM32G4xx_HAL_Driver/Src/stm32g4xx_hal_fdcan.c ****                                                uint32_t NonMatchingStd,
1382:Drivers/STM32G4xx_HAL_Driver/Src/stm32g4xx_hal_fdcan.c ****                                                uint32_t NonMatchingExt,
1383:Drivers/STM32G4xx_HAL_Driver/Src/stm32g4xx_hal_fdcan.c ****                                                uint32_t RejectRemoteStd,
1384:Drivers/STM32G4xx_HAL_Driver/Src/stm32g4xx_hal_fdcan.c ****                                                uint32_t RejectRemoteExt)
1385:Drivers/STM32G4xx_HAL_Driver/Src/stm32g4xx_hal_fdcan.c **** {
1386:Drivers/STM32G4xx_HAL_Driver/Src/stm32g4xx_hal_fdcan.c ****   /* Check function parameters */
1387:Drivers/STM32G4xx_HAL_Driver/Src/stm32g4xx_hal_fdcan.c ****   assert_param(IS_FDCAN_NON_MATCHING(NonMatchingStd));
1388:Drivers/STM32G4xx_HAL_Driver/Src/stm32g4xx_hal_fdcan.c ****   assert_param(IS_FDCAN_NON_MATCHING(NonMatchingExt));
1389:Drivers/STM32G4xx_HAL_Driver/Src/stm32g4xx_hal_fdcan.c ****   assert_param(IS_FDCAN_REJECT_REMOTE(RejectRemoteStd));
1390:Drivers/STM32G4xx_HAL_Driver/Src/stm32g4xx_hal_fdcan.c ****   assert_param(IS_FDCAN_REJECT_REMOTE(RejectRemoteExt));
1391:Drivers/STM32G4xx_HAL_Driver/Src/stm32g4xx_hal_fdcan.c **** 
1392:Drivers/STM32G4xx_HAL_Driver/Src/stm32g4xx_hal_fdcan.c ****   if (hfdcan->State == HAL_FDCAN_STATE_READY)
1393:Drivers/STM32G4xx_HAL_Driver/Src/stm32g4xx_hal_fdcan.c ****   {
1394:Drivers/STM32G4xx_HAL_Driver/Src/stm32g4xx_hal_fdcan.c ****     /* Configure global filter */
1395:Drivers/STM32G4xx_HAL_Driver/Src/stm32g4xx_hal_fdcan.c ****     MODIFY_REG(hfdcan->Instance->RXGFC, (FDCAN_RXGFC_ANFS |
1396:Drivers/STM32G4xx_HAL_Driver/Src/stm32g4xx_hal_fdcan.c ****                                          FDCAN_RXGFC_ANFE |
1397:Drivers/STM32G4xx_HAL_Driver/Src/stm32g4xx_hal_fdcan.c ****                                          FDCAN_RXGFC_RRFS |
1398:Drivers/STM32G4xx_HAL_Driver/Src/stm32g4xx_hal_fdcan.c ****                                          FDCAN_RXGFC_RRFE),
ARM GAS  C:\Users\Booster\AppData\Local\Temp\ccYRDURW.s 			page 26


1399:Drivers/STM32G4xx_HAL_Driver/Src/stm32g4xx_hal_fdcan.c ****                ((NonMatchingStd << FDCAN_RXGFC_ANFS_Pos)  |
1400:Drivers/STM32G4xx_HAL_Driver/Src/stm32g4xx_hal_fdcan.c ****                 (NonMatchingExt << FDCAN_RXGFC_ANFE_Pos)  |
1401:Drivers/STM32G4xx_HAL_Driver/Src/stm32g4xx_hal_fdcan.c ****                 (RejectRemoteStd << FDCAN_RXGFC_RRFS_Pos) |
1402:Drivers/STM32G4xx_HAL_Driver/Src/stm32g4xx_hal_fdcan.c ****                 (RejectRemoteExt << FDCAN_RXGFC_RRFE_Pos)));
1403:Drivers/STM32G4xx_HAL_Driver/Src/stm32g4xx_hal_fdcan.c **** 
1404:Drivers/STM32G4xx_HAL_Driver/Src/stm32g4xx_hal_fdcan.c ****     /* Return function status */
1405:Drivers/STM32G4xx_HAL_Driver/Src/stm32g4xx_hal_fdcan.c ****     return HAL_OK;
1406:Drivers/STM32G4xx_HAL_Driver/Src/stm32g4xx_hal_fdcan.c ****   }
1407:Drivers/STM32G4xx_HAL_Driver/Src/stm32g4xx_hal_fdcan.c ****   else
1408:Drivers/STM32G4xx_HAL_Driver/Src/stm32g4xx_hal_fdcan.c ****   {
1409:Drivers/STM32G4xx_HAL_Driver/Src/stm32g4xx_hal_fdcan.c ****     /* Update error code */
1410:Drivers/STM32G4xx_HAL_Driver/Src/stm32g4xx_hal_fdcan.c ****     hfdcan->ErrorCode |= HAL_FDCAN_ERROR_NOT_READY;
1411:Drivers/STM32G4xx_HAL_Driver/Src/stm32g4xx_hal_fdcan.c **** 
1412:Drivers/STM32G4xx_HAL_Driver/Src/stm32g4xx_hal_fdcan.c ****     return HAL_ERROR;
1413:Drivers/STM32G4xx_HAL_Driver/Src/stm32g4xx_hal_fdcan.c ****   }
1414:Drivers/STM32G4xx_HAL_Driver/Src/stm32g4xx_hal_fdcan.c **** }
1415:Drivers/STM32G4xx_HAL_Driver/Src/stm32g4xx_hal_fdcan.c **** 
1416:Drivers/STM32G4xx_HAL_Driver/Src/stm32g4xx_hal_fdcan.c **** /**
1417:Drivers/STM32G4xx_HAL_Driver/Src/stm32g4xx_hal_fdcan.c ****   * @brief  Configure the extended ID mask.
1418:Drivers/STM32G4xx_HAL_Driver/Src/stm32g4xx_hal_fdcan.c ****   * @param  hfdcan pointer to an FDCAN_HandleTypeDef structure that contains
1419:Drivers/STM32G4xx_HAL_Driver/Src/stm32g4xx_hal_fdcan.c ****   *         the configuration information for the specified FDCAN.
1420:Drivers/STM32G4xx_HAL_Driver/Src/stm32g4xx_hal_fdcan.c ****   * @param  Mask Extended ID Mask.
1421:Drivers/STM32G4xx_HAL_Driver/Src/stm32g4xx_hal_fdcan.c ****   *         This parameter must be a number between 0 and 0x1FFFFFFF.
1422:Drivers/STM32G4xx_HAL_Driver/Src/stm32g4xx_hal_fdcan.c ****   * @retval HAL status
1423:Drivers/STM32G4xx_HAL_Driver/Src/stm32g4xx_hal_fdcan.c ****   */
1424:Drivers/STM32G4xx_HAL_Driver/Src/stm32g4xx_hal_fdcan.c **** HAL_StatusTypeDef HAL_FDCAN_ConfigExtendedIdMask(FDCAN_HandleTypeDef *hfdcan, uint32_t Mask)
1425:Drivers/STM32G4xx_HAL_Driver/Src/stm32g4xx_hal_fdcan.c **** {
1426:Drivers/STM32G4xx_HAL_Driver/Src/stm32g4xx_hal_fdcan.c ****   /* Check function parameters */
1427:Drivers/STM32G4xx_HAL_Driver/Src/stm32g4xx_hal_fdcan.c ****   assert_param(IS_FDCAN_MAX_VALUE(Mask, 0x1FFFFFFFU));
1428:Drivers/STM32G4xx_HAL_Driver/Src/stm32g4xx_hal_fdcan.c **** 
1429:Drivers/STM32G4xx_HAL_Driver/Src/stm32g4xx_hal_fdcan.c ****   if (hfdcan->State == HAL_FDCAN_STATE_READY)
1430:Drivers/STM32G4xx_HAL_Driver/Src/stm32g4xx_hal_fdcan.c ****   {
1431:Drivers/STM32G4xx_HAL_Driver/Src/stm32g4xx_hal_fdcan.c ****     /* Configure the extended ID mask */
1432:Drivers/STM32G4xx_HAL_Driver/Src/stm32g4xx_hal_fdcan.c ****     hfdcan->Instance->XIDAM = Mask;
1433:Drivers/STM32G4xx_HAL_Driver/Src/stm32g4xx_hal_fdcan.c **** 
1434:Drivers/STM32G4xx_HAL_Driver/Src/stm32g4xx_hal_fdcan.c ****     /* Return function status */
1435:Drivers/STM32G4xx_HAL_Driver/Src/stm32g4xx_hal_fdcan.c ****     return HAL_OK;
1436:Drivers/STM32G4xx_HAL_Driver/Src/stm32g4xx_hal_fdcan.c ****   }
1437:Drivers/STM32G4xx_HAL_Driver/Src/stm32g4xx_hal_fdcan.c ****   else
1438:Drivers/STM32G4xx_HAL_Driver/Src/stm32g4xx_hal_fdcan.c ****   {
1439:Drivers/STM32G4xx_HAL_Driver/Src/stm32g4xx_hal_fdcan.c ****     /* Update error code */
1440:Drivers/STM32G4xx_HAL_Driver/Src/stm32g4xx_hal_fdcan.c ****     hfdcan->ErrorCode |= HAL_FDCAN_ERROR_NOT_READY;
1441:Drivers/STM32G4xx_HAL_Driver/Src/stm32g4xx_hal_fdcan.c **** 
1442:Drivers/STM32G4xx_HAL_Driver/Src/stm32g4xx_hal_fdcan.c ****     return HAL_ERROR;
1443:Drivers/STM32G4xx_HAL_Driver/Src/stm32g4xx_hal_fdcan.c ****   }
1444:Drivers/STM32G4xx_HAL_Driver/Src/stm32g4xx_hal_fdcan.c **** }
1445:Drivers/STM32G4xx_HAL_Driver/Src/stm32g4xx_hal_fdcan.c **** 
1446:Drivers/STM32G4xx_HAL_Driver/Src/stm32g4xx_hal_fdcan.c **** /**
1447:Drivers/STM32G4xx_HAL_Driver/Src/stm32g4xx_hal_fdcan.c ****   * @brief  Configure the Rx FIFO operation mode.
1448:Drivers/STM32G4xx_HAL_Driver/Src/stm32g4xx_hal_fdcan.c ****   * @param  hfdcan pointer to an FDCAN_HandleTypeDef structure that contains
1449:Drivers/STM32G4xx_HAL_Driver/Src/stm32g4xx_hal_fdcan.c ****   *         the configuration information for the specified FDCAN.
1450:Drivers/STM32G4xx_HAL_Driver/Src/stm32g4xx_hal_fdcan.c ****   * @param  RxFifo Rx FIFO.
1451:Drivers/STM32G4xx_HAL_Driver/Src/stm32g4xx_hal_fdcan.c ****   *         This parameter can be one of the following values:
1452:Drivers/STM32G4xx_HAL_Driver/Src/stm32g4xx_hal_fdcan.c ****   *           @arg FDCAN_RX_FIFO0: Rx FIFO 0
1453:Drivers/STM32G4xx_HAL_Driver/Src/stm32g4xx_hal_fdcan.c ****   *           @arg FDCAN_RX_FIFO1: Rx FIFO 1
1454:Drivers/STM32G4xx_HAL_Driver/Src/stm32g4xx_hal_fdcan.c ****   * @param  OperationMode operation mode.
1455:Drivers/STM32G4xx_HAL_Driver/Src/stm32g4xx_hal_fdcan.c ****   *         This parameter can be a value of @arg FDCAN_Rx_FIFO_operation_mode.
ARM GAS  C:\Users\Booster\AppData\Local\Temp\ccYRDURW.s 			page 27


1456:Drivers/STM32G4xx_HAL_Driver/Src/stm32g4xx_hal_fdcan.c ****   * @retval HAL status
1457:Drivers/STM32G4xx_HAL_Driver/Src/stm32g4xx_hal_fdcan.c ****   */
1458:Drivers/STM32G4xx_HAL_Driver/Src/stm32g4xx_hal_fdcan.c **** HAL_StatusTypeDef HAL_FDCAN_ConfigRxFifoOverwrite(FDCAN_HandleTypeDef *hfdcan, uint32_t RxFifo, uin
1459:Drivers/STM32G4xx_HAL_Driver/Src/stm32g4xx_hal_fdcan.c **** {
1460:Drivers/STM32G4xx_HAL_Driver/Src/stm32g4xx_hal_fdcan.c ****   /* Check function parameters */
1461:Drivers/STM32G4xx_HAL_Driver/Src/stm32g4xx_hal_fdcan.c ****   assert_param(IS_FDCAN_RX_FIFO(RxFifo));
1462:Drivers/STM32G4xx_HAL_Driver/Src/stm32g4xx_hal_fdcan.c ****   assert_param(IS_FDCAN_RX_FIFO_MODE(OperationMode));
1463:Drivers/STM32G4xx_HAL_Driver/Src/stm32g4xx_hal_fdcan.c **** 
1464:Drivers/STM32G4xx_HAL_Driver/Src/stm32g4xx_hal_fdcan.c ****   if (hfdcan->State == HAL_FDCAN_STATE_READY)
1465:Drivers/STM32G4xx_HAL_Driver/Src/stm32g4xx_hal_fdcan.c ****   {
1466:Drivers/STM32G4xx_HAL_Driver/Src/stm32g4xx_hal_fdcan.c ****     if (RxFifo == FDCAN_RX_FIFO0)
1467:Drivers/STM32G4xx_HAL_Driver/Src/stm32g4xx_hal_fdcan.c ****     {
1468:Drivers/STM32G4xx_HAL_Driver/Src/stm32g4xx_hal_fdcan.c ****       /* Select FIFO 0 Operation Mode */
1469:Drivers/STM32G4xx_HAL_Driver/Src/stm32g4xx_hal_fdcan.c ****       MODIFY_REG(hfdcan->Instance->RXGFC, FDCAN_RXGFC_F0OM, (OperationMode << FDCAN_RXGFC_F0OM_Pos)
1470:Drivers/STM32G4xx_HAL_Driver/Src/stm32g4xx_hal_fdcan.c ****     }
1471:Drivers/STM32G4xx_HAL_Driver/Src/stm32g4xx_hal_fdcan.c ****     else /* RxFifo == FDCAN_RX_FIFO1 */
1472:Drivers/STM32G4xx_HAL_Driver/Src/stm32g4xx_hal_fdcan.c ****     {
1473:Drivers/STM32G4xx_HAL_Driver/Src/stm32g4xx_hal_fdcan.c ****       /* Select FIFO 1 Operation Mode */
1474:Drivers/STM32G4xx_HAL_Driver/Src/stm32g4xx_hal_fdcan.c ****       MODIFY_REG(hfdcan->Instance->RXGFC, FDCAN_RXGFC_F1OM, (OperationMode << FDCAN_RXGFC_F1OM_Pos)
1475:Drivers/STM32G4xx_HAL_Driver/Src/stm32g4xx_hal_fdcan.c ****     }
1476:Drivers/STM32G4xx_HAL_Driver/Src/stm32g4xx_hal_fdcan.c **** 
1477:Drivers/STM32G4xx_HAL_Driver/Src/stm32g4xx_hal_fdcan.c ****     /* Return function status */
1478:Drivers/STM32G4xx_HAL_Driver/Src/stm32g4xx_hal_fdcan.c ****     return HAL_OK;
1479:Drivers/STM32G4xx_HAL_Driver/Src/stm32g4xx_hal_fdcan.c ****   }
1480:Drivers/STM32G4xx_HAL_Driver/Src/stm32g4xx_hal_fdcan.c ****   else
1481:Drivers/STM32G4xx_HAL_Driver/Src/stm32g4xx_hal_fdcan.c ****   {
1482:Drivers/STM32G4xx_HAL_Driver/Src/stm32g4xx_hal_fdcan.c ****     /* Update error code */
1483:Drivers/STM32G4xx_HAL_Driver/Src/stm32g4xx_hal_fdcan.c ****     hfdcan->ErrorCode |= HAL_FDCAN_ERROR_NOT_READY;
1484:Drivers/STM32G4xx_HAL_Driver/Src/stm32g4xx_hal_fdcan.c **** 
1485:Drivers/STM32G4xx_HAL_Driver/Src/stm32g4xx_hal_fdcan.c ****     return HAL_ERROR;
1486:Drivers/STM32G4xx_HAL_Driver/Src/stm32g4xx_hal_fdcan.c ****   }
1487:Drivers/STM32G4xx_HAL_Driver/Src/stm32g4xx_hal_fdcan.c **** }
1488:Drivers/STM32G4xx_HAL_Driver/Src/stm32g4xx_hal_fdcan.c **** 
1489:Drivers/STM32G4xx_HAL_Driver/Src/stm32g4xx_hal_fdcan.c **** /**
1490:Drivers/STM32G4xx_HAL_Driver/Src/stm32g4xx_hal_fdcan.c ****   * @brief  Configure the RAM watchdog.
1491:Drivers/STM32G4xx_HAL_Driver/Src/stm32g4xx_hal_fdcan.c ****   * @param  hfdcan pointer to an FDCAN_HandleTypeDef structure that contains
1492:Drivers/STM32G4xx_HAL_Driver/Src/stm32g4xx_hal_fdcan.c ****   *         the configuration information for the specified FDCAN.
1493:Drivers/STM32G4xx_HAL_Driver/Src/stm32g4xx_hal_fdcan.c ****   * @param  CounterStartValue Start value of the Message RAM Watchdog Counter,
1494:Drivers/STM32G4xx_HAL_Driver/Src/stm32g4xx_hal_fdcan.c ****   *         This parameter must be a number between 0x00 and 0xFF,
1495:Drivers/STM32G4xx_HAL_Driver/Src/stm32g4xx_hal_fdcan.c ****   *         with the reset value of 0x00 the counter is disabled.
1496:Drivers/STM32G4xx_HAL_Driver/Src/stm32g4xx_hal_fdcan.c ****   * @retval HAL status
1497:Drivers/STM32G4xx_HAL_Driver/Src/stm32g4xx_hal_fdcan.c ****   */
1498:Drivers/STM32G4xx_HAL_Driver/Src/stm32g4xx_hal_fdcan.c **** HAL_StatusTypeDef HAL_FDCAN_ConfigRamWatchdog(FDCAN_HandleTypeDef *hfdcan, uint32_t CounterStartVal
1499:Drivers/STM32G4xx_HAL_Driver/Src/stm32g4xx_hal_fdcan.c **** {
1500:Drivers/STM32G4xx_HAL_Driver/Src/stm32g4xx_hal_fdcan.c ****   /* Check function parameters */
1501:Drivers/STM32G4xx_HAL_Driver/Src/stm32g4xx_hal_fdcan.c ****   assert_param(IS_FDCAN_MAX_VALUE(CounterStartValue, 0xFFU));
1502:Drivers/STM32G4xx_HAL_Driver/Src/stm32g4xx_hal_fdcan.c **** 
1503:Drivers/STM32G4xx_HAL_Driver/Src/stm32g4xx_hal_fdcan.c ****   if (hfdcan->State == HAL_FDCAN_STATE_READY)
1504:Drivers/STM32G4xx_HAL_Driver/Src/stm32g4xx_hal_fdcan.c ****   {
1505:Drivers/STM32G4xx_HAL_Driver/Src/stm32g4xx_hal_fdcan.c ****     /* Configure the RAM watchdog counter start value */
1506:Drivers/STM32G4xx_HAL_Driver/Src/stm32g4xx_hal_fdcan.c ****     MODIFY_REG(hfdcan->Instance->RWD, FDCAN_RWD_WDC, CounterStartValue);
1507:Drivers/STM32G4xx_HAL_Driver/Src/stm32g4xx_hal_fdcan.c **** 
1508:Drivers/STM32G4xx_HAL_Driver/Src/stm32g4xx_hal_fdcan.c ****     /* Return function status */
1509:Drivers/STM32G4xx_HAL_Driver/Src/stm32g4xx_hal_fdcan.c ****     return HAL_OK;
1510:Drivers/STM32G4xx_HAL_Driver/Src/stm32g4xx_hal_fdcan.c ****   }
1511:Drivers/STM32G4xx_HAL_Driver/Src/stm32g4xx_hal_fdcan.c ****   else
1512:Drivers/STM32G4xx_HAL_Driver/Src/stm32g4xx_hal_fdcan.c ****   {
ARM GAS  C:\Users\Booster\AppData\Local\Temp\ccYRDURW.s 			page 28


1513:Drivers/STM32G4xx_HAL_Driver/Src/stm32g4xx_hal_fdcan.c ****     /* Update error code */
1514:Drivers/STM32G4xx_HAL_Driver/Src/stm32g4xx_hal_fdcan.c ****     hfdcan->ErrorCode |= HAL_FDCAN_ERROR_NOT_READY;
1515:Drivers/STM32G4xx_HAL_Driver/Src/stm32g4xx_hal_fdcan.c **** 
1516:Drivers/STM32G4xx_HAL_Driver/Src/stm32g4xx_hal_fdcan.c ****     return HAL_ERROR;
1517:Drivers/STM32G4xx_HAL_Driver/Src/stm32g4xx_hal_fdcan.c ****   }
1518:Drivers/STM32G4xx_HAL_Driver/Src/stm32g4xx_hal_fdcan.c **** }
1519:Drivers/STM32G4xx_HAL_Driver/Src/stm32g4xx_hal_fdcan.c **** 
1520:Drivers/STM32G4xx_HAL_Driver/Src/stm32g4xx_hal_fdcan.c **** /**
1521:Drivers/STM32G4xx_HAL_Driver/Src/stm32g4xx_hal_fdcan.c ****   * @brief  Configure the timestamp counter.
1522:Drivers/STM32G4xx_HAL_Driver/Src/stm32g4xx_hal_fdcan.c ****   * @param  hfdcan pointer to an FDCAN_HandleTypeDef structure that contains
1523:Drivers/STM32G4xx_HAL_Driver/Src/stm32g4xx_hal_fdcan.c ****   *         the configuration information for the specified FDCAN.
1524:Drivers/STM32G4xx_HAL_Driver/Src/stm32g4xx_hal_fdcan.c ****   * @param  TimestampPrescaler Timestamp Counter Prescaler.
1525:Drivers/STM32G4xx_HAL_Driver/Src/stm32g4xx_hal_fdcan.c ****   *         This parameter can be a value of @arg FDCAN_Timestamp_Prescaler.
1526:Drivers/STM32G4xx_HAL_Driver/Src/stm32g4xx_hal_fdcan.c ****   * @retval HAL status
1527:Drivers/STM32G4xx_HAL_Driver/Src/stm32g4xx_hal_fdcan.c ****   */
1528:Drivers/STM32G4xx_HAL_Driver/Src/stm32g4xx_hal_fdcan.c **** HAL_StatusTypeDef HAL_FDCAN_ConfigTimestampCounter(FDCAN_HandleTypeDef *hfdcan, uint32_t TimestampP
1529:Drivers/STM32G4xx_HAL_Driver/Src/stm32g4xx_hal_fdcan.c **** {
1530:Drivers/STM32G4xx_HAL_Driver/Src/stm32g4xx_hal_fdcan.c ****   /* Check function parameters */
1531:Drivers/STM32G4xx_HAL_Driver/Src/stm32g4xx_hal_fdcan.c ****   assert_param(IS_FDCAN_TIMESTAMP_PRESCALER(TimestampPrescaler));
1532:Drivers/STM32G4xx_HAL_Driver/Src/stm32g4xx_hal_fdcan.c **** 
1533:Drivers/STM32G4xx_HAL_Driver/Src/stm32g4xx_hal_fdcan.c ****   if (hfdcan->State == HAL_FDCAN_STATE_READY)
1534:Drivers/STM32G4xx_HAL_Driver/Src/stm32g4xx_hal_fdcan.c ****   {
1535:Drivers/STM32G4xx_HAL_Driver/Src/stm32g4xx_hal_fdcan.c ****     /* Configure prescaler */
1536:Drivers/STM32G4xx_HAL_Driver/Src/stm32g4xx_hal_fdcan.c ****     MODIFY_REG(hfdcan->Instance->TSCC, FDCAN_TSCC_TCP, TimestampPrescaler);
1537:Drivers/STM32G4xx_HAL_Driver/Src/stm32g4xx_hal_fdcan.c **** 
1538:Drivers/STM32G4xx_HAL_Driver/Src/stm32g4xx_hal_fdcan.c ****     /* Return function status */
1539:Drivers/STM32G4xx_HAL_Driver/Src/stm32g4xx_hal_fdcan.c ****     return HAL_OK;
1540:Drivers/STM32G4xx_HAL_Driver/Src/stm32g4xx_hal_fdcan.c ****   }
1541:Drivers/STM32G4xx_HAL_Driver/Src/stm32g4xx_hal_fdcan.c ****   else
1542:Drivers/STM32G4xx_HAL_Driver/Src/stm32g4xx_hal_fdcan.c ****   {
1543:Drivers/STM32G4xx_HAL_Driver/Src/stm32g4xx_hal_fdcan.c ****     /* Update error code */
1544:Drivers/STM32G4xx_HAL_Driver/Src/stm32g4xx_hal_fdcan.c ****     hfdcan->ErrorCode |= HAL_FDCAN_ERROR_NOT_READY;
1545:Drivers/STM32G4xx_HAL_Driver/Src/stm32g4xx_hal_fdcan.c **** 
1546:Drivers/STM32G4xx_HAL_Driver/Src/stm32g4xx_hal_fdcan.c ****     return HAL_ERROR;
1547:Drivers/STM32G4xx_HAL_Driver/Src/stm32g4xx_hal_fdcan.c ****   }
1548:Drivers/STM32G4xx_HAL_Driver/Src/stm32g4xx_hal_fdcan.c **** }
1549:Drivers/STM32G4xx_HAL_Driver/Src/stm32g4xx_hal_fdcan.c **** 
1550:Drivers/STM32G4xx_HAL_Driver/Src/stm32g4xx_hal_fdcan.c **** /**
1551:Drivers/STM32G4xx_HAL_Driver/Src/stm32g4xx_hal_fdcan.c ****   * @brief  Enable the timestamp counter.
1552:Drivers/STM32G4xx_HAL_Driver/Src/stm32g4xx_hal_fdcan.c ****   * @param  hfdcan pointer to an FDCAN_HandleTypeDef structure that contains
1553:Drivers/STM32G4xx_HAL_Driver/Src/stm32g4xx_hal_fdcan.c ****   *         the configuration information for the specified FDCAN.
1554:Drivers/STM32G4xx_HAL_Driver/Src/stm32g4xx_hal_fdcan.c ****   * @param  TimestampOperation Timestamp counter operation.
1555:Drivers/STM32G4xx_HAL_Driver/Src/stm32g4xx_hal_fdcan.c ****   *         This parameter can be a value of @arg FDCAN_Timestamp.
1556:Drivers/STM32G4xx_HAL_Driver/Src/stm32g4xx_hal_fdcan.c ****   * @retval HAL status
1557:Drivers/STM32G4xx_HAL_Driver/Src/stm32g4xx_hal_fdcan.c ****   */
1558:Drivers/STM32G4xx_HAL_Driver/Src/stm32g4xx_hal_fdcan.c **** HAL_StatusTypeDef HAL_FDCAN_EnableTimestampCounter(FDCAN_HandleTypeDef *hfdcan, uint32_t TimestampO
1559:Drivers/STM32G4xx_HAL_Driver/Src/stm32g4xx_hal_fdcan.c **** {
1560:Drivers/STM32G4xx_HAL_Driver/Src/stm32g4xx_hal_fdcan.c ****   /* Check function parameters */
1561:Drivers/STM32G4xx_HAL_Driver/Src/stm32g4xx_hal_fdcan.c ****   assert_param(IS_FDCAN_TIMESTAMP(TimestampOperation));
1562:Drivers/STM32G4xx_HAL_Driver/Src/stm32g4xx_hal_fdcan.c **** 
1563:Drivers/STM32G4xx_HAL_Driver/Src/stm32g4xx_hal_fdcan.c ****   if (hfdcan->State == HAL_FDCAN_STATE_READY)
1564:Drivers/STM32G4xx_HAL_Driver/Src/stm32g4xx_hal_fdcan.c ****   {
1565:Drivers/STM32G4xx_HAL_Driver/Src/stm32g4xx_hal_fdcan.c ****     /* Enable timestamp counter */
1566:Drivers/STM32G4xx_HAL_Driver/Src/stm32g4xx_hal_fdcan.c ****     MODIFY_REG(hfdcan->Instance->TSCC, FDCAN_TSCC_TSS, TimestampOperation);
1567:Drivers/STM32G4xx_HAL_Driver/Src/stm32g4xx_hal_fdcan.c **** 
1568:Drivers/STM32G4xx_HAL_Driver/Src/stm32g4xx_hal_fdcan.c ****     /* Return function status */
1569:Drivers/STM32G4xx_HAL_Driver/Src/stm32g4xx_hal_fdcan.c ****     return HAL_OK;
ARM GAS  C:\Users\Booster\AppData\Local\Temp\ccYRDURW.s 			page 29


1570:Drivers/STM32G4xx_HAL_Driver/Src/stm32g4xx_hal_fdcan.c ****   }
1571:Drivers/STM32G4xx_HAL_Driver/Src/stm32g4xx_hal_fdcan.c ****   else
1572:Drivers/STM32G4xx_HAL_Driver/Src/stm32g4xx_hal_fdcan.c ****   {
1573:Drivers/STM32G4xx_HAL_Driver/Src/stm32g4xx_hal_fdcan.c ****     /* Update error code */
1574:Drivers/STM32G4xx_HAL_Driver/Src/stm32g4xx_hal_fdcan.c ****     hfdcan->ErrorCode |= HAL_FDCAN_ERROR_NOT_READY;
1575:Drivers/STM32G4xx_HAL_Driver/Src/stm32g4xx_hal_fdcan.c **** 
1576:Drivers/STM32G4xx_HAL_Driver/Src/stm32g4xx_hal_fdcan.c ****     return HAL_ERROR;
1577:Drivers/STM32G4xx_HAL_Driver/Src/stm32g4xx_hal_fdcan.c ****   }
1578:Drivers/STM32G4xx_HAL_Driver/Src/stm32g4xx_hal_fdcan.c **** }
1579:Drivers/STM32G4xx_HAL_Driver/Src/stm32g4xx_hal_fdcan.c **** 
1580:Drivers/STM32G4xx_HAL_Driver/Src/stm32g4xx_hal_fdcan.c **** /**
1581:Drivers/STM32G4xx_HAL_Driver/Src/stm32g4xx_hal_fdcan.c ****   * @brief  Disable the timestamp counter.
1582:Drivers/STM32G4xx_HAL_Driver/Src/stm32g4xx_hal_fdcan.c ****   * @param  hfdcan pointer to an FDCAN_HandleTypeDef structure that contains
1583:Drivers/STM32G4xx_HAL_Driver/Src/stm32g4xx_hal_fdcan.c ****   *         the configuration information for the specified FDCAN.
1584:Drivers/STM32G4xx_HAL_Driver/Src/stm32g4xx_hal_fdcan.c ****   * @retval HAL status
1585:Drivers/STM32G4xx_HAL_Driver/Src/stm32g4xx_hal_fdcan.c ****   */
1586:Drivers/STM32G4xx_HAL_Driver/Src/stm32g4xx_hal_fdcan.c **** HAL_StatusTypeDef HAL_FDCAN_DisableTimestampCounter(FDCAN_HandleTypeDef *hfdcan)
1587:Drivers/STM32G4xx_HAL_Driver/Src/stm32g4xx_hal_fdcan.c **** {
1588:Drivers/STM32G4xx_HAL_Driver/Src/stm32g4xx_hal_fdcan.c ****   if (hfdcan->State == HAL_FDCAN_STATE_READY)
1589:Drivers/STM32G4xx_HAL_Driver/Src/stm32g4xx_hal_fdcan.c ****   {
1590:Drivers/STM32G4xx_HAL_Driver/Src/stm32g4xx_hal_fdcan.c ****     /* Disable timestamp counter */
1591:Drivers/STM32G4xx_HAL_Driver/Src/stm32g4xx_hal_fdcan.c ****     CLEAR_BIT(hfdcan->Instance->TSCC, FDCAN_TSCC_TSS);
1592:Drivers/STM32G4xx_HAL_Driver/Src/stm32g4xx_hal_fdcan.c **** 
1593:Drivers/STM32G4xx_HAL_Driver/Src/stm32g4xx_hal_fdcan.c ****     /* Return function status */
1594:Drivers/STM32G4xx_HAL_Driver/Src/stm32g4xx_hal_fdcan.c ****     return HAL_OK;
1595:Drivers/STM32G4xx_HAL_Driver/Src/stm32g4xx_hal_fdcan.c ****   }
1596:Drivers/STM32G4xx_HAL_Driver/Src/stm32g4xx_hal_fdcan.c ****   else
1597:Drivers/STM32G4xx_HAL_Driver/Src/stm32g4xx_hal_fdcan.c ****   {
1598:Drivers/STM32G4xx_HAL_Driver/Src/stm32g4xx_hal_fdcan.c ****     /* Update error code */
1599:Drivers/STM32G4xx_HAL_Driver/Src/stm32g4xx_hal_fdcan.c ****     hfdcan->ErrorCode |= HAL_FDCAN_ERROR_NOT_READY;
1600:Drivers/STM32G4xx_HAL_Driver/Src/stm32g4xx_hal_fdcan.c **** 
1601:Drivers/STM32G4xx_HAL_Driver/Src/stm32g4xx_hal_fdcan.c ****     return HAL_ERROR;
1602:Drivers/STM32G4xx_HAL_Driver/Src/stm32g4xx_hal_fdcan.c ****   }
1603:Drivers/STM32G4xx_HAL_Driver/Src/stm32g4xx_hal_fdcan.c **** }
1604:Drivers/STM32G4xx_HAL_Driver/Src/stm32g4xx_hal_fdcan.c **** 
1605:Drivers/STM32G4xx_HAL_Driver/Src/stm32g4xx_hal_fdcan.c **** /**
1606:Drivers/STM32G4xx_HAL_Driver/Src/stm32g4xx_hal_fdcan.c ****   * @brief  Get the timestamp counter value.
1607:Drivers/STM32G4xx_HAL_Driver/Src/stm32g4xx_hal_fdcan.c ****   * @param  hfdcan pointer to an FDCAN_HandleTypeDef structure that contains
1608:Drivers/STM32G4xx_HAL_Driver/Src/stm32g4xx_hal_fdcan.c ****   *         the configuration information for the specified FDCAN.
1609:Drivers/STM32G4xx_HAL_Driver/Src/stm32g4xx_hal_fdcan.c ****   * @retval Timestamp counter value
1610:Drivers/STM32G4xx_HAL_Driver/Src/stm32g4xx_hal_fdcan.c ****   */
1611:Drivers/STM32G4xx_HAL_Driver/Src/stm32g4xx_hal_fdcan.c **** uint16_t HAL_FDCAN_GetTimestampCounter(const FDCAN_HandleTypeDef *hfdcan)
1612:Drivers/STM32G4xx_HAL_Driver/Src/stm32g4xx_hal_fdcan.c **** {
1613:Drivers/STM32G4xx_HAL_Driver/Src/stm32g4xx_hal_fdcan.c ****   return (uint16_t)(hfdcan->Instance->TSCV);
1614:Drivers/STM32G4xx_HAL_Driver/Src/stm32g4xx_hal_fdcan.c **** }
1615:Drivers/STM32G4xx_HAL_Driver/Src/stm32g4xx_hal_fdcan.c **** 
1616:Drivers/STM32G4xx_HAL_Driver/Src/stm32g4xx_hal_fdcan.c **** /**
1617:Drivers/STM32G4xx_HAL_Driver/Src/stm32g4xx_hal_fdcan.c ****   * @brief  Reset the timestamp counter to zero.
1618:Drivers/STM32G4xx_HAL_Driver/Src/stm32g4xx_hal_fdcan.c ****   * @param  hfdcan pointer to an FDCAN_HandleTypeDef structure that contains
1619:Drivers/STM32G4xx_HAL_Driver/Src/stm32g4xx_hal_fdcan.c ****   *         the configuration information for the specified FDCAN.
1620:Drivers/STM32G4xx_HAL_Driver/Src/stm32g4xx_hal_fdcan.c ****   * @retval HAL status
1621:Drivers/STM32G4xx_HAL_Driver/Src/stm32g4xx_hal_fdcan.c ****   */
1622:Drivers/STM32G4xx_HAL_Driver/Src/stm32g4xx_hal_fdcan.c **** HAL_StatusTypeDef HAL_FDCAN_ResetTimestampCounter(FDCAN_HandleTypeDef *hfdcan)
1623:Drivers/STM32G4xx_HAL_Driver/Src/stm32g4xx_hal_fdcan.c **** {
1624:Drivers/STM32G4xx_HAL_Driver/Src/stm32g4xx_hal_fdcan.c ****   if ((hfdcan->Instance->TSCC & FDCAN_TSCC_TSS) != FDCAN_TIMESTAMP_EXTERNAL)
1625:Drivers/STM32G4xx_HAL_Driver/Src/stm32g4xx_hal_fdcan.c ****   {
1626:Drivers/STM32G4xx_HAL_Driver/Src/stm32g4xx_hal_fdcan.c ****     /* Reset timestamp counter.
ARM GAS  C:\Users\Booster\AppData\Local\Temp\ccYRDURW.s 			page 30


1627:Drivers/STM32G4xx_HAL_Driver/Src/stm32g4xx_hal_fdcan.c ****        Actually any write operation to TSCV clears the counter */
1628:Drivers/STM32G4xx_HAL_Driver/Src/stm32g4xx_hal_fdcan.c ****     CLEAR_REG(hfdcan->Instance->TSCV);
1629:Drivers/STM32G4xx_HAL_Driver/Src/stm32g4xx_hal_fdcan.c ****   }
1630:Drivers/STM32G4xx_HAL_Driver/Src/stm32g4xx_hal_fdcan.c ****   else
1631:Drivers/STM32G4xx_HAL_Driver/Src/stm32g4xx_hal_fdcan.c ****   {
1632:Drivers/STM32G4xx_HAL_Driver/Src/stm32g4xx_hal_fdcan.c ****     /* Update error code.
1633:Drivers/STM32G4xx_HAL_Driver/Src/stm32g4xx_hal_fdcan.c ****        Unable to reset external counter */
1634:Drivers/STM32G4xx_HAL_Driver/Src/stm32g4xx_hal_fdcan.c ****     hfdcan->ErrorCode |= HAL_FDCAN_ERROR_NOT_SUPPORTED;
1635:Drivers/STM32G4xx_HAL_Driver/Src/stm32g4xx_hal_fdcan.c **** 
1636:Drivers/STM32G4xx_HAL_Driver/Src/stm32g4xx_hal_fdcan.c ****     return HAL_ERROR;
1637:Drivers/STM32G4xx_HAL_Driver/Src/stm32g4xx_hal_fdcan.c ****   }
1638:Drivers/STM32G4xx_HAL_Driver/Src/stm32g4xx_hal_fdcan.c **** 
1639:Drivers/STM32G4xx_HAL_Driver/Src/stm32g4xx_hal_fdcan.c ****   /* Return function status */
1640:Drivers/STM32G4xx_HAL_Driver/Src/stm32g4xx_hal_fdcan.c ****   return HAL_OK;
1641:Drivers/STM32G4xx_HAL_Driver/Src/stm32g4xx_hal_fdcan.c **** }
1642:Drivers/STM32G4xx_HAL_Driver/Src/stm32g4xx_hal_fdcan.c **** 
1643:Drivers/STM32G4xx_HAL_Driver/Src/stm32g4xx_hal_fdcan.c **** /**
1644:Drivers/STM32G4xx_HAL_Driver/Src/stm32g4xx_hal_fdcan.c ****   * @brief  Configure the timeout counter.
1645:Drivers/STM32G4xx_HAL_Driver/Src/stm32g4xx_hal_fdcan.c ****   * @param  hfdcan pointer to an FDCAN_HandleTypeDef structure that contains
1646:Drivers/STM32G4xx_HAL_Driver/Src/stm32g4xx_hal_fdcan.c ****   *         the configuration information for the specified FDCAN.
1647:Drivers/STM32G4xx_HAL_Driver/Src/stm32g4xx_hal_fdcan.c ****   * @param  TimeoutOperation Timeout counter operation.
1648:Drivers/STM32G4xx_HAL_Driver/Src/stm32g4xx_hal_fdcan.c ****   *         This parameter can be a value of @arg FDCAN_Timeout_Operation.
1649:Drivers/STM32G4xx_HAL_Driver/Src/stm32g4xx_hal_fdcan.c ****   * @param  TimeoutPeriod Start value of the timeout down-counter.
1650:Drivers/STM32G4xx_HAL_Driver/Src/stm32g4xx_hal_fdcan.c ****   *         This parameter must be a number between 0x0000 and 0xFFFF
1651:Drivers/STM32G4xx_HAL_Driver/Src/stm32g4xx_hal_fdcan.c ****   * @retval HAL status
1652:Drivers/STM32G4xx_HAL_Driver/Src/stm32g4xx_hal_fdcan.c ****   */
1653:Drivers/STM32G4xx_HAL_Driver/Src/stm32g4xx_hal_fdcan.c **** HAL_StatusTypeDef HAL_FDCAN_ConfigTimeoutCounter(FDCAN_HandleTypeDef *hfdcan, uint32_t TimeoutOpera
1654:Drivers/STM32G4xx_HAL_Driver/Src/stm32g4xx_hal_fdcan.c ****                                                  uint32_t TimeoutPeriod)
1655:Drivers/STM32G4xx_HAL_Driver/Src/stm32g4xx_hal_fdcan.c **** {
1656:Drivers/STM32G4xx_HAL_Driver/Src/stm32g4xx_hal_fdcan.c ****   /* Check function parameters */
1657:Drivers/STM32G4xx_HAL_Driver/Src/stm32g4xx_hal_fdcan.c ****   assert_param(IS_FDCAN_TIMEOUT(TimeoutOperation));
1658:Drivers/STM32G4xx_HAL_Driver/Src/stm32g4xx_hal_fdcan.c ****   assert_param(IS_FDCAN_MAX_VALUE(TimeoutPeriod, 0xFFFFU));
1659:Drivers/STM32G4xx_HAL_Driver/Src/stm32g4xx_hal_fdcan.c **** 
1660:Drivers/STM32G4xx_HAL_Driver/Src/stm32g4xx_hal_fdcan.c ****   if (hfdcan->State == HAL_FDCAN_STATE_READY)
1661:Drivers/STM32G4xx_HAL_Driver/Src/stm32g4xx_hal_fdcan.c ****   {
1662:Drivers/STM32G4xx_HAL_Driver/Src/stm32g4xx_hal_fdcan.c ****     /* Select timeout operation and configure period */
1663:Drivers/STM32G4xx_HAL_Driver/Src/stm32g4xx_hal_fdcan.c ****     MODIFY_REG(hfdcan->Instance->TOCC,
1664:Drivers/STM32G4xx_HAL_Driver/Src/stm32g4xx_hal_fdcan.c ****                (FDCAN_TOCC_TOS | FDCAN_TOCC_TOP), (TimeoutOperation | (TimeoutPeriod << FDCAN_TOCC_
1665:Drivers/STM32G4xx_HAL_Driver/Src/stm32g4xx_hal_fdcan.c **** 
1666:Drivers/STM32G4xx_HAL_Driver/Src/stm32g4xx_hal_fdcan.c ****     /* Return function status */
1667:Drivers/STM32G4xx_HAL_Driver/Src/stm32g4xx_hal_fdcan.c ****     return HAL_OK;
1668:Drivers/STM32G4xx_HAL_Driver/Src/stm32g4xx_hal_fdcan.c ****   }
1669:Drivers/STM32G4xx_HAL_Driver/Src/stm32g4xx_hal_fdcan.c ****   else
1670:Drivers/STM32G4xx_HAL_Driver/Src/stm32g4xx_hal_fdcan.c ****   {
1671:Drivers/STM32G4xx_HAL_Driver/Src/stm32g4xx_hal_fdcan.c ****     /* Update error code */
1672:Drivers/STM32G4xx_HAL_Driver/Src/stm32g4xx_hal_fdcan.c ****     hfdcan->ErrorCode |= HAL_FDCAN_ERROR_NOT_READY;
1673:Drivers/STM32G4xx_HAL_Driver/Src/stm32g4xx_hal_fdcan.c **** 
1674:Drivers/STM32G4xx_HAL_Driver/Src/stm32g4xx_hal_fdcan.c ****     return HAL_ERROR;
1675:Drivers/STM32G4xx_HAL_Driver/Src/stm32g4xx_hal_fdcan.c ****   }
1676:Drivers/STM32G4xx_HAL_Driver/Src/stm32g4xx_hal_fdcan.c **** }
1677:Drivers/STM32G4xx_HAL_Driver/Src/stm32g4xx_hal_fdcan.c **** 
1678:Drivers/STM32G4xx_HAL_Driver/Src/stm32g4xx_hal_fdcan.c **** /**
1679:Drivers/STM32G4xx_HAL_Driver/Src/stm32g4xx_hal_fdcan.c ****   * @brief  Enable the timeout counter.
1680:Drivers/STM32G4xx_HAL_Driver/Src/stm32g4xx_hal_fdcan.c ****   * @param  hfdcan pointer to an FDCAN_HandleTypeDef structure that contains
1681:Drivers/STM32G4xx_HAL_Driver/Src/stm32g4xx_hal_fdcan.c ****   *         the configuration information for the specified FDCAN.
1682:Drivers/STM32G4xx_HAL_Driver/Src/stm32g4xx_hal_fdcan.c ****   * @retval HAL status
1683:Drivers/STM32G4xx_HAL_Driver/Src/stm32g4xx_hal_fdcan.c ****   */
ARM GAS  C:\Users\Booster\AppData\Local\Temp\ccYRDURW.s 			page 31


1684:Drivers/STM32G4xx_HAL_Driver/Src/stm32g4xx_hal_fdcan.c **** HAL_StatusTypeDef HAL_FDCAN_EnableTimeoutCounter(FDCAN_HandleTypeDef *hfdcan)
1685:Drivers/STM32G4xx_HAL_Driver/Src/stm32g4xx_hal_fdcan.c **** {
1686:Drivers/STM32G4xx_HAL_Driver/Src/stm32g4xx_hal_fdcan.c ****   if (hfdcan->State == HAL_FDCAN_STATE_READY)
1687:Drivers/STM32G4xx_HAL_Driver/Src/stm32g4xx_hal_fdcan.c ****   {
1688:Drivers/STM32G4xx_HAL_Driver/Src/stm32g4xx_hal_fdcan.c ****     /* Enable timeout counter */
1689:Drivers/STM32G4xx_HAL_Driver/Src/stm32g4xx_hal_fdcan.c ****     SET_BIT(hfdcan->Instance->TOCC, FDCAN_TOCC_ETOC);
1690:Drivers/STM32G4xx_HAL_Driver/Src/stm32g4xx_hal_fdcan.c **** 
1691:Drivers/STM32G4xx_HAL_Driver/Src/stm32g4xx_hal_fdcan.c ****     /* Return function status */
1692:Drivers/STM32G4xx_HAL_Driver/Src/stm32g4xx_hal_fdcan.c ****     return HAL_OK;
1693:Drivers/STM32G4xx_HAL_Driver/Src/stm32g4xx_hal_fdcan.c ****   }
1694:Drivers/STM32G4xx_HAL_Driver/Src/stm32g4xx_hal_fdcan.c ****   else
1695:Drivers/STM32G4xx_HAL_Driver/Src/stm32g4xx_hal_fdcan.c ****   {
1696:Drivers/STM32G4xx_HAL_Driver/Src/stm32g4xx_hal_fdcan.c ****     /* Update error code */
1697:Drivers/STM32G4xx_HAL_Driver/Src/stm32g4xx_hal_fdcan.c ****     hfdcan->ErrorCode |= HAL_FDCAN_ERROR_NOT_READY;
1698:Drivers/STM32G4xx_HAL_Driver/Src/stm32g4xx_hal_fdcan.c **** 
1699:Drivers/STM32G4xx_HAL_Driver/Src/stm32g4xx_hal_fdcan.c ****     return HAL_ERROR;
1700:Drivers/STM32G4xx_HAL_Driver/Src/stm32g4xx_hal_fdcan.c ****   }
1701:Drivers/STM32G4xx_HAL_Driver/Src/stm32g4xx_hal_fdcan.c **** }
1702:Drivers/STM32G4xx_HAL_Driver/Src/stm32g4xx_hal_fdcan.c **** 
1703:Drivers/STM32G4xx_HAL_Driver/Src/stm32g4xx_hal_fdcan.c **** /**
1704:Drivers/STM32G4xx_HAL_Driver/Src/stm32g4xx_hal_fdcan.c ****   * @brief  Disable the timeout counter.
1705:Drivers/STM32G4xx_HAL_Driver/Src/stm32g4xx_hal_fdcan.c ****   * @param  hfdcan pointer to an FDCAN_HandleTypeDef structure that contains
1706:Drivers/STM32G4xx_HAL_Driver/Src/stm32g4xx_hal_fdcan.c ****   *         the configuration information for the specified FDCAN.
1707:Drivers/STM32G4xx_HAL_Driver/Src/stm32g4xx_hal_fdcan.c ****   * @retval HAL status
1708:Drivers/STM32G4xx_HAL_Driver/Src/stm32g4xx_hal_fdcan.c ****   */
1709:Drivers/STM32G4xx_HAL_Driver/Src/stm32g4xx_hal_fdcan.c **** HAL_StatusTypeDef HAL_FDCAN_DisableTimeoutCounter(FDCAN_HandleTypeDef *hfdcan)
1710:Drivers/STM32G4xx_HAL_Driver/Src/stm32g4xx_hal_fdcan.c **** {
1711:Drivers/STM32G4xx_HAL_Driver/Src/stm32g4xx_hal_fdcan.c ****   if (hfdcan->State == HAL_FDCAN_STATE_READY)
1712:Drivers/STM32G4xx_HAL_Driver/Src/stm32g4xx_hal_fdcan.c ****   {
1713:Drivers/STM32G4xx_HAL_Driver/Src/stm32g4xx_hal_fdcan.c ****     /* Disable timeout counter */
1714:Drivers/STM32G4xx_HAL_Driver/Src/stm32g4xx_hal_fdcan.c ****     CLEAR_BIT(hfdcan->Instance->TOCC, FDCAN_TOCC_ETOC);
1715:Drivers/STM32G4xx_HAL_Driver/Src/stm32g4xx_hal_fdcan.c **** 
1716:Drivers/STM32G4xx_HAL_Driver/Src/stm32g4xx_hal_fdcan.c ****     /* Return function status */
1717:Drivers/STM32G4xx_HAL_Driver/Src/stm32g4xx_hal_fdcan.c ****     return HAL_OK;
1718:Drivers/STM32G4xx_HAL_Driver/Src/stm32g4xx_hal_fdcan.c ****   }
1719:Drivers/STM32G4xx_HAL_Driver/Src/stm32g4xx_hal_fdcan.c ****   else
1720:Drivers/STM32G4xx_HAL_Driver/Src/stm32g4xx_hal_fdcan.c ****   {
1721:Drivers/STM32G4xx_HAL_Driver/Src/stm32g4xx_hal_fdcan.c ****     /* Update error code */
1722:Drivers/STM32G4xx_HAL_Driver/Src/stm32g4xx_hal_fdcan.c ****     hfdcan->ErrorCode |= HAL_FDCAN_ERROR_NOT_READY;
1723:Drivers/STM32G4xx_HAL_Driver/Src/stm32g4xx_hal_fdcan.c **** 
1724:Drivers/STM32G4xx_HAL_Driver/Src/stm32g4xx_hal_fdcan.c ****     return HAL_ERROR;
1725:Drivers/STM32G4xx_HAL_Driver/Src/stm32g4xx_hal_fdcan.c ****   }
1726:Drivers/STM32G4xx_HAL_Driver/Src/stm32g4xx_hal_fdcan.c **** }
1727:Drivers/STM32G4xx_HAL_Driver/Src/stm32g4xx_hal_fdcan.c **** 
1728:Drivers/STM32G4xx_HAL_Driver/Src/stm32g4xx_hal_fdcan.c **** /**
1729:Drivers/STM32G4xx_HAL_Driver/Src/stm32g4xx_hal_fdcan.c ****   * @brief  Get the timeout counter value.
1730:Drivers/STM32G4xx_HAL_Driver/Src/stm32g4xx_hal_fdcan.c ****   * @param  hfdcan pointer to an FDCAN_HandleTypeDef structure that contains
1731:Drivers/STM32G4xx_HAL_Driver/Src/stm32g4xx_hal_fdcan.c ****   *         the configuration information for the specified FDCAN.
1732:Drivers/STM32G4xx_HAL_Driver/Src/stm32g4xx_hal_fdcan.c ****   * @retval Timeout counter value
1733:Drivers/STM32G4xx_HAL_Driver/Src/stm32g4xx_hal_fdcan.c ****   */
1734:Drivers/STM32G4xx_HAL_Driver/Src/stm32g4xx_hal_fdcan.c **** uint16_t HAL_FDCAN_GetTimeoutCounter(const FDCAN_HandleTypeDef *hfdcan)
1735:Drivers/STM32G4xx_HAL_Driver/Src/stm32g4xx_hal_fdcan.c **** {
1736:Drivers/STM32G4xx_HAL_Driver/Src/stm32g4xx_hal_fdcan.c ****   return (uint16_t)(hfdcan->Instance->TOCV);
1737:Drivers/STM32G4xx_HAL_Driver/Src/stm32g4xx_hal_fdcan.c **** }
1738:Drivers/STM32G4xx_HAL_Driver/Src/stm32g4xx_hal_fdcan.c **** 
1739:Drivers/STM32G4xx_HAL_Driver/Src/stm32g4xx_hal_fdcan.c **** /**
1740:Drivers/STM32G4xx_HAL_Driver/Src/stm32g4xx_hal_fdcan.c ****   * @brief  Reset the timeout counter to its start value.
ARM GAS  C:\Users\Booster\AppData\Local\Temp\ccYRDURW.s 			page 32


1741:Drivers/STM32G4xx_HAL_Driver/Src/stm32g4xx_hal_fdcan.c ****   * @param  hfdcan pointer to an FDCAN_HandleTypeDef structure that contains
1742:Drivers/STM32G4xx_HAL_Driver/Src/stm32g4xx_hal_fdcan.c ****   *         the configuration information for the specified FDCAN.
1743:Drivers/STM32G4xx_HAL_Driver/Src/stm32g4xx_hal_fdcan.c ****   * @retval HAL status
1744:Drivers/STM32G4xx_HAL_Driver/Src/stm32g4xx_hal_fdcan.c ****   */
1745:Drivers/STM32G4xx_HAL_Driver/Src/stm32g4xx_hal_fdcan.c **** HAL_StatusTypeDef HAL_FDCAN_ResetTimeoutCounter(FDCAN_HandleTypeDef *hfdcan)
1746:Drivers/STM32G4xx_HAL_Driver/Src/stm32g4xx_hal_fdcan.c **** {
1747:Drivers/STM32G4xx_HAL_Driver/Src/stm32g4xx_hal_fdcan.c ****   if ((hfdcan->Instance->TOCC & FDCAN_TOCC_TOS) == FDCAN_TIMEOUT_CONTINUOUS)
1748:Drivers/STM32G4xx_HAL_Driver/Src/stm32g4xx_hal_fdcan.c ****   {
1749:Drivers/STM32G4xx_HAL_Driver/Src/stm32g4xx_hal_fdcan.c ****     /* Reset timeout counter to start value */
1750:Drivers/STM32G4xx_HAL_Driver/Src/stm32g4xx_hal_fdcan.c ****     CLEAR_REG(hfdcan->Instance->TOCV);
1751:Drivers/STM32G4xx_HAL_Driver/Src/stm32g4xx_hal_fdcan.c **** 
1752:Drivers/STM32G4xx_HAL_Driver/Src/stm32g4xx_hal_fdcan.c ****     /* Return function status */
1753:Drivers/STM32G4xx_HAL_Driver/Src/stm32g4xx_hal_fdcan.c ****     return HAL_OK;
1754:Drivers/STM32G4xx_HAL_Driver/Src/stm32g4xx_hal_fdcan.c ****   }
1755:Drivers/STM32G4xx_HAL_Driver/Src/stm32g4xx_hal_fdcan.c ****   else
1756:Drivers/STM32G4xx_HAL_Driver/Src/stm32g4xx_hal_fdcan.c ****   {
1757:Drivers/STM32G4xx_HAL_Driver/Src/stm32g4xx_hal_fdcan.c ****     /* Update error code.
1758:Drivers/STM32G4xx_HAL_Driver/Src/stm32g4xx_hal_fdcan.c ****        Unable to reset counter: controlled only by FIFO empty state */
1759:Drivers/STM32G4xx_HAL_Driver/Src/stm32g4xx_hal_fdcan.c ****     hfdcan->ErrorCode |= HAL_FDCAN_ERROR_NOT_SUPPORTED;
1760:Drivers/STM32G4xx_HAL_Driver/Src/stm32g4xx_hal_fdcan.c **** 
1761:Drivers/STM32G4xx_HAL_Driver/Src/stm32g4xx_hal_fdcan.c ****     return HAL_ERROR;
1762:Drivers/STM32G4xx_HAL_Driver/Src/stm32g4xx_hal_fdcan.c ****   }
1763:Drivers/STM32G4xx_HAL_Driver/Src/stm32g4xx_hal_fdcan.c **** }
1764:Drivers/STM32G4xx_HAL_Driver/Src/stm32g4xx_hal_fdcan.c **** 
1765:Drivers/STM32G4xx_HAL_Driver/Src/stm32g4xx_hal_fdcan.c **** /**
1766:Drivers/STM32G4xx_HAL_Driver/Src/stm32g4xx_hal_fdcan.c ****   * @brief  Configure the transmitter delay compensation.
1767:Drivers/STM32G4xx_HAL_Driver/Src/stm32g4xx_hal_fdcan.c ****   * @param  hfdcan pointer to an FDCAN_HandleTypeDef structure that contains
1768:Drivers/STM32G4xx_HAL_Driver/Src/stm32g4xx_hal_fdcan.c ****   *         the configuration information for the specified FDCAN.
1769:Drivers/STM32G4xx_HAL_Driver/Src/stm32g4xx_hal_fdcan.c ****   * @param  TdcOffset Transmitter Delay Compensation Offset.
1770:Drivers/STM32G4xx_HAL_Driver/Src/stm32g4xx_hal_fdcan.c ****   *         This parameter must be a number between 0x00 and 0x7F.
1771:Drivers/STM32G4xx_HAL_Driver/Src/stm32g4xx_hal_fdcan.c ****   * @param  TdcFilter Transmitter Delay Compensation Filter Window Length.
1772:Drivers/STM32G4xx_HAL_Driver/Src/stm32g4xx_hal_fdcan.c ****   *         This parameter must be a number between 0x00 and 0x7F.
1773:Drivers/STM32G4xx_HAL_Driver/Src/stm32g4xx_hal_fdcan.c ****   * @retval HAL status
1774:Drivers/STM32G4xx_HAL_Driver/Src/stm32g4xx_hal_fdcan.c ****   */
1775:Drivers/STM32G4xx_HAL_Driver/Src/stm32g4xx_hal_fdcan.c **** HAL_StatusTypeDef HAL_FDCAN_ConfigTxDelayCompensation(FDCAN_HandleTypeDef *hfdcan, uint32_t TdcOffs
1776:Drivers/STM32G4xx_HAL_Driver/Src/stm32g4xx_hal_fdcan.c ****                                                       uint32_t TdcFilter)
1777:Drivers/STM32G4xx_HAL_Driver/Src/stm32g4xx_hal_fdcan.c **** {
1778:Drivers/STM32G4xx_HAL_Driver/Src/stm32g4xx_hal_fdcan.c ****   /* Check function parameters */
1779:Drivers/STM32G4xx_HAL_Driver/Src/stm32g4xx_hal_fdcan.c ****   assert_param(IS_FDCAN_MAX_VALUE(TdcOffset, 0x7FU));
1780:Drivers/STM32G4xx_HAL_Driver/Src/stm32g4xx_hal_fdcan.c ****   assert_param(IS_FDCAN_MAX_VALUE(TdcFilter, 0x7FU));
1781:Drivers/STM32G4xx_HAL_Driver/Src/stm32g4xx_hal_fdcan.c **** 
1782:Drivers/STM32G4xx_HAL_Driver/Src/stm32g4xx_hal_fdcan.c ****   if (hfdcan->State == HAL_FDCAN_STATE_READY)
1783:Drivers/STM32G4xx_HAL_Driver/Src/stm32g4xx_hal_fdcan.c ****   {
1784:Drivers/STM32G4xx_HAL_Driver/Src/stm32g4xx_hal_fdcan.c ****     /* Configure TDC offset and filter window */
1785:Drivers/STM32G4xx_HAL_Driver/Src/stm32g4xx_hal_fdcan.c ****     hfdcan->Instance->TDCR = ((TdcFilter << FDCAN_TDCR_TDCF_Pos) | (TdcOffset << FDCAN_TDCR_TDCO_Po
1786:Drivers/STM32G4xx_HAL_Driver/Src/stm32g4xx_hal_fdcan.c **** 
1787:Drivers/STM32G4xx_HAL_Driver/Src/stm32g4xx_hal_fdcan.c ****     /* Return function status */
1788:Drivers/STM32G4xx_HAL_Driver/Src/stm32g4xx_hal_fdcan.c ****     return HAL_OK;
1789:Drivers/STM32G4xx_HAL_Driver/Src/stm32g4xx_hal_fdcan.c ****   }
1790:Drivers/STM32G4xx_HAL_Driver/Src/stm32g4xx_hal_fdcan.c ****   else
1791:Drivers/STM32G4xx_HAL_Driver/Src/stm32g4xx_hal_fdcan.c ****   {
1792:Drivers/STM32G4xx_HAL_Driver/Src/stm32g4xx_hal_fdcan.c ****     /* Update error code */
1793:Drivers/STM32G4xx_HAL_Driver/Src/stm32g4xx_hal_fdcan.c ****     hfdcan->ErrorCode |= HAL_FDCAN_ERROR_NOT_READY;
1794:Drivers/STM32G4xx_HAL_Driver/Src/stm32g4xx_hal_fdcan.c **** 
1795:Drivers/STM32G4xx_HAL_Driver/Src/stm32g4xx_hal_fdcan.c ****     return HAL_ERROR;
1796:Drivers/STM32G4xx_HAL_Driver/Src/stm32g4xx_hal_fdcan.c ****   }
1797:Drivers/STM32G4xx_HAL_Driver/Src/stm32g4xx_hal_fdcan.c **** }
ARM GAS  C:\Users\Booster\AppData\Local\Temp\ccYRDURW.s 			page 33


1798:Drivers/STM32G4xx_HAL_Driver/Src/stm32g4xx_hal_fdcan.c **** 
1799:Drivers/STM32G4xx_HAL_Driver/Src/stm32g4xx_hal_fdcan.c **** /**
1800:Drivers/STM32G4xx_HAL_Driver/Src/stm32g4xx_hal_fdcan.c ****   * @brief  Enable the transmitter delay compensation.
1801:Drivers/STM32G4xx_HAL_Driver/Src/stm32g4xx_hal_fdcan.c ****   * @param  hfdcan pointer to an FDCAN_HandleTypeDef structure that contains
1802:Drivers/STM32G4xx_HAL_Driver/Src/stm32g4xx_hal_fdcan.c ****   *         the configuration information for the specified FDCAN.
1803:Drivers/STM32G4xx_HAL_Driver/Src/stm32g4xx_hal_fdcan.c ****   * @retval HAL status
1804:Drivers/STM32G4xx_HAL_Driver/Src/stm32g4xx_hal_fdcan.c ****   */
1805:Drivers/STM32G4xx_HAL_Driver/Src/stm32g4xx_hal_fdcan.c **** HAL_StatusTypeDef HAL_FDCAN_EnableTxDelayCompensation(FDCAN_HandleTypeDef *hfdcan)
1806:Drivers/STM32G4xx_HAL_Driver/Src/stm32g4xx_hal_fdcan.c **** {
1807:Drivers/STM32G4xx_HAL_Driver/Src/stm32g4xx_hal_fdcan.c ****   if (hfdcan->State == HAL_FDCAN_STATE_READY)
1808:Drivers/STM32G4xx_HAL_Driver/Src/stm32g4xx_hal_fdcan.c ****   {
1809:Drivers/STM32G4xx_HAL_Driver/Src/stm32g4xx_hal_fdcan.c ****     /* Enable transmitter delay compensation */
1810:Drivers/STM32G4xx_HAL_Driver/Src/stm32g4xx_hal_fdcan.c ****     SET_BIT(hfdcan->Instance->DBTP, FDCAN_DBTP_TDC);
1811:Drivers/STM32G4xx_HAL_Driver/Src/stm32g4xx_hal_fdcan.c **** 
1812:Drivers/STM32G4xx_HAL_Driver/Src/stm32g4xx_hal_fdcan.c ****     /* Return function status */
1813:Drivers/STM32G4xx_HAL_Driver/Src/stm32g4xx_hal_fdcan.c ****     return HAL_OK;
1814:Drivers/STM32G4xx_HAL_Driver/Src/stm32g4xx_hal_fdcan.c ****   }
1815:Drivers/STM32G4xx_HAL_Driver/Src/stm32g4xx_hal_fdcan.c ****   else
1816:Drivers/STM32G4xx_HAL_Driver/Src/stm32g4xx_hal_fdcan.c ****   {
1817:Drivers/STM32G4xx_HAL_Driver/Src/stm32g4xx_hal_fdcan.c ****     /* Update error code */
1818:Drivers/STM32G4xx_HAL_Driver/Src/stm32g4xx_hal_fdcan.c ****     hfdcan->ErrorCode |= HAL_FDCAN_ERROR_NOT_READY;
1819:Drivers/STM32G4xx_HAL_Driver/Src/stm32g4xx_hal_fdcan.c **** 
1820:Drivers/STM32G4xx_HAL_Driver/Src/stm32g4xx_hal_fdcan.c ****     return HAL_ERROR;
1821:Drivers/STM32G4xx_HAL_Driver/Src/stm32g4xx_hal_fdcan.c ****   }
1822:Drivers/STM32G4xx_HAL_Driver/Src/stm32g4xx_hal_fdcan.c **** }
1823:Drivers/STM32G4xx_HAL_Driver/Src/stm32g4xx_hal_fdcan.c **** 
1824:Drivers/STM32G4xx_HAL_Driver/Src/stm32g4xx_hal_fdcan.c **** /**
1825:Drivers/STM32G4xx_HAL_Driver/Src/stm32g4xx_hal_fdcan.c ****   * @brief  Disable the transmitter delay compensation.
1826:Drivers/STM32G4xx_HAL_Driver/Src/stm32g4xx_hal_fdcan.c ****   * @param  hfdcan pointer to an FDCAN_HandleTypeDef structure that contains
1827:Drivers/STM32G4xx_HAL_Driver/Src/stm32g4xx_hal_fdcan.c ****   *         the configuration information for the specified FDCAN.
1828:Drivers/STM32G4xx_HAL_Driver/Src/stm32g4xx_hal_fdcan.c ****   * @retval HAL status
1829:Drivers/STM32G4xx_HAL_Driver/Src/stm32g4xx_hal_fdcan.c ****   */
1830:Drivers/STM32G4xx_HAL_Driver/Src/stm32g4xx_hal_fdcan.c **** HAL_StatusTypeDef HAL_FDCAN_DisableTxDelayCompensation(FDCAN_HandleTypeDef *hfdcan)
1831:Drivers/STM32G4xx_HAL_Driver/Src/stm32g4xx_hal_fdcan.c **** {
1832:Drivers/STM32G4xx_HAL_Driver/Src/stm32g4xx_hal_fdcan.c ****   if (hfdcan->State == HAL_FDCAN_STATE_READY)
1833:Drivers/STM32G4xx_HAL_Driver/Src/stm32g4xx_hal_fdcan.c ****   {
1834:Drivers/STM32G4xx_HAL_Driver/Src/stm32g4xx_hal_fdcan.c ****     /* Disable transmitter delay compensation */
1835:Drivers/STM32G4xx_HAL_Driver/Src/stm32g4xx_hal_fdcan.c ****     CLEAR_BIT(hfdcan->Instance->DBTP, FDCAN_DBTP_TDC);
1836:Drivers/STM32G4xx_HAL_Driver/Src/stm32g4xx_hal_fdcan.c **** 
1837:Drivers/STM32G4xx_HAL_Driver/Src/stm32g4xx_hal_fdcan.c ****     /* Return function status */
1838:Drivers/STM32G4xx_HAL_Driver/Src/stm32g4xx_hal_fdcan.c ****     return HAL_OK;
1839:Drivers/STM32G4xx_HAL_Driver/Src/stm32g4xx_hal_fdcan.c ****   }
1840:Drivers/STM32G4xx_HAL_Driver/Src/stm32g4xx_hal_fdcan.c ****   else
1841:Drivers/STM32G4xx_HAL_Driver/Src/stm32g4xx_hal_fdcan.c ****   {
1842:Drivers/STM32G4xx_HAL_Driver/Src/stm32g4xx_hal_fdcan.c ****     /* Update error code */
1843:Drivers/STM32G4xx_HAL_Driver/Src/stm32g4xx_hal_fdcan.c ****     hfdcan->ErrorCode |= HAL_FDCAN_ERROR_NOT_READY;
1844:Drivers/STM32G4xx_HAL_Driver/Src/stm32g4xx_hal_fdcan.c **** 
1845:Drivers/STM32G4xx_HAL_Driver/Src/stm32g4xx_hal_fdcan.c ****     return HAL_ERROR;
1846:Drivers/STM32G4xx_HAL_Driver/Src/stm32g4xx_hal_fdcan.c ****   }
1847:Drivers/STM32G4xx_HAL_Driver/Src/stm32g4xx_hal_fdcan.c **** }
1848:Drivers/STM32G4xx_HAL_Driver/Src/stm32g4xx_hal_fdcan.c **** 
1849:Drivers/STM32G4xx_HAL_Driver/Src/stm32g4xx_hal_fdcan.c **** /**
1850:Drivers/STM32G4xx_HAL_Driver/Src/stm32g4xx_hal_fdcan.c ****   * @brief  Enable ISO 11898-1 protocol mode.
1851:Drivers/STM32G4xx_HAL_Driver/Src/stm32g4xx_hal_fdcan.c ****   *         CAN FD frame format is according to ISO 11898-1 standard.
1852:Drivers/STM32G4xx_HAL_Driver/Src/stm32g4xx_hal_fdcan.c ****   * @param  hfdcan pointer to an FDCAN_HandleTypeDef structure that contains
1853:Drivers/STM32G4xx_HAL_Driver/Src/stm32g4xx_hal_fdcan.c ****   *         the configuration information for the specified FDCAN.
1854:Drivers/STM32G4xx_HAL_Driver/Src/stm32g4xx_hal_fdcan.c ****   * @retval HAL status
ARM GAS  C:\Users\Booster\AppData\Local\Temp\ccYRDURW.s 			page 34


1855:Drivers/STM32G4xx_HAL_Driver/Src/stm32g4xx_hal_fdcan.c ****   */
1856:Drivers/STM32G4xx_HAL_Driver/Src/stm32g4xx_hal_fdcan.c **** HAL_StatusTypeDef HAL_FDCAN_EnableISOMode(FDCAN_HandleTypeDef *hfdcan)
1857:Drivers/STM32G4xx_HAL_Driver/Src/stm32g4xx_hal_fdcan.c **** {
1858:Drivers/STM32G4xx_HAL_Driver/Src/stm32g4xx_hal_fdcan.c ****   if (hfdcan->State == HAL_FDCAN_STATE_READY)
1859:Drivers/STM32G4xx_HAL_Driver/Src/stm32g4xx_hal_fdcan.c ****   {
1860:Drivers/STM32G4xx_HAL_Driver/Src/stm32g4xx_hal_fdcan.c ****     /* Disable Non ISO protocol mode */
1861:Drivers/STM32G4xx_HAL_Driver/Src/stm32g4xx_hal_fdcan.c ****     CLEAR_BIT(hfdcan->Instance->CCCR, FDCAN_CCCR_NISO);
1862:Drivers/STM32G4xx_HAL_Driver/Src/stm32g4xx_hal_fdcan.c **** 
1863:Drivers/STM32G4xx_HAL_Driver/Src/stm32g4xx_hal_fdcan.c ****     /* Return function status */
1864:Drivers/STM32G4xx_HAL_Driver/Src/stm32g4xx_hal_fdcan.c ****     return HAL_OK;
1865:Drivers/STM32G4xx_HAL_Driver/Src/stm32g4xx_hal_fdcan.c ****   }
1866:Drivers/STM32G4xx_HAL_Driver/Src/stm32g4xx_hal_fdcan.c ****   else
1867:Drivers/STM32G4xx_HAL_Driver/Src/stm32g4xx_hal_fdcan.c ****   {
1868:Drivers/STM32G4xx_HAL_Driver/Src/stm32g4xx_hal_fdcan.c ****     /* Update error code */
1869:Drivers/STM32G4xx_HAL_Driver/Src/stm32g4xx_hal_fdcan.c ****     hfdcan->ErrorCode |= HAL_FDCAN_ERROR_NOT_READY;
1870:Drivers/STM32G4xx_HAL_Driver/Src/stm32g4xx_hal_fdcan.c **** 
1871:Drivers/STM32G4xx_HAL_Driver/Src/stm32g4xx_hal_fdcan.c ****     return HAL_ERROR;
1872:Drivers/STM32G4xx_HAL_Driver/Src/stm32g4xx_hal_fdcan.c ****   }
1873:Drivers/STM32G4xx_HAL_Driver/Src/stm32g4xx_hal_fdcan.c **** }
1874:Drivers/STM32G4xx_HAL_Driver/Src/stm32g4xx_hal_fdcan.c **** 
1875:Drivers/STM32G4xx_HAL_Driver/Src/stm32g4xx_hal_fdcan.c **** /**
1876:Drivers/STM32G4xx_HAL_Driver/Src/stm32g4xx_hal_fdcan.c ****   * @brief  Disable ISO 11898-1 protocol mode.
1877:Drivers/STM32G4xx_HAL_Driver/Src/stm32g4xx_hal_fdcan.c ****   *         CAN FD frame format is according to Bosch CAN FD specification V1.0.
1878:Drivers/STM32G4xx_HAL_Driver/Src/stm32g4xx_hal_fdcan.c ****   * @param  hfdcan pointer to an FDCAN_HandleTypeDef structure that contains
1879:Drivers/STM32G4xx_HAL_Driver/Src/stm32g4xx_hal_fdcan.c ****   *         the configuration information for the specified FDCAN.
1880:Drivers/STM32G4xx_HAL_Driver/Src/stm32g4xx_hal_fdcan.c ****   * @retval HAL status
1881:Drivers/STM32G4xx_HAL_Driver/Src/stm32g4xx_hal_fdcan.c ****   */
1882:Drivers/STM32G4xx_HAL_Driver/Src/stm32g4xx_hal_fdcan.c **** HAL_StatusTypeDef HAL_FDCAN_DisableISOMode(FDCAN_HandleTypeDef *hfdcan)
1883:Drivers/STM32G4xx_HAL_Driver/Src/stm32g4xx_hal_fdcan.c **** {
1884:Drivers/STM32G4xx_HAL_Driver/Src/stm32g4xx_hal_fdcan.c ****   if (hfdcan->State == HAL_FDCAN_STATE_READY)
1885:Drivers/STM32G4xx_HAL_Driver/Src/stm32g4xx_hal_fdcan.c ****   {
1886:Drivers/STM32G4xx_HAL_Driver/Src/stm32g4xx_hal_fdcan.c ****     /* Enable Non ISO protocol mode */
1887:Drivers/STM32G4xx_HAL_Driver/Src/stm32g4xx_hal_fdcan.c ****     SET_BIT(hfdcan->Instance->CCCR, FDCAN_CCCR_NISO);
1888:Drivers/STM32G4xx_HAL_Driver/Src/stm32g4xx_hal_fdcan.c **** 
1889:Drivers/STM32G4xx_HAL_Driver/Src/stm32g4xx_hal_fdcan.c ****     /* Return function status */
1890:Drivers/STM32G4xx_HAL_Driver/Src/stm32g4xx_hal_fdcan.c ****     return HAL_OK;
1891:Drivers/STM32G4xx_HAL_Driver/Src/stm32g4xx_hal_fdcan.c ****   }
1892:Drivers/STM32G4xx_HAL_Driver/Src/stm32g4xx_hal_fdcan.c ****   else
1893:Drivers/STM32G4xx_HAL_Driver/Src/stm32g4xx_hal_fdcan.c ****   {
1894:Drivers/STM32G4xx_HAL_Driver/Src/stm32g4xx_hal_fdcan.c ****     /* Update error code */
1895:Drivers/STM32G4xx_HAL_Driver/Src/stm32g4xx_hal_fdcan.c ****     hfdcan->ErrorCode |= HAL_FDCAN_ERROR_NOT_READY;
1896:Drivers/STM32G4xx_HAL_Driver/Src/stm32g4xx_hal_fdcan.c **** 
1897:Drivers/STM32G4xx_HAL_Driver/Src/stm32g4xx_hal_fdcan.c ****     return HAL_ERROR;
1898:Drivers/STM32G4xx_HAL_Driver/Src/stm32g4xx_hal_fdcan.c ****   }
1899:Drivers/STM32G4xx_HAL_Driver/Src/stm32g4xx_hal_fdcan.c **** }
1900:Drivers/STM32G4xx_HAL_Driver/Src/stm32g4xx_hal_fdcan.c **** 
1901:Drivers/STM32G4xx_HAL_Driver/Src/stm32g4xx_hal_fdcan.c **** /**
1902:Drivers/STM32G4xx_HAL_Driver/Src/stm32g4xx_hal_fdcan.c ****   * @brief  Enable edge filtering during bus integration.
1903:Drivers/STM32G4xx_HAL_Driver/Src/stm32g4xx_hal_fdcan.c ****   *         Two consecutive dominant tq are required to detect an edge for hard synchronization.
1904:Drivers/STM32G4xx_HAL_Driver/Src/stm32g4xx_hal_fdcan.c ****   * @param  hfdcan pointer to an FDCAN_HandleTypeDef structure that contains
1905:Drivers/STM32G4xx_HAL_Driver/Src/stm32g4xx_hal_fdcan.c ****   *         the configuration information for the specified FDCAN.
1906:Drivers/STM32G4xx_HAL_Driver/Src/stm32g4xx_hal_fdcan.c ****   * @retval HAL status
1907:Drivers/STM32G4xx_HAL_Driver/Src/stm32g4xx_hal_fdcan.c ****   */
1908:Drivers/STM32G4xx_HAL_Driver/Src/stm32g4xx_hal_fdcan.c **** HAL_StatusTypeDef HAL_FDCAN_EnableEdgeFiltering(FDCAN_HandleTypeDef *hfdcan)
1909:Drivers/STM32G4xx_HAL_Driver/Src/stm32g4xx_hal_fdcan.c **** {
1910:Drivers/STM32G4xx_HAL_Driver/Src/stm32g4xx_hal_fdcan.c ****   if (hfdcan->State == HAL_FDCAN_STATE_READY)
1911:Drivers/STM32G4xx_HAL_Driver/Src/stm32g4xx_hal_fdcan.c ****   {
ARM GAS  C:\Users\Booster\AppData\Local\Temp\ccYRDURW.s 			page 35


1912:Drivers/STM32G4xx_HAL_Driver/Src/stm32g4xx_hal_fdcan.c ****     /* Enable edge filtering */
1913:Drivers/STM32G4xx_HAL_Driver/Src/stm32g4xx_hal_fdcan.c ****     SET_BIT(hfdcan->Instance->CCCR, FDCAN_CCCR_EFBI);
1914:Drivers/STM32G4xx_HAL_Driver/Src/stm32g4xx_hal_fdcan.c **** 
1915:Drivers/STM32G4xx_HAL_Driver/Src/stm32g4xx_hal_fdcan.c ****     /* Return function status */
1916:Drivers/STM32G4xx_HAL_Driver/Src/stm32g4xx_hal_fdcan.c ****     return HAL_OK;
1917:Drivers/STM32G4xx_HAL_Driver/Src/stm32g4xx_hal_fdcan.c ****   }
1918:Drivers/STM32G4xx_HAL_Driver/Src/stm32g4xx_hal_fdcan.c ****   else
1919:Drivers/STM32G4xx_HAL_Driver/Src/stm32g4xx_hal_fdcan.c ****   {
1920:Drivers/STM32G4xx_HAL_Driver/Src/stm32g4xx_hal_fdcan.c ****     /* Update error code */
1921:Drivers/STM32G4xx_HAL_Driver/Src/stm32g4xx_hal_fdcan.c ****     hfdcan->ErrorCode |= HAL_FDCAN_ERROR_NOT_READY;
1922:Drivers/STM32G4xx_HAL_Driver/Src/stm32g4xx_hal_fdcan.c **** 
1923:Drivers/STM32G4xx_HAL_Driver/Src/stm32g4xx_hal_fdcan.c ****     return HAL_ERROR;
1924:Drivers/STM32G4xx_HAL_Driver/Src/stm32g4xx_hal_fdcan.c ****   }
1925:Drivers/STM32G4xx_HAL_Driver/Src/stm32g4xx_hal_fdcan.c **** }
1926:Drivers/STM32G4xx_HAL_Driver/Src/stm32g4xx_hal_fdcan.c **** 
1927:Drivers/STM32G4xx_HAL_Driver/Src/stm32g4xx_hal_fdcan.c **** /**
1928:Drivers/STM32G4xx_HAL_Driver/Src/stm32g4xx_hal_fdcan.c ****   * @brief  Disable edge filtering during bus integration.
1929:Drivers/STM32G4xx_HAL_Driver/Src/stm32g4xx_hal_fdcan.c ****   *         One dominant tq is required to detect an edge for hard synchronization.
1930:Drivers/STM32G4xx_HAL_Driver/Src/stm32g4xx_hal_fdcan.c ****   * @param  hfdcan pointer to an FDCAN_HandleTypeDef structure that contains
1931:Drivers/STM32G4xx_HAL_Driver/Src/stm32g4xx_hal_fdcan.c ****   *         the configuration information for the specified FDCAN.
1932:Drivers/STM32G4xx_HAL_Driver/Src/stm32g4xx_hal_fdcan.c ****   * @retval HAL status
1933:Drivers/STM32G4xx_HAL_Driver/Src/stm32g4xx_hal_fdcan.c ****   */
1934:Drivers/STM32G4xx_HAL_Driver/Src/stm32g4xx_hal_fdcan.c **** HAL_StatusTypeDef HAL_FDCAN_DisableEdgeFiltering(FDCAN_HandleTypeDef *hfdcan)
1935:Drivers/STM32G4xx_HAL_Driver/Src/stm32g4xx_hal_fdcan.c **** {
1936:Drivers/STM32G4xx_HAL_Driver/Src/stm32g4xx_hal_fdcan.c ****   if (hfdcan->State == HAL_FDCAN_STATE_READY)
1937:Drivers/STM32G4xx_HAL_Driver/Src/stm32g4xx_hal_fdcan.c ****   {
1938:Drivers/STM32G4xx_HAL_Driver/Src/stm32g4xx_hal_fdcan.c ****     /* Disable edge filtering */
1939:Drivers/STM32G4xx_HAL_Driver/Src/stm32g4xx_hal_fdcan.c ****     CLEAR_BIT(hfdcan->Instance->CCCR, FDCAN_CCCR_EFBI);
1940:Drivers/STM32G4xx_HAL_Driver/Src/stm32g4xx_hal_fdcan.c **** 
1941:Drivers/STM32G4xx_HAL_Driver/Src/stm32g4xx_hal_fdcan.c ****     /* Return function status */
1942:Drivers/STM32G4xx_HAL_Driver/Src/stm32g4xx_hal_fdcan.c ****     return HAL_OK;
1943:Drivers/STM32G4xx_HAL_Driver/Src/stm32g4xx_hal_fdcan.c ****   }
1944:Drivers/STM32G4xx_HAL_Driver/Src/stm32g4xx_hal_fdcan.c ****   else
1945:Drivers/STM32G4xx_HAL_Driver/Src/stm32g4xx_hal_fdcan.c ****   {
1946:Drivers/STM32G4xx_HAL_Driver/Src/stm32g4xx_hal_fdcan.c ****     /* Update error code */
1947:Drivers/STM32G4xx_HAL_Driver/Src/stm32g4xx_hal_fdcan.c ****     hfdcan->ErrorCode |= HAL_FDCAN_ERROR_NOT_READY;
1948:Drivers/STM32G4xx_HAL_Driver/Src/stm32g4xx_hal_fdcan.c **** 
1949:Drivers/STM32G4xx_HAL_Driver/Src/stm32g4xx_hal_fdcan.c ****     return HAL_ERROR;
1950:Drivers/STM32G4xx_HAL_Driver/Src/stm32g4xx_hal_fdcan.c ****   }
1951:Drivers/STM32G4xx_HAL_Driver/Src/stm32g4xx_hal_fdcan.c **** }
1952:Drivers/STM32G4xx_HAL_Driver/Src/stm32g4xx_hal_fdcan.c **** 
1953:Drivers/STM32G4xx_HAL_Driver/Src/stm32g4xx_hal_fdcan.c **** /**
1954:Drivers/STM32G4xx_HAL_Driver/Src/stm32g4xx_hal_fdcan.c ****   * @}
1955:Drivers/STM32G4xx_HAL_Driver/Src/stm32g4xx_hal_fdcan.c ****   */
1956:Drivers/STM32G4xx_HAL_Driver/Src/stm32g4xx_hal_fdcan.c **** 
1957:Drivers/STM32G4xx_HAL_Driver/Src/stm32g4xx_hal_fdcan.c **** /** @defgroup FDCAN_Exported_Functions_Group3 Control functions
1958:Drivers/STM32G4xx_HAL_Driver/Src/stm32g4xx_hal_fdcan.c ****   *  @brief    Control functions
1959:Drivers/STM32G4xx_HAL_Driver/Src/stm32g4xx_hal_fdcan.c ****   *
1960:Drivers/STM32G4xx_HAL_Driver/Src/stm32g4xx_hal_fdcan.c **** @verbatim
1961:Drivers/STM32G4xx_HAL_Driver/Src/stm32g4xx_hal_fdcan.c ****   ==============================================================================
1962:Drivers/STM32G4xx_HAL_Driver/Src/stm32g4xx_hal_fdcan.c ****                           ##### Control functions #####
1963:Drivers/STM32G4xx_HAL_Driver/Src/stm32g4xx_hal_fdcan.c ****   ==============================================================================
1964:Drivers/STM32G4xx_HAL_Driver/Src/stm32g4xx_hal_fdcan.c ****     [..]  This section provides functions allowing to:
1965:Drivers/STM32G4xx_HAL_Driver/Src/stm32g4xx_hal_fdcan.c ****       (+) HAL_FDCAN_Start                         : Start the FDCAN module
1966:Drivers/STM32G4xx_HAL_Driver/Src/stm32g4xx_hal_fdcan.c ****       (+) HAL_FDCAN_Stop                          : Stop the FDCAN module and enable access to conf
1967:Drivers/STM32G4xx_HAL_Driver/Src/stm32g4xx_hal_fdcan.c ****       (+) HAL_FDCAN_AddMessageToTxFifoQ           : Add a message to the Tx FIFO/Queue and activate
1968:Drivers/STM32G4xx_HAL_Driver/Src/stm32g4xx_hal_fdcan.c ****                                                     transmission request
ARM GAS  C:\Users\Booster\AppData\Local\Temp\ccYRDURW.s 			page 36


1969:Drivers/STM32G4xx_HAL_Driver/Src/stm32g4xx_hal_fdcan.c ****       (+) HAL_FDCAN_GetLatestTxFifoQRequestBuffer : Get Tx buffer index of latest Tx FIFO/Queue req
1970:Drivers/STM32G4xx_HAL_Driver/Src/stm32g4xx_hal_fdcan.c ****       (+) HAL_FDCAN_AbortTxRequest                : Abort transmission request
1971:Drivers/STM32G4xx_HAL_Driver/Src/stm32g4xx_hal_fdcan.c ****       (+) HAL_FDCAN_GetRxMessage                  : Get an FDCAN frame from the Rx FIFO zone into t
1972:Drivers/STM32G4xx_HAL_Driver/Src/stm32g4xx_hal_fdcan.c ****       (+) HAL_FDCAN_GetTxEvent                    : Get an FDCAN Tx event from the Tx Event FIFO zo
1973:Drivers/STM32G4xx_HAL_Driver/Src/stm32g4xx_hal_fdcan.c ****                                                     into the message RAM
1974:Drivers/STM32G4xx_HAL_Driver/Src/stm32g4xx_hal_fdcan.c ****       (+) HAL_FDCAN_GetHighPriorityMessageStatus  : Get high priority message status
1975:Drivers/STM32G4xx_HAL_Driver/Src/stm32g4xx_hal_fdcan.c ****       (+) HAL_FDCAN_GetProtocolStatus             : Get protocol status
1976:Drivers/STM32G4xx_HAL_Driver/Src/stm32g4xx_hal_fdcan.c ****       (+) HAL_FDCAN_GetErrorCounters              : Get error counter values
1977:Drivers/STM32G4xx_HAL_Driver/Src/stm32g4xx_hal_fdcan.c ****       (+) HAL_FDCAN_IsTxBufferMessagePending      : Check if a transmission request is pending
1978:Drivers/STM32G4xx_HAL_Driver/Src/stm32g4xx_hal_fdcan.c ****                                                     on the selected Tx buffer
1979:Drivers/STM32G4xx_HAL_Driver/Src/stm32g4xx_hal_fdcan.c ****       (+) HAL_FDCAN_GetRxFifoFillLevel            : Return Rx FIFO fill level
1980:Drivers/STM32G4xx_HAL_Driver/Src/stm32g4xx_hal_fdcan.c ****       (+) HAL_FDCAN_GetTxFifoFreeLevel            : Return Tx FIFO free level
1981:Drivers/STM32G4xx_HAL_Driver/Src/stm32g4xx_hal_fdcan.c ****       (+) HAL_FDCAN_IsRestrictedOperationMode     : Check if the FDCAN peripheral entered Restricte
1982:Drivers/STM32G4xx_HAL_Driver/Src/stm32g4xx_hal_fdcan.c ****       (+) HAL_FDCAN_ExitRestrictedOperationMode   : Exit Restricted Operation Mode
1983:Drivers/STM32G4xx_HAL_Driver/Src/stm32g4xx_hal_fdcan.c **** 
1984:Drivers/STM32G4xx_HAL_Driver/Src/stm32g4xx_hal_fdcan.c **** @endverbatim
1985:Drivers/STM32G4xx_HAL_Driver/Src/stm32g4xx_hal_fdcan.c ****   * @{
1986:Drivers/STM32G4xx_HAL_Driver/Src/stm32g4xx_hal_fdcan.c ****   */
1987:Drivers/STM32G4xx_HAL_Driver/Src/stm32g4xx_hal_fdcan.c **** 
1988:Drivers/STM32G4xx_HAL_Driver/Src/stm32g4xx_hal_fdcan.c **** /**
1989:Drivers/STM32G4xx_HAL_Driver/Src/stm32g4xx_hal_fdcan.c ****   * @brief  Start the FDCAN module.
1990:Drivers/STM32G4xx_HAL_Driver/Src/stm32g4xx_hal_fdcan.c ****   * @param  hfdcan pointer to an FDCAN_HandleTypeDef structure that contains
1991:Drivers/STM32G4xx_HAL_Driver/Src/stm32g4xx_hal_fdcan.c ****   *         the configuration information for the specified FDCAN.
1992:Drivers/STM32G4xx_HAL_Driver/Src/stm32g4xx_hal_fdcan.c ****   * @retval HAL status
1993:Drivers/STM32G4xx_HAL_Driver/Src/stm32g4xx_hal_fdcan.c ****   */
1994:Drivers/STM32G4xx_HAL_Driver/Src/stm32g4xx_hal_fdcan.c **** HAL_StatusTypeDef HAL_FDCAN_Start(FDCAN_HandleTypeDef *hfdcan)
1995:Drivers/STM32G4xx_HAL_Driver/Src/stm32g4xx_hal_fdcan.c **** {
1996:Drivers/STM32G4xx_HAL_Driver/Src/stm32g4xx_hal_fdcan.c ****   if (hfdcan->State == HAL_FDCAN_STATE_READY)
1997:Drivers/STM32G4xx_HAL_Driver/Src/stm32g4xx_hal_fdcan.c ****   {
1998:Drivers/STM32G4xx_HAL_Driver/Src/stm32g4xx_hal_fdcan.c ****     /* Change FDCAN peripheral state */
1999:Drivers/STM32G4xx_HAL_Driver/Src/stm32g4xx_hal_fdcan.c ****     hfdcan->State = HAL_FDCAN_STATE_BUSY;
2000:Drivers/STM32G4xx_HAL_Driver/Src/stm32g4xx_hal_fdcan.c **** 
2001:Drivers/STM32G4xx_HAL_Driver/Src/stm32g4xx_hal_fdcan.c ****     /* Request leave initialisation */
2002:Drivers/STM32G4xx_HAL_Driver/Src/stm32g4xx_hal_fdcan.c ****     CLEAR_BIT(hfdcan->Instance->CCCR, FDCAN_CCCR_INIT);
2003:Drivers/STM32G4xx_HAL_Driver/Src/stm32g4xx_hal_fdcan.c **** 
2004:Drivers/STM32G4xx_HAL_Driver/Src/stm32g4xx_hal_fdcan.c ****     /* Reset the FDCAN ErrorCode */
2005:Drivers/STM32G4xx_HAL_Driver/Src/stm32g4xx_hal_fdcan.c ****     hfdcan->ErrorCode = HAL_FDCAN_ERROR_NONE;
2006:Drivers/STM32G4xx_HAL_Driver/Src/stm32g4xx_hal_fdcan.c **** 
2007:Drivers/STM32G4xx_HAL_Driver/Src/stm32g4xx_hal_fdcan.c ****     /* Return function status */
2008:Drivers/STM32G4xx_HAL_Driver/Src/stm32g4xx_hal_fdcan.c ****     return HAL_OK;
2009:Drivers/STM32G4xx_HAL_Driver/Src/stm32g4xx_hal_fdcan.c ****   }
2010:Drivers/STM32G4xx_HAL_Driver/Src/stm32g4xx_hal_fdcan.c ****   else
2011:Drivers/STM32G4xx_HAL_Driver/Src/stm32g4xx_hal_fdcan.c ****   {
2012:Drivers/STM32G4xx_HAL_Driver/Src/stm32g4xx_hal_fdcan.c ****     /* Update error code */
2013:Drivers/STM32G4xx_HAL_Driver/Src/stm32g4xx_hal_fdcan.c ****     hfdcan->ErrorCode |= HAL_FDCAN_ERROR_NOT_READY;
2014:Drivers/STM32G4xx_HAL_Driver/Src/stm32g4xx_hal_fdcan.c **** 
2015:Drivers/STM32G4xx_HAL_Driver/Src/stm32g4xx_hal_fdcan.c ****     return HAL_ERROR;
2016:Drivers/STM32G4xx_HAL_Driver/Src/stm32g4xx_hal_fdcan.c ****   }
2017:Drivers/STM32G4xx_HAL_Driver/Src/stm32g4xx_hal_fdcan.c **** }
2018:Drivers/STM32G4xx_HAL_Driver/Src/stm32g4xx_hal_fdcan.c **** 
2019:Drivers/STM32G4xx_HAL_Driver/Src/stm32g4xx_hal_fdcan.c **** /**
2020:Drivers/STM32G4xx_HAL_Driver/Src/stm32g4xx_hal_fdcan.c ****   * @brief  Stop the FDCAN module and enable access to configuration registers.
2021:Drivers/STM32G4xx_HAL_Driver/Src/stm32g4xx_hal_fdcan.c ****   * @param  hfdcan pointer to an FDCAN_HandleTypeDef structure that contains
2022:Drivers/STM32G4xx_HAL_Driver/Src/stm32g4xx_hal_fdcan.c ****   *         the configuration information for the specified FDCAN.
2023:Drivers/STM32G4xx_HAL_Driver/Src/stm32g4xx_hal_fdcan.c ****   * @retval HAL status
2024:Drivers/STM32G4xx_HAL_Driver/Src/stm32g4xx_hal_fdcan.c ****   */
2025:Drivers/STM32G4xx_HAL_Driver/Src/stm32g4xx_hal_fdcan.c **** HAL_StatusTypeDef HAL_FDCAN_Stop(FDCAN_HandleTypeDef *hfdcan)
ARM GAS  C:\Users\Booster\AppData\Local\Temp\ccYRDURW.s 			page 37


2026:Drivers/STM32G4xx_HAL_Driver/Src/stm32g4xx_hal_fdcan.c **** {
2027:Drivers/STM32G4xx_HAL_Driver/Src/stm32g4xx_hal_fdcan.c ****   uint32_t Counter = 0U;
2028:Drivers/STM32G4xx_HAL_Driver/Src/stm32g4xx_hal_fdcan.c **** 
2029:Drivers/STM32G4xx_HAL_Driver/Src/stm32g4xx_hal_fdcan.c ****   if (hfdcan->State == HAL_FDCAN_STATE_BUSY)
2030:Drivers/STM32G4xx_HAL_Driver/Src/stm32g4xx_hal_fdcan.c ****   {
2031:Drivers/STM32G4xx_HAL_Driver/Src/stm32g4xx_hal_fdcan.c ****     /* Request initialisation */
2032:Drivers/STM32G4xx_HAL_Driver/Src/stm32g4xx_hal_fdcan.c ****     SET_BIT(hfdcan->Instance->CCCR, FDCAN_CCCR_INIT);
2033:Drivers/STM32G4xx_HAL_Driver/Src/stm32g4xx_hal_fdcan.c **** 
2034:Drivers/STM32G4xx_HAL_Driver/Src/stm32g4xx_hal_fdcan.c ****     /* Wait until the INIT bit into CCCR register is set */
2035:Drivers/STM32G4xx_HAL_Driver/Src/stm32g4xx_hal_fdcan.c ****     while ((hfdcan->Instance->CCCR & FDCAN_CCCR_INIT) == 0U)
2036:Drivers/STM32G4xx_HAL_Driver/Src/stm32g4xx_hal_fdcan.c ****     {
2037:Drivers/STM32G4xx_HAL_Driver/Src/stm32g4xx_hal_fdcan.c ****       /* Check for the Timeout */
2038:Drivers/STM32G4xx_HAL_Driver/Src/stm32g4xx_hal_fdcan.c ****       if (Counter > FDCAN_TIMEOUT_VALUE)
2039:Drivers/STM32G4xx_HAL_Driver/Src/stm32g4xx_hal_fdcan.c ****       {
2040:Drivers/STM32G4xx_HAL_Driver/Src/stm32g4xx_hal_fdcan.c ****         /* Update error code */
2041:Drivers/STM32G4xx_HAL_Driver/Src/stm32g4xx_hal_fdcan.c ****         hfdcan->ErrorCode |= HAL_FDCAN_ERROR_TIMEOUT;
2042:Drivers/STM32G4xx_HAL_Driver/Src/stm32g4xx_hal_fdcan.c **** 
2043:Drivers/STM32G4xx_HAL_Driver/Src/stm32g4xx_hal_fdcan.c ****         /* Change FDCAN state */
2044:Drivers/STM32G4xx_HAL_Driver/Src/stm32g4xx_hal_fdcan.c ****         hfdcan->State = HAL_FDCAN_STATE_ERROR;
2045:Drivers/STM32G4xx_HAL_Driver/Src/stm32g4xx_hal_fdcan.c **** 
2046:Drivers/STM32G4xx_HAL_Driver/Src/stm32g4xx_hal_fdcan.c ****         return HAL_ERROR;
2047:Drivers/STM32G4xx_HAL_Driver/Src/stm32g4xx_hal_fdcan.c ****       }
2048:Drivers/STM32G4xx_HAL_Driver/Src/stm32g4xx_hal_fdcan.c **** 
2049:Drivers/STM32G4xx_HAL_Driver/Src/stm32g4xx_hal_fdcan.c ****       /* Increment counter */
2050:Drivers/STM32G4xx_HAL_Driver/Src/stm32g4xx_hal_fdcan.c ****       Counter++;
2051:Drivers/STM32G4xx_HAL_Driver/Src/stm32g4xx_hal_fdcan.c ****     }
2052:Drivers/STM32G4xx_HAL_Driver/Src/stm32g4xx_hal_fdcan.c **** 
2053:Drivers/STM32G4xx_HAL_Driver/Src/stm32g4xx_hal_fdcan.c ****     /* Reset counter */
2054:Drivers/STM32G4xx_HAL_Driver/Src/stm32g4xx_hal_fdcan.c ****     Counter = 0U;
2055:Drivers/STM32G4xx_HAL_Driver/Src/stm32g4xx_hal_fdcan.c **** 
2056:Drivers/STM32G4xx_HAL_Driver/Src/stm32g4xx_hal_fdcan.c ****     /* Exit from Sleep mode */
2057:Drivers/STM32G4xx_HAL_Driver/Src/stm32g4xx_hal_fdcan.c ****     CLEAR_BIT(hfdcan->Instance->CCCR, FDCAN_CCCR_CSR);
2058:Drivers/STM32G4xx_HAL_Driver/Src/stm32g4xx_hal_fdcan.c **** 
2059:Drivers/STM32G4xx_HAL_Driver/Src/stm32g4xx_hal_fdcan.c ****     /* Wait until FDCAN exits sleep mode */
2060:Drivers/STM32G4xx_HAL_Driver/Src/stm32g4xx_hal_fdcan.c ****     while ((hfdcan->Instance->CCCR & FDCAN_CCCR_CSA) == FDCAN_CCCR_CSA)
2061:Drivers/STM32G4xx_HAL_Driver/Src/stm32g4xx_hal_fdcan.c ****     {
2062:Drivers/STM32G4xx_HAL_Driver/Src/stm32g4xx_hal_fdcan.c ****       /* Check for the Timeout */
2063:Drivers/STM32G4xx_HAL_Driver/Src/stm32g4xx_hal_fdcan.c ****       if (Counter > FDCAN_TIMEOUT_VALUE)
2064:Drivers/STM32G4xx_HAL_Driver/Src/stm32g4xx_hal_fdcan.c ****       {
2065:Drivers/STM32G4xx_HAL_Driver/Src/stm32g4xx_hal_fdcan.c ****         /* Update error code */
2066:Drivers/STM32G4xx_HAL_Driver/Src/stm32g4xx_hal_fdcan.c ****         hfdcan->ErrorCode |= HAL_FDCAN_ERROR_TIMEOUT;
2067:Drivers/STM32G4xx_HAL_Driver/Src/stm32g4xx_hal_fdcan.c **** 
2068:Drivers/STM32G4xx_HAL_Driver/Src/stm32g4xx_hal_fdcan.c ****         /* Change FDCAN state */
2069:Drivers/STM32G4xx_HAL_Driver/Src/stm32g4xx_hal_fdcan.c ****         hfdcan->State = HAL_FDCAN_STATE_ERROR;
2070:Drivers/STM32G4xx_HAL_Driver/Src/stm32g4xx_hal_fdcan.c **** 
2071:Drivers/STM32G4xx_HAL_Driver/Src/stm32g4xx_hal_fdcan.c ****         return HAL_ERROR;
2072:Drivers/STM32G4xx_HAL_Driver/Src/stm32g4xx_hal_fdcan.c ****       }
2073:Drivers/STM32G4xx_HAL_Driver/Src/stm32g4xx_hal_fdcan.c **** 
2074:Drivers/STM32G4xx_HAL_Driver/Src/stm32g4xx_hal_fdcan.c ****       /* Increment counter */
2075:Drivers/STM32G4xx_HAL_Driver/Src/stm32g4xx_hal_fdcan.c ****       Counter++;
2076:Drivers/STM32G4xx_HAL_Driver/Src/stm32g4xx_hal_fdcan.c ****     }
2077:Drivers/STM32G4xx_HAL_Driver/Src/stm32g4xx_hal_fdcan.c **** 
2078:Drivers/STM32G4xx_HAL_Driver/Src/stm32g4xx_hal_fdcan.c ****     /* Enable configuration change */
2079:Drivers/STM32G4xx_HAL_Driver/Src/stm32g4xx_hal_fdcan.c ****     SET_BIT(hfdcan->Instance->CCCR, FDCAN_CCCR_CCE);
2080:Drivers/STM32G4xx_HAL_Driver/Src/stm32g4xx_hal_fdcan.c **** 
2081:Drivers/STM32G4xx_HAL_Driver/Src/stm32g4xx_hal_fdcan.c ****     /* Reset Latest Tx FIFO/Queue Request Buffer Index */
2082:Drivers/STM32G4xx_HAL_Driver/Src/stm32g4xx_hal_fdcan.c ****     hfdcan->LatestTxFifoQRequest = 0U;
ARM GAS  C:\Users\Booster\AppData\Local\Temp\ccYRDURW.s 			page 38


2083:Drivers/STM32G4xx_HAL_Driver/Src/stm32g4xx_hal_fdcan.c **** 
2084:Drivers/STM32G4xx_HAL_Driver/Src/stm32g4xx_hal_fdcan.c ****     /* Change FDCAN peripheral state */
2085:Drivers/STM32G4xx_HAL_Driver/Src/stm32g4xx_hal_fdcan.c ****     hfdcan->State = HAL_FDCAN_STATE_READY;
2086:Drivers/STM32G4xx_HAL_Driver/Src/stm32g4xx_hal_fdcan.c **** 
2087:Drivers/STM32G4xx_HAL_Driver/Src/stm32g4xx_hal_fdcan.c ****     /* Return function status */
2088:Drivers/STM32G4xx_HAL_Driver/Src/stm32g4xx_hal_fdcan.c ****     return HAL_OK;
2089:Drivers/STM32G4xx_HAL_Driver/Src/stm32g4xx_hal_fdcan.c ****   }
2090:Drivers/STM32G4xx_HAL_Driver/Src/stm32g4xx_hal_fdcan.c ****   else
2091:Drivers/STM32G4xx_HAL_Driver/Src/stm32g4xx_hal_fdcan.c ****   {
2092:Drivers/STM32G4xx_HAL_Driver/Src/stm32g4xx_hal_fdcan.c ****     /* Update error code */
2093:Drivers/STM32G4xx_HAL_Driver/Src/stm32g4xx_hal_fdcan.c ****     hfdcan->ErrorCode |= HAL_FDCAN_ERROR_NOT_STARTED;
2094:Drivers/STM32G4xx_HAL_Driver/Src/stm32g4xx_hal_fdcan.c **** 
2095:Drivers/STM32G4xx_HAL_Driver/Src/stm32g4xx_hal_fdcan.c ****     return HAL_ERROR;
2096:Drivers/STM32G4xx_HAL_Driver/Src/stm32g4xx_hal_fdcan.c ****   }
2097:Drivers/STM32G4xx_HAL_Driver/Src/stm32g4xx_hal_fdcan.c **** }
2098:Drivers/STM32G4xx_HAL_Driver/Src/stm32g4xx_hal_fdcan.c **** 
2099:Drivers/STM32G4xx_HAL_Driver/Src/stm32g4xx_hal_fdcan.c **** /**
2100:Drivers/STM32G4xx_HAL_Driver/Src/stm32g4xx_hal_fdcan.c ****   * @brief  Add a message to the Tx FIFO/Queue and activate the corresponding transmission request
2101:Drivers/STM32G4xx_HAL_Driver/Src/stm32g4xx_hal_fdcan.c ****   * @param  hfdcan pointer to an FDCAN_HandleTypeDef structure that contains
2102:Drivers/STM32G4xx_HAL_Driver/Src/stm32g4xx_hal_fdcan.c ****   *         the configuration information for the specified FDCAN.
2103:Drivers/STM32G4xx_HAL_Driver/Src/stm32g4xx_hal_fdcan.c ****   * @param  pTxHeader pointer to a FDCAN_TxHeaderTypeDef structure.
2104:Drivers/STM32G4xx_HAL_Driver/Src/stm32g4xx_hal_fdcan.c ****   * @param  pTxData pointer to a buffer containing the payload of the Tx frame.
2105:Drivers/STM32G4xx_HAL_Driver/Src/stm32g4xx_hal_fdcan.c ****   * @retval HAL status
2106:Drivers/STM32G4xx_HAL_Driver/Src/stm32g4xx_hal_fdcan.c ****   */
2107:Drivers/STM32G4xx_HAL_Driver/Src/stm32g4xx_hal_fdcan.c **** HAL_StatusTypeDef HAL_FDCAN_AddMessageToTxFifoQ(FDCAN_HandleTypeDef *hfdcan, const FDCAN_TxHeaderTy
2108:Drivers/STM32G4xx_HAL_Driver/Src/stm32g4xx_hal_fdcan.c ****                                                 const uint8_t *pTxData)
2109:Drivers/STM32G4xx_HAL_Driver/Src/stm32g4xx_hal_fdcan.c **** {
2110:Drivers/STM32G4xx_HAL_Driver/Src/stm32g4xx_hal_fdcan.c ****   uint32_t PutIndex;
2111:Drivers/STM32G4xx_HAL_Driver/Src/stm32g4xx_hal_fdcan.c **** 
2112:Drivers/STM32G4xx_HAL_Driver/Src/stm32g4xx_hal_fdcan.c ****   /* Check function parameters */
2113:Drivers/STM32G4xx_HAL_Driver/Src/stm32g4xx_hal_fdcan.c ****   assert_param(IS_FDCAN_ID_TYPE(pTxHeader->IdType));
2114:Drivers/STM32G4xx_HAL_Driver/Src/stm32g4xx_hal_fdcan.c ****   if (pTxHeader->IdType == FDCAN_STANDARD_ID)
2115:Drivers/STM32G4xx_HAL_Driver/Src/stm32g4xx_hal_fdcan.c ****   {
2116:Drivers/STM32G4xx_HAL_Driver/Src/stm32g4xx_hal_fdcan.c ****     assert_param(IS_FDCAN_MAX_VALUE(pTxHeader->Identifier, 0x7FFU));
2117:Drivers/STM32G4xx_HAL_Driver/Src/stm32g4xx_hal_fdcan.c ****   }
2118:Drivers/STM32G4xx_HAL_Driver/Src/stm32g4xx_hal_fdcan.c ****   else /* pTxHeader->IdType == FDCAN_EXTENDED_ID */
2119:Drivers/STM32G4xx_HAL_Driver/Src/stm32g4xx_hal_fdcan.c ****   {
2120:Drivers/STM32G4xx_HAL_Driver/Src/stm32g4xx_hal_fdcan.c ****     assert_param(IS_FDCAN_MAX_VALUE(pTxHeader->Identifier, 0x1FFFFFFFU));
2121:Drivers/STM32G4xx_HAL_Driver/Src/stm32g4xx_hal_fdcan.c ****   }
2122:Drivers/STM32G4xx_HAL_Driver/Src/stm32g4xx_hal_fdcan.c ****   assert_param(IS_FDCAN_FRAME_TYPE(pTxHeader->TxFrameType));
2123:Drivers/STM32G4xx_HAL_Driver/Src/stm32g4xx_hal_fdcan.c ****   assert_param(IS_FDCAN_DLC(pTxHeader->DataLength));
2124:Drivers/STM32G4xx_HAL_Driver/Src/stm32g4xx_hal_fdcan.c ****   assert_param(IS_FDCAN_ESI(pTxHeader->ErrorStateIndicator));
2125:Drivers/STM32G4xx_HAL_Driver/Src/stm32g4xx_hal_fdcan.c ****   assert_param(IS_FDCAN_BRS(pTxHeader->BitRateSwitch));
2126:Drivers/STM32G4xx_HAL_Driver/Src/stm32g4xx_hal_fdcan.c ****   assert_param(IS_FDCAN_FDF(pTxHeader->FDFormat));
2127:Drivers/STM32G4xx_HAL_Driver/Src/stm32g4xx_hal_fdcan.c ****   assert_param(IS_FDCAN_EFC(pTxHeader->TxEventFifoControl));
2128:Drivers/STM32G4xx_HAL_Driver/Src/stm32g4xx_hal_fdcan.c ****   assert_param(IS_FDCAN_MAX_VALUE(pTxHeader->MessageMarker, 0xFFU));
2129:Drivers/STM32G4xx_HAL_Driver/Src/stm32g4xx_hal_fdcan.c **** 
2130:Drivers/STM32G4xx_HAL_Driver/Src/stm32g4xx_hal_fdcan.c ****   if (hfdcan->State == HAL_FDCAN_STATE_BUSY)
2131:Drivers/STM32G4xx_HAL_Driver/Src/stm32g4xx_hal_fdcan.c ****   {
2132:Drivers/STM32G4xx_HAL_Driver/Src/stm32g4xx_hal_fdcan.c ****     /* Check that the Tx FIFO/Queue is not full */
2133:Drivers/STM32G4xx_HAL_Driver/Src/stm32g4xx_hal_fdcan.c ****     if ((hfdcan->Instance->TXFQS & FDCAN_TXFQS_TFQF) != 0U)
2134:Drivers/STM32G4xx_HAL_Driver/Src/stm32g4xx_hal_fdcan.c ****     {
2135:Drivers/STM32G4xx_HAL_Driver/Src/stm32g4xx_hal_fdcan.c ****       /* Update error code */
2136:Drivers/STM32G4xx_HAL_Driver/Src/stm32g4xx_hal_fdcan.c ****       hfdcan->ErrorCode |= HAL_FDCAN_ERROR_FIFO_FULL;
2137:Drivers/STM32G4xx_HAL_Driver/Src/stm32g4xx_hal_fdcan.c **** 
2138:Drivers/STM32G4xx_HAL_Driver/Src/stm32g4xx_hal_fdcan.c ****       return HAL_ERROR;
2139:Drivers/STM32G4xx_HAL_Driver/Src/stm32g4xx_hal_fdcan.c ****     }
ARM GAS  C:\Users\Booster\AppData\Local\Temp\ccYRDURW.s 			page 39


2140:Drivers/STM32G4xx_HAL_Driver/Src/stm32g4xx_hal_fdcan.c ****     else
2141:Drivers/STM32G4xx_HAL_Driver/Src/stm32g4xx_hal_fdcan.c ****     {
2142:Drivers/STM32G4xx_HAL_Driver/Src/stm32g4xx_hal_fdcan.c ****       /* Retrieve the Tx FIFO PutIndex */
2143:Drivers/STM32G4xx_HAL_Driver/Src/stm32g4xx_hal_fdcan.c ****       PutIndex = ((hfdcan->Instance->TXFQS & FDCAN_TXFQS_TFQPI) >> FDCAN_TXFQS_TFQPI_Pos);
2144:Drivers/STM32G4xx_HAL_Driver/Src/stm32g4xx_hal_fdcan.c **** 
2145:Drivers/STM32G4xx_HAL_Driver/Src/stm32g4xx_hal_fdcan.c ****       /* Add the message to the Tx FIFO/Queue */
2146:Drivers/STM32G4xx_HAL_Driver/Src/stm32g4xx_hal_fdcan.c ****       FDCAN_CopyMessageToRAM(hfdcan, pTxHeader, pTxData, PutIndex);
2147:Drivers/STM32G4xx_HAL_Driver/Src/stm32g4xx_hal_fdcan.c **** 
2148:Drivers/STM32G4xx_HAL_Driver/Src/stm32g4xx_hal_fdcan.c ****       /* Activate the corresponding transmission request */
2149:Drivers/STM32G4xx_HAL_Driver/Src/stm32g4xx_hal_fdcan.c ****       hfdcan->Instance->TXBAR = ((uint32_t)1 << PutIndex);
2150:Drivers/STM32G4xx_HAL_Driver/Src/stm32g4xx_hal_fdcan.c **** 
2151:Drivers/STM32G4xx_HAL_Driver/Src/stm32g4xx_hal_fdcan.c ****       /* Store the Latest Tx FIFO/Queue Request Buffer Index */
2152:Drivers/STM32G4xx_HAL_Driver/Src/stm32g4xx_hal_fdcan.c ****       hfdcan->LatestTxFifoQRequest = ((uint32_t)1 << PutIndex);
2153:Drivers/STM32G4xx_HAL_Driver/Src/stm32g4xx_hal_fdcan.c ****     }
2154:Drivers/STM32G4xx_HAL_Driver/Src/stm32g4xx_hal_fdcan.c **** 
2155:Drivers/STM32G4xx_HAL_Driver/Src/stm32g4xx_hal_fdcan.c ****     /* Return function status */
2156:Drivers/STM32G4xx_HAL_Driver/Src/stm32g4xx_hal_fdcan.c ****     return HAL_OK;
2157:Drivers/STM32G4xx_HAL_Driver/Src/stm32g4xx_hal_fdcan.c ****   }
2158:Drivers/STM32G4xx_HAL_Driver/Src/stm32g4xx_hal_fdcan.c ****   else
2159:Drivers/STM32G4xx_HAL_Driver/Src/stm32g4xx_hal_fdcan.c ****   {
2160:Drivers/STM32G4xx_HAL_Driver/Src/stm32g4xx_hal_fdcan.c ****     /* Update error code */
2161:Drivers/STM32G4xx_HAL_Driver/Src/stm32g4xx_hal_fdcan.c ****     hfdcan->ErrorCode |= HAL_FDCAN_ERROR_NOT_STARTED;
2162:Drivers/STM32G4xx_HAL_Driver/Src/stm32g4xx_hal_fdcan.c **** 
2163:Drivers/STM32G4xx_HAL_Driver/Src/stm32g4xx_hal_fdcan.c ****     return HAL_ERROR;
2164:Drivers/STM32G4xx_HAL_Driver/Src/stm32g4xx_hal_fdcan.c ****   }
2165:Drivers/STM32G4xx_HAL_Driver/Src/stm32g4xx_hal_fdcan.c **** }
2166:Drivers/STM32G4xx_HAL_Driver/Src/stm32g4xx_hal_fdcan.c **** 
2167:Drivers/STM32G4xx_HAL_Driver/Src/stm32g4xx_hal_fdcan.c **** /**
2168:Drivers/STM32G4xx_HAL_Driver/Src/stm32g4xx_hal_fdcan.c ****   * @brief  Get Tx buffer index of latest Tx FIFO/Queue request
2169:Drivers/STM32G4xx_HAL_Driver/Src/stm32g4xx_hal_fdcan.c ****   * @param  hfdcan pointer to an FDCAN_HandleTypeDef structure that contains
2170:Drivers/STM32G4xx_HAL_Driver/Src/stm32g4xx_hal_fdcan.c ****   *         the configuration information for the specified FDCAN.
2171:Drivers/STM32G4xx_HAL_Driver/Src/stm32g4xx_hal_fdcan.c ****   * @retval Tx buffer index of last Tx FIFO/Queue request
2172:Drivers/STM32G4xx_HAL_Driver/Src/stm32g4xx_hal_fdcan.c ****   *          - Any value of @arg FDCAN_Tx_location if Tx request has been submitted.
2173:Drivers/STM32G4xx_HAL_Driver/Src/stm32g4xx_hal_fdcan.c ****   *          - 0 if no Tx FIFO/Queue request have been submitted.
2174:Drivers/STM32G4xx_HAL_Driver/Src/stm32g4xx_hal_fdcan.c ****   */
2175:Drivers/STM32G4xx_HAL_Driver/Src/stm32g4xx_hal_fdcan.c **** uint32_t HAL_FDCAN_GetLatestTxFifoQRequestBuffer(const FDCAN_HandleTypeDef *hfdcan)
2176:Drivers/STM32G4xx_HAL_Driver/Src/stm32g4xx_hal_fdcan.c **** {
2177:Drivers/STM32G4xx_HAL_Driver/Src/stm32g4xx_hal_fdcan.c ****   /* Return Last Tx FIFO/Queue Request Buffer */
2178:Drivers/STM32G4xx_HAL_Driver/Src/stm32g4xx_hal_fdcan.c ****   return hfdcan->LatestTxFifoQRequest;
2179:Drivers/STM32G4xx_HAL_Driver/Src/stm32g4xx_hal_fdcan.c **** }
2180:Drivers/STM32G4xx_HAL_Driver/Src/stm32g4xx_hal_fdcan.c **** 
2181:Drivers/STM32G4xx_HAL_Driver/Src/stm32g4xx_hal_fdcan.c **** /**
2182:Drivers/STM32G4xx_HAL_Driver/Src/stm32g4xx_hal_fdcan.c ****   * @brief  Abort transmission request
2183:Drivers/STM32G4xx_HAL_Driver/Src/stm32g4xx_hal_fdcan.c ****   * @param  hfdcan pointer to an FDCAN_HandleTypeDef structure that contains
2184:Drivers/STM32G4xx_HAL_Driver/Src/stm32g4xx_hal_fdcan.c ****   *         the configuration information for the specified FDCAN.
2185:Drivers/STM32G4xx_HAL_Driver/Src/stm32g4xx_hal_fdcan.c ****   * @param  BufferIndex buffer index.
2186:Drivers/STM32G4xx_HAL_Driver/Src/stm32g4xx_hal_fdcan.c ****   *         This parameter can be any combination of @arg FDCAN_Tx_location.
2187:Drivers/STM32G4xx_HAL_Driver/Src/stm32g4xx_hal_fdcan.c ****   * @retval HAL status
2188:Drivers/STM32G4xx_HAL_Driver/Src/stm32g4xx_hal_fdcan.c ****   */
2189:Drivers/STM32G4xx_HAL_Driver/Src/stm32g4xx_hal_fdcan.c **** HAL_StatusTypeDef HAL_FDCAN_AbortTxRequest(FDCAN_HandleTypeDef *hfdcan, uint32_t BufferIndex)
2190:Drivers/STM32G4xx_HAL_Driver/Src/stm32g4xx_hal_fdcan.c **** {
2191:Drivers/STM32G4xx_HAL_Driver/Src/stm32g4xx_hal_fdcan.c ****   /* Check function parameters */
2192:Drivers/STM32G4xx_HAL_Driver/Src/stm32g4xx_hal_fdcan.c ****   assert_param(IS_FDCAN_TX_LOCATION_LIST(BufferIndex));
2193:Drivers/STM32G4xx_HAL_Driver/Src/stm32g4xx_hal_fdcan.c **** 
2194:Drivers/STM32G4xx_HAL_Driver/Src/stm32g4xx_hal_fdcan.c ****   if (hfdcan->State == HAL_FDCAN_STATE_BUSY)
2195:Drivers/STM32G4xx_HAL_Driver/Src/stm32g4xx_hal_fdcan.c ****   {
2196:Drivers/STM32G4xx_HAL_Driver/Src/stm32g4xx_hal_fdcan.c ****     /* Add cancellation request */
ARM GAS  C:\Users\Booster\AppData\Local\Temp\ccYRDURW.s 			page 40


2197:Drivers/STM32G4xx_HAL_Driver/Src/stm32g4xx_hal_fdcan.c ****     hfdcan->Instance->TXBCR = BufferIndex;
2198:Drivers/STM32G4xx_HAL_Driver/Src/stm32g4xx_hal_fdcan.c **** 
2199:Drivers/STM32G4xx_HAL_Driver/Src/stm32g4xx_hal_fdcan.c ****     /* Return function status */
2200:Drivers/STM32G4xx_HAL_Driver/Src/stm32g4xx_hal_fdcan.c ****     return HAL_OK;
2201:Drivers/STM32G4xx_HAL_Driver/Src/stm32g4xx_hal_fdcan.c ****   }
2202:Drivers/STM32G4xx_HAL_Driver/Src/stm32g4xx_hal_fdcan.c ****   else
2203:Drivers/STM32G4xx_HAL_Driver/Src/stm32g4xx_hal_fdcan.c ****   {
2204:Drivers/STM32G4xx_HAL_Driver/Src/stm32g4xx_hal_fdcan.c ****     /* Update error code */
2205:Drivers/STM32G4xx_HAL_Driver/Src/stm32g4xx_hal_fdcan.c ****     hfdcan->ErrorCode |= HAL_FDCAN_ERROR_NOT_STARTED;
2206:Drivers/STM32G4xx_HAL_Driver/Src/stm32g4xx_hal_fdcan.c **** 
2207:Drivers/STM32G4xx_HAL_Driver/Src/stm32g4xx_hal_fdcan.c ****     return HAL_ERROR;
2208:Drivers/STM32G4xx_HAL_Driver/Src/stm32g4xx_hal_fdcan.c ****   }
2209:Drivers/STM32G4xx_HAL_Driver/Src/stm32g4xx_hal_fdcan.c **** }
2210:Drivers/STM32G4xx_HAL_Driver/Src/stm32g4xx_hal_fdcan.c **** 
2211:Drivers/STM32G4xx_HAL_Driver/Src/stm32g4xx_hal_fdcan.c **** /**
2212:Drivers/STM32G4xx_HAL_Driver/Src/stm32g4xx_hal_fdcan.c ****   * @brief  Get an FDCAN frame from the Rx FIFO zone into the message RAM.
2213:Drivers/STM32G4xx_HAL_Driver/Src/stm32g4xx_hal_fdcan.c ****   * @param  hfdcan pointer to an FDCAN_HandleTypeDef structure that contains
2214:Drivers/STM32G4xx_HAL_Driver/Src/stm32g4xx_hal_fdcan.c ****   *         the configuration information for the specified FDCAN.
2215:Drivers/STM32G4xx_HAL_Driver/Src/stm32g4xx_hal_fdcan.c ****   * @param  RxLocation Location of the received message to be read.
2216:Drivers/STM32G4xx_HAL_Driver/Src/stm32g4xx_hal_fdcan.c ****   *         This parameter can be a value of @arg FDCAN_Rx_location.
2217:Drivers/STM32G4xx_HAL_Driver/Src/stm32g4xx_hal_fdcan.c ****   * @param  pRxHeader pointer to a FDCAN_RxHeaderTypeDef structure.
2218:Drivers/STM32G4xx_HAL_Driver/Src/stm32g4xx_hal_fdcan.c ****   * @param  pRxData pointer to a buffer where the payload of the Rx frame will be stored.
2219:Drivers/STM32G4xx_HAL_Driver/Src/stm32g4xx_hal_fdcan.c ****   * @retval HAL status
2220:Drivers/STM32G4xx_HAL_Driver/Src/stm32g4xx_hal_fdcan.c ****   */
2221:Drivers/STM32G4xx_HAL_Driver/Src/stm32g4xx_hal_fdcan.c **** HAL_StatusTypeDef HAL_FDCAN_GetRxMessage(FDCAN_HandleTypeDef *hfdcan, uint32_t RxLocation,
2222:Drivers/STM32G4xx_HAL_Driver/Src/stm32g4xx_hal_fdcan.c ****                                          FDCAN_RxHeaderTypeDef *pRxHeader, uint8_t *pRxData)
2223:Drivers/STM32G4xx_HAL_Driver/Src/stm32g4xx_hal_fdcan.c **** {
2224:Drivers/STM32G4xx_HAL_Driver/Src/stm32g4xx_hal_fdcan.c ****   uint32_t *RxAddress;
2225:Drivers/STM32G4xx_HAL_Driver/Src/stm32g4xx_hal_fdcan.c ****   uint8_t  *pData;
2226:Drivers/STM32G4xx_HAL_Driver/Src/stm32g4xx_hal_fdcan.c ****   uint32_t ByteCounter;
2227:Drivers/STM32G4xx_HAL_Driver/Src/stm32g4xx_hal_fdcan.c ****   uint32_t GetIndex = 0;
2228:Drivers/STM32G4xx_HAL_Driver/Src/stm32g4xx_hal_fdcan.c ****   HAL_FDCAN_StateTypeDef state = hfdcan->State;
2229:Drivers/STM32G4xx_HAL_Driver/Src/stm32g4xx_hal_fdcan.c **** 
2230:Drivers/STM32G4xx_HAL_Driver/Src/stm32g4xx_hal_fdcan.c ****   /* Check function parameters */
2231:Drivers/STM32G4xx_HAL_Driver/Src/stm32g4xx_hal_fdcan.c ****   assert_param(IS_FDCAN_RX_FIFO(RxLocation));
2232:Drivers/STM32G4xx_HAL_Driver/Src/stm32g4xx_hal_fdcan.c **** 
2233:Drivers/STM32G4xx_HAL_Driver/Src/stm32g4xx_hal_fdcan.c ****   if (state == HAL_FDCAN_STATE_BUSY)
2234:Drivers/STM32G4xx_HAL_Driver/Src/stm32g4xx_hal_fdcan.c ****   {
2235:Drivers/STM32G4xx_HAL_Driver/Src/stm32g4xx_hal_fdcan.c ****     if (RxLocation == FDCAN_RX_FIFO0) /* Rx element is assigned to the Rx FIFO 0 */
2236:Drivers/STM32G4xx_HAL_Driver/Src/stm32g4xx_hal_fdcan.c ****     {
2237:Drivers/STM32G4xx_HAL_Driver/Src/stm32g4xx_hal_fdcan.c ****       /* Check that the Rx FIFO 0 is not empty */
2238:Drivers/STM32G4xx_HAL_Driver/Src/stm32g4xx_hal_fdcan.c ****       if ((hfdcan->Instance->RXF0S & FDCAN_RXF0S_F0FL) == 0U)
2239:Drivers/STM32G4xx_HAL_Driver/Src/stm32g4xx_hal_fdcan.c ****       {
2240:Drivers/STM32G4xx_HAL_Driver/Src/stm32g4xx_hal_fdcan.c ****         /* Update error code */
2241:Drivers/STM32G4xx_HAL_Driver/Src/stm32g4xx_hal_fdcan.c ****         hfdcan->ErrorCode |= HAL_FDCAN_ERROR_FIFO_EMPTY;
2242:Drivers/STM32G4xx_HAL_Driver/Src/stm32g4xx_hal_fdcan.c **** 
2243:Drivers/STM32G4xx_HAL_Driver/Src/stm32g4xx_hal_fdcan.c ****         return HAL_ERROR;
2244:Drivers/STM32G4xx_HAL_Driver/Src/stm32g4xx_hal_fdcan.c ****       }
2245:Drivers/STM32G4xx_HAL_Driver/Src/stm32g4xx_hal_fdcan.c ****       else
2246:Drivers/STM32G4xx_HAL_Driver/Src/stm32g4xx_hal_fdcan.c ****       {
2247:Drivers/STM32G4xx_HAL_Driver/Src/stm32g4xx_hal_fdcan.c ****         /* Check that the Rx FIFO 0 is full & overwrite mode is on */
2248:Drivers/STM32G4xx_HAL_Driver/Src/stm32g4xx_hal_fdcan.c ****         if (((hfdcan->Instance->RXF0S & FDCAN_RXF0S_F0F) >> FDCAN_RXF0S_F0F_Pos) == 1U)
2249:Drivers/STM32G4xx_HAL_Driver/Src/stm32g4xx_hal_fdcan.c ****         {
2250:Drivers/STM32G4xx_HAL_Driver/Src/stm32g4xx_hal_fdcan.c ****           if (((hfdcan->Instance->RXGFC & FDCAN_RXGFC_F0OM) >> FDCAN_RXGFC_F0OM_Pos) == FDCAN_RX_FI
2251:Drivers/STM32G4xx_HAL_Driver/Src/stm32g4xx_hal_fdcan.c ****           {
2252:Drivers/STM32G4xx_HAL_Driver/Src/stm32g4xx_hal_fdcan.c ****             /* When overwrite status is on discard first message in FIFO */
2253:Drivers/STM32G4xx_HAL_Driver/Src/stm32g4xx_hal_fdcan.c ****             GetIndex = 1U;
ARM GAS  C:\Users\Booster\AppData\Local\Temp\ccYRDURW.s 			page 41


2254:Drivers/STM32G4xx_HAL_Driver/Src/stm32g4xx_hal_fdcan.c ****           }
2255:Drivers/STM32G4xx_HAL_Driver/Src/stm32g4xx_hal_fdcan.c ****         }
2256:Drivers/STM32G4xx_HAL_Driver/Src/stm32g4xx_hal_fdcan.c **** 
2257:Drivers/STM32G4xx_HAL_Driver/Src/stm32g4xx_hal_fdcan.c ****         /* Calculate Rx FIFO 0 element index */
2258:Drivers/STM32G4xx_HAL_Driver/Src/stm32g4xx_hal_fdcan.c ****         GetIndex += ((hfdcan->Instance->RXF0S & FDCAN_RXF0S_F0GI) >> FDCAN_RXF0S_F0GI_Pos);
2259:Drivers/STM32G4xx_HAL_Driver/Src/stm32g4xx_hal_fdcan.c **** 
2260:Drivers/STM32G4xx_HAL_Driver/Src/stm32g4xx_hal_fdcan.c ****         /* Calculate Rx FIFO 0 element address */
2261:Drivers/STM32G4xx_HAL_Driver/Src/stm32g4xx_hal_fdcan.c ****         RxAddress = (uint32_t *)(hfdcan->msgRam.RxFIFO0SA + (GetIndex * SRAMCAN_RF0_SIZE));
2262:Drivers/STM32G4xx_HAL_Driver/Src/stm32g4xx_hal_fdcan.c ****       }
2263:Drivers/STM32G4xx_HAL_Driver/Src/stm32g4xx_hal_fdcan.c ****     }
2264:Drivers/STM32G4xx_HAL_Driver/Src/stm32g4xx_hal_fdcan.c ****     else /* Rx element is assigned to the Rx FIFO 1 */
2265:Drivers/STM32G4xx_HAL_Driver/Src/stm32g4xx_hal_fdcan.c ****     {
2266:Drivers/STM32G4xx_HAL_Driver/Src/stm32g4xx_hal_fdcan.c ****       /* Check that the Rx FIFO 1 is not empty */
2267:Drivers/STM32G4xx_HAL_Driver/Src/stm32g4xx_hal_fdcan.c ****       if ((hfdcan->Instance->RXF1S & FDCAN_RXF1S_F1FL) == 0U)
2268:Drivers/STM32G4xx_HAL_Driver/Src/stm32g4xx_hal_fdcan.c ****       {
2269:Drivers/STM32G4xx_HAL_Driver/Src/stm32g4xx_hal_fdcan.c ****         /* Update error code */
2270:Drivers/STM32G4xx_HAL_Driver/Src/stm32g4xx_hal_fdcan.c ****         hfdcan->ErrorCode |= HAL_FDCAN_ERROR_FIFO_EMPTY;
2271:Drivers/STM32G4xx_HAL_Driver/Src/stm32g4xx_hal_fdcan.c **** 
2272:Drivers/STM32G4xx_HAL_Driver/Src/stm32g4xx_hal_fdcan.c ****         return HAL_ERROR;
2273:Drivers/STM32G4xx_HAL_Driver/Src/stm32g4xx_hal_fdcan.c ****       }
2274:Drivers/STM32G4xx_HAL_Driver/Src/stm32g4xx_hal_fdcan.c ****       else
2275:Drivers/STM32G4xx_HAL_Driver/Src/stm32g4xx_hal_fdcan.c ****       {
2276:Drivers/STM32G4xx_HAL_Driver/Src/stm32g4xx_hal_fdcan.c ****         /* Check that the Rx FIFO 1 is full & overwrite mode is on */
2277:Drivers/STM32G4xx_HAL_Driver/Src/stm32g4xx_hal_fdcan.c ****         if (((hfdcan->Instance->RXF1S & FDCAN_RXF1S_F1F) >> FDCAN_RXF1S_F1F_Pos) == 1U)
2278:Drivers/STM32G4xx_HAL_Driver/Src/stm32g4xx_hal_fdcan.c ****         {
2279:Drivers/STM32G4xx_HAL_Driver/Src/stm32g4xx_hal_fdcan.c ****           if (((hfdcan->Instance->RXGFC & FDCAN_RXGFC_F1OM) >> FDCAN_RXGFC_F1OM_Pos) == FDCAN_RX_FI
2280:Drivers/STM32G4xx_HAL_Driver/Src/stm32g4xx_hal_fdcan.c ****           {
2281:Drivers/STM32G4xx_HAL_Driver/Src/stm32g4xx_hal_fdcan.c ****             /* When overwrite status is on discard first message in FIFO */
2282:Drivers/STM32G4xx_HAL_Driver/Src/stm32g4xx_hal_fdcan.c ****             GetIndex = 1U;
2283:Drivers/STM32G4xx_HAL_Driver/Src/stm32g4xx_hal_fdcan.c ****           }
2284:Drivers/STM32G4xx_HAL_Driver/Src/stm32g4xx_hal_fdcan.c ****         }
2285:Drivers/STM32G4xx_HAL_Driver/Src/stm32g4xx_hal_fdcan.c **** 
2286:Drivers/STM32G4xx_HAL_Driver/Src/stm32g4xx_hal_fdcan.c ****         /* Calculate Rx FIFO 1 element index */
2287:Drivers/STM32G4xx_HAL_Driver/Src/stm32g4xx_hal_fdcan.c ****         GetIndex += ((hfdcan->Instance->RXF1S & FDCAN_RXF1S_F1GI) >> FDCAN_RXF1S_F1GI_Pos);
2288:Drivers/STM32G4xx_HAL_Driver/Src/stm32g4xx_hal_fdcan.c ****         /* Calculate Rx FIFO 1 element address */
2289:Drivers/STM32G4xx_HAL_Driver/Src/stm32g4xx_hal_fdcan.c ****         RxAddress = (uint32_t *)(hfdcan->msgRam.RxFIFO1SA + (GetIndex * SRAMCAN_RF1_SIZE));
2290:Drivers/STM32G4xx_HAL_Driver/Src/stm32g4xx_hal_fdcan.c ****       }
2291:Drivers/STM32G4xx_HAL_Driver/Src/stm32g4xx_hal_fdcan.c ****     }
2292:Drivers/STM32G4xx_HAL_Driver/Src/stm32g4xx_hal_fdcan.c **** 
2293:Drivers/STM32G4xx_HAL_Driver/Src/stm32g4xx_hal_fdcan.c ****     /* Retrieve IdType */
2294:Drivers/STM32G4xx_HAL_Driver/Src/stm32g4xx_hal_fdcan.c ****     pRxHeader->IdType = *RxAddress & FDCAN_ELEMENT_MASK_XTD;
2295:Drivers/STM32G4xx_HAL_Driver/Src/stm32g4xx_hal_fdcan.c **** 
2296:Drivers/STM32G4xx_HAL_Driver/Src/stm32g4xx_hal_fdcan.c ****     /* Retrieve Identifier */
2297:Drivers/STM32G4xx_HAL_Driver/Src/stm32g4xx_hal_fdcan.c ****     if (pRxHeader->IdType == FDCAN_STANDARD_ID) /* Standard ID element */
2298:Drivers/STM32G4xx_HAL_Driver/Src/stm32g4xx_hal_fdcan.c ****     {
2299:Drivers/STM32G4xx_HAL_Driver/Src/stm32g4xx_hal_fdcan.c ****       pRxHeader->Identifier = ((*RxAddress & FDCAN_ELEMENT_MASK_STDID) >> 18U);
2300:Drivers/STM32G4xx_HAL_Driver/Src/stm32g4xx_hal_fdcan.c ****     }
2301:Drivers/STM32G4xx_HAL_Driver/Src/stm32g4xx_hal_fdcan.c ****     else /* Extended ID element */
2302:Drivers/STM32G4xx_HAL_Driver/Src/stm32g4xx_hal_fdcan.c ****     {
2303:Drivers/STM32G4xx_HAL_Driver/Src/stm32g4xx_hal_fdcan.c ****       pRxHeader->Identifier = (*RxAddress & FDCAN_ELEMENT_MASK_EXTID);
2304:Drivers/STM32G4xx_HAL_Driver/Src/stm32g4xx_hal_fdcan.c ****     }
2305:Drivers/STM32G4xx_HAL_Driver/Src/stm32g4xx_hal_fdcan.c **** 
2306:Drivers/STM32G4xx_HAL_Driver/Src/stm32g4xx_hal_fdcan.c ****     /* Retrieve RxFrameType */
2307:Drivers/STM32G4xx_HAL_Driver/Src/stm32g4xx_hal_fdcan.c ****     pRxHeader->RxFrameType = (*RxAddress & FDCAN_ELEMENT_MASK_RTR);
2308:Drivers/STM32G4xx_HAL_Driver/Src/stm32g4xx_hal_fdcan.c **** 
2309:Drivers/STM32G4xx_HAL_Driver/Src/stm32g4xx_hal_fdcan.c ****     /* Retrieve ErrorStateIndicator */
2310:Drivers/STM32G4xx_HAL_Driver/Src/stm32g4xx_hal_fdcan.c ****     pRxHeader->ErrorStateIndicator = (*RxAddress & FDCAN_ELEMENT_MASK_ESI);
ARM GAS  C:\Users\Booster\AppData\Local\Temp\ccYRDURW.s 			page 42


2311:Drivers/STM32G4xx_HAL_Driver/Src/stm32g4xx_hal_fdcan.c **** 
2312:Drivers/STM32G4xx_HAL_Driver/Src/stm32g4xx_hal_fdcan.c ****     /* Increment RxAddress pointer to second word of Rx FIFO element */
2313:Drivers/STM32G4xx_HAL_Driver/Src/stm32g4xx_hal_fdcan.c ****     RxAddress++;
2314:Drivers/STM32G4xx_HAL_Driver/Src/stm32g4xx_hal_fdcan.c **** 
2315:Drivers/STM32G4xx_HAL_Driver/Src/stm32g4xx_hal_fdcan.c ****     /* Retrieve RxTimestamp */
2316:Drivers/STM32G4xx_HAL_Driver/Src/stm32g4xx_hal_fdcan.c ****     pRxHeader->RxTimestamp = (*RxAddress & FDCAN_ELEMENT_MASK_TS);
2317:Drivers/STM32G4xx_HAL_Driver/Src/stm32g4xx_hal_fdcan.c **** 
2318:Drivers/STM32G4xx_HAL_Driver/Src/stm32g4xx_hal_fdcan.c ****     /* Retrieve DataLength */
2319:Drivers/STM32G4xx_HAL_Driver/Src/stm32g4xx_hal_fdcan.c ****     pRxHeader->DataLength = ((*RxAddress & FDCAN_ELEMENT_MASK_DLC) >> 16U);
2320:Drivers/STM32G4xx_HAL_Driver/Src/stm32g4xx_hal_fdcan.c **** 
2321:Drivers/STM32G4xx_HAL_Driver/Src/stm32g4xx_hal_fdcan.c ****     /* Retrieve BitRateSwitch */
2322:Drivers/STM32G4xx_HAL_Driver/Src/stm32g4xx_hal_fdcan.c ****     pRxHeader->BitRateSwitch = (*RxAddress & FDCAN_ELEMENT_MASK_BRS);
2323:Drivers/STM32G4xx_HAL_Driver/Src/stm32g4xx_hal_fdcan.c **** 
2324:Drivers/STM32G4xx_HAL_Driver/Src/stm32g4xx_hal_fdcan.c ****     /* Retrieve FDFormat */
2325:Drivers/STM32G4xx_HAL_Driver/Src/stm32g4xx_hal_fdcan.c ****     pRxHeader->FDFormat = (*RxAddress & FDCAN_ELEMENT_MASK_FDF);
2326:Drivers/STM32G4xx_HAL_Driver/Src/stm32g4xx_hal_fdcan.c **** 
2327:Drivers/STM32G4xx_HAL_Driver/Src/stm32g4xx_hal_fdcan.c ****     /* Retrieve FilterIndex */
2328:Drivers/STM32G4xx_HAL_Driver/Src/stm32g4xx_hal_fdcan.c ****     pRxHeader->FilterIndex = ((*RxAddress & FDCAN_ELEMENT_MASK_FIDX) >> 24U);
2329:Drivers/STM32G4xx_HAL_Driver/Src/stm32g4xx_hal_fdcan.c **** 
2330:Drivers/STM32G4xx_HAL_Driver/Src/stm32g4xx_hal_fdcan.c ****     /* Retrieve NonMatchingFrame */
2331:Drivers/STM32G4xx_HAL_Driver/Src/stm32g4xx_hal_fdcan.c ****     pRxHeader->IsFilterMatchingFrame = ((*RxAddress & FDCAN_ELEMENT_MASK_ANMF) >> 31U);
2332:Drivers/STM32G4xx_HAL_Driver/Src/stm32g4xx_hal_fdcan.c **** 
2333:Drivers/STM32G4xx_HAL_Driver/Src/stm32g4xx_hal_fdcan.c ****     /* Increment RxAddress pointer to payload of Rx FIFO element */
2334:Drivers/STM32G4xx_HAL_Driver/Src/stm32g4xx_hal_fdcan.c ****     RxAddress++;
2335:Drivers/STM32G4xx_HAL_Driver/Src/stm32g4xx_hal_fdcan.c **** 
2336:Drivers/STM32G4xx_HAL_Driver/Src/stm32g4xx_hal_fdcan.c ****     /* Retrieve Rx payload */
2337:Drivers/STM32G4xx_HAL_Driver/Src/stm32g4xx_hal_fdcan.c ****     pData = (uint8_t *)RxAddress;
2338:Drivers/STM32G4xx_HAL_Driver/Src/stm32g4xx_hal_fdcan.c ****     for (ByteCounter = 0; ByteCounter < DLCtoBytes[pRxHeader->DataLength]; ByteCounter++)
2339:Drivers/STM32G4xx_HAL_Driver/Src/stm32g4xx_hal_fdcan.c ****     {
2340:Drivers/STM32G4xx_HAL_Driver/Src/stm32g4xx_hal_fdcan.c ****       pRxData[ByteCounter] = pData[ByteCounter];
2341:Drivers/STM32G4xx_HAL_Driver/Src/stm32g4xx_hal_fdcan.c ****     }
2342:Drivers/STM32G4xx_HAL_Driver/Src/stm32g4xx_hal_fdcan.c **** 
2343:Drivers/STM32G4xx_HAL_Driver/Src/stm32g4xx_hal_fdcan.c ****     if (RxLocation == FDCAN_RX_FIFO0) /* Rx element is assigned to the Rx FIFO 0 */
2344:Drivers/STM32G4xx_HAL_Driver/Src/stm32g4xx_hal_fdcan.c ****     {
2345:Drivers/STM32G4xx_HAL_Driver/Src/stm32g4xx_hal_fdcan.c ****       /* Acknowledge the Rx FIFO 0 that the oldest element is read so that it increments the GetInd
2346:Drivers/STM32G4xx_HAL_Driver/Src/stm32g4xx_hal_fdcan.c ****       hfdcan->Instance->RXF0A = GetIndex;
2347:Drivers/STM32G4xx_HAL_Driver/Src/stm32g4xx_hal_fdcan.c ****     }
2348:Drivers/STM32G4xx_HAL_Driver/Src/stm32g4xx_hal_fdcan.c ****     else /* Rx element is assigned to the Rx FIFO 1 */
2349:Drivers/STM32G4xx_HAL_Driver/Src/stm32g4xx_hal_fdcan.c ****     {
2350:Drivers/STM32G4xx_HAL_Driver/Src/stm32g4xx_hal_fdcan.c ****       /* Acknowledge the Rx FIFO 1 that the oldest element is read so that it increments the GetInd
2351:Drivers/STM32G4xx_HAL_Driver/Src/stm32g4xx_hal_fdcan.c ****       hfdcan->Instance->RXF1A = GetIndex;
2352:Drivers/STM32G4xx_HAL_Driver/Src/stm32g4xx_hal_fdcan.c ****     }
2353:Drivers/STM32G4xx_HAL_Driver/Src/stm32g4xx_hal_fdcan.c **** 
2354:Drivers/STM32G4xx_HAL_Driver/Src/stm32g4xx_hal_fdcan.c ****     /* Return function status */
2355:Drivers/STM32G4xx_HAL_Driver/Src/stm32g4xx_hal_fdcan.c ****     return HAL_OK;
2356:Drivers/STM32G4xx_HAL_Driver/Src/stm32g4xx_hal_fdcan.c ****   }
2357:Drivers/STM32G4xx_HAL_Driver/Src/stm32g4xx_hal_fdcan.c ****   else
2358:Drivers/STM32G4xx_HAL_Driver/Src/stm32g4xx_hal_fdcan.c ****   {
2359:Drivers/STM32G4xx_HAL_Driver/Src/stm32g4xx_hal_fdcan.c ****     /* Update error code */
2360:Drivers/STM32G4xx_HAL_Driver/Src/stm32g4xx_hal_fdcan.c ****     hfdcan->ErrorCode |= HAL_FDCAN_ERROR_NOT_STARTED;
2361:Drivers/STM32G4xx_HAL_Driver/Src/stm32g4xx_hal_fdcan.c **** 
2362:Drivers/STM32G4xx_HAL_Driver/Src/stm32g4xx_hal_fdcan.c ****     return HAL_ERROR;
2363:Drivers/STM32G4xx_HAL_Driver/Src/stm32g4xx_hal_fdcan.c ****   }
2364:Drivers/STM32G4xx_HAL_Driver/Src/stm32g4xx_hal_fdcan.c **** }
2365:Drivers/STM32G4xx_HAL_Driver/Src/stm32g4xx_hal_fdcan.c **** 
2366:Drivers/STM32G4xx_HAL_Driver/Src/stm32g4xx_hal_fdcan.c **** /**
2367:Drivers/STM32G4xx_HAL_Driver/Src/stm32g4xx_hal_fdcan.c ****   * @brief  Get an FDCAN Tx event from the Tx Event FIFO zone into the message RAM.
ARM GAS  C:\Users\Booster\AppData\Local\Temp\ccYRDURW.s 			page 43


2368:Drivers/STM32G4xx_HAL_Driver/Src/stm32g4xx_hal_fdcan.c ****   * @param  hfdcan pointer to an FDCAN_HandleTypeDef structure that contains
2369:Drivers/STM32G4xx_HAL_Driver/Src/stm32g4xx_hal_fdcan.c ****   *         the configuration information for the specified FDCAN.
2370:Drivers/STM32G4xx_HAL_Driver/Src/stm32g4xx_hal_fdcan.c ****   * @param  pTxEvent pointer to a FDCAN_TxEventFifoTypeDef structure.
2371:Drivers/STM32G4xx_HAL_Driver/Src/stm32g4xx_hal_fdcan.c ****   * @retval HAL status
2372:Drivers/STM32G4xx_HAL_Driver/Src/stm32g4xx_hal_fdcan.c ****   */
2373:Drivers/STM32G4xx_HAL_Driver/Src/stm32g4xx_hal_fdcan.c **** HAL_StatusTypeDef HAL_FDCAN_GetTxEvent(FDCAN_HandleTypeDef *hfdcan, FDCAN_TxEventFifoTypeDef *pTxEv
2374:Drivers/STM32G4xx_HAL_Driver/Src/stm32g4xx_hal_fdcan.c **** {
2375:Drivers/STM32G4xx_HAL_Driver/Src/stm32g4xx_hal_fdcan.c ****   uint32_t *TxEventAddress;
2376:Drivers/STM32G4xx_HAL_Driver/Src/stm32g4xx_hal_fdcan.c ****   uint32_t GetIndex;
2377:Drivers/STM32G4xx_HAL_Driver/Src/stm32g4xx_hal_fdcan.c ****   HAL_FDCAN_StateTypeDef state = hfdcan->State;
2378:Drivers/STM32G4xx_HAL_Driver/Src/stm32g4xx_hal_fdcan.c **** 
2379:Drivers/STM32G4xx_HAL_Driver/Src/stm32g4xx_hal_fdcan.c ****   if (state == HAL_FDCAN_STATE_BUSY)
2380:Drivers/STM32G4xx_HAL_Driver/Src/stm32g4xx_hal_fdcan.c ****   {
2381:Drivers/STM32G4xx_HAL_Driver/Src/stm32g4xx_hal_fdcan.c ****     /* Check that the Tx event FIFO is not empty */
2382:Drivers/STM32G4xx_HAL_Driver/Src/stm32g4xx_hal_fdcan.c ****     if ((hfdcan->Instance->TXEFS & FDCAN_TXEFS_EFFL) == 0U)
2383:Drivers/STM32G4xx_HAL_Driver/Src/stm32g4xx_hal_fdcan.c ****     {
2384:Drivers/STM32G4xx_HAL_Driver/Src/stm32g4xx_hal_fdcan.c ****       /* Update error code */
2385:Drivers/STM32G4xx_HAL_Driver/Src/stm32g4xx_hal_fdcan.c ****       hfdcan->ErrorCode |= HAL_FDCAN_ERROR_FIFO_EMPTY;
2386:Drivers/STM32G4xx_HAL_Driver/Src/stm32g4xx_hal_fdcan.c **** 
2387:Drivers/STM32G4xx_HAL_Driver/Src/stm32g4xx_hal_fdcan.c ****       return HAL_ERROR;
2388:Drivers/STM32G4xx_HAL_Driver/Src/stm32g4xx_hal_fdcan.c ****     }
2389:Drivers/STM32G4xx_HAL_Driver/Src/stm32g4xx_hal_fdcan.c **** 
2390:Drivers/STM32G4xx_HAL_Driver/Src/stm32g4xx_hal_fdcan.c ****     /* Calculate Tx event FIFO element address */
2391:Drivers/STM32G4xx_HAL_Driver/Src/stm32g4xx_hal_fdcan.c ****     GetIndex = ((hfdcan->Instance->TXEFS & FDCAN_TXEFS_EFGI) >> FDCAN_TXEFS_EFGI_Pos);
2392:Drivers/STM32G4xx_HAL_Driver/Src/stm32g4xx_hal_fdcan.c ****     TxEventAddress = (uint32_t *)(hfdcan->msgRam.TxEventFIFOSA + (GetIndex * SRAMCAN_TEF_SIZE));
2393:Drivers/STM32G4xx_HAL_Driver/Src/stm32g4xx_hal_fdcan.c **** 
2394:Drivers/STM32G4xx_HAL_Driver/Src/stm32g4xx_hal_fdcan.c ****     /* Retrieve IdType */
2395:Drivers/STM32G4xx_HAL_Driver/Src/stm32g4xx_hal_fdcan.c ****     pTxEvent->IdType = *TxEventAddress & FDCAN_ELEMENT_MASK_XTD;
2396:Drivers/STM32G4xx_HAL_Driver/Src/stm32g4xx_hal_fdcan.c **** 
2397:Drivers/STM32G4xx_HAL_Driver/Src/stm32g4xx_hal_fdcan.c ****     /* Retrieve Identifier */
2398:Drivers/STM32G4xx_HAL_Driver/Src/stm32g4xx_hal_fdcan.c ****     if (pTxEvent->IdType == FDCAN_STANDARD_ID) /* Standard ID element */
2399:Drivers/STM32G4xx_HAL_Driver/Src/stm32g4xx_hal_fdcan.c ****     {
2400:Drivers/STM32G4xx_HAL_Driver/Src/stm32g4xx_hal_fdcan.c ****       pTxEvent->Identifier = ((*TxEventAddress & FDCAN_ELEMENT_MASK_STDID) >> 18U);
2401:Drivers/STM32G4xx_HAL_Driver/Src/stm32g4xx_hal_fdcan.c ****     }
2402:Drivers/STM32G4xx_HAL_Driver/Src/stm32g4xx_hal_fdcan.c ****     else /* Extended ID element */
2403:Drivers/STM32G4xx_HAL_Driver/Src/stm32g4xx_hal_fdcan.c ****     {
2404:Drivers/STM32G4xx_HAL_Driver/Src/stm32g4xx_hal_fdcan.c ****       pTxEvent->Identifier = (*TxEventAddress & FDCAN_ELEMENT_MASK_EXTID);
2405:Drivers/STM32G4xx_HAL_Driver/Src/stm32g4xx_hal_fdcan.c ****     }
2406:Drivers/STM32G4xx_HAL_Driver/Src/stm32g4xx_hal_fdcan.c **** 
2407:Drivers/STM32G4xx_HAL_Driver/Src/stm32g4xx_hal_fdcan.c ****     /* Retrieve TxFrameType */
2408:Drivers/STM32G4xx_HAL_Driver/Src/stm32g4xx_hal_fdcan.c ****     pTxEvent->TxFrameType = (*TxEventAddress & FDCAN_ELEMENT_MASK_RTR);
2409:Drivers/STM32G4xx_HAL_Driver/Src/stm32g4xx_hal_fdcan.c **** 
2410:Drivers/STM32G4xx_HAL_Driver/Src/stm32g4xx_hal_fdcan.c ****     /* Retrieve ErrorStateIndicator */
2411:Drivers/STM32G4xx_HAL_Driver/Src/stm32g4xx_hal_fdcan.c ****     pTxEvent->ErrorStateIndicator = (*TxEventAddress & FDCAN_ELEMENT_MASK_ESI);
2412:Drivers/STM32G4xx_HAL_Driver/Src/stm32g4xx_hal_fdcan.c **** 
2413:Drivers/STM32G4xx_HAL_Driver/Src/stm32g4xx_hal_fdcan.c ****     /* Increment TxEventAddress pointer to second word of Tx Event FIFO element */
2414:Drivers/STM32G4xx_HAL_Driver/Src/stm32g4xx_hal_fdcan.c ****     TxEventAddress++;
2415:Drivers/STM32G4xx_HAL_Driver/Src/stm32g4xx_hal_fdcan.c **** 
2416:Drivers/STM32G4xx_HAL_Driver/Src/stm32g4xx_hal_fdcan.c ****     /* Retrieve TxTimestamp */
2417:Drivers/STM32G4xx_HAL_Driver/Src/stm32g4xx_hal_fdcan.c ****     pTxEvent->TxTimestamp = (*TxEventAddress & FDCAN_ELEMENT_MASK_TS);
2418:Drivers/STM32G4xx_HAL_Driver/Src/stm32g4xx_hal_fdcan.c **** 
2419:Drivers/STM32G4xx_HAL_Driver/Src/stm32g4xx_hal_fdcan.c ****     /* Retrieve DataLength */
2420:Drivers/STM32G4xx_HAL_Driver/Src/stm32g4xx_hal_fdcan.c ****     pTxEvent->DataLength = ((*TxEventAddress & FDCAN_ELEMENT_MASK_DLC) >> 16U);
2421:Drivers/STM32G4xx_HAL_Driver/Src/stm32g4xx_hal_fdcan.c **** 
2422:Drivers/STM32G4xx_HAL_Driver/Src/stm32g4xx_hal_fdcan.c ****     /* Retrieve BitRateSwitch */
2423:Drivers/STM32G4xx_HAL_Driver/Src/stm32g4xx_hal_fdcan.c ****     pTxEvent->BitRateSwitch = (*TxEventAddress & FDCAN_ELEMENT_MASK_BRS);
2424:Drivers/STM32G4xx_HAL_Driver/Src/stm32g4xx_hal_fdcan.c **** 
ARM GAS  C:\Users\Booster\AppData\Local\Temp\ccYRDURW.s 			page 44


2425:Drivers/STM32G4xx_HAL_Driver/Src/stm32g4xx_hal_fdcan.c ****     /* Retrieve FDFormat */
2426:Drivers/STM32G4xx_HAL_Driver/Src/stm32g4xx_hal_fdcan.c ****     pTxEvent->FDFormat = (*TxEventAddress & FDCAN_ELEMENT_MASK_FDF);
2427:Drivers/STM32G4xx_HAL_Driver/Src/stm32g4xx_hal_fdcan.c **** 
2428:Drivers/STM32G4xx_HAL_Driver/Src/stm32g4xx_hal_fdcan.c ****     /* Retrieve EventType */
2429:Drivers/STM32G4xx_HAL_Driver/Src/stm32g4xx_hal_fdcan.c ****     pTxEvent->EventType = (*TxEventAddress & FDCAN_ELEMENT_MASK_ET);
2430:Drivers/STM32G4xx_HAL_Driver/Src/stm32g4xx_hal_fdcan.c **** 
2431:Drivers/STM32G4xx_HAL_Driver/Src/stm32g4xx_hal_fdcan.c ****     /* Retrieve MessageMarker */
2432:Drivers/STM32G4xx_HAL_Driver/Src/stm32g4xx_hal_fdcan.c ****     pTxEvent->MessageMarker = ((*TxEventAddress & FDCAN_ELEMENT_MASK_MM) >> 24U);
2433:Drivers/STM32G4xx_HAL_Driver/Src/stm32g4xx_hal_fdcan.c **** 
2434:Drivers/STM32G4xx_HAL_Driver/Src/stm32g4xx_hal_fdcan.c ****     /* Acknowledge the Tx Event FIFO that the oldest element is read so that it increments the GetI
2435:Drivers/STM32G4xx_HAL_Driver/Src/stm32g4xx_hal_fdcan.c ****     hfdcan->Instance->TXEFA = GetIndex;
2436:Drivers/STM32G4xx_HAL_Driver/Src/stm32g4xx_hal_fdcan.c **** 
2437:Drivers/STM32G4xx_HAL_Driver/Src/stm32g4xx_hal_fdcan.c ****     /* Return function status */
2438:Drivers/STM32G4xx_HAL_Driver/Src/stm32g4xx_hal_fdcan.c ****     return HAL_OK;
2439:Drivers/STM32G4xx_HAL_Driver/Src/stm32g4xx_hal_fdcan.c ****   }
2440:Drivers/STM32G4xx_HAL_Driver/Src/stm32g4xx_hal_fdcan.c ****   else
2441:Drivers/STM32G4xx_HAL_Driver/Src/stm32g4xx_hal_fdcan.c ****   {
2442:Drivers/STM32G4xx_HAL_Driver/Src/stm32g4xx_hal_fdcan.c ****     /* Update error code */
2443:Drivers/STM32G4xx_HAL_Driver/Src/stm32g4xx_hal_fdcan.c ****     hfdcan->ErrorCode |= HAL_FDCAN_ERROR_NOT_STARTED;
2444:Drivers/STM32G4xx_HAL_Driver/Src/stm32g4xx_hal_fdcan.c **** 
2445:Drivers/STM32G4xx_HAL_Driver/Src/stm32g4xx_hal_fdcan.c ****     return HAL_ERROR;
2446:Drivers/STM32G4xx_HAL_Driver/Src/stm32g4xx_hal_fdcan.c ****   }
2447:Drivers/STM32G4xx_HAL_Driver/Src/stm32g4xx_hal_fdcan.c **** }
2448:Drivers/STM32G4xx_HAL_Driver/Src/stm32g4xx_hal_fdcan.c **** 
2449:Drivers/STM32G4xx_HAL_Driver/Src/stm32g4xx_hal_fdcan.c **** /**
2450:Drivers/STM32G4xx_HAL_Driver/Src/stm32g4xx_hal_fdcan.c ****   * @brief  Get high priority message status.
2451:Drivers/STM32G4xx_HAL_Driver/Src/stm32g4xx_hal_fdcan.c ****   * @param  hfdcan pointer to an FDCAN_HandleTypeDef structure that contains
2452:Drivers/STM32G4xx_HAL_Driver/Src/stm32g4xx_hal_fdcan.c ****   *         the configuration information for the specified FDCAN.
2453:Drivers/STM32G4xx_HAL_Driver/Src/stm32g4xx_hal_fdcan.c ****   * @param  HpMsgStatus pointer to an FDCAN_HpMsgStatusTypeDef structure.
2454:Drivers/STM32G4xx_HAL_Driver/Src/stm32g4xx_hal_fdcan.c ****   * @retval HAL status
2455:Drivers/STM32G4xx_HAL_Driver/Src/stm32g4xx_hal_fdcan.c ****   */
2456:Drivers/STM32G4xx_HAL_Driver/Src/stm32g4xx_hal_fdcan.c **** HAL_StatusTypeDef HAL_FDCAN_GetHighPriorityMessageStatus(const FDCAN_HandleTypeDef *hfdcan,
2457:Drivers/STM32G4xx_HAL_Driver/Src/stm32g4xx_hal_fdcan.c ****                                                          FDCAN_HpMsgStatusTypeDef *HpMsgStatus)
2458:Drivers/STM32G4xx_HAL_Driver/Src/stm32g4xx_hal_fdcan.c **** {
2459:Drivers/STM32G4xx_HAL_Driver/Src/stm32g4xx_hal_fdcan.c ****   HpMsgStatus->FilterList = ((hfdcan->Instance->HPMS & FDCAN_HPMS_FLST) >> FDCAN_HPMS_FLST_Pos);
2460:Drivers/STM32G4xx_HAL_Driver/Src/stm32g4xx_hal_fdcan.c ****   HpMsgStatus->FilterIndex = ((hfdcan->Instance->HPMS & FDCAN_HPMS_FIDX) >> FDCAN_HPMS_FIDX_Pos);
2461:Drivers/STM32G4xx_HAL_Driver/Src/stm32g4xx_hal_fdcan.c ****   HpMsgStatus->MessageStorage = (hfdcan->Instance->HPMS & FDCAN_HPMS_MSI);
2462:Drivers/STM32G4xx_HAL_Driver/Src/stm32g4xx_hal_fdcan.c ****   HpMsgStatus->MessageIndex = (hfdcan->Instance->HPMS & FDCAN_HPMS_BIDX);
2463:Drivers/STM32G4xx_HAL_Driver/Src/stm32g4xx_hal_fdcan.c **** 
2464:Drivers/STM32G4xx_HAL_Driver/Src/stm32g4xx_hal_fdcan.c ****   /* Return function status */
2465:Drivers/STM32G4xx_HAL_Driver/Src/stm32g4xx_hal_fdcan.c ****   return HAL_OK;
2466:Drivers/STM32G4xx_HAL_Driver/Src/stm32g4xx_hal_fdcan.c **** }
2467:Drivers/STM32G4xx_HAL_Driver/Src/stm32g4xx_hal_fdcan.c **** 
2468:Drivers/STM32G4xx_HAL_Driver/Src/stm32g4xx_hal_fdcan.c **** /**
2469:Drivers/STM32G4xx_HAL_Driver/Src/stm32g4xx_hal_fdcan.c ****   * @brief  Get protocol status.
2470:Drivers/STM32G4xx_HAL_Driver/Src/stm32g4xx_hal_fdcan.c ****   * @param  hfdcan pointer to an FDCAN_HandleTypeDef structure that contains
2471:Drivers/STM32G4xx_HAL_Driver/Src/stm32g4xx_hal_fdcan.c ****   *         the configuration information for the specified FDCAN.
2472:Drivers/STM32G4xx_HAL_Driver/Src/stm32g4xx_hal_fdcan.c ****   * @param  ProtocolStatus pointer to an FDCAN_ProtocolStatusTypeDef structure.
2473:Drivers/STM32G4xx_HAL_Driver/Src/stm32g4xx_hal_fdcan.c ****   * @retval HAL status
2474:Drivers/STM32G4xx_HAL_Driver/Src/stm32g4xx_hal_fdcan.c ****   */
2475:Drivers/STM32G4xx_HAL_Driver/Src/stm32g4xx_hal_fdcan.c **** HAL_StatusTypeDef HAL_FDCAN_GetProtocolStatus(const FDCAN_HandleTypeDef *hfdcan,
2476:Drivers/STM32G4xx_HAL_Driver/Src/stm32g4xx_hal_fdcan.c ****                                               FDCAN_ProtocolStatusTypeDef *ProtocolStatus)
2477:Drivers/STM32G4xx_HAL_Driver/Src/stm32g4xx_hal_fdcan.c **** {
2478:Drivers/STM32G4xx_HAL_Driver/Src/stm32g4xx_hal_fdcan.c ****   uint32_t StatusReg;
2479:Drivers/STM32G4xx_HAL_Driver/Src/stm32g4xx_hal_fdcan.c **** 
2480:Drivers/STM32G4xx_HAL_Driver/Src/stm32g4xx_hal_fdcan.c ****   /* Read the protocol status register */
2481:Drivers/STM32G4xx_HAL_Driver/Src/stm32g4xx_hal_fdcan.c ****   StatusReg = READ_REG(hfdcan->Instance->PSR);
ARM GAS  C:\Users\Booster\AppData\Local\Temp\ccYRDURW.s 			page 45


2482:Drivers/STM32G4xx_HAL_Driver/Src/stm32g4xx_hal_fdcan.c **** 
2483:Drivers/STM32G4xx_HAL_Driver/Src/stm32g4xx_hal_fdcan.c ****   /* Fill the protocol status structure */
2484:Drivers/STM32G4xx_HAL_Driver/Src/stm32g4xx_hal_fdcan.c ****   ProtocolStatus->LastErrorCode = (StatusReg & FDCAN_PSR_LEC);
2485:Drivers/STM32G4xx_HAL_Driver/Src/stm32g4xx_hal_fdcan.c ****   ProtocolStatus->DataLastErrorCode = ((StatusReg & FDCAN_PSR_DLEC) >> FDCAN_PSR_DLEC_Pos);
2486:Drivers/STM32G4xx_HAL_Driver/Src/stm32g4xx_hal_fdcan.c ****   ProtocolStatus->Activity = (StatusReg & FDCAN_PSR_ACT);
2487:Drivers/STM32G4xx_HAL_Driver/Src/stm32g4xx_hal_fdcan.c ****   ProtocolStatus->ErrorPassive = ((StatusReg & FDCAN_PSR_EP) >> FDCAN_PSR_EP_Pos);
2488:Drivers/STM32G4xx_HAL_Driver/Src/stm32g4xx_hal_fdcan.c ****   ProtocolStatus->Warning = ((StatusReg & FDCAN_PSR_EW) >> FDCAN_PSR_EW_Pos);
2489:Drivers/STM32G4xx_HAL_Driver/Src/stm32g4xx_hal_fdcan.c ****   ProtocolStatus->BusOff = ((StatusReg & FDCAN_PSR_BO) >> FDCAN_PSR_BO_Pos);
2490:Drivers/STM32G4xx_HAL_Driver/Src/stm32g4xx_hal_fdcan.c ****   ProtocolStatus->RxESIflag = ((StatusReg & FDCAN_PSR_RESI) >> FDCAN_PSR_RESI_Pos);
2491:Drivers/STM32G4xx_HAL_Driver/Src/stm32g4xx_hal_fdcan.c ****   ProtocolStatus->RxBRSflag = ((StatusReg & FDCAN_PSR_RBRS) >> FDCAN_PSR_RBRS_Pos);
2492:Drivers/STM32G4xx_HAL_Driver/Src/stm32g4xx_hal_fdcan.c ****   ProtocolStatus->RxFDFflag = ((StatusReg & FDCAN_PSR_REDL) >> FDCAN_PSR_REDL_Pos);
2493:Drivers/STM32G4xx_HAL_Driver/Src/stm32g4xx_hal_fdcan.c ****   ProtocolStatus->ProtocolException = ((StatusReg & FDCAN_PSR_PXE) >> FDCAN_PSR_PXE_Pos);
2494:Drivers/STM32G4xx_HAL_Driver/Src/stm32g4xx_hal_fdcan.c ****   ProtocolStatus->TDCvalue = ((StatusReg & FDCAN_PSR_TDCV) >> FDCAN_PSR_TDCV_Pos);
2495:Drivers/STM32G4xx_HAL_Driver/Src/stm32g4xx_hal_fdcan.c **** 
2496:Drivers/STM32G4xx_HAL_Driver/Src/stm32g4xx_hal_fdcan.c ****   /* Return function status */
2497:Drivers/STM32G4xx_HAL_Driver/Src/stm32g4xx_hal_fdcan.c ****   return HAL_OK;
2498:Drivers/STM32G4xx_HAL_Driver/Src/stm32g4xx_hal_fdcan.c **** }
2499:Drivers/STM32G4xx_HAL_Driver/Src/stm32g4xx_hal_fdcan.c **** 
2500:Drivers/STM32G4xx_HAL_Driver/Src/stm32g4xx_hal_fdcan.c **** /**
2501:Drivers/STM32G4xx_HAL_Driver/Src/stm32g4xx_hal_fdcan.c ****   * @brief  Get error counter values.
2502:Drivers/STM32G4xx_HAL_Driver/Src/stm32g4xx_hal_fdcan.c ****   * @param  hfdcan pointer to an FDCAN_HandleTypeDef structure that contains
2503:Drivers/STM32G4xx_HAL_Driver/Src/stm32g4xx_hal_fdcan.c ****   *         the configuration information for the specified FDCAN.
2504:Drivers/STM32G4xx_HAL_Driver/Src/stm32g4xx_hal_fdcan.c ****   * @param  ErrorCounters pointer to an FDCAN_ErrorCountersTypeDef structure.
2505:Drivers/STM32G4xx_HAL_Driver/Src/stm32g4xx_hal_fdcan.c ****   * @retval HAL status
2506:Drivers/STM32G4xx_HAL_Driver/Src/stm32g4xx_hal_fdcan.c ****   */
2507:Drivers/STM32G4xx_HAL_Driver/Src/stm32g4xx_hal_fdcan.c **** HAL_StatusTypeDef HAL_FDCAN_GetErrorCounters(const FDCAN_HandleTypeDef *hfdcan,
2508:Drivers/STM32G4xx_HAL_Driver/Src/stm32g4xx_hal_fdcan.c ****                                              FDCAN_ErrorCountersTypeDef *ErrorCounters)
2509:Drivers/STM32G4xx_HAL_Driver/Src/stm32g4xx_hal_fdcan.c **** {
2510:Drivers/STM32G4xx_HAL_Driver/Src/stm32g4xx_hal_fdcan.c ****   uint32_t CountersReg;
2511:Drivers/STM32G4xx_HAL_Driver/Src/stm32g4xx_hal_fdcan.c **** 
2512:Drivers/STM32G4xx_HAL_Driver/Src/stm32g4xx_hal_fdcan.c ****   /* Read the error counters register */
2513:Drivers/STM32G4xx_HAL_Driver/Src/stm32g4xx_hal_fdcan.c ****   CountersReg = READ_REG(hfdcan->Instance->ECR);
2514:Drivers/STM32G4xx_HAL_Driver/Src/stm32g4xx_hal_fdcan.c **** 
2515:Drivers/STM32G4xx_HAL_Driver/Src/stm32g4xx_hal_fdcan.c ****   /* Fill the error counters structure */
2516:Drivers/STM32G4xx_HAL_Driver/Src/stm32g4xx_hal_fdcan.c ****   ErrorCounters->TxErrorCnt = ((CountersReg & FDCAN_ECR_TEC) >> FDCAN_ECR_TEC_Pos);
2517:Drivers/STM32G4xx_HAL_Driver/Src/stm32g4xx_hal_fdcan.c ****   ErrorCounters->RxErrorCnt = ((CountersReg & FDCAN_ECR_REC) >> FDCAN_ECR_REC_Pos);
2518:Drivers/STM32G4xx_HAL_Driver/Src/stm32g4xx_hal_fdcan.c ****   ErrorCounters->RxErrorPassive = ((CountersReg & FDCAN_ECR_RP) >> FDCAN_ECR_RP_Pos);
2519:Drivers/STM32G4xx_HAL_Driver/Src/stm32g4xx_hal_fdcan.c ****   ErrorCounters->ErrorLogging = ((CountersReg & FDCAN_ECR_CEL) >> FDCAN_ECR_CEL_Pos);
2520:Drivers/STM32G4xx_HAL_Driver/Src/stm32g4xx_hal_fdcan.c **** 
2521:Drivers/STM32G4xx_HAL_Driver/Src/stm32g4xx_hal_fdcan.c ****   /* Return function status */
2522:Drivers/STM32G4xx_HAL_Driver/Src/stm32g4xx_hal_fdcan.c ****   return HAL_OK;
2523:Drivers/STM32G4xx_HAL_Driver/Src/stm32g4xx_hal_fdcan.c **** }
2524:Drivers/STM32G4xx_HAL_Driver/Src/stm32g4xx_hal_fdcan.c **** 
2525:Drivers/STM32G4xx_HAL_Driver/Src/stm32g4xx_hal_fdcan.c **** /**
2526:Drivers/STM32G4xx_HAL_Driver/Src/stm32g4xx_hal_fdcan.c ****   * @brief  Check if a transmission request is pending on the selected Tx buffer.
2527:Drivers/STM32G4xx_HAL_Driver/Src/stm32g4xx_hal_fdcan.c ****   * @param  hfdcan pointer to an FDCAN_HandleTypeDef structure that contains
2528:Drivers/STM32G4xx_HAL_Driver/Src/stm32g4xx_hal_fdcan.c ****   *         the configuration information for the specified FDCAN.
2529:Drivers/STM32G4xx_HAL_Driver/Src/stm32g4xx_hal_fdcan.c ****   * @param  TxBufferIndex Tx buffer index.
2530:Drivers/STM32G4xx_HAL_Driver/Src/stm32g4xx_hal_fdcan.c ****   *         This parameter can be any combination of @arg FDCAN_Tx_location.
2531:Drivers/STM32G4xx_HAL_Driver/Src/stm32g4xx_hal_fdcan.c ****   * @retval Status
2532:Drivers/STM32G4xx_HAL_Driver/Src/stm32g4xx_hal_fdcan.c ****   *          - 0 : No pending transmission request on TxBufferIndex list.
2533:Drivers/STM32G4xx_HAL_Driver/Src/stm32g4xx_hal_fdcan.c ****   *          - 1 : Pending transmission request on TxBufferIndex.
2534:Drivers/STM32G4xx_HAL_Driver/Src/stm32g4xx_hal_fdcan.c ****   */
2535:Drivers/STM32G4xx_HAL_Driver/Src/stm32g4xx_hal_fdcan.c **** uint32_t HAL_FDCAN_IsTxBufferMessagePending(const FDCAN_HandleTypeDef *hfdcan, uint32_t TxBufferInd
2536:Drivers/STM32G4xx_HAL_Driver/Src/stm32g4xx_hal_fdcan.c **** {
2537:Drivers/STM32G4xx_HAL_Driver/Src/stm32g4xx_hal_fdcan.c ****   /* Check function parameters */
2538:Drivers/STM32G4xx_HAL_Driver/Src/stm32g4xx_hal_fdcan.c ****   assert_param(IS_FDCAN_TX_LOCATION_LIST(TxBufferIndex));
ARM GAS  C:\Users\Booster\AppData\Local\Temp\ccYRDURW.s 			page 46


2539:Drivers/STM32G4xx_HAL_Driver/Src/stm32g4xx_hal_fdcan.c **** 
2540:Drivers/STM32G4xx_HAL_Driver/Src/stm32g4xx_hal_fdcan.c ****   /* Check pending transmission request on the selected buffer */
2541:Drivers/STM32G4xx_HAL_Driver/Src/stm32g4xx_hal_fdcan.c ****   if ((hfdcan->Instance->TXBRP & TxBufferIndex) == 0U)
2542:Drivers/STM32G4xx_HAL_Driver/Src/stm32g4xx_hal_fdcan.c ****   {
2543:Drivers/STM32G4xx_HAL_Driver/Src/stm32g4xx_hal_fdcan.c ****     return 0;
2544:Drivers/STM32G4xx_HAL_Driver/Src/stm32g4xx_hal_fdcan.c ****   }
2545:Drivers/STM32G4xx_HAL_Driver/Src/stm32g4xx_hal_fdcan.c ****   return 1;
2546:Drivers/STM32G4xx_HAL_Driver/Src/stm32g4xx_hal_fdcan.c **** }
2547:Drivers/STM32G4xx_HAL_Driver/Src/stm32g4xx_hal_fdcan.c **** 
2548:Drivers/STM32G4xx_HAL_Driver/Src/stm32g4xx_hal_fdcan.c **** /**
2549:Drivers/STM32G4xx_HAL_Driver/Src/stm32g4xx_hal_fdcan.c ****   * @brief  Return Rx FIFO fill level.
2550:Drivers/STM32G4xx_HAL_Driver/Src/stm32g4xx_hal_fdcan.c ****   * @param  hfdcan pointer to an FDCAN_HandleTypeDef structure that contains
2551:Drivers/STM32G4xx_HAL_Driver/Src/stm32g4xx_hal_fdcan.c ****   *         the configuration information for the specified FDCAN.
2552:Drivers/STM32G4xx_HAL_Driver/Src/stm32g4xx_hal_fdcan.c ****   * @param  RxFifo Rx FIFO.
2553:Drivers/STM32G4xx_HAL_Driver/Src/stm32g4xx_hal_fdcan.c ****   *         This parameter can be one of the following values:
2554:Drivers/STM32G4xx_HAL_Driver/Src/stm32g4xx_hal_fdcan.c ****   *           @arg FDCAN_RX_FIFO0: Rx FIFO 0
2555:Drivers/STM32G4xx_HAL_Driver/Src/stm32g4xx_hal_fdcan.c ****   *           @arg FDCAN_RX_FIFO1: Rx FIFO 1
2556:Drivers/STM32G4xx_HAL_Driver/Src/stm32g4xx_hal_fdcan.c ****   * @retval Rx FIFO fill level.
2557:Drivers/STM32G4xx_HAL_Driver/Src/stm32g4xx_hal_fdcan.c ****   */
2558:Drivers/STM32G4xx_HAL_Driver/Src/stm32g4xx_hal_fdcan.c **** uint32_t HAL_FDCAN_GetRxFifoFillLevel(const FDCAN_HandleTypeDef *hfdcan, uint32_t RxFifo)
2559:Drivers/STM32G4xx_HAL_Driver/Src/stm32g4xx_hal_fdcan.c **** {
2560:Drivers/STM32G4xx_HAL_Driver/Src/stm32g4xx_hal_fdcan.c ****   uint32_t FillLevel;
2561:Drivers/STM32G4xx_HAL_Driver/Src/stm32g4xx_hal_fdcan.c **** 
2562:Drivers/STM32G4xx_HAL_Driver/Src/stm32g4xx_hal_fdcan.c ****   /* Check function parameters */
2563:Drivers/STM32G4xx_HAL_Driver/Src/stm32g4xx_hal_fdcan.c ****   assert_param(IS_FDCAN_RX_FIFO(RxFifo));
2564:Drivers/STM32G4xx_HAL_Driver/Src/stm32g4xx_hal_fdcan.c **** 
2565:Drivers/STM32G4xx_HAL_Driver/Src/stm32g4xx_hal_fdcan.c ****   if (RxFifo == FDCAN_RX_FIFO0)
2566:Drivers/STM32G4xx_HAL_Driver/Src/stm32g4xx_hal_fdcan.c ****   {
2567:Drivers/STM32G4xx_HAL_Driver/Src/stm32g4xx_hal_fdcan.c ****     FillLevel = hfdcan->Instance->RXF0S & FDCAN_RXF0S_F0FL;
2568:Drivers/STM32G4xx_HAL_Driver/Src/stm32g4xx_hal_fdcan.c ****   }
2569:Drivers/STM32G4xx_HAL_Driver/Src/stm32g4xx_hal_fdcan.c ****   else /* RxFifo == FDCAN_RX_FIFO1 */
2570:Drivers/STM32G4xx_HAL_Driver/Src/stm32g4xx_hal_fdcan.c ****   {
2571:Drivers/STM32G4xx_HAL_Driver/Src/stm32g4xx_hal_fdcan.c ****     FillLevel = hfdcan->Instance->RXF1S & FDCAN_RXF1S_F1FL;
2572:Drivers/STM32G4xx_HAL_Driver/Src/stm32g4xx_hal_fdcan.c ****   }
2573:Drivers/STM32G4xx_HAL_Driver/Src/stm32g4xx_hal_fdcan.c **** 
2574:Drivers/STM32G4xx_HAL_Driver/Src/stm32g4xx_hal_fdcan.c ****   /* Return Rx FIFO fill level */
2575:Drivers/STM32G4xx_HAL_Driver/Src/stm32g4xx_hal_fdcan.c ****   return FillLevel;
2576:Drivers/STM32G4xx_HAL_Driver/Src/stm32g4xx_hal_fdcan.c **** }
2577:Drivers/STM32G4xx_HAL_Driver/Src/stm32g4xx_hal_fdcan.c **** 
2578:Drivers/STM32G4xx_HAL_Driver/Src/stm32g4xx_hal_fdcan.c **** /**
2579:Drivers/STM32G4xx_HAL_Driver/Src/stm32g4xx_hal_fdcan.c ****   * @brief  Return Tx FIFO free level: number of consecutive free Tx FIFO
2580:Drivers/STM32G4xx_HAL_Driver/Src/stm32g4xx_hal_fdcan.c ****   *         elements starting from Tx FIFO GetIndex.
2581:Drivers/STM32G4xx_HAL_Driver/Src/stm32g4xx_hal_fdcan.c ****   * @param  hfdcan pointer to an FDCAN_HandleTypeDef structure that contains
2582:Drivers/STM32G4xx_HAL_Driver/Src/stm32g4xx_hal_fdcan.c ****   *         the configuration information for the specified FDCAN.
2583:Drivers/STM32G4xx_HAL_Driver/Src/stm32g4xx_hal_fdcan.c ****   * @retval Tx FIFO free level.
2584:Drivers/STM32G4xx_HAL_Driver/Src/stm32g4xx_hal_fdcan.c ****   */
2585:Drivers/STM32G4xx_HAL_Driver/Src/stm32g4xx_hal_fdcan.c **** uint32_t HAL_FDCAN_GetTxFifoFreeLevel(const FDCAN_HandleTypeDef *hfdcan)
2586:Drivers/STM32G4xx_HAL_Driver/Src/stm32g4xx_hal_fdcan.c **** {
2587:Drivers/STM32G4xx_HAL_Driver/Src/stm32g4xx_hal_fdcan.c ****   uint32_t FreeLevel;
2588:Drivers/STM32G4xx_HAL_Driver/Src/stm32g4xx_hal_fdcan.c **** 
2589:Drivers/STM32G4xx_HAL_Driver/Src/stm32g4xx_hal_fdcan.c ****   FreeLevel = hfdcan->Instance->TXFQS & FDCAN_TXFQS_TFFL;
2590:Drivers/STM32G4xx_HAL_Driver/Src/stm32g4xx_hal_fdcan.c **** 
2591:Drivers/STM32G4xx_HAL_Driver/Src/stm32g4xx_hal_fdcan.c ****   /* Return Tx FIFO free level */
2592:Drivers/STM32G4xx_HAL_Driver/Src/stm32g4xx_hal_fdcan.c ****   return FreeLevel;
2593:Drivers/STM32G4xx_HAL_Driver/Src/stm32g4xx_hal_fdcan.c **** }
2594:Drivers/STM32G4xx_HAL_Driver/Src/stm32g4xx_hal_fdcan.c **** 
2595:Drivers/STM32G4xx_HAL_Driver/Src/stm32g4xx_hal_fdcan.c **** /**
ARM GAS  C:\Users\Booster\AppData\Local\Temp\ccYRDURW.s 			page 47


2596:Drivers/STM32G4xx_HAL_Driver/Src/stm32g4xx_hal_fdcan.c ****   * @brief  Check if the FDCAN peripheral entered Restricted Operation Mode.
2597:Drivers/STM32G4xx_HAL_Driver/Src/stm32g4xx_hal_fdcan.c ****   * @param  hfdcan pointer to an FDCAN_HandleTypeDef structure that contains
2598:Drivers/STM32G4xx_HAL_Driver/Src/stm32g4xx_hal_fdcan.c ****   *         the configuration information for the specified FDCAN.
2599:Drivers/STM32G4xx_HAL_Driver/Src/stm32g4xx_hal_fdcan.c ****   * @retval Status
2600:Drivers/STM32G4xx_HAL_Driver/Src/stm32g4xx_hal_fdcan.c ****   *          - 0 : Normal FDCAN operation.
2601:Drivers/STM32G4xx_HAL_Driver/Src/stm32g4xx_hal_fdcan.c ****   *          - 1 : Restricted Operation Mode active.
2602:Drivers/STM32G4xx_HAL_Driver/Src/stm32g4xx_hal_fdcan.c ****   */
2603:Drivers/STM32G4xx_HAL_Driver/Src/stm32g4xx_hal_fdcan.c **** uint32_t HAL_FDCAN_IsRestrictedOperationMode(const FDCAN_HandleTypeDef *hfdcan)
2604:Drivers/STM32G4xx_HAL_Driver/Src/stm32g4xx_hal_fdcan.c **** {
2605:Drivers/STM32G4xx_HAL_Driver/Src/stm32g4xx_hal_fdcan.c ****   uint32_t OperationMode;
2606:Drivers/STM32G4xx_HAL_Driver/Src/stm32g4xx_hal_fdcan.c **** 
2607:Drivers/STM32G4xx_HAL_Driver/Src/stm32g4xx_hal_fdcan.c ****   /* Get Operation Mode */
2608:Drivers/STM32G4xx_HAL_Driver/Src/stm32g4xx_hal_fdcan.c ****   OperationMode = ((hfdcan->Instance->CCCR & FDCAN_CCCR_ASM) >> FDCAN_CCCR_ASM_Pos);
2609:Drivers/STM32G4xx_HAL_Driver/Src/stm32g4xx_hal_fdcan.c **** 
2610:Drivers/STM32G4xx_HAL_Driver/Src/stm32g4xx_hal_fdcan.c ****   return OperationMode;
2611:Drivers/STM32G4xx_HAL_Driver/Src/stm32g4xx_hal_fdcan.c **** }
2612:Drivers/STM32G4xx_HAL_Driver/Src/stm32g4xx_hal_fdcan.c **** 
2613:Drivers/STM32G4xx_HAL_Driver/Src/stm32g4xx_hal_fdcan.c **** /**
2614:Drivers/STM32G4xx_HAL_Driver/Src/stm32g4xx_hal_fdcan.c ****   * @brief  Exit Restricted Operation Mode.
2615:Drivers/STM32G4xx_HAL_Driver/Src/stm32g4xx_hal_fdcan.c ****   * @param  hfdcan pointer to an FDCAN_HandleTypeDef structure that contains
2616:Drivers/STM32G4xx_HAL_Driver/Src/stm32g4xx_hal_fdcan.c ****   *         the configuration information for the specified FDCAN.
2617:Drivers/STM32G4xx_HAL_Driver/Src/stm32g4xx_hal_fdcan.c ****   * @retval HAL status
2618:Drivers/STM32G4xx_HAL_Driver/Src/stm32g4xx_hal_fdcan.c ****   */
2619:Drivers/STM32G4xx_HAL_Driver/Src/stm32g4xx_hal_fdcan.c **** HAL_StatusTypeDef HAL_FDCAN_ExitRestrictedOperationMode(FDCAN_HandleTypeDef *hfdcan)
2620:Drivers/STM32G4xx_HAL_Driver/Src/stm32g4xx_hal_fdcan.c **** {
2621:Drivers/STM32G4xx_HAL_Driver/Src/stm32g4xx_hal_fdcan.c ****   HAL_FDCAN_StateTypeDef state = hfdcan->State;
2622:Drivers/STM32G4xx_HAL_Driver/Src/stm32g4xx_hal_fdcan.c **** 
2623:Drivers/STM32G4xx_HAL_Driver/Src/stm32g4xx_hal_fdcan.c ****   if ((state == HAL_FDCAN_STATE_READY) || (state == HAL_FDCAN_STATE_BUSY))
2624:Drivers/STM32G4xx_HAL_Driver/Src/stm32g4xx_hal_fdcan.c ****   {
2625:Drivers/STM32G4xx_HAL_Driver/Src/stm32g4xx_hal_fdcan.c ****     /* Exit Restricted Operation mode */
2626:Drivers/STM32G4xx_HAL_Driver/Src/stm32g4xx_hal_fdcan.c ****     CLEAR_BIT(hfdcan->Instance->CCCR, FDCAN_CCCR_ASM);
2627:Drivers/STM32G4xx_HAL_Driver/Src/stm32g4xx_hal_fdcan.c **** 
2628:Drivers/STM32G4xx_HAL_Driver/Src/stm32g4xx_hal_fdcan.c ****     /* Return function status */
2629:Drivers/STM32G4xx_HAL_Driver/Src/stm32g4xx_hal_fdcan.c ****     return HAL_OK;
2630:Drivers/STM32G4xx_HAL_Driver/Src/stm32g4xx_hal_fdcan.c ****   }
2631:Drivers/STM32G4xx_HAL_Driver/Src/stm32g4xx_hal_fdcan.c ****   else
2632:Drivers/STM32G4xx_HAL_Driver/Src/stm32g4xx_hal_fdcan.c ****   {
2633:Drivers/STM32G4xx_HAL_Driver/Src/stm32g4xx_hal_fdcan.c ****     /* Update error code */
2634:Drivers/STM32G4xx_HAL_Driver/Src/stm32g4xx_hal_fdcan.c ****     hfdcan->ErrorCode |= HAL_FDCAN_ERROR_NOT_INITIALIZED;
2635:Drivers/STM32G4xx_HAL_Driver/Src/stm32g4xx_hal_fdcan.c **** 
2636:Drivers/STM32G4xx_HAL_Driver/Src/stm32g4xx_hal_fdcan.c ****     return HAL_ERROR;
2637:Drivers/STM32G4xx_HAL_Driver/Src/stm32g4xx_hal_fdcan.c ****   }
2638:Drivers/STM32G4xx_HAL_Driver/Src/stm32g4xx_hal_fdcan.c **** }
2639:Drivers/STM32G4xx_HAL_Driver/Src/stm32g4xx_hal_fdcan.c **** 
2640:Drivers/STM32G4xx_HAL_Driver/Src/stm32g4xx_hal_fdcan.c **** /**
2641:Drivers/STM32G4xx_HAL_Driver/Src/stm32g4xx_hal_fdcan.c ****   * @}
2642:Drivers/STM32G4xx_HAL_Driver/Src/stm32g4xx_hal_fdcan.c ****   */
2643:Drivers/STM32G4xx_HAL_Driver/Src/stm32g4xx_hal_fdcan.c **** 
2644:Drivers/STM32G4xx_HAL_Driver/Src/stm32g4xx_hal_fdcan.c **** /** @defgroup FDCAN_Exported_Functions_Group4 Interrupts management
2645:Drivers/STM32G4xx_HAL_Driver/Src/stm32g4xx_hal_fdcan.c ****   *  @brief    Interrupts management
2646:Drivers/STM32G4xx_HAL_Driver/Src/stm32g4xx_hal_fdcan.c ****   *
2647:Drivers/STM32G4xx_HAL_Driver/Src/stm32g4xx_hal_fdcan.c **** @verbatim
2648:Drivers/STM32G4xx_HAL_Driver/Src/stm32g4xx_hal_fdcan.c ****   ==============================================================================
2649:Drivers/STM32G4xx_HAL_Driver/Src/stm32g4xx_hal_fdcan.c ****                        ##### Interrupts management #####
2650:Drivers/STM32G4xx_HAL_Driver/Src/stm32g4xx_hal_fdcan.c ****   ==============================================================================
2651:Drivers/STM32G4xx_HAL_Driver/Src/stm32g4xx_hal_fdcan.c ****     [..]  This section provides functions allowing to:
2652:Drivers/STM32G4xx_HAL_Driver/Src/stm32g4xx_hal_fdcan.c ****       (+) HAL_FDCAN_ConfigInterruptLines      : Assign interrupts to either Interrupt line 0 or 1
ARM GAS  C:\Users\Booster\AppData\Local\Temp\ccYRDURW.s 			page 48


2653:Drivers/STM32G4xx_HAL_Driver/Src/stm32g4xx_hal_fdcan.c ****       (+) HAL_FDCAN_ActivateNotification      : Enable interrupts
2654:Drivers/STM32G4xx_HAL_Driver/Src/stm32g4xx_hal_fdcan.c ****       (+) HAL_FDCAN_DeactivateNotification    : Disable interrupts
2655:Drivers/STM32G4xx_HAL_Driver/Src/stm32g4xx_hal_fdcan.c ****       (+) HAL_FDCAN_IRQHandler                : Handles FDCAN interrupt request
2656:Drivers/STM32G4xx_HAL_Driver/Src/stm32g4xx_hal_fdcan.c **** 
2657:Drivers/STM32G4xx_HAL_Driver/Src/stm32g4xx_hal_fdcan.c **** @endverbatim
2658:Drivers/STM32G4xx_HAL_Driver/Src/stm32g4xx_hal_fdcan.c ****   * @{
2659:Drivers/STM32G4xx_HAL_Driver/Src/stm32g4xx_hal_fdcan.c ****   */
2660:Drivers/STM32G4xx_HAL_Driver/Src/stm32g4xx_hal_fdcan.c **** 
2661:Drivers/STM32G4xx_HAL_Driver/Src/stm32g4xx_hal_fdcan.c **** /**
2662:Drivers/STM32G4xx_HAL_Driver/Src/stm32g4xx_hal_fdcan.c ****   * @brief  Assign interrupts to either Interrupt line 0 or 1.
2663:Drivers/STM32G4xx_HAL_Driver/Src/stm32g4xx_hal_fdcan.c ****   * @param  hfdcan pointer to an FDCAN_HandleTypeDef structure that contains
2664:Drivers/STM32G4xx_HAL_Driver/Src/stm32g4xx_hal_fdcan.c ****   *         the configuration information for the specified FDCAN.
2665:Drivers/STM32G4xx_HAL_Driver/Src/stm32g4xx_hal_fdcan.c ****   * @param  ITList indicates which interrupts group will be assigned to the selected interrupt line
2666:Drivers/STM32G4xx_HAL_Driver/Src/stm32g4xx_hal_fdcan.c ****   *         This parameter can be any combination of @arg FDCAN_Interrupts_Group.
2667:Drivers/STM32G4xx_HAL_Driver/Src/stm32g4xx_hal_fdcan.c ****   * @param  InterruptLine Interrupt line.
2668:Drivers/STM32G4xx_HAL_Driver/Src/stm32g4xx_hal_fdcan.c ****   *         This parameter can be a value of @arg FDCAN_Interrupt_Line.
2669:Drivers/STM32G4xx_HAL_Driver/Src/stm32g4xx_hal_fdcan.c ****   * @retval HAL status
2670:Drivers/STM32G4xx_HAL_Driver/Src/stm32g4xx_hal_fdcan.c ****   */
2671:Drivers/STM32G4xx_HAL_Driver/Src/stm32g4xx_hal_fdcan.c **** HAL_StatusTypeDef HAL_FDCAN_ConfigInterruptLines(FDCAN_HandleTypeDef *hfdcan, uint32_t ITList, uint
2672:Drivers/STM32G4xx_HAL_Driver/Src/stm32g4xx_hal_fdcan.c **** {
2673:Drivers/STM32G4xx_HAL_Driver/Src/stm32g4xx_hal_fdcan.c ****   HAL_FDCAN_StateTypeDef state = hfdcan->State;
2674:Drivers/STM32G4xx_HAL_Driver/Src/stm32g4xx_hal_fdcan.c **** 
2675:Drivers/STM32G4xx_HAL_Driver/Src/stm32g4xx_hal_fdcan.c ****   /* Check function parameters */
2676:Drivers/STM32G4xx_HAL_Driver/Src/stm32g4xx_hal_fdcan.c ****   assert_param(IS_FDCAN_IT_GROUP(ITList));
2677:Drivers/STM32G4xx_HAL_Driver/Src/stm32g4xx_hal_fdcan.c ****   assert_param(IS_FDCAN_IT_LINE(InterruptLine));
2678:Drivers/STM32G4xx_HAL_Driver/Src/stm32g4xx_hal_fdcan.c **** 
2679:Drivers/STM32G4xx_HAL_Driver/Src/stm32g4xx_hal_fdcan.c ****   if ((state == HAL_FDCAN_STATE_READY) || (state == HAL_FDCAN_STATE_BUSY))
2680:Drivers/STM32G4xx_HAL_Driver/Src/stm32g4xx_hal_fdcan.c ****   {
2681:Drivers/STM32G4xx_HAL_Driver/Src/stm32g4xx_hal_fdcan.c ****     /* Assign list of interrupts to the selected line */
2682:Drivers/STM32G4xx_HAL_Driver/Src/stm32g4xx_hal_fdcan.c ****     if (InterruptLine == FDCAN_INTERRUPT_LINE0)
2683:Drivers/STM32G4xx_HAL_Driver/Src/stm32g4xx_hal_fdcan.c ****     {
2684:Drivers/STM32G4xx_HAL_Driver/Src/stm32g4xx_hal_fdcan.c ****       CLEAR_BIT(hfdcan->Instance->ILS, ITList);
2685:Drivers/STM32G4xx_HAL_Driver/Src/stm32g4xx_hal_fdcan.c ****     }
2686:Drivers/STM32G4xx_HAL_Driver/Src/stm32g4xx_hal_fdcan.c ****     else /* InterruptLine == FDCAN_INTERRUPT_LINE1 */
2687:Drivers/STM32G4xx_HAL_Driver/Src/stm32g4xx_hal_fdcan.c ****     {
2688:Drivers/STM32G4xx_HAL_Driver/Src/stm32g4xx_hal_fdcan.c ****       SET_BIT(hfdcan->Instance->ILS, ITList);
2689:Drivers/STM32G4xx_HAL_Driver/Src/stm32g4xx_hal_fdcan.c ****     }
2690:Drivers/STM32G4xx_HAL_Driver/Src/stm32g4xx_hal_fdcan.c **** 
2691:Drivers/STM32G4xx_HAL_Driver/Src/stm32g4xx_hal_fdcan.c ****     /* Return function status */
2692:Drivers/STM32G4xx_HAL_Driver/Src/stm32g4xx_hal_fdcan.c ****     return HAL_OK;
2693:Drivers/STM32G4xx_HAL_Driver/Src/stm32g4xx_hal_fdcan.c ****   }
2694:Drivers/STM32G4xx_HAL_Driver/Src/stm32g4xx_hal_fdcan.c ****   else
2695:Drivers/STM32G4xx_HAL_Driver/Src/stm32g4xx_hal_fdcan.c ****   {
2696:Drivers/STM32G4xx_HAL_Driver/Src/stm32g4xx_hal_fdcan.c ****     /* Update error code */
2697:Drivers/STM32G4xx_HAL_Driver/Src/stm32g4xx_hal_fdcan.c ****     hfdcan->ErrorCode |= HAL_FDCAN_ERROR_NOT_INITIALIZED;
2698:Drivers/STM32G4xx_HAL_Driver/Src/stm32g4xx_hal_fdcan.c **** 
2699:Drivers/STM32G4xx_HAL_Driver/Src/stm32g4xx_hal_fdcan.c ****     return HAL_ERROR;
2700:Drivers/STM32G4xx_HAL_Driver/Src/stm32g4xx_hal_fdcan.c ****   }
2701:Drivers/STM32G4xx_HAL_Driver/Src/stm32g4xx_hal_fdcan.c **** }
2702:Drivers/STM32G4xx_HAL_Driver/Src/stm32g4xx_hal_fdcan.c **** 
2703:Drivers/STM32G4xx_HAL_Driver/Src/stm32g4xx_hal_fdcan.c **** /**
2704:Drivers/STM32G4xx_HAL_Driver/Src/stm32g4xx_hal_fdcan.c ****   * @brief  Enable interrupts.
2705:Drivers/STM32G4xx_HAL_Driver/Src/stm32g4xx_hal_fdcan.c ****   * @param  hfdcan pointer to an FDCAN_HandleTypeDef structure that contains
2706:Drivers/STM32G4xx_HAL_Driver/Src/stm32g4xx_hal_fdcan.c ****   *         the configuration information for the specified FDCAN.
2707:Drivers/STM32G4xx_HAL_Driver/Src/stm32g4xx_hal_fdcan.c ****   * @param  ActiveITs indicates which interrupts will be enabled.
2708:Drivers/STM32G4xx_HAL_Driver/Src/stm32g4xx_hal_fdcan.c ****   *         This parameter can be any combination of @arg FDCAN_Interrupts.
2709:Drivers/STM32G4xx_HAL_Driver/Src/stm32g4xx_hal_fdcan.c ****   * @param  BufferIndexes Tx Buffer Indexes.
ARM GAS  C:\Users\Booster\AppData\Local\Temp\ccYRDURW.s 			page 49


2710:Drivers/STM32G4xx_HAL_Driver/Src/stm32g4xx_hal_fdcan.c ****   *         This parameter can be any combination of @arg FDCAN_Tx_location.
2711:Drivers/STM32G4xx_HAL_Driver/Src/stm32g4xx_hal_fdcan.c ****   *         This parameter is ignored if ActiveITs does not include one of the following:
2712:Drivers/STM32G4xx_HAL_Driver/Src/stm32g4xx_hal_fdcan.c ****   *           - FDCAN_IT_TX_COMPLETE
2713:Drivers/STM32G4xx_HAL_Driver/Src/stm32g4xx_hal_fdcan.c ****   *           - FDCAN_IT_TX_ABORT_COMPLETE
2714:Drivers/STM32G4xx_HAL_Driver/Src/stm32g4xx_hal_fdcan.c ****   * @retval HAL status
2715:Drivers/STM32G4xx_HAL_Driver/Src/stm32g4xx_hal_fdcan.c ****   */
2716:Drivers/STM32G4xx_HAL_Driver/Src/stm32g4xx_hal_fdcan.c **** HAL_StatusTypeDef HAL_FDCAN_ActivateNotification(FDCAN_HandleTypeDef *hfdcan, uint32_t ActiveITs,
2717:Drivers/STM32G4xx_HAL_Driver/Src/stm32g4xx_hal_fdcan.c ****                                                  uint32_t BufferIndexes)
2718:Drivers/STM32G4xx_HAL_Driver/Src/stm32g4xx_hal_fdcan.c **** {
2719:Drivers/STM32G4xx_HAL_Driver/Src/stm32g4xx_hal_fdcan.c ****   HAL_FDCAN_StateTypeDef state = hfdcan->State;
2720:Drivers/STM32G4xx_HAL_Driver/Src/stm32g4xx_hal_fdcan.c ****   uint32_t ITs_lines_selection;
2721:Drivers/STM32G4xx_HAL_Driver/Src/stm32g4xx_hal_fdcan.c **** 
2722:Drivers/STM32G4xx_HAL_Driver/Src/stm32g4xx_hal_fdcan.c ****   /* Check function parameters */
2723:Drivers/STM32G4xx_HAL_Driver/Src/stm32g4xx_hal_fdcan.c ****   assert_param(IS_FDCAN_IT(ActiveITs));
2724:Drivers/STM32G4xx_HAL_Driver/Src/stm32g4xx_hal_fdcan.c ****   if ((ActiveITs & (FDCAN_IT_TX_COMPLETE | FDCAN_IT_TX_ABORT_COMPLETE)) != 0U)
2725:Drivers/STM32G4xx_HAL_Driver/Src/stm32g4xx_hal_fdcan.c ****   {
2726:Drivers/STM32G4xx_HAL_Driver/Src/stm32g4xx_hal_fdcan.c ****     assert_param(IS_FDCAN_TX_LOCATION_LIST(BufferIndexes));
2727:Drivers/STM32G4xx_HAL_Driver/Src/stm32g4xx_hal_fdcan.c ****   }
2728:Drivers/STM32G4xx_HAL_Driver/Src/stm32g4xx_hal_fdcan.c **** 
2729:Drivers/STM32G4xx_HAL_Driver/Src/stm32g4xx_hal_fdcan.c ****   if ((state == HAL_FDCAN_STATE_READY) || (state == HAL_FDCAN_STATE_BUSY))
2730:Drivers/STM32G4xx_HAL_Driver/Src/stm32g4xx_hal_fdcan.c ****   {
2731:Drivers/STM32G4xx_HAL_Driver/Src/stm32g4xx_hal_fdcan.c ****     /* Get interrupts line selection */
2732:Drivers/STM32G4xx_HAL_Driver/Src/stm32g4xx_hal_fdcan.c ****     ITs_lines_selection = hfdcan->Instance->ILS;
2733:Drivers/STM32G4xx_HAL_Driver/Src/stm32g4xx_hal_fdcan.c **** 
2734:Drivers/STM32G4xx_HAL_Driver/Src/stm32g4xx_hal_fdcan.c ****     /* Enable Interrupt lines */
2735:Drivers/STM32G4xx_HAL_Driver/Src/stm32g4xx_hal_fdcan.c ****     if ((((ActiveITs & FDCAN_IT_LIST_RX_FIFO0) != 0U)
2736:Drivers/STM32G4xx_HAL_Driver/Src/stm32g4xx_hal_fdcan.c ****          && (((ITs_lines_selection) & FDCAN_IT_GROUP_RX_FIFO0) == 0U)) || \
2737:Drivers/STM32G4xx_HAL_Driver/Src/stm32g4xx_hal_fdcan.c ****         (((ActiveITs & FDCAN_IT_LIST_RX_FIFO1)       != 0U)
2738:Drivers/STM32G4xx_HAL_Driver/Src/stm32g4xx_hal_fdcan.c ****          && (((ITs_lines_selection) & FDCAN_IT_GROUP_RX_FIFO1) == 0U)) || \
2739:Drivers/STM32G4xx_HAL_Driver/Src/stm32g4xx_hal_fdcan.c ****         (((ActiveITs & FDCAN_IT_LIST_SMSG)           != 0U)
2740:Drivers/STM32G4xx_HAL_Driver/Src/stm32g4xx_hal_fdcan.c ****          && (((ITs_lines_selection) & FDCAN_IT_GROUP_SMSG)     == 0U)) || \
2741:Drivers/STM32G4xx_HAL_Driver/Src/stm32g4xx_hal_fdcan.c ****         (((ActiveITs & FDCAN_IT_LIST_TX_FIFO_ERROR)  != 0U)
2742:Drivers/STM32G4xx_HAL_Driver/Src/stm32g4xx_hal_fdcan.c ****          && (((ITs_lines_selection) & FDCAN_IT_GROUP_TX_FIFO_ERROR)  == 0U)) || \
2743:Drivers/STM32G4xx_HAL_Driver/Src/stm32g4xx_hal_fdcan.c ****         (((ActiveITs & FDCAN_IT_LIST_MISC)           != 0U)
2744:Drivers/STM32G4xx_HAL_Driver/Src/stm32g4xx_hal_fdcan.c ****          && (((ITs_lines_selection) & FDCAN_IT_GROUP_MISC)           == 0U)) || \
2745:Drivers/STM32G4xx_HAL_Driver/Src/stm32g4xx_hal_fdcan.c ****         (((ActiveITs & FDCAN_IT_LIST_BIT_LINE_ERROR) != 0U)
2746:Drivers/STM32G4xx_HAL_Driver/Src/stm32g4xx_hal_fdcan.c ****          && (((ITs_lines_selection) & FDCAN_IT_GROUP_BIT_LINE_ERROR) == 0U)) || \
2747:Drivers/STM32G4xx_HAL_Driver/Src/stm32g4xx_hal_fdcan.c ****         (((ActiveITs & FDCAN_IT_LIST_PROTOCOL_ERROR) != 0U)
2748:Drivers/STM32G4xx_HAL_Driver/Src/stm32g4xx_hal_fdcan.c ****          && (((ITs_lines_selection) & FDCAN_IT_GROUP_PROTOCOL_ERROR) == 0U)))
2749:Drivers/STM32G4xx_HAL_Driver/Src/stm32g4xx_hal_fdcan.c ****     {
2750:Drivers/STM32G4xx_HAL_Driver/Src/stm32g4xx_hal_fdcan.c ****       /* Enable Interrupt line 0 */
2751:Drivers/STM32G4xx_HAL_Driver/Src/stm32g4xx_hal_fdcan.c ****       SET_BIT(hfdcan->Instance->ILE, FDCAN_INTERRUPT_LINE0);
2752:Drivers/STM32G4xx_HAL_Driver/Src/stm32g4xx_hal_fdcan.c ****     }
2753:Drivers/STM32G4xx_HAL_Driver/Src/stm32g4xx_hal_fdcan.c ****     if ((((ActiveITs & FDCAN_IT_LIST_RX_FIFO0)       != 0U)
2754:Drivers/STM32G4xx_HAL_Driver/Src/stm32g4xx_hal_fdcan.c ****          && (((ITs_lines_selection) & FDCAN_IT_GROUP_RX_FIFO0)      != 0U)) || \
2755:Drivers/STM32G4xx_HAL_Driver/Src/stm32g4xx_hal_fdcan.c ****         (((ActiveITs & FDCAN_IT_LIST_RX_FIFO1)       != 0U)
2756:Drivers/STM32G4xx_HAL_Driver/Src/stm32g4xx_hal_fdcan.c ****          && (((ITs_lines_selection) & FDCAN_IT_GROUP_RX_FIFO1)       != 0U)) || \
2757:Drivers/STM32G4xx_HAL_Driver/Src/stm32g4xx_hal_fdcan.c ****         (((ActiveITs & FDCAN_IT_LIST_SMSG)           != 0U)
2758:Drivers/STM32G4xx_HAL_Driver/Src/stm32g4xx_hal_fdcan.c ****          && (((ITs_lines_selection) & FDCAN_IT_GROUP_SMSG)           != 0U)) || \
2759:Drivers/STM32G4xx_HAL_Driver/Src/stm32g4xx_hal_fdcan.c ****         (((ActiveITs & FDCAN_IT_LIST_TX_FIFO_ERROR)  != 0U)
2760:Drivers/STM32G4xx_HAL_Driver/Src/stm32g4xx_hal_fdcan.c ****          && (((ITs_lines_selection) & FDCAN_IT_GROUP_TX_FIFO_ERROR)  != 0U)) || \
2761:Drivers/STM32G4xx_HAL_Driver/Src/stm32g4xx_hal_fdcan.c ****         (((ActiveITs & FDCAN_IT_LIST_MISC)           != 0U)
2762:Drivers/STM32G4xx_HAL_Driver/Src/stm32g4xx_hal_fdcan.c ****          && (((ITs_lines_selection) & FDCAN_IT_GROUP_MISC)           != 0U)) || \
2763:Drivers/STM32G4xx_HAL_Driver/Src/stm32g4xx_hal_fdcan.c ****         (((ActiveITs & FDCAN_IT_LIST_BIT_LINE_ERROR) != 0U)
2764:Drivers/STM32G4xx_HAL_Driver/Src/stm32g4xx_hal_fdcan.c ****          && (((ITs_lines_selection) & FDCAN_IT_GROUP_BIT_LINE_ERROR) != 0U)) || \
2765:Drivers/STM32G4xx_HAL_Driver/Src/stm32g4xx_hal_fdcan.c ****         (((ActiveITs & FDCAN_IT_LIST_PROTOCOL_ERROR) != 0U)
2766:Drivers/STM32G4xx_HAL_Driver/Src/stm32g4xx_hal_fdcan.c ****          && (((ITs_lines_selection) & FDCAN_IT_GROUP_PROTOCOL_ERROR) != 0U)))
ARM GAS  C:\Users\Booster\AppData\Local\Temp\ccYRDURW.s 			page 50


2767:Drivers/STM32G4xx_HAL_Driver/Src/stm32g4xx_hal_fdcan.c ****     {
2768:Drivers/STM32G4xx_HAL_Driver/Src/stm32g4xx_hal_fdcan.c ****       /* Enable Interrupt line 1 */
2769:Drivers/STM32G4xx_HAL_Driver/Src/stm32g4xx_hal_fdcan.c ****       SET_BIT(hfdcan->Instance->ILE, FDCAN_INTERRUPT_LINE1);
2770:Drivers/STM32G4xx_HAL_Driver/Src/stm32g4xx_hal_fdcan.c ****     }
2771:Drivers/STM32G4xx_HAL_Driver/Src/stm32g4xx_hal_fdcan.c **** 
2772:Drivers/STM32G4xx_HAL_Driver/Src/stm32g4xx_hal_fdcan.c ****     if ((ActiveITs & FDCAN_IT_TX_COMPLETE) != 0U)
2773:Drivers/STM32G4xx_HAL_Driver/Src/stm32g4xx_hal_fdcan.c ****     {
2774:Drivers/STM32G4xx_HAL_Driver/Src/stm32g4xx_hal_fdcan.c ****       /* Enable Tx Buffer Transmission Interrupt to set TC flag in IR register,
2775:Drivers/STM32G4xx_HAL_Driver/Src/stm32g4xx_hal_fdcan.c ****          but interrupt will only occur if TC is enabled in IE register */
2776:Drivers/STM32G4xx_HAL_Driver/Src/stm32g4xx_hal_fdcan.c ****       SET_BIT(hfdcan->Instance->TXBTIE, BufferIndexes);
2777:Drivers/STM32G4xx_HAL_Driver/Src/stm32g4xx_hal_fdcan.c ****     }
2778:Drivers/STM32G4xx_HAL_Driver/Src/stm32g4xx_hal_fdcan.c **** 
2779:Drivers/STM32G4xx_HAL_Driver/Src/stm32g4xx_hal_fdcan.c ****     if ((ActiveITs & FDCAN_IT_TX_ABORT_COMPLETE) != 0U)
2780:Drivers/STM32G4xx_HAL_Driver/Src/stm32g4xx_hal_fdcan.c ****     {
2781:Drivers/STM32G4xx_HAL_Driver/Src/stm32g4xx_hal_fdcan.c ****       /* Enable Tx Buffer Cancellation Finished Interrupt to set TCF flag in IR register,
2782:Drivers/STM32G4xx_HAL_Driver/Src/stm32g4xx_hal_fdcan.c ****          but interrupt will only occur if TCF is enabled in IE register */
2783:Drivers/STM32G4xx_HAL_Driver/Src/stm32g4xx_hal_fdcan.c ****       SET_BIT(hfdcan->Instance->TXBCIE, BufferIndexes);
2784:Drivers/STM32G4xx_HAL_Driver/Src/stm32g4xx_hal_fdcan.c ****     }
2785:Drivers/STM32G4xx_HAL_Driver/Src/stm32g4xx_hal_fdcan.c **** 
2786:Drivers/STM32G4xx_HAL_Driver/Src/stm32g4xx_hal_fdcan.c ****     /* Enable the selected interrupts */
2787:Drivers/STM32G4xx_HAL_Driver/Src/stm32g4xx_hal_fdcan.c ****     __HAL_FDCAN_ENABLE_IT(hfdcan, ActiveITs);
2788:Drivers/STM32G4xx_HAL_Driver/Src/stm32g4xx_hal_fdcan.c **** 
2789:Drivers/STM32G4xx_HAL_Driver/Src/stm32g4xx_hal_fdcan.c ****     /* Return function status */
2790:Drivers/STM32G4xx_HAL_Driver/Src/stm32g4xx_hal_fdcan.c ****     return HAL_OK;
2791:Drivers/STM32G4xx_HAL_Driver/Src/stm32g4xx_hal_fdcan.c ****   }
2792:Drivers/STM32G4xx_HAL_Driver/Src/stm32g4xx_hal_fdcan.c ****   else
2793:Drivers/STM32G4xx_HAL_Driver/Src/stm32g4xx_hal_fdcan.c ****   {
2794:Drivers/STM32G4xx_HAL_Driver/Src/stm32g4xx_hal_fdcan.c ****     /* Update error code */
2795:Drivers/STM32G4xx_HAL_Driver/Src/stm32g4xx_hal_fdcan.c ****     hfdcan->ErrorCode |= HAL_FDCAN_ERROR_NOT_INITIALIZED;
2796:Drivers/STM32G4xx_HAL_Driver/Src/stm32g4xx_hal_fdcan.c **** 
2797:Drivers/STM32G4xx_HAL_Driver/Src/stm32g4xx_hal_fdcan.c ****     return HAL_ERROR;
2798:Drivers/STM32G4xx_HAL_Driver/Src/stm32g4xx_hal_fdcan.c ****   }
2799:Drivers/STM32G4xx_HAL_Driver/Src/stm32g4xx_hal_fdcan.c **** }
2800:Drivers/STM32G4xx_HAL_Driver/Src/stm32g4xx_hal_fdcan.c **** 
2801:Drivers/STM32G4xx_HAL_Driver/Src/stm32g4xx_hal_fdcan.c **** /**
2802:Drivers/STM32G4xx_HAL_Driver/Src/stm32g4xx_hal_fdcan.c ****   * @brief  Disable interrupts.
2803:Drivers/STM32G4xx_HAL_Driver/Src/stm32g4xx_hal_fdcan.c ****   * @param  hfdcan pointer to an FDCAN_HandleTypeDef structure that contains
2804:Drivers/STM32G4xx_HAL_Driver/Src/stm32g4xx_hal_fdcan.c ****   *         the configuration information for the specified FDCAN.
2805:Drivers/STM32G4xx_HAL_Driver/Src/stm32g4xx_hal_fdcan.c ****   * @param  InactiveITs indicates which interrupts will be disabled.
2806:Drivers/STM32G4xx_HAL_Driver/Src/stm32g4xx_hal_fdcan.c ****   *         This parameter can be any combination of @arg FDCAN_Interrupts.
2807:Drivers/STM32G4xx_HAL_Driver/Src/stm32g4xx_hal_fdcan.c ****   * @retval HAL status
2808:Drivers/STM32G4xx_HAL_Driver/Src/stm32g4xx_hal_fdcan.c ****   */
2809:Drivers/STM32G4xx_HAL_Driver/Src/stm32g4xx_hal_fdcan.c **** HAL_StatusTypeDef HAL_FDCAN_DeactivateNotification(FDCAN_HandleTypeDef *hfdcan, uint32_t InactiveIT
2810:Drivers/STM32G4xx_HAL_Driver/Src/stm32g4xx_hal_fdcan.c **** {
2811:Drivers/STM32G4xx_HAL_Driver/Src/stm32g4xx_hal_fdcan.c ****   HAL_FDCAN_StateTypeDef state = hfdcan->State;
2812:Drivers/STM32G4xx_HAL_Driver/Src/stm32g4xx_hal_fdcan.c ****   uint32_t ITs_enabled;
2813:Drivers/STM32G4xx_HAL_Driver/Src/stm32g4xx_hal_fdcan.c ****   uint32_t ITs_lines_selection;
2814:Drivers/STM32G4xx_HAL_Driver/Src/stm32g4xx_hal_fdcan.c **** 
2815:Drivers/STM32G4xx_HAL_Driver/Src/stm32g4xx_hal_fdcan.c ****   /* Check function parameters */
2816:Drivers/STM32G4xx_HAL_Driver/Src/stm32g4xx_hal_fdcan.c ****   assert_param(IS_FDCAN_IT(InactiveITs));
2817:Drivers/STM32G4xx_HAL_Driver/Src/stm32g4xx_hal_fdcan.c **** 
2818:Drivers/STM32G4xx_HAL_Driver/Src/stm32g4xx_hal_fdcan.c ****   if ((state == HAL_FDCAN_STATE_READY) || (state == HAL_FDCAN_STATE_BUSY))
2819:Drivers/STM32G4xx_HAL_Driver/Src/stm32g4xx_hal_fdcan.c ****   {
2820:Drivers/STM32G4xx_HAL_Driver/Src/stm32g4xx_hal_fdcan.c ****     /* Disable the selected interrupts */
2821:Drivers/STM32G4xx_HAL_Driver/Src/stm32g4xx_hal_fdcan.c ****     __HAL_FDCAN_DISABLE_IT(hfdcan, InactiveITs);
2822:Drivers/STM32G4xx_HAL_Driver/Src/stm32g4xx_hal_fdcan.c **** 
2823:Drivers/STM32G4xx_HAL_Driver/Src/stm32g4xx_hal_fdcan.c ****     if ((InactiveITs & FDCAN_IT_TX_COMPLETE) != 0U)
ARM GAS  C:\Users\Booster\AppData\Local\Temp\ccYRDURW.s 			page 51


2824:Drivers/STM32G4xx_HAL_Driver/Src/stm32g4xx_hal_fdcan.c ****     {
2825:Drivers/STM32G4xx_HAL_Driver/Src/stm32g4xx_hal_fdcan.c ****       /* Disable Tx Buffer Transmission Interrupts */
2826:Drivers/STM32G4xx_HAL_Driver/Src/stm32g4xx_hal_fdcan.c ****       CLEAR_REG(hfdcan->Instance->TXBTIE);
2827:Drivers/STM32G4xx_HAL_Driver/Src/stm32g4xx_hal_fdcan.c ****     }
2828:Drivers/STM32G4xx_HAL_Driver/Src/stm32g4xx_hal_fdcan.c **** 
2829:Drivers/STM32G4xx_HAL_Driver/Src/stm32g4xx_hal_fdcan.c ****     if ((InactiveITs & FDCAN_IT_TX_ABORT_COMPLETE) != 0U)
2830:Drivers/STM32G4xx_HAL_Driver/Src/stm32g4xx_hal_fdcan.c ****     {
2831:Drivers/STM32G4xx_HAL_Driver/Src/stm32g4xx_hal_fdcan.c ****       /* Disable Tx Buffer Cancellation Finished Interrupt */
2832:Drivers/STM32G4xx_HAL_Driver/Src/stm32g4xx_hal_fdcan.c ****       CLEAR_REG(hfdcan->Instance->TXBCIE);
2833:Drivers/STM32G4xx_HAL_Driver/Src/stm32g4xx_hal_fdcan.c ****     }
2834:Drivers/STM32G4xx_HAL_Driver/Src/stm32g4xx_hal_fdcan.c **** 
2835:Drivers/STM32G4xx_HAL_Driver/Src/stm32g4xx_hal_fdcan.c ****     /* Get interrupts enabled and interrupts line selection */
2836:Drivers/STM32G4xx_HAL_Driver/Src/stm32g4xx_hal_fdcan.c ****     ITs_enabled = hfdcan->Instance->IE;
2837:Drivers/STM32G4xx_HAL_Driver/Src/stm32g4xx_hal_fdcan.c ****     ITs_lines_selection = hfdcan->Instance->ILS;
2838:Drivers/STM32G4xx_HAL_Driver/Src/stm32g4xx_hal_fdcan.c **** 
2839:Drivers/STM32G4xx_HAL_Driver/Src/stm32g4xx_hal_fdcan.c ****     /* Check if some interrupts are still enabled on interrupt line 0 */
2840:Drivers/STM32G4xx_HAL_Driver/Src/stm32g4xx_hal_fdcan.c ****     if ((((ITs_enabled & FDCAN_IT_LIST_RX_FIFO0)       != 0U)
2841:Drivers/STM32G4xx_HAL_Driver/Src/stm32g4xx_hal_fdcan.c ****          && (((ITs_lines_selection) & FDCAN_IT_GROUP_RX_FIFO0)       == 0U)) || \
2842:Drivers/STM32G4xx_HAL_Driver/Src/stm32g4xx_hal_fdcan.c ****         (((ITs_enabled & FDCAN_IT_LIST_RX_FIFO1)       != 0U)
2843:Drivers/STM32G4xx_HAL_Driver/Src/stm32g4xx_hal_fdcan.c ****          && (((ITs_lines_selection) & FDCAN_IT_GROUP_RX_FIFO1)       == 0U)) || \
2844:Drivers/STM32G4xx_HAL_Driver/Src/stm32g4xx_hal_fdcan.c ****         (((ITs_enabled & FDCAN_IT_LIST_SMSG)           != 0U)
2845:Drivers/STM32G4xx_HAL_Driver/Src/stm32g4xx_hal_fdcan.c ****          && (((ITs_lines_selection) & FDCAN_IT_GROUP_SMSG)           == 0U)) || \
2846:Drivers/STM32G4xx_HAL_Driver/Src/stm32g4xx_hal_fdcan.c ****         (((ITs_enabled & FDCAN_IT_LIST_TX_FIFO_ERROR)  != 0U)
2847:Drivers/STM32G4xx_HAL_Driver/Src/stm32g4xx_hal_fdcan.c ****          && (((ITs_lines_selection) & FDCAN_IT_GROUP_TX_FIFO_ERROR)  == 0U)) || \
2848:Drivers/STM32G4xx_HAL_Driver/Src/stm32g4xx_hal_fdcan.c ****         (((ITs_enabled & FDCAN_IT_LIST_MISC)           != 0U)
2849:Drivers/STM32G4xx_HAL_Driver/Src/stm32g4xx_hal_fdcan.c ****          && (((ITs_lines_selection) & FDCAN_IT_GROUP_MISC)           == 0U)) || \
2850:Drivers/STM32G4xx_HAL_Driver/Src/stm32g4xx_hal_fdcan.c ****         (((ITs_enabled & FDCAN_IT_LIST_BIT_LINE_ERROR) != 0U)
2851:Drivers/STM32G4xx_HAL_Driver/Src/stm32g4xx_hal_fdcan.c ****          && (((ITs_lines_selection) & FDCAN_IT_GROUP_BIT_LINE_ERROR) == 0U)) || \
2852:Drivers/STM32G4xx_HAL_Driver/Src/stm32g4xx_hal_fdcan.c ****         (((ITs_enabled & FDCAN_IT_LIST_PROTOCOL_ERROR) != 0U)
2853:Drivers/STM32G4xx_HAL_Driver/Src/stm32g4xx_hal_fdcan.c ****          && (((ITs_lines_selection) & FDCAN_IT_GROUP_PROTOCOL_ERROR) == 0U)))
2854:Drivers/STM32G4xx_HAL_Driver/Src/stm32g4xx_hal_fdcan.c ****     {
2855:Drivers/STM32G4xx_HAL_Driver/Src/stm32g4xx_hal_fdcan.c ****       /* Do nothing */
2856:Drivers/STM32G4xx_HAL_Driver/Src/stm32g4xx_hal_fdcan.c ****     }
2857:Drivers/STM32G4xx_HAL_Driver/Src/stm32g4xx_hal_fdcan.c ****     else /* no more interrupts enabled on interrupt line 0 */
2858:Drivers/STM32G4xx_HAL_Driver/Src/stm32g4xx_hal_fdcan.c ****     {
2859:Drivers/STM32G4xx_HAL_Driver/Src/stm32g4xx_hal_fdcan.c ****       /* Disable interrupt line 0 */
2860:Drivers/STM32G4xx_HAL_Driver/Src/stm32g4xx_hal_fdcan.c ****       CLEAR_BIT(hfdcan->Instance->ILE, FDCAN_INTERRUPT_LINE0);
2861:Drivers/STM32G4xx_HAL_Driver/Src/stm32g4xx_hal_fdcan.c ****     }
2862:Drivers/STM32G4xx_HAL_Driver/Src/stm32g4xx_hal_fdcan.c **** 
2863:Drivers/STM32G4xx_HAL_Driver/Src/stm32g4xx_hal_fdcan.c ****     /* Check if some interrupts are still enabled on interrupt line 1 */
2864:Drivers/STM32G4xx_HAL_Driver/Src/stm32g4xx_hal_fdcan.c ****     if ((((ITs_enabled & FDCAN_IT_LIST_RX_FIFO0)       != 0U)
2865:Drivers/STM32G4xx_HAL_Driver/Src/stm32g4xx_hal_fdcan.c ****          && (((ITs_lines_selection) & FDCAN_IT_GROUP_RX_FIFO0)       != 0U)) || \
2866:Drivers/STM32G4xx_HAL_Driver/Src/stm32g4xx_hal_fdcan.c ****         (((ITs_enabled & FDCAN_IT_LIST_RX_FIFO1)       != 0U)
2867:Drivers/STM32G4xx_HAL_Driver/Src/stm32g4xx_hal_fdcan.c ****          && (((ITs_lines_selection) & FDCAN_IT_GROUP_RX_FIFO1)       != 0U)) || \
2868:Drivers/STM32G4xx_HAL_Driver/Src/stm32g4xx_hal_fdcan.c ****         (((ITs_enabled & FDCAN_IT_LIST_SMSG)           != 0U)
2869:Drivers/STM32G4xx_HAL_Driver/Src/stm32g4xx_hal_fdcan.c ****          && (((ITs_lines_selection) & FDCAN_IT_GROUP_SMSG)           != 0U)) || \
2870:Drivers/STM32G4xx_HAL_Driver/Src/stm32g4xx_hal_fdcan.c ****         (((ITs_enabled & FDCAN_IT_LIST_TX_FIFO_ERROR)  != 0U)
2871:Drivers/STM32G4xx_HAL_Driver/Src/stm32g4xx_hal_fdcan.c ****          && (((ITs_lines_selection) & FDCAN_IT_GROUP_TX_FIFO_ERROR)  != 0U)) || \
2872:Drivers/STM32G4xx_HAL_Driver/Src/stm32g4xx_hal_fdcan.c ****         (((ITs_enabled & FDCAN_IT_LIST_MISC)           != 0U)
2873:Drivers/STM32G4xx_HAL_Driver/Src/stm32g4xx_hal_fdcan.c ****          && (((ITs_lines_selection) & FDCAN_IT_GROUP_MISC)           != 0U)) || \
2874:Drivers/STM32G4xx_HAL_Driver/Src/stm32g4xx_hal_fdcan.c ****         (((ITs_enabled & FDCAN_IT_LIST_BIT_LINE_ERROR) != 0U)
2875:Drivers/STM32G4xx_HAL_Driver/Src/stm32g4xx_hal_fdcan.c ****          && (((ITs_lines_selection) & FDCAN_IT_GROUP_BIT_LINE_ERROR) != 0U)) || \
2876:Drivers/STM32G4xx_HAL_Driver/Src/stm32g4xx_hal_fdcan.c ****         (((ITs_enabled & FDCAN_IT_LIST_PROTOCOL_ERROR) != 0U)
2877:Drivers/STM32G4xx_HAL_Driver/Src/stm32g4xx_hal_fdcan.c ****          && (((ITs_lines_selection) & FDCAN_IT_GROUP_PROTOCOL_ERROR) != 0U)))
2878:Drivers/STM32G4xx_HAL_Driver/Src/stm32g4xx_hal_fdcan.c ****     {
2879:Drivers/STM32G4xx_HAL_Driver/Src/stm32g4xx_hal_fdcan.c ****       /* Do nothing */
2880:Drivers/STM32G4xx_HAL_Driver/Src/stm32g4xx_hal_fdcan.c ****     }
ARM GAS  C:\Users\Booster\AppData\Local\Temp\ccYRDURW.s 			page 52


2881:Drivers/STM32G4xx_HAL_Driver/Src/stm32g4xx_hal_fdcan.c ****     else /* no more interrupts enabled on interrupt line 1 */
2882:Drivers/STM32G4xx_HAL_Driver/Src/stm32g4xx_hal_fdcan.c ****     {
2883:Drivers/STM32G4xx_HAL_Driver/Src/stm32g4xx_hal_fdcan.c ****       /* Disable interrupt line 1 */
2884:Drivers/STM32G4xx_HAL_Driver/Src/stm32g4xx_hal_fdcan.c ****       CLEAR_BIT(hfdcan->Instance->ILE, FDCAN_INTERRUPT_LINE1);
2885:Drivers/STM32G4xx_HAL_Driver/Src/stm32g4xx_hal_fdcan.c ****     }
2886:Drivers/STM32G4xx_HAL_Driver/Src/stm32g4xx_hal_fdcan.c **** 
2887:Drivers/STM32G4xx_HAL_Driver/Src/stm32g4xx_hal_fdcan.c ****     /* Return function status */
2888:Drivers/STM32G4xx_HAL_Driver/Src/stm32g4xx_hal_fdcan.c ****     return HAL_OK;
2889:Drivers/STM32G4xx_HAL_Driver/Src/stm32g4xx_hal_fdcan.c ****   }
2890:Drivers/STM32G4xx_HAL_Driver/Src/stm32g4xx_hal_fdcan.c ****   else
2891:Drivers/STM32G4xx_HAL_Driver/Src/stm32g4xx_hal_fdcan.c ****   {
2892:Drivers/STM32G4xx_HAL_Driver/Src/stm32g4xx_hal_fdcan.c ****     /* Update error code */
2893:Drivers/STM32G4xx_HAL_Driver/Src/stm32g4xx_hal_fdcan.c ****     hfdcan->ErrorCode |= HAL_FDCAN_ERROR_NOT_INITIALIZED;
2894:Drivers/STM32G4xx_HAL_Driver/Src/stm32g4xx_hal_fdcan.c **** 
2895:Drivers/STM32G4xx_HAL_Driver/Src/stm32g4xx_hal_fdcan.c ****     return HAL_ERROR;
2896:Drivers/STM32G4xx_HAL_Driver/Src/stm32g4xx_hal_fdcan.c ****   }
2897:Drivers/STM32G4xx_HAL_Driver/Src/stm32g4xx_hal_fdcan.c **** }
2898:Drivers/STM32G4xx_HAL_Driver/Src/stm32g4xx_hal_fdcan.c **** 
2899:Drivers/STM32G4xx_HAL_Driver/Src/stm32g4xx_hal_fdcan.c **** /**
2900:Drivers/STM32G4xx_HAL_Driver/Src/stm32g4xx_hal_fdcan.c ****   * @brief  Handles FDCAN interrupt request.
2901:Drivers/STM32G4xx_HAL_Driver/Src/stm32g4xx_hal_fdcan.c ****   * @param  hfdcan pointer to an FDCAN_HandleTypeDef structure that contains
2902:Drivers/STM32G4xx_HAL_Driver/Src/stm32g4xx_hal_fdcan.c ****   *         the configuration information for the specified FDCAN.
2903:Drivers/STM32G4xx_HAL_Driver/Src/stm32g4xx_hal_fdcan.c ****   * @retval HAL status
2904:Drivers/STM32G4xx_HAL_Driver/Src/stm32g4xx_hal_fdcan.c ****   */
2905:Drivers/STM32G4xx_HAL_Driver/Src/stm32g4xx_hal_fdcan.c **** void HAL_FDCAN_IRQHandler(FDCAN_HandleTypeDef *hfdcan)
2906:Drivers/STM32G4xx_HAL_Driver/Src/stm32g4xx_hal_fdcan.c **** {
2907:Drivers/STM32G4xx_HAL_Driver/Src/stm32g4xx_hal_fdcan.c ****   uint32_t TxEventFifoITs;
2908:Drivers/STM32G4xx_HAL_Driver/Src/stm32g4xx_hal_fdcan.c ****   uint32_t RxFifo0ITs;
2909:Drivers/STM32G4xx_HAL_Driver/Src/stm32g4xx_hal_fdcan.c ****   uint32_t RxFifo1ITs;
2910:Drivers/STM32G4xx_HAL_Driver/Src/stm32g4xx_hal_fdcan.c ****   uint32_t Errors;
2911:Drivers/STM32G4xx_HAL_Driver/Src/stm32g4xx_hal_fdcan.c ****   uint32_t ErrorStatusITs;
2912:Drivers/STM32G4xx_HAL_Driver/Src/stm32g4xx_hal_fdcan.c ****   uint32_t TransmittedBuffers;
2913:Drivers/STM32G4xx_HAL_Driver/Src/stm32g4xx_hal_fdcan.c ****   uint32_t AbortedBuffers;
2914:Drivers/STM32G4xx_HAL_Driver/Src/stm32g4xx_hal_fdcan.c ****   uint32_t itsource;
2915:Drivers/STM32G4xx_HAL_Driver/Src/stm32g4xx_hal_fdcan.c ****   uint32_t itflag;
2916:Drivers/STM32G4xx_HAL_Driver/Src/stm32g4xx_hal_fdcan.c **** 
2917:Drivers/STM32G4xx_HAL_Driver/Src/stm32g4xx_hal_fdcan.c ****   TxEventFifoITs = hfdcan->Instance->IR & FDCAN_TX_EVENT_FIFO_MASK;
2918:Drivers/STM32G4xx_HAL_Driver/Src/stm32g4xx_hal_fdcan.c ****   TxEventFifoITs &= hfdcan->Instance->IE;
2919:Drivers/STM32G4xx_HAL_Driver/Src/stm32g4xx_hal_fdcan.c ****   RxFifo0ITs = hfdcan->Instance->IR & FDCAN_RX_FIFO0_MASK;
2920:Drivers/STM32G4xx_HAL_Driver/Src/stm32g4xx_hal_fdcan.c ****   RxFifo0ITs &= hfdcan->Instance->IE;
2921:Drivers/STM32G4xx_HAL_Driver/Src/stm32g4xx_hal_fdcan.c ****   RxFifo1ITs = hfdcan->Instance->IR & FDCAN_RX_FIFO1_MASK;
2922:Drivers/STM32G4xx_HAL_Driver/Src/stm32g4xx_hal_fdcan.c ****   RxFifo1ITs &= hfdcan->Instance->IE;
2923:Drivers/STM32G4xx_HAL_Driver/Src/stm32g4xx_hal_fdcan.c ****   Errors = hfdcan->Instance->IR & FDCAN_ERROR_MASK;
2924:Drivers/STM32G4xx_HAL_Driver/Src/stm32g4xx_hal_fdcan.c ****   Errors &= hfdcan->Instance->IE;
2925:Drivers/STM32G4xx_HAL_Driver/Src/stm32g4xx_hal_fdcan.c ****   ErrorStatusITs = hfdcan->Instance->IR & FDCAN_ERROR_STATUS_MASK;
2926:Drivers/STM32G4xx_HAL_Driver/Src/stm32g4xx_hal_fdcan.c ****   ErrorStatusITs &= hfdcan->Instance->IE;
2927:Drivers/STM32G4xx_HAL_Driver/Src/stm32g4xx_hal_fdcan.c ****   itsource = hfdcan->Instance->IE;
2928:Drivers/STM32G4xx_HAL_Driver/Src/stm32g4xx_hal_fdcan.c ****   itflag = hfdcan->Instance->IR;
2929:Drivers/STM32G4xx_HAL_Driver/Src/stm32g4xx_hal_fdcan.c **** 
2930:Drivers/STM32G4xx_HAL_Driver/Src/stm32g4xx_hal_fdcan.c ****   /* High Priority Message interrupt management *******************************/
2931:Drivers/STM32G4xx_HAL_Driver/Src/stm32g4xx_hal_fdcan.c ****   if (FDCAN_CHECK_FLAG(itflag, FDCAN_FLAG_RX_HIGH_PRIORITY_MSG) != RESET)
2932:Drivers/STM32G4xx_HAL_Driver/Src/stm32g4xx_hal_fdcan.c ****   {
2933:Drivers/STM32G4xx_HAL_Driver/Src/stm32g4xx_hal_fdcan.c ****     if (FDCAN_CHECK_IT_SOURCE(itsource, FDCAN_IT_RX_HIGH_PRIORITY_MSG) != RESET)
2934:Drivers/STM32G4xx_HAL_Driver/Src/stm32g4xx_hal_fdcan.c ****     {
2935:Drivers/STM32G4xx_HAL_Driver/Src/stm32g4xx_hal_fdcan.c ****       /* Clear the High Priority Message flag */
2936:Drivers/STM32G4xx_HAL_Driver/Src/stm32g4xx_hal_fdcan.c ****       __HAL_FDCAN_CLEAR_FLAG(hfdcan, FDCAN_FLAG_RX_HIGH_PRIORITY_MSG);
2937:Drivers/STM32G4xx_HAL_Driver/Src/stm32g4xx_hal_fdcan.c **** 
ARM GAS  C:\Users\Booster\AppData\Local\Temp\ccYRDURW.s 			page 53


2938:Drivers/STM32G4xx_HAL_Driver/Src/stm32g4xx_hal_fdcan.c **** #if USE_HAL_FDCAN_REGISTER_CALLBACKS == 1
2939:Drivers/STM32G4xx_HAL_Driver/Src/stm32g4xx_hal_fdcan.c ****       /* Call registered callback*/
2940:Drivers/STM32G4xx_HAL_Driver/Src/stm32g4xx_hal_fdcan.c ****       hfdcan->HighPriorityMessageCallback(hfdcan);
2941:Drivers/STM32G4xx_HAL_Driver/Src/stm32g4xx_hal_fdcan.c **** #else
2942:Drivers/STM32G4xx_HAL_Driver/Src/stm32g4xx_hal_fdcan.c ****       /* High Priority Message Callback */
2943:Drivers/STM32G4xx_HAL_Driver/Src/stm32g4xx_hal_fdcan.c ****       HAL_FDCAN_HighPriorityMessageCallback(hfdcan);
2944:Drivers/STM32G4xx_HAL_Driver/Src/stm32g4xx_hal_fdcan.c **** #endif /* USE_HAL_FDCAN_REGISTER_CALLBACKS */
2945:Drivers/STM32G4xx_HAL_Driver/Src/stm32g4xx_hal_fdcan.c ****     }
2946:Drivers/STM32G4xx_HAL_Driver/Src/stm32g4xx_hal_fdcan.c ****   }
2947:Drivers/STM32G4xx_HAL_Driver/Src/stm32g4xx_hal_fdcan.c **** 
2948:Drivers/STM32G4xx_HAL_Driver/Src/stm32g4xx_hal_fdcan.c ****   /* Transmission Abort interrupt management **********************************/
2949:Drivers/STM32G4xx_HAL_Driver/Src/stm32g4xx_hal_fdcan.c ****   if (FDCAN_CHECK_FLAG(itflag, FDCAN_FLAG_TX_ABORT_COMPLETE) != RESET)
2950:Drivers/STM32G4xx_HAL_Driver/Src/stm32g4xx_hal_fdcan.c ****   {
2951:Drivers/STM32G4xx_HAL_Driver/Src/stm32g4xx_hal_fdcan.c ****     if (FDCAN_CHECK_IT_SOURCE(itsource, FDCAN_IT_TX_ABORT_COMPLETE) != RESET)
2952:Drivers/STM32G4xx_HAL_Driver/Src/stm32g4xx_hal_fdcan.c ****     {
2953:Drivers/STM32G4xx_HAL_Driver/Src/stm32g4xx_hal_fdcan.c ****       /* List of aborted monitored buffers */
2954:Drivers/STM32G4xx_HAL_Driver/Src/stm32g4xx_hal_fdcan.c ****       AbortedBuffers = hfdcan->Instance->TXBCF;
2955:Drivers/STM32G4xx_HAL_Driver/Src/stm32g4xx_hal_fdcan.c ****       AbortedBuffers &= hfdcan->Instance->TXBCIE;
2956:Drivers/STM32G4xx_HAL_Driver/Src/stm32g4xx_hal_fdcan.c **** 
2957:Drivers/STM32G4xx_HAL_Driver/Src/stm32g4xx_hal_fdcan.c ****       /* Clear the Transmission Cancellation flag */
2958:Drivers/STM32G4xx_HAL_Driver/Src/stm32g4xx_hal_fdcan.c ****       __HAL_FDCAN_CLEAR_FLAG(hfdcan, FDCAN_FLAG_TX_ABORT_COMPLETE);
2959:Drivers/STM32G4xx_HAL_Driver/Src/stm32g4xx_hal_fdcan.c **** 
2960:Drivers/STM32G4xx_HAL_Driver/Src/stm32g4xx_hal_fdcan.c **** #if USE_HAL_FDCAN_REGISTER_CALLBACKS == 1
2961:Drivers/STM32G4xx_HAL_Driver/Src/stm32g4xx_hal_fdcan.c ****       /* Call registered callback*/
2962:Drivers/STM32G4xx_HAL_Driver/Src/stm32g4xx_hal_fdcan.c ****       hfdcan->TxBufferAbortCallback(hfdcan, AbortedBuffers);
2963:Drivers/STM32G4xx_HAL_Driver/Src/stm32g4xx_hal_fdcan.c **** #else
2964:Drivers/STM32G4xx_HAL_Driver/Src/stm32g4xx_hal_fdcan.c ****       /* Transmission Cancellation Callback */
2965:Drivers/STM32G4xx_HAL_Driver/Src/stm32g4xx_hal_fdcan.c ****       HAL_FDCAN_TxBufferAbortCallback(hfdcan, AbortedBuffers);
2966:Drivers/STM32G4xx_HAL_Driver/Src/stm32g4xx_hal_fdcan.c **** #endif /* USE_HAL_FDCAN_REGISTER_CALLBACKS */
2967:Drivers/STM32G4xx_HAL_Driver/Src/stm32g4xx_hal_fdcan.c ****     }
2968:Drivers/STM32G4xx_HAL_Driver/Src/stm32g4xx_hal_fdcan.c ****   }
2969:Drivers/STM32G4xx_HAL_Driver/Src/stm32g4xx_hal_fdcan.c **** 
2970:Drivers/STM32G4xx_HAL_Driver/Src/stm32g4xx_hal_fdcan.c ****   /* Tx event FIFO interrupts management **************************************/
2971:Drivers/STM32G4xx_HAL_Driver/Src/stm32g4xx_hal_fdcan.c ****   if (TxEventFifoITs != 0U)
2972:Drivers/STM32G4xx_HAL_Driver/Src/stm32g4xx_hal_fdcan.c ****   {
2973:Drivers/STM32G4xx_HAL_Driver/Src/stm32g4xx_hal_fdcan.c ****     /* Clear the Tx Event FIFO flags */
2974:Drivers/STM32G4xx_HAL_Driver/Src/stm32g4xx_hal_fdcan.c ****     __HAL_FDCAN_CLEAR_FLAG(hfdcan, TxEventFifoITs);
2975:Drivers/STM32G4xx_HAL_Driver/Src/stm32g4xx_hal_fdcan.c **** 
2976:Drivers/STM32G4xx_HAL_Driver/Src/stm32g4xx_hal_fdcan.c **** #if USE_HAL_FDCAN_REGISTER_CALLBACKS == 1
2977:Drivers/STM32G4xx_HAL_Driver/Src/stm32g4xx_hal_fdcan.c ****     /* Call registered callback*/
2978:Drivers/STM32G4xx_HAL_Driver/Src/stm32g4xx_hal_fdcan.c ****     hfdcan->TxEventFifoCallback(hfdcan, TxEventFifoITs);
2979:Drivers/STM32G4xx_HAL_Driver/Src/stm32g4xx_hal_fdcan.c **** #else
2980:Drivers/STM32G4xx_HAL_Driver/Src/stm32g4xx_hal_fdcan.c ****     /* Tx Event FIFO Callback */
2981:Drivers/STM32G4xx_HAL_Driver/Src/stm32g4xx_hal_fdcan.c ****     HAL_FDCAN_TxEventFifoCallback(hfdcan, TxEventFifoITs);
2982:Drivers/STM32G4xx_HAL_Driver/Src/stm32g4xx_hal_fdcan.c **** #endif /* USE_HAL_FDCAN_REGISTER_CALLBACKS */
2983:Drivers/STM32G4xx_HAL_Driver/Src/stm32g4xx_hal_fdcan.c ****   }
2984:Drivers/STM32G4xx_HAL_Driver/Src/stm32g4xx_hal_fdcan.c **** 
2985:Drivers/STM32G4xx_HAL_Driver/Src/stm32g4xx_hal_fdcan.c ****   /* Rx FIFO 0 interrupts management ******************************************/
2986:Drivers/STM32G4xx_HAL_Driver/Src/stm32g4xx_hal_fdcan.c ****   if (RxFifo0ITs != 0U)
2987:Drivers/STM32G4xx_HAL_Driver/Src/stm32g4xx_hal_fdcan.c ****   {
2988:Drivers/STM32G4xx_HAL_Driver/Src/stm32g4xx_hal_fdcan.c ****     /* Clear the Rx FIFO 0 flags */
2989:Drivers/STM32G4xx_HAL_Driver/Src/stm32g4xx_hal_fdcan.c ****     __HAL_FDCAN_CLEAR_FLAG(hfdcan, RxFifo0ITs);
2990:Drivers/STM32G4xx_HAL_Driver/Src/stm32g4xx_hal_fdcan.c **** 
2991:Drivers/STM32G4xx_HAL_Driver/Src/stm32g4xx_hal_fdcan.c **** #if USE_HAL_FDCAN_REGISTER_CALLBACKS == 1
2992:Drivers/STM32G4xx_HAL_Driver/Src/stm32g4xx_hal_fdcan.c ****     /* Call registered callback*/
2993:Drivers/STM32G4xx_HAL_Driver/Src/stm32g4xx_hal_fdcan.c ****     hfdcan->RxFifo0Callback(hfdcan, RxFifo0ITs);
2994:Drivers/STM32G4xx_HAL_Driver/Src/stm32g4xx_hal_fdcan.c **** #else
ARM GAS  C:\Users\Booster\AppData\Local\Temp\ccYRDURW.s 			page 54


2995:Drivers/STM32G4xx_HAL_Driver/Src/stm32g4xx_hal_fdcan.c ****     /* Rx FIFO 0 Callback */
2996:Drivers/STM32G4xx_HAL_Driver/Src/stm32g4xx_hal_fdcan.c ****     HAL_FDCAN_RxFifo0Callback(hfdcan, RxFifo0ITs);
2997:Drivers/STM32G4xx_HAL_Driver/Src/stm32g4xx_hal_fdcan.c **** #endif /* USE_HAL_FDCAN_REGISTER_CALLBACKS */
2998:Drivers/STM32G4xx_HAL_Driver/Src/stm32g4xx_hal_fdcan.c ****   }
2999:Drivers/STM32G4xx_HAL_Driver/Src/stm32g4xx_hal_fdcan.c **** 
3000:Drivers/STM32G4xx_HAL_Driver/Src/stm32g4xx_hal_fdcan.c ****   /* Rx FIFO 1 interrupts management ******************************************/
3001:Drivers/STM32G4xx_HAL_Driver/Src/stm32g4xx_hal_fdcan.c ****   if (RxFifo1ITs != 0U)
3002:Drivers/STM32G4xx_HAL_Driver/Src/stm32g4xx_hal_fdcan.c ****   {
3003:Drivers/STM32G4xx_HAL_Driver/Src/stm32g4xx_hal_fdcan.c ****     /* Clear the Rx FIFO 1 flags */
3004:Drivers/STM32G4xx_HAL_Driver/Src/stm32g4xx_hal_fdcan.c ****     __HAL_FDCAN_CLEAR_FLAG(hfdcan, RxFifo1ITs);
3005:Drivers/STM32G4xx_HAL_Driver/Src/stm32g4xx_hal_fdcan.c **** 
3006:Drivers/STM32G4xx_HAL_Driver/Src/stm32g4xx_hal_fdcan.c **** #if USE_HAL_FDCAN_REGISTER_CALLBACKS == 1
3007:Drivers/STM32G4xx_HAL_Driver/Src/stm32g4xx_hal_fdcan.c ****     /* Call registered callback*/
3008:Drivers/STM32G4xx_HAL_Driver/Src/stm32g4xx_hal_fdcan.c ****     hfdcan->RxFifo1Callback(hfdcan, RxFifo1ITs);
3009:Drivers/STM32G4xx_HAL_Driver/Src/stm32g4xx_hal_fdcan.c **** #else
3010:Drivers/STM32G4xx_HAL_Driver/Src/stm32g4xx_hal_fdcan.c ****     /* Rx FIFO 1 Callback */
3011:Drivers/STM32G4xx_HAL_Driver/Src/stm32g4xx_hal_fdcan.c ****     HAL_FDCAN_RxFifo1Callback(hfdcan, RxFifo1ITs);
3012:Drivers/STM32G4xx_HAL_Driver/Src/stm32g4xx_hal_fdcan.c **** #endif /* USE_HAL_FDCAN_REGISTER_CALLBACKS */
3013:Drivers/STM32G4xx_HAL_Driver/Src/stm32g4xx_hal_fdcan.c ****   }
3014:Drivers/STM32G4xx_HAL_Driver/Src/stm32g4xx_hal_fdcan.c **** 
3015:Drivers/STM32G4xx_HAL_Driver/Src/stm32g4xx_hal_fdcan.c ****   /* Tx FIFO empty interrupt management ***************************************/
3016:Drivers/STM32G4xx_HAL_Driver/Src/stm32g4xx_hal_fdcan.c ****   if (FDCAN_CHECK_FLAG(itflag, FDCAN_FLAG_TX_FIFO_EMPTY) != RESET)
3017:Drivers/STM32G4xx_HAL_Driver/Src/stm32g4xx_hal_fdcan.c ****   {
3018:Drivers/STM32G4xx_HAL_Driver/Src/stm32g4xx_hal_fdcan.c ****     if (FDCAN_CHECK_IT_SOURCE(itsource, FDCAN_IT_TX_FIFO_EMPTY) != RESET)
3019:Drivers/STM32G4xx_HAL_Driver/Src/stm32g4xx_hal_fdcan.c ****     {
3020:Drivers/STM32G4xx_HAL_Driver/Src/stm32g4xx_hal_fdcan.c ****       /* Clear the Tx FIFO empty flag */
3021:Drivers/STM32G4xx_HAL_Driver/Src/stm32g4xx_hal_fdcan.c ****       __HAL_FDCAN_CLEAR_FLAG(hfdcan, FDCAN_FLAG_TX_FIFO_EMPTY);
3022:Drivers/STM32G4xx_HAL_Driver/Src/stm32g4xx_hal_fdcan.c **** 
3023:Drivers/STM32G4xx_HAL_Driver/Src/stm32g4xx_hal_fdcan.c **** #if USE_HAL_FDCAN_REGISTER_CALLBACKS == 1
3024:Drivers/STM32G4xx_HAL_Driver/Src/stm32g4xx_hal_fdcan.c ****       /* Call registered callback*/
3025:Drivers/STM32G4xx_HAL_Driver/Src/stm32g4xx_hal_fdcan.c ****       hfdcan->TxFifoEmptyCallback(hfdcan);
3026:Drivers/STM32G4xx_HAL_Driver/Src/stm32g4xx_hal_fdcan.c **** #else
3027:Drivers/STM32G4xx_HAL_Driver/Src/stm32g4xx_hal_fdcan.c ****       /* Tx FIFO empty Callback */
3028:Drivers/STM32G4xx_HAL_Driver/Src/stm32g4xx_hal_fdcan.c ****       HAL_FDCAN_TxFifoEmptyCallback(hfdcan);
3029:Drivers/STM32G4xx_HAL_Driver/Src/stm32g4xx_hal_fdcan.c **** #endif /* USE_HAL_FDCAN_REGISTER_CALLBACKS */
3030:Drivers/STM32G4xx_HAL_Driver/Src/stm32g4xx_hal_fdcan.c ****     }
3031:Drivers/STM32G4xx_HAL_Driver/Src/stm32g4xx_hal_fdcan.c ****   }
3032:Drivers/STM32G4xx_HAL_Driver/Src/stm32g4xx_hal_fdcan.c **** 
3033:Drivers/STM32G4xx_HAL_Driver/Src/stm32g4xx_hal_fdcan.c ****   /* Transmission Complete interrupt management *******************************/
3034:Drivers/STM32G4xx_HAL_Driver/Src/stm32g4xx_hal_fdcan.c ****   if (FDCAN_CHECK_FLAG(itflag, FDCAN_FLAG_TX_COMPLETE) != RESET)
3035:Drivers/STM32G4xx_HAL_Driver/Src/stm32g4xx_hal_fdcan.c ****   {
3036:Drivers/STM32G4xx_HAL_Driver/Src/stm32g4xx_hal_fdcan.c ****     if (FDCAN_CHECK_IT_SOURCE(itsource, FDCAN_IT_TX_COMPLETE) != RESET)
3037:Drivers/STM32G4xx_HAL_Driver/Src/stm32g4xx_hal_fdcan.c ****     {
3038:Drivers/STM32G4xx_HAL_Driver/Src/stm32g4xx_hal_fdcan.c ****       /* List of transmitted monitored buffers */
3039:Drivers/STM32G4xx_HAL_Driver/Src/stm32g4xx_hal_fdcan.c ****       TransmittedBuffers = hfdcan->Instance->TXBTO;
3040:Drivers/STM32G4xx_HAL_Driver/Src/stm32g4xx_hal_fdcan.c ****       TransmittedBuffers &= hfdcan->Instance->TXBTIE;
3041:Drivers/STM32G4xx_HAL_Driver/Src/stm32g4xx_hal_fdcan.c **** 
3042:Drivers/STM32G4xx_HAL_Driver/Src/stm32g4xx_hal_fdcan.c ****       /* Clear the Transmission Complete flag */
3043:Drivers/STM32G4xx_HAL_Driver/Src/stm32g4xx_hal_fdcan.c ****       __HAL_FDCAN_CLEAR_FLAG(hfdcan, FDCAN_FLAG_TX_COMPLETE);
3044:Drivers/STM32G4xx_HAL_Driver/Src/stm32g4xx_hal_fdcan.c **** 
3045:Drivers/STM32G4xx_HAL_Driver/Src/stm32g4xx_hal_fdcan.c **** #if USE_HAL_FDCAN_REGISTER_CALLBACKS == 1
3046:Drivers/STM32G4xx_HAL_Driver/Src/stm32g4xx_hal_fdcan.c ****       /* Call registered callback*/
3047:Drivers/STM32G4xx_HAL_Driver/Src/stm32g4xx_hal_fdcan.c ****       hfdcan->TxBufferCompleteCallback(hfdcan, TransmittedBuffers);
3048:Drivers/STM32G4xx_HAL_Driver/Src/stm32g4xx_hal_fdcan.c **** #else
3049:Drivers/STM32G4xx_HAL_Driver/Src/stm32g4xx_hal_fdcan.c ****       /* Transmission Complete Callback */
3050:Drivers/STM32G4xx_HAL_Driver/Src/stm32g4xx_hal_fdcan.c ****       HAL_FDCAN_TxBufferCompleteCallback(hfdcan, TransmittedBuffers);
3051:Drivers/STM32G4xx_HAL_Driver/Src/stm32g4xx_hal_fdcan.c **** #endif /* USE_HAL_FDCAN_REGISTER_CALLBACKS */
ARM GAS  C:\Users\Booster\AppData\Local\Temp\ccYRDURW.s 			page 55


3052:Drivers/STM32G4xx_HAL_Driver/Src/stm32g4xx_hal_fdcan.c ****     }
3053:Drivers/STM32G4xx_HAL_Driver/Src/stm32g4xx_hal_fdcan.c ****   }
3054:Drivers/STM32G4xx_HAL_Driver/Src/stm32g4xx_hal_fdcan.c **** 
3055:Drivers/STM32G4xx_HAL_Driver/Src/stm32g4xx_hal_fdcan.c ****   /* Timestamp Wraparound interrupt management ********************************/
3056:Drivers/STM32G4xx_HAL_Driver/Src/stm32g4xx_hal_fdcan.c ****   if (FDCAN_CHECK_FLAG(itflag, FDCAN_FLAG_TIMESTAMP_WRAPAROUND) != RESET)
3057:Drivers/STM32G4xx_HAL_Driver/Src/stm32g4xx_hal_fdcan.c ****   {
3058:Drivers/STM32G4xx_HAL_Driver/Src/stm32g4xx_hal_fdcan.c ****     if (FDCAN_CHECK_IT_SOURCE(itsource, FDCAN_IT_TIMESTAMP_WRAPAROUND) != RESET)
3059:Drivers/STM32G4xx_HAL_Driver/Src/stm32g4xx_hal_fdcan.c ****     {
3060:Drivers/STM32G4xx_HAL_Driver/Src/stm32g4xx_hal_fdcan.c ****       /* Clear the Timestamp Wraparound flag */
3061:Drivers/STM32G4xx_HAL_Driver/Src/stm32g4xx_hal_fdcan.c ****       __HAL_FDCAN_CLEAR_FLAG(hfdcan, FDCAN_FLAG_TIMESTAMP_WRAPAROUND);
3062:Drivers/STM32G4xx_HAL_Driver/Src/stm32g4xx_hal_fdcan.c **** 
3063:Drivers/STM32G4xx_HAL_Driver/Src/stm32g4xx_hal_fdcan.c **** #if USE_HAL_FDCAN_REGISTER_CALLBACKS == 1
3064:Drivers/STM32G4xx_HAL_Driver/Src/stm32g4xx_hal_fdcan.c ****       /* Call registered callback*/
3065:Drivers/STM32G4xx_HAL_Driver/Src/stm32g4xx_hal_fdcan.c ****       hfdcan->TimestampWraparoundCallback(hfdcan);
3066:Drivers/STM32G4xx_HAL_Driver/Src/stm32g4xx_hal_fdcan.c **** #else
3067:Drivers/STM32G4xx_HAL_Driver/Src/stm32g4xx_hal_fdcan.c ****       /* Timestamp Wraparound Callback */
3068:Drivers/STM32G4xx_HAL_Driver/Src/stm32g4xx_hal_fdcan.c ****       HAL_FDCAN_TimestampWraparoundCallback(hfdcan);
3069:Drivers/STM32G4xx_HAL_Driver/Src/stm32g4xx_hal_fdcan.c **** #endif /* USE_HAL_FDCAN_REGISTER_CALLBACKS */
3070:Drivers/STM32G4xx_HAL_Driver/Src/stm32g4xx_hal_fdcan.c ****     }
3071:Drivers/STM32G4xx_HAL_Driver/Src/stm32g4xx_hal_fdcan.c ****   }
3072:Drivers/STM32G4xx_HAL_Driver/Src/stm32g4xx_hal_fdcan.c **** 
3073:Drivers/STM32G4xx_HAL_Driver/Src/stm32g4xx_hal_fdcan.c ****   /* Timeout Occurred interrupt management ************************************/
3074:Drivers/STM32G4xx_HAL_Driver/Src/stm32g4xx_hal_fdcan.c ****   if (FDCAN_CHECK_FLAG(itflag, FDCAN_FLAG_TIMEOUT_OCCURRED) != RESET)
3075:Drivers/STM32G4xx_HAL_Driver/Src/stm32g4xx_hal_fdcan.c ****   {
3076:Drivers/STM32G4xx_HAL_Driver/Src/stm32g4xx_hal_fdcan.c ****     if (FDCAN_CHECK_IT_SOURCE(itsource, FDCAN_IT_TIMEOUT_OCCURRED) != RESET)
3077:Drivers/STM32G4xx_HAL_Driver/Src/stm32g4xx_hal_fdcan.c ****     {
3078:Drivers/STM32G4xx_HAL_Driver/Src/stm32g4xx_hal_fdcan.c ****       /* Clear the Timeout Occurred flag */
3079:Drivers/STM32G4xx_HAL_Driver/Src/stm32g4xx_hal_fdcan.c ****       __HAL_FDCAN_CLEAR_FLAG(hfdcan, FDCAN_FLAG_TIMEOUT_OCCURRED);
3080:Drivers/STM32G4xx_HAL_Driver/Src/stm32g4xx_hal_fdcan.c **** 
3081:Drivers/STM32G4xx_HAL_Driver/Src/stm32g4xx_hal_fdcan.c **** #if USE_HAL_FDCAN_REGISTER_CALLBACKS == 1
3082:Drivers/STM32G4xx_HAL_Driver/Src/stm32g4xx_hal_fdcan.c ****       /* Call registered callback*/
3083:Drivers/STM32G4xx_HAL_Driver/Src/stm32g4xx_hal_fdcan.c ****       hfdcan->TimeoutOccurredCallback(hfdcan);
3084:Drivers/STM32G4xx_HAL_Driver/Src/stm32g4xx_hal_fdcan.c **** #else
3085:Drivers/STM32G4xx_HAL_Driver/Src/stm32g4xx_hal_fdcan.c ****       /* Timeout Occurred Callback */
3086:Drivers/STM32G4xx_HAL_Driver/Src/stm32g4xx_hal_fdcan.c ****       HAL_FDCAN_TimeoutOccurredCallback(hfdcan);
3087:Drivers/STM32G4xx_HAL_Driver/Src/stm32g4xx_hal_fdcan.c **** #endif /* USE_HAL_FDCAN_REGISTER_CALLBACKS */
3088:Drivers/STM32G4xx_HAL_Driver/Src/stm32g4xx_hal_fdcan.c ****     }
3089:Drivers/STM32G4xx_HAL_Driver/Src/stm32g4xx_hal_fdcan.c ****   }
3090:Drivers/STM32G4xx_HAL_Driver/Src/stm32g4xx_hal_fdcan.c **** 
3091:Drivers/STM32G4xx_HAL_Driver/Src/stm32g4xx_hal_fdcan.c ****   /* Message RAM access failure interrupt management **************************/
3092:Drivers/STM32G4xx_HAL_Driver/Src/stm32g4xx_hal_fdcan.c ****   if (FDCAN_CHECK_FLAG(itflag, FDCAN_FLAG_RAM_ACCESS_FAILURE) != RESET)
3093:Drivers/STM32G4xx_HAL_Driver/Src/stm32g4xx_hal_fdcan.c ****   {
3094:Drivers/STM32G4xx_HAL_Driver/Src/stm32g4xx_hal_fdcan.c ****     if (FDCAN_CHECK_IT_SOURCE(itsource, FDCAN_IT_RAM_ACCESS_FAILURE) != RESET)
3095:Drivers/STM32G4xx_HAL_Driver/Src/stm32g4xx_hal_fdcan.c ****     {
3096:Drivers/STM32G4xx_HAL_Driver/Src/stm32g4xx_hal_fdcan.c ****       /* Clear the Message RAM access failure flag */
3097:Drivers/STM32G4xx_HAL_Driver/Src/stm32g4xx_hal_fdcan.c ****       __HAL_FDCAN_CLEAR_FLAG(hfdcan, FDCAN_FLAG_RAM_ACCESS_FAILURE);
3098:Drivers/STM32G4xx_HAL_Driver/Src/stm32g4xx_hal_fdcan.c **** 
3099:Drivers/STM32G4xx_HAL_Driver/Src/stm32g4xx_hal_fdcan.c ****       /* Update error code */
3100:Drivers/STM32G4xx_HAL_Driver/Src/stm32g4xx_hal_fdcan.c ****       hfdcan->ErrorCode |= HAL_FDCAN_ERROR_RAM_ACCESS;
3101:Drivers/STM32G4xx_HAL_Driver/Src/stm32g4xx_hal_fdcan.c ****     }
3102:Drivers/STM32G4xx_HAL_Driver/Src/stm32g4xx_hal_fdcan.c ****   }
3103:Drivers/STM32G4xx_HAL_Driver/Src/stm32g4xx_hal_fdcan.c **** 
3104:Drivers/STM32G4xx_HAL_Driver/Src/stm32g4xx_hal_fdcan.c ****   /* Error Status interrupts management ***************************************/
3105:Drivers/STM32G4xx_HAL_Driver/Src/stm32g4xx_hal_fdcan.c ****   if (ErrorStatusITs != 0U)
3106:Drivers/STM32G4xx_HAL_Driver/Src/stm32g4xx_hal_fdcan.c ****   {
3107:Drivers/STM32G4xx_HAL_Driver/Src/stm32g4xx_hal_fdcan.c ****     /* Clear the Error flags */
3108:Drivers/STM32G4xx_HAL_Driver/Src/stm32g4xx_hal_fdcan.c ****     __HAL_FDCAN_CLEAR_FLAG(hfdcan, ErrorStatusITs);
ARM GAS  C:\Users\Booster\AppData\Local\Temp\ccYRDURW.s 			page 56


3109:Drivers/STM32G4xx_HAL_Driver/Src/stm32g4xx_hal_fdcan.c **** 
3110:Drivers/STM32G4xx_HAL_Driver/Src/stm32g4xx_hal_fdcan.c **** #if USE_HAL_FDCAN_REGISTER_CALLBACKS == 1
3111:Drivers/STM32G4xx_HAL_Driver/Src/stm32g4xx_hal_fdcan.c ****     /* Call registered callback*/
3112:Drivers/STM32G4xx_HAL_Driver/Src/stm32g4xx_hal_fdcan.c ****     hfdcan->ErrorStatusCallback(hfdcan, ErrorStatusITs);
3113:Drivers/STM32G4xx_HAL_Driver/Src/stm32g4xx_hal_fdcan.c **** #else
3114:Drivers/STM32G4xx_HAL_Driver/Src/stm32g4xx_hal_fdcan.c ****     /* Error Status Callback */
3115:Drivers/STM32G4xx_HAL_Driver/Src/stm32g4xx_hal_fdcan.c ****     HAL_FDCAN_ErrorStatusCallback(hfdcan, ErrorStatusITs);
3116:Drivers/STM32G4xx_HAL_Driver/Src/stm32g4xx_hal_fdcan.c **** #endif /* USE_HAL_FDCAN_REGISTER_CALLBACKS */
3117:Drivers/STM32G4xx_HAL_Driver/Src/stm32g4xx_hal_fdcan.c ****   }
3118:Drivers/STM32G4xx_HAL_Driver/Src/stm32g4xx_hal_fdcan.c **** 
3119:Drivers/STM32G4xx_HAL_Driver/Src/stm32g4xx_hal_fdcan.c ****   /* Error interrupts management **********************************************/
3120:Drivers/STM32G4xx_HAL_Driver/Src/stm32g4xx_hal_fdcan.c ****   if (Errors != 0U)
3121:Drivers/STM32G4xx_HAL_Driver/Src/stm32g4xx_hal_fdcan.c ****   {
3122:Drivers/STM32G4xx_HAL_Driver/Src/stm32g4xx_hal_fdcan.c ****     /* Clear the Error flags */
3123:Drivers/STM32G4xx_HAL_Driver/Src/stm32g4xx_hal_fdcan.c ****     __HAL_FDCAN_CLEAR_FLAG(hfdcan, Errors);
3124:Drivers/STM32G4xx_HAL_Driver/Src/stm32g4xx_hal_fdcan.c **** 
3125:Drivers/STM32G4xx_HAL_Driver/Src/stm32g4xx_hal_fdcan.c ****     /* Update error code */
3126:Drivers/STM32G4xx_HAL_Driver/Src/stm32g4xx_hal_fdcan.c ****     hfdcan->ErrorCode |= Errors;
3127:Drivers/STM32G4xx_HAL_Driver/Src/stm32g4xx_hal_fdcan.c ****   }
3128:Drivers/STM32G4xx_HAL_Driver/Src/stm32g4xx_hal_fdcan.c **** 
3129:Drivers/STM32G4xx_HAL_Driver/Src/stm32g4xx_hal_fdcan.c ****   if (hfdcan->ErrorCode != HAL_FDCAN_ERROR_NONE)
3130:Drivers/STM32G4xx_HAL_Driver/Src/stm32g4xx_hal_fdcan.c ****   {
3131:Drivers/STM32G4xx_HAL_Driver/Src/stm32g4xx_hal_fdcan.c **** #if USE_HAL_FDCAN_REGISTER_CALLBACKS == 1
3132:Drivers/STM32G4xx_HAL_Driver/Src/stm32g4xx_hal_fdcan.c ****     /* Call registered callback*/
3133:Drivers/STM32G4xx_HAL_Driver/Src/stm32g4xx_hal_fdcan.c ****     hfdcan->ErrorCallback(hfdcan);
3134:Drivers/STM32G4xx_HAL_Driver/Src/stm32g4xx_hal_fdcan.c **** #else
3135:Drivers/STM32G4xx_HAL_Driver/Src/stm32g4xx_hal_fdcan.c ****     /* Error Callback */
3136:Drivers/STM32G4xx_HAL_Driver/Src/stm32g4xx_hal_fdcan.c ****     HAL_FDCAN_ErrorCallback(hfdcan);
3137:Drivers/STM32G4xx_HAL_Driver/Src/stm32g4xx_hal_fdcan.c **** #endif /* USE_HAL_FDCAN_REGISTER_CALLBACKS */
3138:Drivers/STM32G4xx_HAL_Driver/Src/stm32g4xx_hal_fdcan.c ****   }
3139:Drivers/STM32G4xx_HAL_Driver/Src/stm32g4xx_hal_fdcan.c **** }
3140:Drivers/STM32G4xx_HAL_Driver/Src/stm32g4xx_hal_fdcan.c **** 
3141:Drivers/STM32G4xx_HAL_Driver/Src/stm32g4xx_hal_fdcan.c **** /**
3142:Drivers/STM32G4xx_HAL_Driver/Src/stm32g4xx_hal_fdcan.c ****   * @}
3143:Drivers/STM32G4xx_HAL_Driver/Src/stm32g4xx_hal_fdcan.c ****   */
3144:Drivers/STM32G4xx_HAL_Driver/Src/stm32g4xx_hal_fdcan.c **** 
3145:Drivers/STM32G4xx_HAL_Driver/Src/stm32g4xx_hal_fdcan.c **** /** @defgroup FDCAN_Exported_Functions_Group5 Callback functions
3146:Drivers/STM32G4xx_HAL_Driver/Src/stm32g4xx_hal_fdcan.c ****   *  @brief   FDCAN Callback functions
3147:Drivers/STM32G4xx_HAL_Driver/Src/stm32g4xx_hal_fdcan.c ****   *
3148:Drivers/STM32G4xx_HAL_Driver/Src/stm32g4xx_hal_fdcan.c **** @verbatim
3149:Drivers/STM32G4xx_HAL_Driver/Src/stm32g4xx_hal_fdcan.c ****   ==============================================================================
3150:Drivers/STM32G4xx_HAL_Driver/Src/stm32g4xx_hal_fdcan.c ****                           ##### Callback functions #####
3151:Drivers/STM32G4xx_HAL_Driver/Src/stm32g4xx_hal_fdcan.c ****   ==============================================================================
3152:Drivers/STM32G4xx_HAL_Driver/Src/stm32g4xx_hal_fdcan.c ****     [..]
3153:Drivers/STM32G4xx_HAL_Driver/Src/stm32g4xx_hal_fdcan.c ****     This subsection provides the following callback functions:
3154:Drivers/STM32G4xx_HAL_Driver/Src/stm32g4xx_hal_fdcan.c ****       (+) HAL_FDCAN_TxEventFifoCallback
3155:Drivers/STM32G4xx_HAL_Driver/Src/stm32g4xx_hal_fdcan.c ****       (+) HAL_FDCAN_RxFifo0Callback
3156:Drivers/STM32G4xx_HAL_Driver/Src/stm32g4xx_hal_fdcan.c ****       (+) HAL_FDCAN_RxFifo1Callback
3157:Drivers/STM32G4xx_HAL_Driver/Src/stm32g4xx_hal_fdcan.c ****       (+) HAL_FDCAN_TxFifoEmptyCallback
3158:Drivers/STM32G4xx_HAL_Driver/Src/stm32g4xx_hal_fdcan.c ****       (+) HAL_FDCAN_TxBufferCompleteCallback
3159:Drivers/STM32G4xx_HAL_Driver/Src/stm32g4xx_hal_fdcan.c ****       (+) HAL_FDCAN_TxBufferAbortCallback
3160:Drivers/STM32G4xx_HAL_Driver/Src/stm32g4xx_hal_fdcan.c ****       (+) HAL_FDCAN_HighPriorityMessageCallback
3161:Drivers/STM32G4xx_HAL_Driver/Src/stm32g4xx_hal_fdcan.c ****       (+) HAL_FDCAN_TimestampWraparoundCallback
3162:Drivers/STM32G4xx_HAL_Driver/Src/stm32g4xx_hal_fdcan.c ****       (+) HAL_FDCAN_TimeoutOccurredCallback
3163:Drivers/STM32G4xx_HAL_Driver/Src/stm32g4xx_hal_fdcan.c ****       (+) HAL_FDCAN_ErrorCallback
3164:Drivers/STM32G4xx_HAL_Driver/Src/stm32g4xx_hal_fdcan.c ****       (+) HAL_FDCAN_ErrorStatusCallback
3165:Drivers/STM32G4xx_HAL_Driver/Src/stm32g4xx_hal_fdcan.c **** 
ARM GAS  C:\Users\Booster\AppData\Local\Temp\ccYRDURW.s 			page 57


3166:Drivers/STM32G4xx_HAL_Driver/Src/stm32g4xx_hal_fdcan.c **** @endverbatim
3167:Drivers/STM32G4xx_HAL_Driver/Src/stm32g4xx_hal_fdcan.c ****   * @{
3168:Drivers/STM32G4xx_HAL_Driver/Src/stm32g4xx_hal_fdcan.c ****   */
3169:Drivers/STM32G4xx_HAL_Driver/Src/stm32g4xx_hal_fdcan.c **** 
3170:Drivers/STM32G4xx_HAL_Driver/Src/stm32g4xx_hal_fdcan.c **** /**
3171:Drivers/STM32G4xx_HAL_Driver/Src/stm32g4xx_hal_fdcan.c ****   * @brief  Tx Event callback.
3172:Drivers/STM32G4xx_HAL_Driver/Src/stm32g4xx_hal_fdcan.c ****   * @param  hfdcan pointer to an FDCAN_HandleTypeDef structure that contains
3173:Drivers/STM32G4xx_HAL_Driver/Src/stm32g4xx_hal_fdcan.c ****   *         the configuration information for the specified FDCAN.
3174:Drivers/STM32G4xx_HAL_Driver/Src/stm32g4xx_hal_fdcan.c ****   * @param  TxEventFifoITs indicates which Tx Event FIFO interrupts are signaled.
3175:Drivers/STM32G4xx_HAL_Driver/Src/stm32g4xx_hal_fdcan.c ****   *         This parameter can be any combination of @arg FDCAN_Tx_Event_Fifo_Interrupts.
3176:Drivers/STM32G4xx_HAL_Driver/Src/stm32g4xx_hal_fdcan.c ****   * @retval None
3177:Drivers/STM32G4xx_HAL_Driver/Src/stm32g4xx_hal_fdcan.c ****   */
3178:Drivers/STM32G4xx_HAL_Driver/Src/stm32g4xx_hal_fdcan.c **** __weak void HAL_FDCAN_TxEventFifoCallback(FDCAN_HandleTypeDef *hfdcan, uint32_t TxEventFifoITs)
3179:Drivers/STM32G4xx_HAL_Driver/Src/stm32g4xx_hal_fdcan.c **** {
3180:Drivers/STM32G4xx_HAL_Driver/Src/stm32g4xx_hal_fdcan.c ****   /* Prevent unused argument(s) compilation warning */
3181:Drivers/STM32G4xx_HAL_Driver/Src/stm32g4xx_hal_fdcan.c ****   UNUSED(hfdcan);
3182:Drivers/STM32G4xx_HAL_Driver/Src/stm32g4xx_hal_fdcan.c ****   UNUSED(TxEventFifoITs);
3183:Drivers/STM32G4xx_HAL_Driver/Src/stm32g4xx_hal_fdcan.c **** 
3184:Drivers/STM32G4xx_HAL_Driver/Src/stm32g4xx_hal_fdcan.c ****   /* NOTE: This function Should not be modified, when the callback is needed,
3185:Drivers/STM32G4xx_HAL_Driver/Src/stm32g4xx_hal_fdcan.c ****             the HAL_FDCAN_TxEventFifoCallback could be implemented in the user file
3186:Drivers/STM32G4xx_HAL_Driver/Src/stm32g4xx_hal_fdcan.c ****    */
3187:Drivers/STM32G4xx_HAL_Driver/Src/stm32g4xx_hal_fdcan.c **** }
3188:Drivers/STM32G4xx_HAL_Driver/Src/stm32g4xx_hal_fdcan.c **** 
3189:Drivers/STM32G4xx_HAL_Driver/Src/stm32g4xx_hal_fdcan.c **** /**
3190:Drivers/STM32G4xx_HAL_Driver/Src/stm32g4xx_hal_fdcan.c ****   * @brief  Rx FIFO 0 callback.
3191:Drivers/STM32G4xx_HAL_Driver/Src/stm32g4xx_hal_fdcan.c ****   * @param  hfdcan pointer to an FDCAN_HandleTypeDef structure that contains
3192:Drivers/STM32G4xx_HAL_Driver/Src/stm32g4xx_hal_fdcan.c ****   *         the configuration information for the specified FDCAN.
3193:Drivers/STM32G4xx_HAL_Driver/Src/stm32g4xx_hal_fdcan.c ****   * @param  RxFifo0ITs indicates which Rx FIFO 0 interrupts are signaled.
3194:Drivers/STM32G4xx_HAL_Driver/Src/stm32g4xx_hal_fdcan.c ****   *         This parameter can be any combination of @arg FDCAN_Rx_Fifo0_Interrupts.
3195:Drivers/STM32G4xx_HAL_Driver/Src/stm32g4xx_hal_fdcan.c ****   * @retval None
3196:Drivers/STM32G4xx_HAL_Driver/Src/stm32g4xx_hal_fdcan.c ****   */
3197:Drivers/STM32G4xx_HAL_Driver/Src/stm32g4xx_hal_fdcan.c **** __weak void HAL_FDCAN_RxFifo0Callback(FDCAN_HandleTypeDef *hfdcan, uint32_t RxFifo0ITs)
3198:Drivers/STM32G4xx_HAL_Driver/Src/stm32g4xx_hal_fdcan.c **** {
3199:Drivers/STM32G4xx_HAL_Driver/Src/stm32g4xx_hal_fdcan.c ****   /* Prevent unused argument(s) compilation warning */
3200:Drivers/STM32G4xx_HAL_Driver/Src/stm32g4xx_hal_fdcan.c ****   UNUSED(hfdcan);
3201:Drivers/STM32G4xx_HAL_Driver/Src/stm32g4xx_hal_fdcan.c ****   UNUSED(RxFifo0ITs);
3202:Drivers/STM32G4xx_HAL_Driver/Src/stm32g4xx_hal_fdcan.c **** 
3203:Drivers/STM32G4xx_HAL_Driver/Src/stm32g4xx_hal_fdcan.c ****   /* NOTE: This function Should not be modified, when the callback is needed,
3204:Drivers/STM32G4xx_HAL_Driver/Src/stm32g4xx_hal_fdcan.c ****             the HAL_FDCAN_RxFifo0Callback could be implemented in the user file
3205:Drivers/STM32G4xx_HAL_Driver/Src/stm32g4xx_hal_fdcan.c ****    */
3206:Drivers/STM32G4xx_HAL_Driver/Src/stm32g4xx_hal_fdcan.c **** }
3207:Drivers/STM32G4xx_HAL_Driver/Src/stm32g4xx_hal_fdcan.c **** 
3208:Drivers/STM32G4xx_HAL_Driver/Src/stm32g4xx_hal_fdcan.c **** /**
3209:Drivers/STM32G4xx_HAL_Driver/Src/stm32g4xx_hal_fdcan.c ****   * @brief  Rx FIFO 1 callback.
3210:Drivers/STM32G4xx_HAL_Driver/Src/stm32g4xx_hal_fdcan.c ****   * @param  hfdcan pointer to an FDCAN_HandleTypeDef structure that contains
3211:Drivers/STM32G4xx_HAL_Driver/Src/stm32g4xx_hal_fdcan.c ****   *         the configuration information for the specified FDCAN.
3212:Drivers/STM32G4xx_HAL_Driver/Src/stm32g4xx_hal_fdcan.c ****   * @param  RxFifo1ITs indicates which Rx FIFO 1 interrupts are signaled.
3213:Drivers/STM32G4xx_HAL_Driver/Src/stm32g4xx_hal_fdcan.c ****   *         This parameter can be any combination of @arg FDCAN_Rx_Fifo1_Interrupts.
3214:Drivers/STM32G4xx_HAL_Driver/Src/stm32g4xx_hal_fdcan.c ****   * @retval None
3215:Drivers/STM32G4xx_HAL_Driver/Src/stm32g4xx_hal_fdcan.c ****   */
3216:Drivers/STM32G4xx_HAL_Driver/Src/stm32g4xx_hal_fdcan.c **** __weak void HAL_FDCAN_RxFifo1Callback(FDCAN_HandleTypeDef *hfdcan, uint32_t RxFifo1ITs)
3217:Drivers/STM32G4xx_HAL_Driver/Src/stm32g4xx_hal_fdcan.c **** {
3218:Drivers/STM32G4xx_HAL_Driver/Src/stm32g4xx_hal_fdcan.c ****   /* Prevent unused argument(s) compilation warning */
3219:Drivers/STM32G4xx_HAL_Driver/Src/stm32g4xx_hal_fdcan.c ****   UNUSED(hfdcan);
3220:Drivers/STM32G4xx_HAL_Driver/Src/stm32g4xx_hal_fdcan.c ****   UNUSED(RxFifo1ITs);
3221:Drivers/STM32G4xx_HAL_Driver/Src/stm32g4xx_hal_fdcan.c **** 
3222:Drivers/STM32G4xx_HAL_Driver/Src/stm32g4xx_hal_fdcan.c ****   /* NOTE: This function Should not be modified, when the callback is needed,
ARM GAS  C:\Users\Booster\AppData\Local\Temp\ccYRDURW.s 			page 58


3223:Drivers/STM32G4xx_HAL_Driver/Src/stm32g4xx_hal_fdcan.c ****             the HAL_FDCAN_RxFifo1Callback could be implemented in the user file
3224:Drivers/STM32G4xx_HAL_Driver/Src/stm32g4xx_hal_fdcan.c ****    */
3225:Drivers/STM32G4xx_HAL_Driver/Src/stm32g4xx_hal_fdcan.c **** }
3226:Drivers/STM32G4xx_HAL_Driver/Src/stm32g4xx_hal_fdcan.c **** 
3227:Drivers/STM32G4xx_HAL_Driver/Src/stm32g4xx_hal_fdcan.c **** /**
3228:Drivers/STM32G4xx_HAL_Driver/Src/stm32g4xx_hal_fdcan.c ****   * @brief  Tx FIFO Empty callback.
3229:Drivers/STM32G4xx_HAL_Driver/Src/stm32g4xx_hal_fdcan.c ****   * @param  hfdcan pointer to an FDCAN_HandleTypeDef structure that contains
3230:Drivers/STM32G4xx_HAL_Driver/Src/stm32g4xx_hal_fdcan.c ****   *         the configuration information for the specified FDCAN.
3231:Drivers/STM32G4xx_HAL_Driver/Src/stm32g4xx_hal_fdcan.c ****   * @retval None
3232:Drivers/STM32G4xx_HAL_Driver/Src/stm32g4xx_hal_fdcan.c ****   */
3233:Drivers/STM32G4xx_HAL_Driver/Src/stm32g4xx_hal_fdcan.c **** __weak void HAL_FDCAN_TxFifoEmptyCallback(FDCAN_HandleTypeDef *hfdcan)
3234:Drivers/STM32G4xx_HAL_Driver/Src/stm32g4xx_hal_fdcan.c **** {
3235:Drivers/STM32G4xx_HAL_Driver/Src/stm32g4xx_hal_fdcan.c ****   /* Prevent unused argument(s) compilation warning */
3236:Drivers/STM32G4xx_HAL_Driver/Src/stm32g4xx_hal_fdcan.c ****   UNUSED(hfdcan);
3237:Drivers/STM32G4xx_HAL_Driver/Src/stm32g4xx_hal_fdcan.c **** 
3238:Drivers/STM32G4xx_HAL_Driver/Src/stm32g4xx_hal_fdcan.c ****   /* NOTE: This function Should not be modified, when the callback is needed,
3239:Drivers/STM32G4xx_HAL_Driver/Src/stm32g4xx_hal_fdcan.c ****             the HAL_FDCAN_TxFifoEmptyCallback could be implemented in the user file
3240:Drivers/STM32G4xx_HAL_Driver/Src/stm32g4xx_hal_fdcan.c ****    */
3241:Drivers/STM32G4xx_HAL_Driver/Src/stm32g4xx_hal_fdcan.c **** }
3242:Drivers/STM32G4xx_HAL_Driver/Src/stm32g4xx_hal_fdcan.c **** 
3243:Drivers/STM32G4xx_HAL_Driver/Src/stm32g4xx_hal_fdcan.c **** /**
3244:Drivers/STM32G4xx_HAL_Driver/Src/stm32g4xx_hal_fdcan.c ****   * @brief  Transmission Complete callback.
3245:Drivers/STM32G4xx_HAL_Driver/Src/stm32g4xx_hal_fdcan.c ****   * @param  hfdcan pointer to an FDCAN_HandleTypeDef structure that contains
3246:Drivers/STM32G4xx_HAL_Driver/Src/stm32g4xx_hal_fdcan.c ****   *         the configuration information for the specified FDCAN.
3247:Drivers/STM32G4xx_HAL_Driver/Src/stm32g4xx_hal_fdcan.c ****   * @param  BufferIndexes Indexes of the transmitted buffers.
3248:Drivers/STM32G4xx_HAL_Driver/Src/stm32g4xx_hal_fdcan.c ****   *         This parameter can be any combination of @arg FDCAN_Tx_location.
3249:Drivers/STM32G4xx_HAL_Driver/Src/stm32g4xx_hal_fdcan.c ****   * @retval None
3250:Drivers/STM32G4xx_HAL_Driver/Src/stm32g4xx_hal_fdcan.c ****   */
3251:Drivers/STM32G4xx_HAL_Driver/Src/stm32g4xx_hal_fdcan.c **** __weak void HAL_FDCAN_TxBufferCompleteCallback(FDCAN_HandleTypeDef *hfdcan, uint32_t BufferIndexes)
3252:Drivers/STM32G4xx_HAL_Driver/Src/stm32g4xx_hal_fdcan.c **** {
3253:Drivers/STM32G4xx_HAL_Driver/Src/stm32g4xx_hal_fdcan.c ****   /* Prevent unused argument(s) compilation warning */
3254:Drivers/STM32G4xx_HAL_Driver/Src/stm32g4xx_hal_fdcan.c ****   UNUSED(hfdcan);
3255:Drivers/STM32G4xx_HAL_Driver/Src/stm32g4xx_hal_fdcan.c ****   UNUSED(BufferIndexes);
3256:Drivers/STM32G4xx_HAL_Driver/Src/stm32g4xx_hal_fdcan.c **** 
3257:Drivers/STM32G4xx_HAL_Driver/Src/stm32g4xx_hal_fdcan.c ****   /* NOTE: This function Should not be modified, when the callback is needed,
3258:Drivers/STM32G4xx_HAL_Driver/Src/stm32g4xx_hal_fdcan.c ****             the HAL_FDCAN_TxBufferCompleteCallback could be implemented in the user file
3259:Drivers/STM32G4xx_HAL_Driver/Src/stm32g4xx_hal_fdcan.c ****    */
3260:Drivers/STM32G4xx_HAL_Driver/Src/stm32g4xx_hal_fdcan.c **** }
3261:Drivers/STM32G4xx_HAL_Driver/Src/stm32g4xx_hal_fdcan.c **** 
3262:Drivers/STM32G4xx_HAL_Driver/Src/stm32g4xx_hal_fdcan.c **** /**
3263:Drivers/STM32G4xx_HAL_Driver/Src/stm32g4xx_hal_fdcan.c ****   * @brief  Transmission Cancellation callback.
3264:Drivers/STM32G4xx_HAL_Driver/Src/stm32g4xx_hal_fdcan.c ****   * @param  hfdcan pointer to an FDCAN_HandleTypeDef structure that contains
3265:Drivers/STM32G4xx_HAL_Driver/Src/stm32g4xx_hal_fdcan.c ****   *         the configuration information for the specified FDCAN.
3266:Drivers/STM32G4xx_HAL_Driver/Src/stm32g4xx_hal_fdcan.c ****   * @param  BufferIndexes Indexes of the aborted buffers.
3267:Drivers/STM32G4xx_HAL_Driver/Src/stm32g4xx_hal_fdcan.c ****   *         This parameter can be any combination of @arg FDCAN_Tx_location.
3268:Drivers/STM32G4xx_HAL_Driver/Src/stm32g4xx_hal_fdcan.c ****   * @retval None
3269:Drivers/STM32G4xx_HAL_Driver/Src/stm32g4xx_hal_fdcan.c ****   */
3270:Drivers/STM32G4xx_HAL_Driver/Src/stm32g4xx_hal_fdcan.c **** __weak void HAL_FDCAN_TxBufferAbortCallback(FDCAN_HandleTypeDef *hfdcan, uint32_t BufferIndexes)
3271:Drivers/STM32G4xx_HAL_Driver/Src/stm32g4xx_hal_fdcan.c **** {
3272:Drivers/STM32G4xx_HAL_Driver/Src/stm32g4xx_hal_fdcan.c ****   /* Prevent unused argument(s) compilation warning */
3273:Drivers/STM32G4xx_HAL_Driver/Src/stm32g4xx_hal_fdcan.c ****   UNUSED(hfdcan);
3274:Drivers/STM32G4xx_HAL_Driver/Src/stm32g4xx_hal_fdcan.c ****   UNUSED(BufferIndexes);
3275:Drivers/STM32G4xx_HAL_Driver/Src/stm32g4xx_hal_fdcan.c **** 
3276:Drivers/STM32G4xx_HAL_Driver/Src/stm32g4xx_hal_fdcan.c ****   /* NOTE: This function Should not be modified, when the callback is needed,
3277:Drivers/STM32G4xx_HAL_Driver/Src/stm32g4xx_hal_fdcan.c ****             the HAL_FDCAN_TxBufferAbortCallback could be implemented in the user file
3278:Drivers/STM32G4xx_HAL_Driver/Src/stm32g4xx_hal_fdcan.c ****    */
3279:Drivers/STM32G4xx_HAL_Driver/Src/stm32g4xx_hal_fdcan.c **** }
ARM GAS  C:\Users\Booster\AppData\Local\Temp\ccYRDURW.s 			page 59


3280:Drivers/STM32G4xx_HAL_Driver/Src/stm32g4xx_hal_fdcan.c **** 
3281:Drivers/STM32G4xx_HAL_Driver/Src/stm32g4xx_hal_fdcan.c **** /**
3282:Drivers/STM32G4xx_HAL_Driver/Src/stm32g4xx_hal_fdcan.c ****   * @brief  Timestamp Wraparound callback.
3283:Drivers/STM32G4xx_HAL_Driver/Src/stm32g4xx_hal_fdcan.c ****   * @param  hfdcan pointer to an FDCAN_HandleTypeDef structure that contains
3284:Drivers/STM32G4xx_HAL_Driver/Src/stm32g4xx_hal_fdcan.c ****   *         the configuration information for the specified FDCAN.
3285:Drivers/STM32G4xx_HAL_Driver/Src/stm32g4xx_hal_fdcan.c ****   * @retval None
3286:Drivers/STM32G4xx_HAL_Driver/Src/stm32g4xx_hal_fdcan.c ****   */
3287:Drivers/STM32G4xx_HAL_Driver/Src/stm32g4xx_hal_fdcan.c **** __weak void HAL_FDCAN_TimestampWraparoundCallback(FDCAN_HandleTypeDef *hfdcan)
3288:Drivers/STM32G4xx_HAL_Driver/Src/stm32g4xx_hal_fdcan.c **** {
3289:Drivers/STM32G4xx_HAL_Driver/Src/stm32g4xx_hal_fdcan.c ****   /* Prevent unused argument(s) compilation warning */
3290:Drivers/STM32G4xx_HAL_Driver/Src/stm32g4xx_hal_fdcan.c ****   UNUSED(hfdcan);
3291:Drivers/STM32G4xx_HAL_Driver/Src/stm32g4xx_hal_fdcan.c **** 
3292:Drivers/STM32G4xx_HAL_Driver/Src/stm32g4xx_hal_fdcan.c ****   /* NOTE: This function Should not be modified, when the callback is needed,
3293:Drivers/STM32G4xx_HAL_Driver/Src/stm32g4xx_hal_fdcan.c ****             the HAL_FDCAN_TimestampWraparoundCallback could be implemented in the user file
3294:Drivers/STM32G4xx_HAL_Driver/Src/stm32g4xx_hal_fdcan.c ****    */
3295:Drivers/STM32G4xx_HAL_Driver/Src/stm32g4xx_hal_fdcan.c **** }
3296:Drivers/STM32G4xx_HAL_Driver/Src/stm32g4xx_hal_fdcan.c **** 
3297:Drivers/STM32G4xx_HAL_Driver/Src/stm32g4xx_hal_fdcan.c **** /**
3298:Drivers/STM32G4xx_HAL_Driver/Src/stm32g4xx_hal_fdcan.c ****   * @brief  Timeout Occurred callback.
3299:Drivers/STM32G4xx_HAL_Driver/Src/stm32g4xx_hal_fdcan.c ****   * @param  hfdcan pointer to an FDCAN_HandleTypeDef structure that contains
3300:Drivers/STM32G4xx_HAL_Driver/Src/stm32g4xx_hal_fdcan.c ****   *         the configuration information for the specified FDCAN.
3301:Drivers/STM32G4xx_HAL_Driver/Src/stm32g4xx_hal_fdcan.c ****   * @retval None
3302:Drivers/STM32G4xx_HAL_Driver/Src/stm32g4xx_hal_fdcan.c ****   */
3303:Drivers/STM32G4xx_HAL_Driver/Src/stm32g4xx_hal_fdcan.c **** __weak void HAL_FDCAN_TimeoutOccurredCallback(FDCAN_HandleTypeDef *hfdcan)
3304:Drivers/STM32G4xx_HAL_Driver/Src/stm32g4xx_hal_fdcan.c **** {
3305:Drivers/STM32G4xx_HAL_Driver/Src/stm32g4xx_hal_fdcan.c ****   /* Prevent unused argument(s) compilation warning */
3306:Drivers/STM32G4xx_HAL_Driver/Src/stm32g4xx_hal_fdcan.c ****   UNUSED(hfdcan);
3307:Drivers/STM32G4xx_HAL_Driver/Src/stm32g4xx_hal_fdcan.c **** 
3308:Drivers/STM32G4xx_HAL_Driver/Src/stm32g4xx_hal_fdcan.c ****   /* NOTE: This function Should not be modified, when the callback is needed,
3309:Drivers/STM32G4xx_HAL_Driver/Src/stm32g4xx_hal_fdcan.c ****             the HAL_FDCAN_TimeoutOccurredCallback could be implemented in the user file
3310:Drivers/STM32G4xx_HAL_Driver/Src/stm32g4xx_hal_fdcan.c ****    */
3311:Drivers/STM32G4xx_HAL_Driver/Src/stm32g4xx_hal_fdcan.c **** }
3312:Drivers/STM32G4xx_HAL_Driver/Src/stm32g4xx_hal_fdcan.c **** 
3313:Drivers/STM32G4xx_HAL_Driver/Src/stm32g4xx_hal_fdcan.c **** /**
3314:Drivers/STM32G4xx_HAL_Driver/Src/stm32g4xx_hal_fdcan.c ****   * @brief  High Priority Message callback.
3315:Drivers/STM32G4xx_HAL_Driver/Src/stm32g4xx_hal_fdcan.c ****   * @param  hfdcan pointer to an FDCAN_HandleTypeDef structure that contains
3316:Drivers/STM32G4xx_HAL_Driver/Src/stm32g4xx_hal_fdcan.c ****   *         the configuration information for the specified FDCAN.
3317:Drivers/STM32G4xx_HAL_Driver/Src/stm32g4xx_hal_fdcan.c ****   * @retval None
3318:Drivers/STM32G4xx_HAL_Driver/Src/stm32g4xx_hal_fdcan.c ****   */
3319:Drivers/STM32G4xx_HAL_Driver/Src/stm32g4xx_hal_fdcan.c **** __weak void HAL_FDCAN_HighPriorityMessageCallback(FDCAN_HandleTypeDef *hfdcan)
3320:Drivers/STM32G4xx_HAL_Driver/Src/stm32g4xx_hal_fdcan.c **** {
3321:Drivers/STM32G4xx_HAL_Driver/Src/stm32g4xx_hal_fdcan.c ****   /* Prevent unused argument(s) compilation warning */
3322:Drivers/STM32G4xx_HAL_Driver/Src/stm32g4xx_hal_fdcan.c ****   UNUSED(hfdcan);
3323:Drivers/STM32G4xx_HAL_Driver/Src/stm32g4xx_hal_fdcan.c **** 
3324:Drivers/STM32G4xx_HAL_Driver/Src/stm32g4xx_hal_fdcan.c ****   /* NOTE: This function Should not be modified, when the callback is needed,
3325:Drivers/STM32G4xx_HAL_Driver/Src/stm32g4xx_hal_fdcan.c ****             the HAL_FDCAN_HighPriorityMessageCallback could be implemented in the user file
3326:Drivers/STM32G4xx_HAL_Driver/Src/stm32g4xx_hal_fdcan.c ****    */
3327:Drivers/STM32G4xx_HAL_Driver/Src/stm32g4xx_hal_fdcan.c **** }
3328:Drivers/STM32G4xx_HAL_Driver/Src/stm32g4xx_hal_fdcan.c **** 
3329:Drivers/STM32G4xx_HAL_Driver/Src/stm32g4xx_hal_fdcan.c **** /**
3330:Drivers/STM32G4xx_HAL_Driver/Src/stm32g4xx_hal_fdcan.c ****   * @brief  Error callback.
3331:Drivers/STM32G4xx_HAL_Driver/Src/stm32g4xx_hal_fdcan.c ****   * @param  hfdcan pointer to an FDCAN_HandleTypeDef structure that contains
3332:Drivers/STM32G4xx_HAL_Driver/Src/stm32g4xx_hal_fdcan.c ****   *         the configuration information for the specified FDCAN.
3333:Drivers/STM32G4xx_HAL_Driver/Src/stm32g4xx_hal_fdcan.c ****   * @retval None
3334:Drivers/STM32G4xx_HAL_Driver/Src/stm32g4xx_hal_fdcan.c ****   */
3335:Drivers/STM32G4xx_HAL_Driver/Src/stm32g4xx_hal_fdcan.c **** __weak void HAL_FDCAN_ErrorCallback(FDCAN_HandleTypeDef *hfdcan)
3336:Drivers/STM32G4xx_HAL_Driver/Src/stm32g4xx_hal_fdcan.c **** {
ARM GAS  C:\Users\Booster\AppData\Local\Temp\ccYRDURW.s 			page 60


3337:Drivers/STM32G4xx_HAL_Driver/Src/stm32g4xx_hal_fdcan.c ****   /* Prevent unused argument(s) compilation warning */
3338:Drivers/STM32G4xx_HAL_Driver/Src/stm32g4xx_hal_fdcan.c ****   UNUSED(hfdcan);
3339:Drivers/STM32G4xx_HAL_Driver/Src/stm32g4xx_hal_fdcan.c **** 
3340:Drivers/STM32G4xx_HAL_Driver/Src/stm32g4xx_hal_fdcan.c ****   /* NOTE: This function Should not be modified, when the callback is needed,
3341:Drivers/STM32G4xx_HAL_Driver/Src/stm32g4xx_hal_fdcan.c ****             the HAL_FDCAN_ErrorCallback could be implemented in the user file
3342:Drivers/STM32G4xx_HAL_Driver/Src/stm32g4xx_hal_fdcan.c ****    */
3343:Drivers/STM32G4xx_HAL_Driver/Src/stm32g4xx_hal_fdcan.c **** }
3344:Drivers/STM32G4xx_HAL_Driver/Src/stm32g4xx_hal_fdcan.c **** 
3345:Drivers/STM32G4xx_HAL_Driver/Src/stm32g4xx_hal_fdcan.c **** /**
3346:Drivers/STM32G4xx_HAL_Driver/Src/stm32g4xx_hal_fdcan.c ****   * @brief  Error status callback.
3347:Drivers/STM32G4xx_HAL_Driver/Src/stm32g4xx_hal_fdcan.c ****   * @param  hfdcan pointer to an FDCAN_HandleTypeDef structure that contains
3348:Drivers/STM32G4xx_HAL_Driver/Src/stm32g4xx_hal_fdcan.c ****   *         the configuration information for the specified FDCAN.
3349:Drivers/STM32G4xx_HAL_Driver/Src/stm32g4xx_hal_fdcan.c ****   * @param  ErrorStatusITs indicates which Error Status interrupts are signaled.
3350:Drivers/STM32G4xx_HAL_Driver/Src/stm32g4xx_hal_fdcan.c ****   *         This parameter can be any combination of @arg FDCAN_Error_Status_Interrupts.
3351:Drivers/STM32G4xx_HAL_Driver/Src/stm32g4xx_hal_fdcan.c ****   * @retval None
3352:Drivers/STM32G4xx_HAL_Driver/Src/stm32g4xx_hal_fdcan.c ****   */
3353:Drivers/STM32G4xx_HAL_Driver/Src/stm32g4xx_hal_fdcan.c **** __weak void HAL_FDCAN_ErrorStatusCallback(FDCAN_HandleTypeDef *hfdcan, uint32_t ErrorStatusITs)
3354:Drivers/STM32G4xx_HAL_Driver/Src/stm32g4xx_hal_fdcan.c **** {
3355:Drivers/STM32G4xx_HAL_Driver/Src/stm32g4xx_hal_fdcan.c ****   /* Prevent unused argument(s) compilation warning */
3356:Drivers/STM32G4xx_HAL_Driver/Src/stm32g4xx_hal_fdcan.c ****   UNUSED(hfdcan);
3357:Drivers/STM32G4xx_HAL_Driver/Src/stm32g4xx_hal_fdcan.c ****   UNUSED(ErrorStatusITs);
3358:Drivers/STM32G4xx_HAL_Driver/Src/stm32g4xx_hal_fdcan.c **** 
3359:Drivers/STM32G4xx_HAL_Driver/Src/stm32g4xx_hal_fdcan.c ****   /* NOTE: This function Should not be modified, when the callback is needed,
3360:Drivers/STM32G4xx_HAL_Driver/Src/stm32g4xx_hal_fdcan.c ****             the HAL_FDCAN_ErrorStatusCallback could be implemented in the user file
3361:Drivers/STM32G4xx_HAL_Driver/Src/stm32g4xx_hal_fdcan.c ****    */
3362:Drivers/STM32G4xx_HAL_Driver/Src/stm32g4xx_hal_fdcan.c **** }
3363:Drivers/STM32G4xx_HAL_Driver/Src/stm32g4xx_hal_fdcan.c **** 
3364:Drivers/STM32G4xx_HAL_Driver/Src/stm32g4xx_hal_fdcan.c **** /**
3365:Drivers/STM32G4xx_HAL_Driver/Src/stm32g4xx_hal_fdcan.c ****   * @}
3366:Drivers/STM32G4xx_HAL_Driver/Src/stm32g4xx_hal_fdcan.c ****   */
3367:Drivers/STM32G4xx_HAL_Driver/Src/stm32g4xx_hal_fdcan.c **** 
3368:Drivers/STM32G4xx_HAL_Driver/Src/stm32g4xx_hal_fdcan.c **** /** @defgroup FDCAN_Exported_Functions_Group6 Peripheral State functions
3369:Drivers/STM32G4xx_HAL_Driver/Src/stm32g4xx_hal_fdcan.c ****   *  @brief   FDCAN Peripheral State functions
3370:Drivers/STM32G4xx_HAL_Driver/Src/stm32g4xx_hal_fdcan.c ****   *
3371:Drivers/STM32G4xx_HAL_Driver/Src/stm32g4xx_hal_fdcan.c **** @verbatim
3372:Drivers/STM32G4xx_HAL_Driver/Src/stm32g4xx_hal_fdcan.c ****   ==============================================================================
3373:Drivers/STM32G4xx_HAL_Driver/Src/stm32g4xx_hal_fdcan.c ****                       ##### Peripheral State functions #####
3374:Drivers/STM32G4xx_HAL_Driver/Src/stm32g4xx_hal_fdcan.c ****   ==============================================================================
3375:Drivers/STM32G4xx_HAL_Driver/Src/stm32g4xx_hal_fdcan.c ****     [..]
3376:Drivers/STM32G4xx_HAL_Driver/Src/stm32g4xx_hal_fdcan.c ****     This subsection provides functions allowing to :
3377:Drivers/STM32G4xx_HAL_Driver/Src/stm32g4xx_hal_fdcan.c ****       (+) HAL_FDCAN_GetState()  : Return the FDCAN state.
3378:Drivers/STM32G4xx_HAL_Driver/Src/stm32g4xx_hal_fdcan.c ****       (+) HAL_FDCAN_GetError()  : Return the FDCAN error code if any.
3379:Drivers/STM32G4xx_HAL_Driver/Src/stm32g4xx_hal_fdcan.c **** 
3380:Drivers/STM32G4xx_HAL_Driver/Src/stm32g4xx_hal_fdcan.c **** @endverbatim
3381:Drivers/STM32G4xx_HAL_Driver/Src/stm32g4xx_hal_fdcan.c ****   * @{
3382:Drivers/STM32G4xx_HAL_Driver/Src/stm32g4xx_hal_fdcan.c ****   */
3383:Drivers/STM32G4xx_HAL_Driver/Src/stm32g4xx_hal_fdcan.c **** /**
3384:Drivers/STM32G4xx_HAL_Driver/Src/stm32g4xx_hal_fdcan.c ****   * @brief  Return the FDCAN state
3385:Drivers/STM32G4xx_HAL_Driver/Src/stm32g4xx_hal_fdcan.c ****   * @param  hfdcan pointer to an FDCAN_HandleTypeDef structure that contains
3386:Drivers/STM32G4xx_HAL_Driver/Src/stm32g4xx_hal_fdcan.c ****   *         the configuration information for the specified FDCAN.
3387:Drivers/STM32G4xx_HAL_Driver/Src/stm32g4xx_hal_fdcan.c ****   * @retval HAL state
3388:Drivers/STM32G4xx_HAL_Driver/Src/stm32g4xx_hal_fdcan.c ****   */
3389:Drivers/STM32G4xx_HAL_Driver/Src/stm32g4xx_hal_fdcan.c **** HAL_FDCAN_StateTypeDef HAL_FDCAN_GetState(const FDCAN_HandleTypeDef *hfdcan)
3390:Drivers/STM32G4xx_HAL_Driver/Src/stm32g4xx_hal_fdcan.c **** {
3391:Drivers/STM32G4xx_HAL_Driver/Src/stm32g4xx_hal_fdcan.c ****   /* Return FDCAN state */
3392:Drivers/STM32G4xx_HAL_Driver/Src/stm32g4xx_hal_fdcan.c ****   return hfdcan->State;
3393:Drivers/STM32G4xx_HAL_Driver/Src/stm32g4xx_hal_fdcan.c **** }
ARM GAS  C:\Users\Booster\AppData\Local\Temp\ccYRDURW.s 			page 61


3394:Drivers/STM32G4xx_HAL_Driver/Src/stm32g4xx_hal_fdcan.c **** 
3395:Drivers/STM32G4xx_HAL_Driver/Src/stm32g4xx_hal_fdcan.c **** /**
3396:Drivers/STM32G4xx_HAL_Driver/Src/stm32g4xx_hal_fdcan.c ****   * @brief  Return the FDCAN error code
3397:Drivers/STM32G4xx_HAL_Driver/Src/stm32g4xx_hal_fdcan.c ****   * @param  hfdcan pointer to an FDCAN_HandleTypeDef structure that contains
3398:Drivers/STM32G4xx_HAL_Driver/Src/stm32g4xx_hal_fdcan.c ****   *         the configuration information for the specified FDCAN.
3399:Drivers/STM32G4xx_HAL_Driver/Src/stm32g4xx_hal_fdcan.c ****   * @retval FDCAN Error Code
3400:Drivers/STM32G4xx_HAL_Driver/Src/stm32g4xx_hal_fdcan.c ****   */
3401:Drivers/STM32G4xx_HAL_Driver/Src/stm32g4xx_hal_fdcan.c **** uint32_t HAL_FDCAN_GetError(const FDCAN_HandleTypeDef *hfdcan)
3402:Drivers/STM32G4xx_HAL_Driver/Src/stm32g4xx_hal_fdcan.c **** {
3403:Drivers/STM32G4xx_HAL_Driver/Src/stm32g4xx_hal_fdcan.c ****   /* Return FDCAN error code */
3404:Drivers/STM32G4xx_HAL_Driver/Src/stm32g4xx_hal_fdcan.c ****   return hfdcan->ErrorCode;
3405:Drivers/STM32G4xx_HAL_Driver/Src/stm32g4xx_hal_fdcan.c **** }
3406:Drivers/STM32G4xx_HAL_Driver/Src/stm32g4xx_hal_fdcan.c **** 
3407:Drivers/STM32G4xx_HAL_Driver/Src/stm32g4xx_hal_fdcan.c **** /**
3408:Drivers/STM32G4xx_HAL_Driver/Src/stm32g4xx_hal_fdcan.c ****   * @}
3409:Drivers/STM32G4xx_HAL_Driver/Src/stm32g4xx_hal_fdcan.c ****   */
3410:Drivers/STM32G4xx_HAL_Driver/Src/stm32g4xx_hal_fdcan.c **** 
3411:Drivers/STM32G4xx_HAL_Driver/Src/stm32g4xx_hal_fdcan.c **** /**
3412:Drivers/STM32G4xx_HAL_Driver/Src/stm32g4xx_hal_fdcan.c ****   * @}
3413:Drivers/STM32G4xx_HAL_Driver/Src/stm32g4xx_hal_fdcan.c ****   */
3414:Drivers/STM32G4xx_HAL_Driver/Src/stm32g4xx_hal_fdcan.c **** 
3415:Drivers/STM32G4xx_HAL_Driver/Src/stm32g4xx_hal_fdcan.c **** /** @defgroup FDCAN_Private_Functions FDCAN Private Functions
3416:Drivers/STM32G4xx_HAL_Driver/Src/stm32g4xx_hal_fdcan.c ****   * @{
3417:Drivers/STM32G4xx_HAL_Driver/Src/stm32g4xx_hal_fdcan.c ****   */
3418:Drivers/STM32G4xx_HAL_Driver/Src/stm32g4xx_hal_fdcan.c **** 
3419:Drivers/STM32G4xx_HAL_Driver/Src/stm32g4xx_hal_fdcan.c **** /**
3420:Drivers/STM32G4xx_HAL_Driver/Src/stm32g4xx_hal_fdcan.c ****   * @brief  Calculate each RAM block start address and size
3421:Drivers/STM32G4xx_HAL_Driver/Src/stm32g4xx_hal_fdcan.c ****   * @param  hfdcan pointer to an FDCAN_HandleTypeDef structure that contains
3422:Drivers/STM32G4xx_HAL_Driver/Src/stm32g4xx_hal_fdcan.c ****   *         the configuration information for the specified FDCAN.
3423:Drivers/STM32G4xx_HAL_Driver/Src/stm32g4xx_hal_fdcan.c ****   * @retval none
3424:Drivers/STM32G4xx_HAL_Driver/Src/stm32g4xx_hal_fdcan.c ****  */
3425:Drivers/STM32G4xx_HAL_Driver/Src/stm32g4xx_hal_fdcan.c **** static void FDCAN_CalcultateRamBlockAddresses(FDCAN_HandleTypeDef *hfdcan)
3426:Drivers/STM32G4xx_HAL_Driver/Src/stm32g4xx_hal_fdcan.c **** {
  29              		.loc 1 3426 1 view -0
  30              		.cfi_startproc
  31              		@ args = 0, pretend = 0, frame = 0
  32              		@ frame_needed = 0, uses_anonymous_args = 0
  33              		@ link register save eliminated.
  34              		.loc 1 3426 1 is_stmt 0 view .LVU1
  35 0000 10B4     		push	{r4}
  36              	.LCFI0:
  37              		.cfi_def_cfa_offset 4
  38              		.cfi_offset 4, -4
3427:Drivers/STM32G4xx_HAL_Driver/Src/stm32g4xx_hal_fdcan.c ****   uint32_t RAMcounter;
  39              		.loc 1 3427 3 is_stmt 1 view .LVU2
3428:Drivers/STM32G4xx_HAL_Driver/Src/stm32g4xx_hal_fdcan.c ****   uint32_t SramCanInstanceBase = SRAMCAN_BASE;
  40              		.loc 1 3428 3 view .LVU3
  41              	.LVL1:
3429:Drivers/STM32G4xx_HAL_Driver/Src/stm32g4xx_hal_fdcan.c **** #if defined(FDCAN2)
3430:Drivers/STM32G4xx_HAL_Driver/Src/stm32g4xx_hal_fdcan.c **** 
3431:Drivers/STM32G4xx_HAL_Driver/Src/stm32g4xx_hal_fdcan.c ****   if (hfdcan->Instance == FDCAN2)
3432:Drivers/STM32G4xx_HAL_Driver/Src/stm32g4xx_hal_fdcan.c ****   {
3433:Drivers/STM32G4xx_HAL_Driver/Src/stm32g4xx_hal_fdcan.c ****     SramCanInstanceBase += SRAMCAN_SIZE;
3434:Drivers/STM32G4xx_HAL_Driver/Src/stm32g4xx_hal_fdcan.c ****   }
3435:Drivers/STM32G4xx_HAL_Driver/Src/stm32g4xx_hal_fdcan.c **** #endif /* FDCAN2 */
3436:Drivers/STM32G4xx_HAL_Driver/Src/stm32g4xx_hal_fdcan.c **** #if defined(FDCAN3)
3437:Drivers/STM32G4xx_HAL_Driver/Src/stm32g4xx_hal_fdcan.c ****   if (hfdcan->Instance == FDCAN3)
ARM GAS  C:\Users\Booster\AppData\Local\Temp\ccYRDURW.s 			page 62


3438:Drivers/STM32G4xx_HAL_Driver/Src/stm32g4xx_hal_fdcan.c ****   {
3439:Drivers/STM32G4xx_HAL_Driver/Src/stm32g4xx_hal_fdcan.c ****     SramCanInstanceBase += SRAMCAN_SIZE * 2U;
3440:Drivers/STM32G4xx_HAL_Driver/Src/stm32g4xx_hal_fdcan.c ****   }
3441:Drivers/STM32G4xx_HAL_Driver/Src/stm32g4xx_hal_fdcan.c **** #endif /* FDCAN3 */
3442:Drivers/STM32G4xx_HAL_Driver/Src/stm32g4xx_hal_fdcan.c **** 
3443:Drivers/STM32G4xx_HAL_Driver/Src/stm32g4xx_hal_fdcan.c ****   /* Standard filter list start address */
3444:Drivers/STM32G4xx_HAL_Driver/Src/stm32g4xx_hal_fdcan.c ****   hfdcan->msgRam.StandardFilterSA = SramCanInstanceBase + SRAMCAN_FLSSA;
  42              		.loc 1 3444 3 view .LVU4
  43              		.loc 1 3444 35 is_stmt 0 view .LVU5
  44 0002 154B     		ldr	r3, .L5
  45 0004 0364     		str	r3, [r0, #64]
3445:Drivers/STM32G4xx_HAL_Driver/Src/stm32g4xx_hal_fdcan.c **** 
3446:Drivers/STM32G4xx_HAL_Driver/Src/stm32g4xx_hal_fdcan.c ****   /* Standard filter elements number */
3447:Drivers/STM32G4xx_HAL_Driver/Src/stm32g4xx_hal_fdcan.c ****   MODIFY_REG(hfdcan->Instance->RXGFC, FDCAN_RXGFC_LSS, (hfdcan->Init.StdFiltersNbr << FDCAN_RXGFC_L
  46              		.loc 1 3447 3 is_stmt 1 view .LVU6
  47 0006 0168     		ldr	r1, [r0]
  48 0008 D1F88020 		ldr	r2, [r1, #128]
  49 000c 22F4F812 		bic	r2, r2, #2031616
  50 0010 446B     		ldr	r4, [r0, #52]
  51 0012 42EA0442 		orr	r2, r2, r4, lsl #16
  52 0016 C1F88020 		str	r2, [r1, #128]
3448:Drivers/STM32G4xx_HAL_Driver/Src/stm32g4xx_hal_fdcan.c **** 
3449:Drivers/STM32G4xx_HAL_Driver/Src/stm32g4xx_hal_fdcan.c ****   /* Extended filter list start address */
3450:Drivers/STM32G4xx_HAL_Driver/Src/stm32g4xx_hal_fdcan.c ****   hfdcan->msgRam.ExtendedFilterSA = SramCanInstanceBase + SRAMCAN_FLESA;
  53              		.loc 1 3450 3 view .LVU7
  54              		.loc 1 3450 35 is_stmt 0 view .LVU8
  55 001a 104A     		ldr	r2, .L5+4
  56 001c 4264     		str	r2, [r0, #68]
3451:Drivers/STM32G4xx_HAL_Driver/Src/stm32g4xx_hal_fdcan.c **** 
3452:Drivers/STM32G4xx_HAL_Driver/Src/stm32g4xx_hal_fdcan.c ****   /* Extended filter elements number */
3453:Drivers/STM32G4xx_HAL_Driver/Src/stm32g4xx_hal_fdcan.c ****   MODIFY_REG(hfdcan->Instance->RXGFC, FDCAN_RXGFC_LSE, (hfdcan->Init.ExtFiltersNbr << FDCAN_RXGFC_L
  57              		.loc 1 3453 3 is_stmt 1 view .LVU9
  58 001e 0168     		ldr	r1, [r0]
  59 0020 D1F88020 		ldr	r2, [r1, #128]
  60 0024 22F07062 		bic	r2, r2, #251658240
  61 0028 846B     		ldr	r4, [r0, #56]
  62 002a 42EA0462 		orr	r2, r2, r4, lsl #24
  63 002e C1F88020 		str	r2, [r1, #128]
3454:Drivers/STM32G4xx_HAL_Driver/Src/stm32g4xx_hal_fdcan.c **** 
3455:Drivers/STM32G4xx_HAL_Driver/Src/stm32g4xx_hal_fdcan.c ****   /* Rx FIFO 0 start address */
3456:Drivers/STM32G4xx_HAL_Driver/Src/stm32g4xx_hal_fdcan.c ****   hfdcan->msgRam.RxFIFO0SA = SramCanInstanceBase + SRAMCAN_RF0SA;
  64              		.loc 1 3456 3 view .LVU10
  65              		.loc 1 3456 28 is_stmt 0 view .LVU11
  66 0032 0B4A     		ldr	r2, .L5+8
  67 0034 8264     		str	r2, [r0, #72]
3457:Drivers/STM32G4xx_HAL_Driver/Src/stm32g4xx_hal_fdcan.c **** 
3458:Drivers/STM32G4xx_HAL_Driver/Src/stm32g4xx_hal_fdcan.c ****   /* Rx FIFO 1 start address */
3459:Drivers/STM32G4xx_HAL_Driver/Src/stm32g4xx_hal_fdcan.c ****   hfdcan->msgRam.RxFIFO1SA = SramCanInstanceBase + SRAMCAN_RF1SA;
  68              		.loc 1 3459 3 is_stmt 1 view .LVU12
  69              		.loc 1 3459 28 is_stmt 0 view .LVU13
  70 0036 D832     		adds	r2, r2, #216
  71 0038 C264     		str	r2, [r0, #76]
3460:Drivers/STM32G4xx_HAL_Driver/Src/stm32g4xx_hal_fdcan.c **** 
3461:Drivers/STM32G4xx_HAL_Driver/Src/stm32g4xx_hal_fdcan.c ****   /* Tx event FIFO start address */
3462:Drivers/STM32G4xx_HAL_Driver/Src/stm32g4xx_hal_fdcan.c ****   hfdcan->msgRam.TxEventFIFOSA = SramCanInstanceBase + SRAMCAN_TEFSA;
  72              		.loc 1 3462 3 is_stmt 1 view .LVU14
  73              		.loc 1 3462 32 is_stmt 0 view .LVU15
ARM GAS  C:\Users\Booster\AppData\Local\Temp\ccYRDURW.s 			page 63


  74 003a D832     		adds	r2, r2, #216
  75 003c 0265     		str	r2, [r0, #80]
3463:Drivers/STM32G4xx_HAL_Driver/Src/stm32g4xx_hal_fdcan.c **** 
3464:Drivers/STM32G4xx_HAL_Driver/Src/stm32g4xx_hal_fdcan.c ****   /* Tx FIFO/queue start address */
3465:Drivers/STM32G4xx_HAL_Driver/Src/stm32g4xx_hal_fdcan.c ****   hfdcan->msgRam.TxFIFOQSA = SramCanInstanceBase + SRAMCAN_TFQSA;
  76              		.loc 1 3465 3 is_stmt 1 view .LVU16
  77              		.loc 1 3465 28 is_stmt 0 view .LVU17
  78 003e 1832     		adds	r2, r2, #24
  79 0040 4265     		str	r2, [r0, #84]
3466:Drivers/STM32G4xx_HAL_Driver/Src/stm32g4xx_hal_fdcan.c **** 
3467:Drivers/STM32G4xx_HAL_Driver/Src/stm32g4xx_hal_fdcan.c ****   /* Flush the allocated Message RAM area */
3468:Drivers/STM32G4xx_HAL_Driver/Src/stm32g4xx_hal_fdcan.c ****   for (RAMcounter = SramCanInstanceBase; RAMcounter < (SramCanInstanceBase + SRAMCAN_SIZE); RAMcoun
  80              		.loc 1 3468 3 is_stmt 1 view .LVU18
  81              	.LVL2:
  82              		.loc 1 3468 3 is_stmt 0 view .LVU19
  83 0042 02E0     		b	.L2
  84              	.LVL3:
  85              	.L3:
3469:Drivers/STM32G4xx_HAL_Driver/Src/stm32g4xx_hal_fdcan.c ****   {
3470:Drivers/STM32G4xx_HAL_Driver/Src/stm32g4xx_hal_fdcan.c ****     *(uint32_t *)(RAMcounter) = 0x00000000U;
  86              		.loc 1 3470 5 is_stmt 1 discriminator 3 view .LVU20
  87              		.loc 1 3470 31 is_stmt 0 discriminator 3 view .LVU21
  88 0044 0022     		movs	r2, #0
  89 0046 43F8042B 		str	r2, [r3], #4
  90              	.LVL4:
3468:Drivers/STM32G4xx_HAL_Driver/Src/stm32g4xx_hal_fdcan.c ****   {
  91              		.loc 1 3468 104 is_stmt 1 discriminator 3 view .LVU22
  92              	.L2:
3468:Drivers/STM32G4xx_HAL_Driver/Src/stm32g4xx_hal_fdcan.c ****   {
  93              		.loc 1 3468 53 discriminator 1 view .LVU23
  94 004a 064A     		ldr	r2, .L5+12
  95 004c 9342     		cmp	r3, r2
  96 004e F9D9     		bls	.L3
3471:Drivers/STM32G4xx_HAL_Driver/Src/stm32g4xx_hal_fdcan.c ****   }
3472:Drivers/STM32G4xx_HAL_Driver/Src/stm32g4xx_hal_fdcan.c **** }
  97              		.loc 1 3472 1 is_stmt 0 view .LVU24
  98 0050 5DF8044B 		ldr	r4, [sp], #4
  99              	.LCFI1:
 100              		.cfi_restore 4
 101              		.cfi_def_cfa_offset 0
 102 0054 7047     		bx	lr
 103              	.L6:
 104 0056 00BF     		.align	2
 105              	.L5:
 106 0058 00A40040 		.word	1073783808
 107 005c 70A40040 		.word	1073783920
 108 0060 B0A40040 		.word	1073783984
 109 0064 4FA70040 		.word	1073784655
 110              		.cfi_endproc
 111              	.LFE389:
 113              		.section	.text.FDCAN_CopyMessageToRAM,"ax",%progbits
 114              		.align	1
 115              		.syntax unified
 116              		.thumb
 117              		.thumb_func
 119              	FDCAN_CopyMessageToRAM:
 120              	.LVL5:
ARM GAS  C:\Users\Booster\AppData\Local\Temp\ccYRDURW.s 			page 64


 121              	.LFB390:
3473:Drivers/STM32G4xx_HAL_Driver/Src/stm32g4xx_hal_fdcan.c **** 
3474:Drivers/STM32G4xx_HAL_Driver/Src/stm32g4xx_hal_fdcan.c **** /**
3475:Drivers/STM32G4xx_HAL_Driver/Src/stm32g4xx_hal_fdcan.c ****   * @brief  Copy Tx message to the message RAM.
3476:Drivers/STM32G4xx_HAL_Driver/Src/stm32g4xx_hal_fdcan.c ****   * @param  hfdcan pointer to an FDCAN_HandleTypeDef structure that contains
3477:Drivers/STM32G4xx_HAL_Driver/Src/stm32g4xx_hal_fdcan.c ****   *         the configuration information for the specified FDCAN.
3478:Drivers/STM32G4xx_HAL_Driver/Src/stm32g4xx_hal_fdcan.c ****   * @param  pTxHeader pointer to a FDCAN_TxHeaderTypeDef structure.
3479:Drivers/STM32G4xx_HAL_Driver/Src/stm32g4xx_hal_fdcan.c ****   * @param  pTxData pointer to a buffer containing the payload of the Tx frame.
3480:Drivers/STM32G4xx_HAL_Driver/Src/stm32g4xx_hal_fdcan.c ****   * @param  BufferIndex index of the buffer to be configured.
3481:Drivers/STM32G4xx_HAL_Driver/Src/stm32g4xx_hal_fdcan.c ****   * @retval none
3482:Drivers/STM32G4xx_HAL_Driver/Src/stm32g4xx_hal_fdcan.c ****  */
3483:Drivers/STM32G4xx_HAL_Driver/Src/stm32g4xx_hal_fdcan.c **** static void FDCAN_CopyMessageToRAM(const FDCAN_HandleTypeDef *hfdcan, const FDCAN_TxHeaderTypeDef *
3484:Drivers/STM32G4xx_HAL_Driver/Src/stm32g4xx_hal_fdcan.c ****                                    const uint8_t *pTxData, uint32_t BufferIndex)
3485:Drivers/STM32G4xx_HAL_Driver/Src/stm32g4xx_hal_fdcan.c **** {
 122              		.loc 1 3485 1 is_stmt 1 view -0
 123              		.cfi_startproc
 124              		@ args = 0, pretend = 0, frame = 0
 125              		@ frame_needed = 0, uses_anonymous_args = 0
 126              		.loc 1 3485 1 is_stmt 0 view .LVU26
 127 0000 70B5     		push	{r4, r5, r6, lr}
 128              	.LCFI2:
 129              		.cfi_def_cfa_offset 16
 130              		.cfi_offset 4, -16
 131              		.cfi_offset 5, -12
 132              		.cfi_offset 6, -8
 133              		.cfi_offset 14, -4
3486:Drivers/STM32G4xx_HAL_Driver/Src/stm32g4xx_hal_fdcan.c ****   uint32_t TxElementW1;
 134              		.loc 1 3486 3 is_stmt 1 view .LVU27
3487:Drivers/STM32G4xx_HAL_Driver/Src/stm32g4xx_hal_fdcan.c ****   uint32_t TxElementW2;
 135              		.loc 1 3487 3 view .LVU28
3488:Drivers/STM32G4xx_HAL_Driver/Src/stm32g4xx_hal_fdcan.c ****   uint32_t *TxAddress;
 136              		.loc 1 3488 3 view .LVU29
3489:Drivers/STM32G4xx_HAL_Driver/Src/stm32g4xx_hal_fdcan.c ****   uint32_t ByteCounter;
 137              		.loc 1 3489 3 view .LVU30
3490:Drivers/STM32G4xx_HAL_Driver/Src/stm32g4xx_hal_fdcan.c **** 
3491:Drivers/STM32G4xx_HAL_Driver/Src/stm32g4xx_hal_fdcan.c ****   /* Build first word of Tx header element */
3492:Drivers/STM32G4xx_HAL_Driver/Src/stm32g4xx_hal_fdcan.c ****   if (pTxHeader->IdType == FDCAN_STANDARD_ID)
 138              		.loc 1 3492 3 view .LVU31
 139              		.loc 1 3492 16 is_stmt 0 view .LVU32
 140 0002 4C68     		ldr	r4, [r1, #4]
 141              		.loc 1 3492 6 view .LVU33
 142 0004 ECB9     		cbnz	r4, .L8
3493:Drivers/STM32G4xx_HAL_Driver/Src/stm32g4xx_hal_fdcan.c ****   {
3494:Drivers/STM32G4xx_HAL_Driver/Src/stm32g4xx_hal_fdcan.c ****     TxElementW1 = (pTxHeader->ErrorStateIndicator |
 143              		.loc 1 3494 5 is_stmt 1 view .LVU34
 144              		.loc 1 3494 29 is_stmt 0 view .LVU35
 145 0006 0D69     		ldr	r5, [r1, #16]
3495:Drivers/STM32G4xx_HAL_Driver/Src/stm32g4xx_hal_fdcan.c ****                    FDCAN_STANDARD_ID |
3496:Drivers/STM32G4xx_HAL_Driver/Src/stm32g4xx_hal_fdcan.c ****                    pTxHeader->TxFrameType |
 146              		.loc 1 3496 29 view .LVU36
 147 0008 8C68     		ldr	r4, [r1, #8]
3495:Drivers/STM32G4xx_HAL_Driver/Src/stm32g4xx_hal_fdcan.c ****                    FDCAN_STANDARD_ID |
 148              		.loc 1 3495 38 view .LVU37
 149 000a 2543     		orrs	r5, r5, r4
3497:Drivers/STM32G4xx_HAL_Driver/Src/stm32g4xx_hal_fdcan.c ****                    (pTxHeader->Identifier << 18U));
 150              		.loc 1 3497 30 view .LVU38
 151 000c 0C68     		ldr	r4, [r1]
ARM GAS  C:\Users\Booster\AppData\Local\Temp\ccYRDURW.s 			page 65


3494:Drivers/STM32G4xx_HAL_Driver/Src/stm32g4xx_hal_fdcan.c ****                    FDCAN_STANDARD_ID |
 152              		.loc 1 3494 17 view .LVU39
 153 000e 45EA8445 		orr	r5, r5, r4, lsl #18
 154              	.LVL6:
 155              	.L9:
3498:Drivers/STM32G4xx_HAL_Driver/Src/stm32g4xx_hal_fdcan.c ****   }
3499:Drivers/STM32G4xx_HAL_Driver/Src/stm32g4xx_hal_fdcan.c ****   else /* pTxHeader->IdType == FDCAN_EXTENDED_ID */
3500:Drivers/STM32G4xx_HAL_Driver/Src/stm32g4xx_hal_fdcan.c ****   {
3501:Drivers/STM32G4xx_HAL_Driver/Src/stm32g4xx_hal_fdcan.c ****     TxElementW1 = (pTxHeader->ErrorStateIndicator |
3502:Drivers/STM32G4xx_HAL_Driver/Src/stm32g4xx_hal_fdcan.c ****                    FDCAN_EXTENDED_ID |
3503:Drivers/STM32G4xx_HAL_Driver/Src/stm32g4xx_hal_fdcan.c ****                    pTxHeader->TxFrameType |
3504:Drivers/STM32G4xx_HAL_Driver/Src/stm32g4xx_hal_fdcan.c ****                    pTxHeader->Identifier);
3505:Drivers/STM32G4xx_HAL_Driver/Src/stm32g4xx_hal_fdcan.c ****   }
3506:Drivers/STM32G4xx_HAL_Driver/Src/stm32g4xx_hal_fdcan.c **** 
3507:Drivers/STM32G4xx_HAL_Driver/Src/stm32g4xx_hal_fdcan.c ****   /* Build second word of Tx header element */
3508:Drivers/STM32G4xx_HAL_Driver/Src/stm32g4xx_hal_fdcan.c ****   TxElementW2 = ((pTxHeader->MessageMarker << 24U) |
 156              		.loc 1 3508 3 is_stmt 1 view .LVU40
3509:Drivers/STM32G4xx_HAL_Driver/Src/stm32g4xx_hal_fdcan.c ****                  pTxHeader->TxEventFifoControl |
 157              		.loc 1 3509 27 is_stmt 0 view .LVU41
 158 0012 CC69     		ldr	r4, [r1, #28]
3508:Drivers/STM32G4xx_HAL_Driver/Src/stm32g4xx_hal_fdcan.c ****                  pTxHeader->TxEventFifoControl |
 159              		.loc 1 3508 52 view .LVU42
 160 0014 0E6A     		ldr	r6, [r1, #32]
 161 0016 44EA0664 		orr	r4, r4, r6, lsl #24
 162              		.loc 1 3509 48 view .LVU43
 163 001a 8E69     		ldr	r6, [r1, #24]
 164 001c 3443     		orrs	r4, r4, r6
3510:Drivers/STM32G4xx_HAL_Driver/Src/stm32g4xx_hal_fdcan.c ****                  pTxHeader->FDFormat |
 165              		.loc 1 3510 38 view .LVU44
 166 001e 4E69     		ldr	r6, [r1, #20]
 167 0020 3443     		orrs	r4, r4, r6
3508:Drivers/STM32G4xx_HAL_Driver/Src/stm32g4xx_hal_fdcan.c ****                  pTxHeader->TxEventFifoControl |
 168              		.loc 1 3508 15 view .LVU45
 169 0022 CE68     		ldr	r6, [r1, #12]
 170 0024 44EA0644 		orr	r4, r4, r6, lsl #16
 171              	.LVL7:
3511:Drivers/STM32G4xx_HAL_Driver/Src/stm32g4xx_hal_fdcan.c ****                  pTxHeader->BitRateSwitch |
3512:Drivers/STM32G4xx_HAL_Driver/Src/stm32g4xx_hal_fdcan.c ****                  (pTxHeader->DataLength << 16U));
3513:Drivers/STM32G4xx_HAL_Driver/Src/stm32g4xx_hal_fdcan.c **** 
3514:Drivers/STM32G4xx_HAL_Driver/Src/stm32g4xx_hal_fdcan.c ****   /* Calculate Tx element address */
3515:Drivers/STM32G4xx_HAL_Driver/Src/stm32g4xx_hal_fdcan.c ****   TxAddress = (uint32_t *)(hfdcan->msgRam.TxFIFOQSA + (BufferIndex * SRAMCAN_TFQ_SIZE));
 172              		.loc 1 3515 3 is_stmt 1 view .LVU46
 173              		.loc 1 3515 42 is_stmt 0 view .LVU47
 174 0028 406D     		ldr	r0, [r0, #84]
 175              	.LVL8:
 176              		.loc 1 3515 68 view .LVU48
 177 002a 03EBC303 		add	r3, r3, r3, lsl #3
 178              	.LVL9:
 179              		.loc 1 3515 53 view .LVU49
 180 002e 00EBC30E 		add	lr, r0, r3, lsl #3
 181              	.LVL10:
3516:Drivers/STM32G4xx_HAL_Driver/Src/stm32g4xx_hal_fdcan.c **** 
3517:Drivers/STM32G4xx_HAL_Driver/Src/stm32g4xx_hal_fdcan.c ****   /* Write Tx element header to the message RAM */
3518:Drivers/STM32G4xx_HAL_Driver/Src/stm32g4xx_hal_fdcan.c ****   *TxAddress = TxElementW1;
 182              		.loc 1 3518 3 is_stmt 1 view .LVU50
 183              		.loc 1 3518 14 is_stmt 0 view .LVU51
 184 0032 40F83350 		str	r5, [r0, r3, lsl #3]
ARM GAS  C:\Users\Booster\AppData\Local\Temp\ccYRDURW.s 			page 66


3519:Drivers/STM32G4xx_HAL_Driver/Src/stm32g4xx_hal_fdcan.c ****   TxAddress++;
 185              		.loc 1 3519 3 is_stmt 1 view .LVU52
 186              	.LVL11:
3520:Drivers/STM32G4xx_HAL_Driver/Src/stm32g4xx_hal_fdcan.c ****   *TxAddress = TxElementW2;
 187              		.loc 1 3520 3 view .LVU53
 188              		.loc 1 3520 14 is_stmt 0 view .LVU54
 189 0036 CEF80440 		str	r4, [lr, #4]
3521:Drivers/STM32G4xx_HAL_Driver/Src/stm32g4xx_hal_fdcan.c ****   TxAddress++;
 190              		.loc 1 3521 3 is_stmt 1 view .LVU55
 191              		.loc 1 3521 12 is_stmt 0 view .LVU56
 192 003a 0EF1080E 		add	lr, lr, #8
 193              	.LVL12:
3522:Drivers/STM32G4xx_HAL_Driver/Src/stm32g4xx_hal_fdcan.c **** 
3523:Drivers/STM32G4xx_HAL_Driver/Src/stm32g4xx_hal_fdcan.c ****   /* Write Tx payload to the message RAM */
3524:Drivers/STM32G4xx_HAL_Driver/Src/stm32g4xx_hal_fdcan.c ****   for (ByteCounter = 0; ByteCounter < DLCtoBytes[pTxHeader->DataLength]; ByteCounter += 4U)
 194              		.loc 1 3524 3 is_stmt 1 view .LVU57
 195              		.loc 1 3524 20 is_stmt 0 view .LVU58
 196 003e 0020     		movs	r0, #0
 197              		.loc 1 3524 3 view .LVU59
 198 0040 19E0     		b	.L10
 199              	.LVL13:
 200              	.L8:
3501:Drivers/STM32G4xx_HAL_Driver/Src/stm32g4xx_hal_fdcan.c ****                    FDCAN_EXTENDED_ID |
 201              		.loc 1 3501 5 is_stmt 1 view .LVU60
3501:Drivers/STM32G4xx_HAL_Driver/Src/stm32g4xx_hal_fdcan.c ****                    FDCAN_EXTENDED_ID |
 202              		.loc 1 3501 29 is_stmt 0 view .LVU61
 203 0042 0C69     		ldr	r4, [r1, #16]
3503:Drivers/STM32G4xx_HAL_Driver/Src/stm32g4xx_hal_fdcan.c ****                    pTxHeader->Identifier);
 204              		.loc 1 3503 29 view .LVU62
 205 0044 8D68     		ldr	r5, [r1, #8]
3502:Drivers/STM32G4xx_HAL_Driver/Src/stm32g4xx_hal_fdcan.c ****                    pTxHeader->TxFrameType |
 206              		.loc 1 3502 38 view .LVU63
 207 0046 2543     		orrs	r5, r5, r4
3504:Drivers/STM32G4xx_HAL_Driver/Src/stm32g4xx_hal_fdcan.c ****   }
 208              		.loc 1 3504 29 view .LVU64
 209 0048 0C68     		ldr	r4, [r1]
3503:Drivers/STM32G4xx_HAL_Driver/Src/stm32g4xx_hal_fdcan.c ****                    pTxHeader->Identifier);
 210              		.loc 1 3503 43 view .LVU65
 211 004a 2543     		orrs	r5, r5, r4
3501:Drivers/STM32G4xx_HAL_Driver/Src/stm32g4xx_hal_fdcan.c ****                    FDCAN_EXTENDED_ID |
 212              		.loc 1 3501 17 view .LVU66
 213 004c 45F08045 		orr	r5, r5, #1073741824
 214              	.LVL14:
3501:Drivers/STM32G4xx_HAL_Driver/Src/stm32g4xx_hal_fdcan.c ****                    FDCAN_EXTENDED_ID |
 215              		.loc 1 3501 17 view .LVU67
 216 0050 DFE7     		b	.L9
 217              	.LVL15:
 218              	.L11:
3525:Drivers/STM32G4xx_HAL_Driver/Src/stm32g4xx_hal_fdcan.c ****   {
3526:Drivers/STM32G4xx_HAL_Driver/Src/stm32g4xx_hal_fdcan.c ****     *TxAddress = (((uint32_t)pTxData[ByteCounter + 3U] << 24U) |
 219              		.loc 1 3526 5 is_stmt 1 discriminator 3 view .LVU68
 220              		.loc 1 3526 37 is_stmt 0 discriminator 3 view .LVU69
 221 0052 02EB000C 		add	ip, r2, r0
 222 0056 9CF80340 		ldrb	r4, [ip, #3]	@ zero_extendqisi2
3527:Drivers/STM32G4xx_HAL_Driver/Src/stm32g4xx_hal_fdcan.c ****                   ((uint32_t)pTxData[ByteCounter + 2U] << 16U) |
 223              		.loc 1 3527 37 discriminator 3 view .LVU70
 224 005a 9CF80230 		ldrb	r3, [ip, #2]	@ zero_extendqisi2
ARM GAS  C:\Users\Booster\AppData\Local\Temp\ccYRDURW.s 			page 67


 225              		.loc 1 3527 56 discriminator 3 view .LVU71
 226 005e 1B04     		lsls	r3, r3, #16
3526:Drivers/STM32G4xx_HAL_Driver/Src/stm32g4xx_hal_fdcan.c ****                   ((uint32_t)pTxData[ByteCounter + 2U] << 16U) |
 227              		.loc 1 3526 64 discriminator 3 view .LVU72
 228 0060 43EA0463 		orr	r3, r3, r4, lsl #24
3528:Drivers/STM32G4xx_HAL_Driver/Src/stm32g4xx_hal_fdcan.c ****                   ((uint32_t)pTxData[ByteCounter + 1U] << 8U)  |
 229              		.loc 1 3528 37 discriminator 3 view .LVU73
 230 0064 9CF80140 		ldrb	r4, [ip, #1]	@ zero_extendqisi2
3527:Drivers/STM32G4xx_HAL_Driver/Src/stm32g4xx_hal_fdcan.c ****                   ((uint32_t)pTxData[ByteCounter + 2U] << 16U) |
 231              		.loc 1 3527 64 discriminator 3 view .LVU74
 232 0068 43EA0423 		orr	r3, r3, r4, lsl #8
3529:Drivers/STM32G4xx_HAL_Driver/Src/stm32g4xx_hal_fdcan.c ****                   (uint32_t)pTxData[ByteCounter]);
 233              		.loc 1 3529 36 discriminator 3 view .LVU75
 234 006c 145C     		ldrb	r4, [r2, r0]	@ zero_extendqisi2
3528:Drivers/STM32G4xx_HAL_Driver/Src/stm32g4xx_hal_fdcan.c ****                   ((uint32_t)pTxData[ByteCounter + 1U] << 8U)  |
 235              		.loc 1 3528 64 discriminator 3 view .LVU76
 236 006e 2343     		orrs	r3, r3, r4
3526:Drivers/STM32G4xx_HAL_Driver/Src/stm32g4xx_hal_fdcan.c ****                   ((uint32_t)pTxData[ByteCounter + 2U] << 16U) |
 237              		.loc 1 3526 16 discriminator 3 view .LVU77
 238 0070 4EF8043B 		str	r3, [lr], #4
 239              	.LVL16:
3530:Drivers/STM32G4xx_HAL_Driver/Src/stm32g4xx_hal_fdcan.c ****     TxAddress++;
 240              		.loc 1 3530 5 is_stmt 1 discriminator 3 view .LVU78
3524:Drivers/STM32G4xx_HAL_Driver/Src/stm32g4xx_hal_fdcan.c ****   {
 241              		.loc 1 3524 86 discriminator 3 view .LVU79
 242 0074 0430     		adds	r0, r0, #4
 243              	.LVL17:
 244              	.L10:
3524:Drivers/STM32G4xx_HAL_Driver/Src/stm32g4xx_hal_fdcan.c ****   {
 245              		.loc 1 3524 37 discriminator 1 view .LVU80
3524:Drivers/STM32G4xx_HAL_Driver/Src/stm32g4xx_hal_fdcan.c ****   {
 246              		.loc 1 3524 59 is_stmt 0 discriminator 1 view .LVU81
 247 0076 CB68     		ldr	r3, [r1, #12]
3524:Drivers/STM32G4xx_HAL_Driver/Src/stm32g4xx_hal_fdcan.c ****   {
 248              		.loc 1 3524 49 discriminator 1 view .LVU82
 249 0078 024C     		ldr	r4, .L13
 250 007a E35C     		ldrb	r3, [r4, r3]	@ zero_extendqisi2
3524:Drivers/STM32G4xx_HAL_Driver/Src/stm32g4xx_hal_fdcan.c ****   {
 251              		.loc 1 3524 37 discriminator 1 view .LVU83
 252 007c 8342     		cmp	r3, r0
 253 007e E8D8     		bhi	.L11
3531:Drivers/STM32G4xx_HAL_Driver/Src/stm32g4xx_hal_fdcan.c ****   }
3532:Drivers/STM32G4xx_HAL_Driver/Src/stm32g4xx_hal_fdcan.c **** }
 254              		.loc 1 3532 1 view .LVU84
 255 0080 70BD     		pop	{r4, r5, r6, pc}
 256              	.LVL18:
 257              	.L14:
 258              		.loc 1 3532 1 view .LVU85
 259 0082 00BF     		.align	2
 260              	.L13:
 261 0084 00000000 		.word	DLCtoBytes
 262              		.cfi_endproc
 263              	.LFE390:
 265              		.section	.text.HAL_FDCAN_MspInit,"ax",%progbits
 266              		.align	1
 267              		.weak	HAL_FDCAN_MspInit
 268              		.syntax unified
ARM GAS  C:\Users\Booster\AppData\Local\Temp\ccYRDURW.s 			page 68


 269              		.thumb
 270              		.thumb_func
 272              	HAL_FDCAN_MspInit:
 273              	.LVL19:
 274              	.LFB331:
 583:Drivers/STM32G4xx_HAL_Driver/Src/stm32g4xx_hal_fdcan.c ****   /* Prevent unused argument(s) compilation warning */
 275              		.loc 1 583 1 is_stmt 1 view -0
 276              		.cfi_startproc
 277              		@ args = 0, pretend = 0, frame = 0
 278              		@ frame_needed = 0, uses_anonymous_args = 0
 279              		@ link register save eliminated.
 585:Drivers/STM32G4xx_HAL_Driver/Src/stm32g4xx_hal_fdcan.c ****   /* NOTE: This function Should not be modified, when the callback is needed,
 280              		.loc 1 585 3 view .LVU87
 589:Drivers/STM32G4xx_HAL_Driver/Src/stm32g4xx_hal_fdcan.c **** 
 281              		.loc 1 589 1 is_stmt 0 view .LVU88
 282 0000 7047     		bx	lr
 283              		.cfi_endproc
 284              	.LFE331:
 286              		.section	.text.HAL_FDCAN_Init,"ax",%progbits
 287              		.align	1
 288              		.global	HAL_FDCAN_Init
 289              		.syntax unified
 290              		.thumb
 291              		.thumb_func
 293              	HAL_FDCAN_Init:
 294              	.LVL20:
 295              	.LFB329:
 294:Drivers/STM32G4xx_HAL_Driver/Src/stm32g4xx_hal_fdcan.c ****   uint32_t tickstart;
 296              		.loc 1 294 1 is_stmt 1 view -0
 297              		.cfi_startproc
 298              		@ args = 0, pretend = 0, frame = 0
 299              		@ frame_needed = 0, uses_anonymous_args = 0
 295:Drivers/STM32G4xx_HAL_Driver/Src/stm32g4xx_hal_fdcan.c **** 
 300              		.loc 1 295 3 view .LVU90
 298:Drivers/STM32G4xx_HAL_Driver/Src/stm32g4xx_hal_fdcan.c ****   {
 301              		.loc 1 298 3 view .LVU91
 298:Drivers/STM32G4xx_HAL_Driver/Src/stm32g4xx_hal_fdcan.c ****   {
 302              		.loc 1 298 6 is_stmt 0 view .LVU92
 303 0000 0028     		cmp	r0, #0
 304 0002 00F0E380 		beq	.L34
 294:Drivers/STM32G4xx_HAL_Driver/Src/stm32g4xx_hal_fdcan.c ****   uint32_t tickstart;
 305              		.loc 1 294 1 view .LVU93
 306 0006 38B5     		push	{r3, r4, r5, lr}
 307              	.LCFI3:
 308              		.cfi_def_cfa_offset 16
 309              		.cfi_offset 3, -16
 310              		.cfi_offset 4, -12
 311              		.cfi_offset 5, -8
 312              		.cfi_offset 14, -4
 313 0008 0446     		mov	r4, r0
 304:Drivers/STM32G4xx_HAL_Driver/Src/stm32g4xx_hal_fdcan.c ****   if (hfdcan->Instance == FDCAN1)
 314              		.loc 1 304 3 is_stmt 1 view .LVU94
 305:Drivers/STM32G4xx_HAL_Driver/Src/stm32g4xx_hal_fdcan.c ****   {
 315              		.loc 1 305 3 view .LVU95
 307:Drivers/STM32G4xx_HAL_Driver/Src/stm32g4xx_hal_fdcan.c ****   }
 316              		.loc 1 307 5 view .LVU96
 309:Drivers/STM32G4xx_HAL_Driver/Src/stm32g4xx_hal_fdcan.c ****   assert_param(IS_FDCAN_MODE(hfdcan->Init.Mode));
ARM GAS  C:\Users\Booster\AppData\Local\Temp\ccYRDURW.s 			page 69


 317              		.loc 1 309 3 view .LVU97
 310:Drivers/STM32G4xx_HAL_Driver/Src/stm32g4xx_hal_fdcan.c ****   assert_param(IS_FUNCTIONAL_STATE(hfdcan->Init.AutoRetransmission));
 318              		.loc 1 310 3 view .LVU98
 311:Drivers/STM32G4xx_HAL_Driver/Src/stm32g4xx_hal_fdcan.c ****   assert_param(IS_FUNCTIONAL_STATE(hfdcan->Init.TransmitPause));
 319              		.loc 1 311 3 view .LVU99
 312:Drivers/STM32G4xx_HAL_Driver/Src/stm32g4xx_hal_fdcan.c ****   assert_param(IS_FUNCTIONAL_STATE(hfdcan->Init.ProtocolException));
 320              		.loc 1 312 3 view .LVU100
 313:Drivers/STM32G4xx_HAL_Driver/Src/stm32g4xx_hal_fdcan.c ****   assert_param(IS_FDCAN_NOMINAL_PRESCALER(hfdcan->Init.NominalPrescaler));
 321              		.loc 1 313 3 view .LVU101
 314:Drivers/STM32G4xx_HAL_Driver/Src/stm32g4xx_hal_fdcan.c ****   assert_param(IS_FDCAN_NOMINAL_SJW(hfdcan->Init.NominalSyncJumpWidth));
 322              		.loc 1 314 3 view .LVU102
 315:Drivers/STM32G4xx_HAL_Driver/Src/stm32g4xx_hal_fdcan.c ****   assert_param(IS_FDCAN_NOMINAL_TSEG1(hfdcan->Init.NominalTimeSeg1));
 323              		.loc 1 315 3 view .LVU103
 316:Drivers/STM32G4xx_HAL_Driver/Src/stm32g4xx_hal_fdcan.c ****   assert_param(IS_FDCAN_NOMINAL_TSEG2(hfdcan->Init.NominalTimeSeg2));
 324              		.loc 1 316 3 view .LVU104
 317:Drivers/STM32G4xx_HAL_Driver/Src/stm32g4xx_hal_fdcan.c ****   if (hfdcan->Init.FrameFormat == FDCAN_FRAME_FD_BRS)
 325              		.loc 1 317 3 view .LVU105
 318:Drivers/STM32G4xx_HAL_Driver/Src/stm32g4xx_hal_fdcan.c ****   {
 326              		.loc 1 318 3 view .LVU106
 320:Drivers/STM32G4xx_HAL_Driver/Src/stm32g4xx_hal_fdcan.c ****     assert_param(IS_FDCAN_DATA_SJW(hfdcan->Init.DataSyncJumpWidth));
 327              		.loc 1 320 5 view .LVU107
 321:Drivers/STM32G4xx_HAL_Driver/Src/stm32g4xx_hal_fdcan.c ****     assert_param(IS_FDCAN_DATA_TSEG1(hfdcan->Init.DataTimeSeg1));
 328              		.loc 1 321 5 view .LVU108
 322:Drivers/STM32G4xx_HAL_Driver/Src/stm32g4xx_hal_fdcan.c ****     assert_param(IS_FDCAN_DATA_TSEG2(hfdcan->Init.DataTimeSeg2));
 329              		.loc 1 322 5 view .LVU109
 323:Drivers/STM32G4xx_HAL_Driver/Src/stm32g4xx_hal_fdcan.c ****   }
 330              		.loc 1 323 5 view .LVU110
 325:Drivers/STM32G4xx_HAL_Driver/Src/stm32g4xx_hal_fdcan.c ****   assert_param(IS_FDCAN_MAX_VALUE(hfdcan->Init.ExtFiltersNbr, SRAMCAN_FLE_NBR));
 331              		.loc 1 325 3 view .LVU111
 326:Drivers/STM32G4xx_HAL_Driver/Src/stm32g4xx_hal_fdcan.c ****   assert_param(IS_FDCAN_TX_FIFO_QUEUE_MODE(hfdcan->Init.TxFifoQueueMode));
 332              		.loc 1 326 3 view .LVU112
 327:Drivers/STM32G4xx_HAL_Driver/Src/stm32g4xx_hal_fdcan.c **** 
 333              		.loc 1 327 3 view .LVU113
 357:Drivers/STM32G4xx_HAL_Driver/Src/stm32g4xx_hal_fdcan.c ****   {
 334              		.loc 1 357 3 view .LVU114
 357:Drivers/STM32G4xx_HAL_Driver/Src/stm32g4xx_hal_fdcan.c ****   {
 335              		.loc 1 357 13 is_stmt 0 view .LVU115
 336 000a 90F85C30 		ldrb	r3, [r0, #92]	@ zero_extendqisi2
 357:Drivers/STM32G4xx_HAL_Driver/Src/stm32g4xx_hal_fdcan.c ****   {
 337              		.loc 1 357 6 view .LVU116
 338 000e D3B1     		cbz	r3, .L39
 339              	.LVL21:
 340              	.L18:
 368:Drivers/STM32G4xx_HAL_Driver/Src/stm32g4xx_hal_fdcan.c **** 
 341              		.loc 1 368 3 is_stmt 1 view .LVU117
 342 0010 2268     		ldr	r2, [r4]
 343 0012 9369     		ldr	r3, [r2, #24]
 344 0014 23F01003 		bic	r3, r3, #16
 345 0018 9361     		str	r3, [r2, #24]
 371:Drivers/STM32G4xx_HAL_Driver/Src/stm32g4xx_hal_fdcan.c **** 
 346              		.loc 1 371 3 view .LVU118
 371:Drivers/STM32G4xx_HAL_Driver/Src/stm32g4xx_hal_fdcan.c **** 
 347              		.loc 1 371 15 is_stmt 0 view .LVU119
 348 001a FFF7FEFF 		bl	HAL_GetTick
 349              	.LVL22:
 350 001e 0546     		mov	r5, r0
 351              	.LVL23:
ARM GAS  C:\Users\Booster\AppData\Local\Temp\ccYRDURW.s 			page 70


 374:Drivers/STM32G4xx_HAL_Driver/Src/stm32g4xx_hal_fdcan.c ****   {
 352              		.loc 1 374 3 is_stmt 1 view .LVU120
 353              	.L19:
 374:Drivers/STM32G4xx_HAL_Driver/Src/stm32g4xx_hal_fdcan.c ****   {
 354              		.loc 1 374 52 view .LVU121
 374:Drivers/STM32G4xx_HAL_Driver/Src/stm32g4xx_hal_fdcan.c ****   {
 355              		.loc 1 374 17 is_stmt 0 view .LVU122
 356 0020 2368     		ldr	r3, [r4]
 374:Drivers/STM32G4xx_HAL_Driver/Src/stm32g4xx_hal_fdcan.c ****   {
 357              		.loc 1 374 27 view .LVU123
 358 0022 9A69     		ldr	r2, [r3, #24]
 374:Drivers/STM32G4xx_HAL_Driver/Src/stm32g4xx_hal_fdcan.c ****   {
 359              		.loc 1 374 52 view .LVU124
 360 0024 12F0080F 		tst	r2, #8
 361 0028 12D0     		beq	.L40
 376:Drivers/STM32G4xx_HAL_Driver/Src/stm32g4xx_hal_fdcan.c ****     {
 362              		.loc 1 376 5 is_stmt 1 view .LVU125
 376:Drivers/STM32G4xx_HAL_Driver/Src/stm32g4xx_hal_fdcan.c ****     {
 363              		.loc 1 376 10 is_stmt 0 view .LVU126
 364 002a FFF7FEFF 		bl	HAL_GetTick
 365              	.LVL24:
 376:Drivers/STM32G4xx_HAL_Driver/Src/stm32g4xx_hal_fdcan.c ****     {
 366              		.loc 1 376 24 view .LVU127
 367 002e 401B     		subs	r0, r0, r5
 376:Drivers/STM32G4xx_HAL_Driver/Src/stm32g4xx_hal_fdcan.c ****     {
 368              		.loc 1 376 8 view .LVU128
 369 0030 0A28     		cmp	r0, #10
 370 0032 F5D9     		bls	.L19
 379:Drivers/STM32G4xx_HAL_Driver/Src/stm32g4xx_hal_fdcan.c **** 
 371              		.loc 1 379 7 is_stmt 1 view .LVU129
 379:Drivers/STM32G4xx_HAL_Driver/Src/stm32g4xx_hal_fdcan.c **** 
 372              		.loc 1 379 13 is_stmt 0 view .LVU130
 373 0034 236E     		ldr	r3, [r4, #96]
 379:Drivers/STM32G4xx_HAL_Driver/Src/stm32g4xx_hal_fdcan.c **** 
 374              		.loc 1 379 25 view .LVU131
 375 0036 43F00103 		orr	r3, r3, #1
 376 003a 2366     		str	r3, [r4, #96]
 382:Drivers/STM32G4xx_HAL_Driver/Src/stm32g4xx_hal_fdcan.c **** 
 377              		.loc 1 382 7 is_stmt 1 view .LVU132
 382:Drivers/STM32G4xx_HAL_Driver/Src/stm32g4xx_hal_fdcan.c **** 
 378              		.loc 1 382 21 is_stmt 0 view .LVU133
 379 003c 0323     		movs	r3, #3
 380 003e 84F85C30 		strb	r3, [r4, #92]
 384:Drivers/STM32G4xx_HAL_Driver/Src/stm32g4xx_hal_fdcan.c ****     }
 381              		.loc 1 384 7 is_stmt 1 view .LVU134
 384:Drivers/STM32G4xx_HAL_Driver/Src/stm32g4xx_hal_fdcan.c ****     }
 382              		.loc 1 384 14 is_stmt 0 view .LVU135
 383 0042 0120     		movs	r0, #1
 384              	.L17:
 528:Drivers/STM32G4xx_HAL_Driver/Src/stm32g4xx_hal_fdcan.c **** 
 385              		.loc 1 528 1 view .LVU136
 386 0044 38BD     		pop	{r3, r4, r5, pc}
 387              	.LVL25:
 388              	.L39:
 360:Drivers/STM32G4xx_HAL_Driver/Src/stm32g4xx_hal_fdcan.c **** 
 389              		.loc 1 360 5 is_stmt 1 view .LVU137
 360:Drivers/STM32G4xx_HAL_Driver/Src/stm32g4xx_hal_fdcan.c **** 
ARM GAS  C:\Users\Booster\AppData\Local\Temp\ccYRDURW.s 			page 71


 390              		.loc 1 360 18 is_stmt 0 view .LVU138
 391 0046 80F85D30 		strb	r3, [r0, #93]
 363:Drivers/STM32G4xx_HAL_Driver/Src/stm32g4xx_hal_fdcan.c ****   }
 392              		.loc 1 363 5 is_stmt 1 view .LVU139
 393 004a FFF7FEFF 		bl	HAL_FDCAN_MspInit
 394              	.LVL26:
 363:Drivers/STM32G4xx_HAL_Driver/Src/stm32g4xx_hal_fdcan.c ****   }
 395              		.loc 1 363 5 is_stmt 0 view .LVU140
 396 004e DFE7     		b	.L18
 397              	.LVL27:
 398              	.L40:
 389:Drivers/STM32G4xx_HAL_Driver/Src/stm32g4xx_hal_fdcan.c **** 
 399              		.loc 1 389 3 is_stmt 1 view .LVU141
 400 0050 9A69     		ldr	r2, [r3, #24]
 401 0052 42F00102 		orr	r2, r2, #1
 402 0056 9A61     		str	r2, [r3, #24]
 392:Drivers/STM32G4xx_HAL_Driver/Src/stm32g4xx_hal_fdcan.c **** 
 403              		.loc 1 392 3 view .LVU142
 392:Drivers/STM32G4xx_HAL_Driver/Src/stm32g4xx_hal_fdcan.c **** 
 404              		.loc 1 392 15 is_stmt 0 view .LVU143
 405 0058 FFF7FEFF 		bl	HAL_GetTick
 406              	.LVL28:
 407 005c 0546     		mov	r5, r0
 408              	.LVL29:
 395:Drivers/STM32G4xx_HAL_Driver/Src/stm32g4xx_hal_fdcan.c ****   {
 409              		.loc 1 395 3 is_stmt 1 view .LVU144
 410              	.L21:
 395:Drivers/STM32G4xx_HAL_Driver/Src/stm32g4xx_hal_fdcan.c ****   {
 411              		.loc 1 395 53 view .LVU145
 395:Drivers/STM32G4xx_HAL_Driver/Src/stm32g4xx_hal_fdcan.c ****   {
 412              		.loc 1 395 17 is_stmt 0 view .LVU146
 413 005e 2368     		ldr	r3, [r4]
 395:Drivers/STM32G4xx_HAL_Driver/Src/stm32g4xx_hal_fdcan.c ****   {
 414              		.loc 1 395 27 view .LVU147
 415 0060 9A69     		ldr	r2, [r3, #24]
 395:Drivers/STM32G4xx_HAL_Driver/Src/stm32g4xx_hal_fdcan.c ****   {
 416              		.loc 1 395 53 view .LVU148
 417 0062 12F0010F 		tst	r2, #1
 418 0066 0DD1     		bne	.L41
 398:Drivers/STM32G4xx_HAL_Driver/Src/stm32g4xx_hal_fdcan.c ****     {
 419              		.loc 1 398 5 is_stmt 1 view .LVU149
 398:Drivers/STM32G4xx_HAL_Driver/Src/stm32g4xx_hal_fdcan.c ****     {
 420              		.loc 1 398 10 is_stmt 0 view .LVU150
 421 0068 FFF7FEFF 		bl	HAL_GetTick
 422              	.LVL30:
 398:Drivers/STM32G4xx_HAL_Driver/Src/stm32g4xx_hal_fdcan.c ****     {
 423              		.loc 1 398 24 view .LVU151
 424 006c 401B     		subs	r0, r0, r5
 398:Drivers/STM32G4xx_HAL_Driver/Src/stm32g4xx_hal_fdcan.c ****     {
 425              		.loc 1 398 8 view .LVU152
 426 006e 0A28     		cmp	r0, #10
 427 0070 F5D9     		bls	.L21
 401:Drivers/STM32G4xx_HAL_Driver/Src/stm32g4xx_hal_fdcan.c **** 
 428              		.loc 1 401 7 is_stmt 1 view .LVU153
 401:Drivers/STM32G4xx_HAL_Driver/Src/stm32g4xx_hal_fdcan.c **** 
 429              		.loc 1 401 13 is_stmt 0 view .LVU154
 430 0072 236E     		ldr	r3, [r4, #96]
ARM GAS  C:\Users\Booster\AppData\Local\Temp\ccYRDURW.s 			page 72


 401:Drivers/STM32G4xx_HAL_Driver/Src/stm32g4xx_hal_fdcan.c **** 
 431              		.loc 1 401 25 view .LVU155
 432 0074 43F00103 		orr	r3, r3, #1
 433 0078 2366     		str	r3, [r4, #96]
 404:Drivers/STM32G4xx_HAL_Driver/Src/stm32g4xx_hal_fdcan.c **** 
 434              		.loc 1 404 7 is_stmt 1 view .LVU156
 404:Drivers/STM32G4xx_HAL_Driver/Src/stm32g4xx_hal_fdcan.c **** 
 435              		.loc 1 404 21 is_stmt 0 view .LVU157
 436 007a 0323     		movs	r3, #3
 437 007c 84F85C30 		strb	r3, [r4, #92]
 406:Drivers/STM32G4xx_HAL_Driver/Src/stm32g4xx_hal_fdcan.c ****     }
 438              		.loc 1 406 7 is_stmt 1 view .LVU158
 406:Drivers/STM32G4xx_HAL_Driver/Src/stm32g4xx_hal_fdcan.c ****     }
 439              		.loc 1 406 14 is_stmt 0 view .LVU159
 440 0080 0120     		movs	r0, #1
 441 0082 DFE7     		b	.L17
 442              	.L41:
 411:Drivers/STM32G4xx_HAL_Driver/Src/stm32g4xx_hal_fdcan.c **** 
 443              		.loc 1 411 3 is_stmt 1 view .LVU160
 444 0084 9A69     		ldr	r2, [r3, #24]
 445 0086 42F00202 		orr	r2, r2, #2
 446 008a 9A61     		str	r2, [r3, #24]
 414:Drivers/STM32G4xx_HAL_Driver/Src/stm32g4xx_hal_fdcan.c ****   {
 447              		.loc 1 414 3 view .LVU161
 414:Drivers/STM32G4xx_HAL_Driver/Src/stm32g4xx_hal_fdcan.c ****   {
 448              		.loc 1 414 13 is_stmt 0 view .LVU162
 449 008c 2268     		ldr	r2, [r4]
 414:Drivers/STM32G4xx_HAL_Driver/Src/stm32g4xx_hal_fdcan.c ****   {
 450              		.loc 1 414 6 view .LVU163
 451 008e 504B     		ldr	r3, .L48
 452 0090 9A42     		cmp	r2, r3
 453 0092 42D0     		beq	.L42
 454              	.L23:
 421:Drivers/STM32G4xx_HAL_Driver/Src/stm32g4xx_hal_fdcan.c ****   {
 455              		.loc 1 421 3 is_stmt 1 view .LVU164
 421:Drivers/STM32G4xx_HAL_Driver/Src/stm32g4xx_hal_fdcan.c ****   {
 456              		.loc 1 421 19 is_stmt 0 view .LVU165
 457 0094 237C     		ldrb	r3, [r4, #16]	@ zero_extendqisi2
 421:Drivers/STM32G4xx_HAL_Driver/Src/stm32g4xx_hal_fdcan.c ****   {
 458              		.loc 1 421 6 view .LVU166
 459 0096 012B     		cmp	r3, #1
 460 0098 45D0     		beq	.L43
 427:Drivers/STM32G4xx_HAL_Driver/Src/stm32g4xx_hal_fdcan.c ****   }
 461              		.loc 1 427 5 is_stmt 1 view .LVU167
 462 009a 2268     		ldr	r2, [r4]
 463 009c 9369     		ldr	r3, [r2, #24]
 464 009e 43F04003 		orr	r3, r3, #64
 465 00a2 9361     		str	r3, [r2, #24]
 466              	.L25:
 431:Drivers/STM32G4xx_HAL_Driver/Src/stm32g4xx_hal_fdcan.c ****   {
 467              		.loc 1 431 3 view .LVU168
 431:Drivers/STM32G4xx_HAL_Driver/Src/stm32g4xx_hal_fdcan.c ****   {
 468              		.loc 1 431 19 is_stmt 0 view .LVU169
 469 00a4 637C     		ldrb	r3, [r4, #17]	@ zero_extendqisi2
 431:Drivers/STM32G4xx_HAL_Driver/Src/stm32g4xx_hal_fdcan.c ****   {
 470              		.loc 1 431 6 view .LVU170
 471 00a6 012B     		cmp	r3, #1
ARM GAS  C:\Users\Booster\AppData\Local\Temp\ccYRDURW.s 			page 73


 472 00a8 43D0     		beq	.L44
 437:Drivers/STM32G4xx_HAL_Driver/Src/stm32g4xx_hal_fdcan.c ****   }
 473              		.loc 1 437 5 is_stmt 1 view .LVU171
 474 00aa 2268     		ldr	r2, [r4]
 475 00ac 9369     		ldr	r3, [r2, #24]
 476 00ae 23F48043 		bic	r3, r3, #16384
 477 00b2 9361     		str	r3, [r2, #24]
 478              	.L27:
 441:Drivers/STM32G4xx_HAL_Driver/Src/stm32g4xx_hal_fdcan.c ****   {
 479              		.loc 1 441 3 view .LVU172
 441:Drivers/STM32G4xx_HAL_Driver/Src/stm32g4xx_hal_fdcan.c ****   {
 480              		.loc 1 441 19 is_stmt 0 view .LVU173
 481 00b4 A37C     		ldrb	r3, [r4, #18]	@ zero_extendqisi2
 441:Drivers/STM32G4xx_HAL_Driver/Src/stm32g4xx_hal_fdcan.c ****   {
 482              		.loc 1 441 6 view .LVU174
 483 00b6 012B     		cmp	r3, #1
 484 00b8 41D0     		beq	.L45
 447:Drivers/STM32G4xx_HAL_Driver/Src/stm32g4xx_hal_fdcan.c ****   }
 485              		.loc 1 447 5 is_stmt 1 view .LVU175
 486 00ba 2268     		ldr	r2, [r4]
 487 00bc 9369     		ldr	r3, [r2, #24]
 488 00be 43F48053 		orr	r3, r3, #4096
 489 00c2 9361     		str	r3, [r2, #24]
 490              	.L29:
 451:Drivers/STM32G4xx_HAL_Driver/Src/stm32g4xx_hal_fdcan.c **** 
 491              		.loc 1 451 3 view .LVU176
 492 00c4 2268     		ldr	r2, [r4]
 493 00c6 9369     		ldr	r3, [r2, #24]
 494 00c8 23F44073 		bic	r3, r3, #768
 495 00cc A168     		ldr	r1, [r4, #8]
 496 00ce 0B43     		orrs	r3, r3, r1
 497 00d0 9361     		str	r3, [r2, #24]
 454:Drivers/STM32G4xx_HAL_Driver/Src/stm32g4xx_hal_fdcan.c ****   CLEAR_BIT(hfdcan->Instance->TEST, FDCAN_TEST_LBCK);
 498              		.loc 1 454 3 view .LVU177
 499 00d2 2268     		ldr	r2, [r4]
 500 00d4 9369     		ldr	r3, [r2, #24]
 501 00d6 23F0A403 		bic	r3, r3, #164
 502 00da 9361     		str	r3, [r2, #24]
 455:Drivers/STM32G4xx_HAL_Driver/Src/stm32g4xx_hal_fdcan.c **** 
 503              		.loc 1 455 3 view .LVU178
 504 00dc 2268     		ldr	r2, [r4]
 505 00de 1369     		ldr	r3, [r2, #16]
 506 00e0 23F01003 		bic	r3, r3, #16
 507 00e4 1361     		str	r3, [r2, #16]
 465:Drivers/STM32G4xx_HAL_Driver/Src/stm32g4xx_hal_fdcan.c ****   {
 508              		.loc 1 465 3 view .LVU179
 465:Drivers/STM32G4xx_HAL_Driver/Src/stm32g4xx_hal_fdcan.c ****   {
 509              		.loc 1 465 19 is_stmt 0 view .LVU180
 510 00e6 E368     		ldr	r3, [r4, #12]
 465:Drivers/STM32G4xx_HAL_Driver/Src/stm32g4xx_hal_fdcan.c ****   {
 511              		.loc 1 465 6 view .LVU181
 512 00e8 012B     		cmp	r3, #1
 513 00ea 2ED0     		beq	.L46
 470:Drivers/STM32G4xx_HAL_Driver/Src/stm32g4xx_hal_fdcan.c ****   {
 514              		.loc 1 470 8 is_stmt 1 view .LVU182
 470:Drivers/STM32G4xx_HAL_Driver/Src/stm32g4xx_hal_fdcan.c ****   {
 515              		.loc 1 470 11 is_stmt 0 view .LVU183
ARM GAS  C:\Users\Booster\AppData\Local\Temp\ccYRDURW.s 			page 74


 516 00ec 002B     		cmp	r3, #0
 517 00ee 31D0     		beq	.L31
 472:Drivers/STM32G4xx_HAL_Driver/Src/stm32g4xx_hal_fdcan.c ****     {
 518              		.loc 1 472 5 is_stmt 1 view .LVU184
 472:Drivers/STM32G4xx_HAL_Driver/Src/stm32g4xx_hal_fdcan.c ****     {
 519              		.loc 1 472 8 is_stmt 0 view .LVU185
 520 00f0 022B     		cmp	r3, #2
 521 00f2 54D0     		beq	.L32
 475:Drivers/STM32G4xx_HAL_Driver/Src/stm32g4xx_hal_fdcan.c **** 
 522              		.loc 1 475 7 is_stmt 1 view .LVU186
 523 00f4 2268     		ldr	r2, [r4]
 524 00f6 9369     		ldr	r3, [r2, #24]
 525 00f8 43F08003 		orr	r3, r3, #128
 526 00fc 9361     		str	r3, [r2, #24]
 478:Drivers/STM32G4xx_HAL_Driver/Src/stm32g4xx_hal_fdcan.c **** 
 527              		.loc 1 478 7 view .LVU187
 528 00fe 2268     		ldr	r2, [r4]
 529 0100 1369     		ldr	r3, [r2, #16]
 530 0102 43F01003 		orr	r3, r3, #16
 531 0106 1361     		str	r3, [r2, #16]
 480:Drivers/STM32G4xx_HAL_Driver/Src/stm32g4xx_hal_fdcan.c ****       {
 532              		.loc 1 480 7 view .LVU188
 480:Drivers/STM32G4xx_HAL_Driver/Src/stm32g4xx_hal_fdcan.c ****       {
 533              		.loc 1 480 23 is_stmt 0 view .LVU189
 534 0108 E368     		ldr	r3, [r4, #12]
 480:Drivers/STM32G4xx_HAL_Driver/Src/stm32g4xx_hal_fdcan.c ****       {
 535              		.loc 1 480 10 view .LVU190
 536 010a 032B     		cmp	r3, #3
 537 010c 22D1     		bne	.L31
 482:Drivers/STM32G4xx_HAL_Driver/Src/stm32g4xx_hal_fdcan.c ****       }
 538              		.loc 1 482 9 is_stmt 1 view .LVU191
 539 010e 2268     		ldr	r2, [r4]
 540 0110 9369     		ldr	r3, [r2, #24]
 541 0112 43F02003 		orr	r3, r3, #32
 542 0116 9361     		str	r3, [r2, #24]
 543 0118 1CE0     		b	.L31
 544              	.L42:
 417:Drivers/STM32G4xx_HAL_Driver/Src/stm32g4xx_hal_fdcan.c ****   }
 545              		.loc 1 417 5 view .LVU192
 417:Drivers/STM32G4xx_HAL_Driver/Src/stm32g4xx_hal_fdcan.c ****   }
 546              		.loc 1 417 39 is_stmt 0 view .LVU193
 547 011a 6268     		ldr	r2, [r4, #4]
 417:Drivers/STM32G4xx_HAL_Driver/Src/stm32g4xx_hal_fdcan.c ****   }
 548              		.loc 1 417 25 view .LVU194
 549 011c A3F58063 		sub	r3, r3, #1024
 550 0120 C3F80025 		str	r2, [r3, #1280]
 551 0124 B6E7     		b	.L23
 552              	.L43:
 423:Drivers/STM32G4xx_HAL_Driver/Src/stm32g4xx_hal_fdcan.c ****   }
 553              		.loc 1 423 5 is_stmt 1 view .LVU195
 554 0126 2268     		ldr	r2, [r4]
 555 0128 9369     		ldr	r3, [r2, #24]
 556 012a 23F04003 		bic	r3, r3, #64
 557 012e 9361     		str	r3, [r2, #24]
 558 0130 B8E7     		b	.L25
 559              	.L44:
 433:Drivers/STM32G4xx_HAL_Driver/Src/stm32g4xx_hal_fdcan.c ****   }
ARM GAS  C:\Users\Booster\AppData\Local\Temp\ccYRDURW.s 			page 75


 560              		.loc 1 433 5 view .LVU196
 561 0132 2268     		ldr	r2, [r4]
 562 0134 9369     		ldr	r3, [r2, #24]
 563 0136 43F48043 		orr	r3, r3, #16384
 564 013a 9361     		str	r3, [r2, #24]
 565 013c BAE7     		b	.L27
 566              	.L45:
 443:Drivers/STM32G4xx_HAL_Driver/Src/stm32g4xx_hal_fdcan.c ****   }
 567              		.loc 1 443 5 view .LVU197
 568 013e 2268     		ldr	r2, [r4]
 569 0140 9369     		ldr	r3, [r2, #24]
 570 0142 23F48053 		bic	r3, r3, #4096
 571 0146 9361     		str	r3, [r2, #24]
 572 0148 BCE7     		b	.L29
 573              	.L46:
 468:Drivers/STM32G4xx_HAL_Driver/Src/stm32g4xx_hal_fdcan.c ****   }
 574              		.loc 1 468 5 view .LVU198
 575 014a 2268     		ldr	r2, [r4]
 576 014c 9369     		ldr	r3, [r2, #24]
 577 014e 43F00403 		orr	r3, r3, #4
 578 0152 9361     		str	r3, [r2, #24]
 579              	.L31:
 494:Drivers/STM32G4xx_HAL_Driver/Src/stm32g4xx_hal_fdcan.c **** 
 580              		.loc 1 494 3 view .LVU199
 497:Drivers/STM32G4xx_HAL_Driver/Src/stm32g4xx_hal_fdcan.c ****                             (((uint32_t)hfdcan->Init.NominalTimeSeg1 - 1U) << FDCAN_NBTP_NTSEG1_Pos
 581              		.loc 1 497 3 view .LVU200
 497:Drivers/STM32G4xx_HAL_Driver/Src/stm32g4xx_hal_fdcan.c ****                             (((uint32_t)hfdcan->Init.NominalTimeSeg1 - 1U) << FDCAN_NBTP_NTSEG1_Pos
 582              		.loc 1 497 53 is_stmt 0 view .LVU201
 583 0154 A369     		ldr	r3, [r4, #24]
 497:Drivers/STM32G4xx_HAL_Driver/Src/stm32g4xx_hal_fdcan.c ****                             (((uint32_t)hfdcan->Init.NominalTimeSeg1 - 1U) << FDCAN_NBTP_NTSEG1_Pos
 584              		.loc 1 497 75 view .LVU202
 585 0156 5A1E     		subs	r2, r3, #1
 498:Drivers/STM32G4xx_HAL_Driver/Src/stm32g4xx_hal_fdcan.c ****                             (((uint32_t)hfdcan->Init.NominalTimeSeg2 - 1U) << FDCAN_NBTP_NTSEG2_Pos
 586              		.loc 1 498 53 view .LVU203
 587 0158 E369     		ldr	r3, [r4, #28]
 498:Drivers/STM32G4xx_HAL_Driver/Src/stm32g4xx_hal_fdcan.c ****                             (((uint32_t)hfdcan->Init.NominalTimeSeg2 - 1U) << FDCAN_NBTP_NTSEG2_Pos
 588              		.loc 1 498 70 view .LVU204
 589 015a 013B     		subs	r3, r3, #1
 498:Drivers/STM32G4xx_HAL_Driver/Src/stm32g4xx_hal_fdcan.c ****                             (((uint32_t)hfdcan->Init.NominalTimeSeg2 - 1U) << FDCAN_NBTP_NTSEG2_Pos
 590              		.loc 1 498 76 view .LVU205
 591 015c 1B02     		lsls	r3, r3, #8
 497:Drivers/STM32G4xx_HAL_Driver/Src/stm32g4xx_hal_fdcan.c ****                             (((uint32_t)hfdcan->Init.NominalTimeSeg1 - 1U) << FDCAN_NBTP_NTSEG1_Pos
 592              		.loc 1 497 105 view .LVU206
 593 015e 43EA4263 		orr	r3, r3, r2, lsl #25
 499:Drivers/STM32G4xx_HAL_Driver/Src/stm32g4xx_hal_fdcan.c ****                             (((uint32_t)hfdcan->Init.NominalPrescaler - 1U) << FDCAN_NBTP_NBRP_Pos)
 594              		.loc 1 499 53 view .LVU207
 595 0162 226A     		ldr	r2, [r4, #32]
 499:Drivers/STM32G4xx_HAL_Driver/Src/stm32g4xx_hal_fdcan.c ****                             (((uint32_t)hfdcan->Init.NominalPrescaler - 1U) << FDCAN_NBTP_NBRP_Pos)
 596              		.loc 1 499 76 view .LVU208
 597 0164 013A     		subs	r2, r2, #1
 498:Drivers/STM32G4xx_HAL_Driver/Src/stm32g4xx_hal_fdcan.c ****                             (((uint32_t)hfdcan->Init.NominalTimeSeg2 - 1U) << FDCAN_NBTP_NTSEG2_Pos
 598              		.loc 1 498 105 view .LVU209
 599 0166 1343     		orrs	r3, r3, r2
 500:Drivers/STM32G4xx_HAL_Driver/Src/stm32g4xx_hal_fdcan.c **** 
 600              		.loc 1 500 53 view .LVU210
 601 0168 6269     		ldr	r2, [r4, #20]
 500:Drivers/STM32G4xx_HAL_Driver/Src/stm32g4xx_hal_fdcan.c **** 
ARM GAS  C:\Users\Booster\AppData\Local\Temp\ccYRDURW.s 			page 76


 602              		.loc 1 500 71 view .LVU211
 603 016a 013A     		subs	r2, r2, #1
 497:Drivers/STM32G4xx_HAL_Driver/Src/stm32g4xx_hal_fdcan.c ****                             (((uint32_t)hfdcan->Init.NominalTimeSeg1 - 1U) << FDCAN_NBTP_NTSEG1_Pos
 604              		.loc 1 497 9 view .LVU212
 605 016c 2168     		ldr	r1, [r4]
 499:Drivers/STM32G4xx_HAL_Driver/Src/stm32g4xx_hal_fdcan.c ****                             (((uint32_t)hfdcan->Init.NominalPrescaler - 1U) << FDCAN_NBTP_NBRP_Pos)
 606              		.loc 1 499 105 view .LVU213
 607 016e 43EA0243 		orr	r3, r3, r2, lsl #16
 497:Drivers/STM32G4xx_HAL_Driver/Src/stm32g4xx_hal_fdcan.c ****                             (((uint32_t)hfdcan->Init.NominalTimeSeg1 - 1U) << FDCAN_NBTP_NTSEG1_Pos
 608              		.loc 1 497 26 view .LVU214
 609 0172 CB61     		str	r3, [r1, #28]
 503:Drivers/STM32G4xx_HAL_Driver/Src/stm32g4xx_hal_fdcan.c ****   {
 610              		.loc 1 503 3 is_stmt 1 view .LVU215
 503:Drivers/STM32G4xx_HAL_Driver/Src/stm32g4xx_hal_fdcan.c ****   {
 611              		.loc 1 503 19 is_stmt 0 view .LVU216
 612 0174 A368     		ldr	r3, [r4, #8]
 503:Drivers/STM32G4xx_HAL_Driver/Src/stm32g4xx_hal_fdcan.c ****   {
 613              		.loc 1 503 6 view .LVU217
 614 0176 B3F5407F 		cmp	r3, #768
 615 017a 16D0     		beq	.L47
 616              	.L33:
 512:Drivers/STM32G4xx_HAL_Driver/Src/stm32g4xx_hal_fdcan.c **** 
 617              		.loc 1 512 3 is_stmt 1 view .LVU218
 618 017c 2268     		ldr	r2, [r4]
 619 017e D2F8C030 		ldr	r3, [r2, #192]
 620 0182 E16B     		ldr	r1, [r4, #60]
 621 0184 0B43     		orrs	r3, r3, r1
 622 0186 C2F8C030 		str	r3, [r2, #192]
 515:Drivers/STM32G4xx_HAL_Driver/Src/stm32g4xx_hal_fdcan.c **** 
 623              		.loc 1 515 3 view .LVU219
 624 018a 2046     		mov	r0, r4
 625 018c FFF7FEFF 		bl	FDCAN_CalcultateRamBlockAddresses
 626              	.LVL31:
 518:Drivers/STM32G4xx_HAL_Driver/Src/stm32g4xx_hal_fdcan.c **** 
 627              		.loc 1 518 3 view .LVU220
 518:Drivers/STM32G4xx_HAL_Driver/Src/stm32g4xx_hal_fdcan.c **** 
 628              		.loc 1 518 32 is_stmt 0 view .LVU221
 629 0190 0020     		movs	r0, #0
 630 0192 A065     		str	r0, [r4, #88]
 521:Drivers/STM32G4xx_HAL_Driver/Src/stm32g4xx_hal_fdcan.c **** 
 631              		.loc 1 521 3 is_stmt 1 view .LVU222
 521:Drivers/STM32G4xx_HAL_Driver/Src/stm32g4xx_hal_fdcan.c **** 
 632              		.loc 1 521 21 is_stmt 0 view .LVU223
 633 0194 2066     		str	r0, [r4, #96]
 524:Drivers/STM32G4xx_HAL_Driver/Src/stm32g4xx_hal_fdcan.c **** 
 634              		.loc 1 524 3 is_stmt 1 view .LVU224
 524:Drivers/STM32G4xx_HAL_Driver/Src/stm32g4xx_hal_fdcan.c **** 
 635              		.loc 1 524 17 is_stmt 0 view .LVU225
 636 0196 0123     		movs	r3, #1
 637 0198 84F85C30 		strb	r3, [r4, #92]
 527:Drivers/STM32G4xx_HAL_Driver/Src/stm32g4xx_hal_fdcan.c **** }
 638              		.loc 1 527 3 is_stmt 1 view .LVU226
 527:Drivers/STM32G4xx_HAL_Driver/Src/stm32g4xx_hal_fdcan.c **** }
 639              		.loc 1 527 10 is_stmt 0 view .LVU227
 640 019c 52E7     		b	.L17
 641              	.L32:
 488:Drivers/STM32G4xx_HAL_Driver/Src/stm32g4xx_hal_fdcan.c ****     }
ARM GAS  C:\Users\Booster\AppData\Local\Temp\ccYRDURW.s 			page 77


 642              		.loc 1 488 7 is_stmt 1 view .LVU228
 643 019e 2268     		ldr	r2, [r4]
 644 01a0 9369     		ldr	r3, [r2, #24]
 645 01a2 43F02003 		orr	r3, r3, #32
 646 01a6 9361     		str	r3, [r2, #24]
 647 01a8 D4E7     		b	.L31
 648              	.L47:
 505:Drivers/STM32G4xx_HAL_Driver/Src/stm32g4xx_hal_fdcan.c ****                               (((uint32_t)hfdcan->Init.DataTimeSeg1 - 1U) << FDCAN_DBTP_DTSEG1_Pos)
 649              		.loc 1 505 5 view .LVU229
 505:Drivers/STM32G4xx_HAL_Driver/Src/stm32g4xx_hal_fdcan.c ****                               (((uint32_t)hfdcan->Init.DataTimeSeg1 - 1U) << FDCAN_DBTP_DTSEG1_Pos)
 650              		.loc 1 505 55 is_stmt 0 view .LVU230
 651 01aa A36A     		ldr	r3, [r4, #40]
 505:Drivers/STM32G4xx_HAL_Driver/Src/stm32g4xx_hal_fdcan.c ****                               (((uint32_t)hfdcan->Init.DataTimeSeg1 - 1U) << FDCAN_DBTP_DTSEG1_Pos)
 652              		.loc 1 505 80 view .LVU231
 653 01ac 013B     		subs	r3, r3, #1
 506:Drivers/STM32G4xx_HAL_Driver/Src/stm32g4xx_hal_fdcan.c ****                               (((uint32_t)hfdcan->Init.DataTimeSeg2 - 1U) << FDCAN_DBTP_DTSEG2_Pos)
 654              		.loc 1 506 55 view .LVU232
 655 01ae E26A     		ldr	r2, [r4, #44]
 506:Drivers/STM32G4xx_HAL_Driver/Src/stm32g4xx_hal_fdcan.c ****                               (((uint32_t)hfdcan->Init.DataTimeSeg2 - 1U) << FDCAN_DBTP_DTSEG2_Pos)
 656              		.loc 1 506 69 view .LVU233
 657 01b0 013A     		subs	r2, r2, #1
 505:Drivers/STM32G4xx_HAL_Driver/Src/stm32g4xx_hal_fdcan.c ****                               (((uint32_t)hfdcan->Init.DataTimeSeg1 - 1U) << FDCAN_DBTP_DTSEG1_Pos)
 658              		.loc 1 505 105 view .LVU234
 659 01b2 43EA0223 		orr	r3, r3, r2, lsl #8
 507:Drivers/STM32G4xx_HAL_Driver/Src/stm32g4xx_hal_fdcan.c ****                               (((uint32_t)hfdcan->Init.DataPrescaler - 1U) << FDCAN_DBTP_DBRP_Pos))
 660              		.loc 1 507 55 view .LVU235
 661 01b6 226B     		ldr	r2, [r4, #48]
 507:Drivers/STM32G4xx_HAL_Driver/Src/stm32g4xx_hal_fdcan.c ****                               (((uint32_t)hfdcan->Init.DataPrescaler - 1U) << FDCAN_DBTP_DBRP_Pos))
 662              		.loc 1 507 69 view .LVU236
 663 01b8 013A     		subs	r2, r2, #1
 506:Drivers/STM32G4xx_HAL_Driver/Src/stm32g4xx_hal_fdcan.c ****                               (((uint32_t)hfdcan->Init.DataTimeSeg2 - 1U) << FDCAN_DBTP_DTSEG2_Pos)
 664              		.loc 1 506 105 view .LVU237
 665 01ba 43EA0213 		orr	r3, r3, r2, lsl #4
 508:Drivers/STM32G4xx_HAL_Driver/Src/stm32g4xx_hal_fdcan.c ****   }
 666              		.loc 1 508 55 view .LVU238
 667 01be 626A     		ldr	r2, [r4, #36]
 508:Drivers/STM32G4xx_HAL_Driver/Src/stm32g4xx_hal_fdcan.c ****   }
 668              		.loc 1 508 70 view .LVU239
 669 01c0 013A     		subs	r2, r2, #1
 505:Drivers/STM32G4xx_HAL_Driver/Src/stm32g4xx_hal_fdcan.c ****                               (((uint32_t)hfdcan->Init.DataTimeSeg1 - 1U) << FDCAN_DBTP_DTSEG1_Pos)
 670              		.loc 1 505 11 view .LVU240
 671 01c2 2168     		ldr	r1, [r4]
 507:Drivers/STM32G4xx_HAL_Driver/Src/stm32g4xx_hal_fdcan.c ****                               (((uint32_t)hfdcan->Init.DataPrescaler - 1U) << FDCAN_DBTP_DBRP_Pos))
 672              		.loc 1 507 105 view .LVU241
 673 01c4 43EA0243 		orr	r3, r3, r2, lsl #16
 505:Drivers/STM32G4xx_HAL_Driver/Src/stm32g4xx_hal_fdcan.c ****                               (((uint32_t)hfdcan->Init.DataTimeSeg1 - 1U) << FDCAN_DBTP_DTSEG1_Pos)
 674              		.loc 1 505 28 view .LVU242
 675 01c8 CB60     		str	r3, [r1, #12]
 676 01ca D7E7     		b	.L33
 677              	.LVL32:
 678              	.L34:
 679              	.LCFI4:
 680              		.cfi_def_cfa_offset 0
 681              		.cfi_restore 3
 682              		.cfi_restore 4
 683              		.cfi_restore 5
 684              		.cfi_restore 14
ARM GAS  C:\Users\Booster\AppData\Local\Temp\ccYRDURW.s 			page 78


 300:Drivers/STM32G4xx_HAL_Driver/Src/stm32g4xx_hal_fdcan.c ****   }
 685              		.loc 1 300 12 view .LVU243
 686 01cc 0120     		movs	r0, #1
 687              	.LVL33:
 528:Drivers/STM32G4xx_HAL_Driver/Src/stm32g4xx_hal_fdcan.c **** 
 688              		.loc 1 528 1 view .LVU244
 689 01ce 7047     		bx	lr
 690              	.L49:
 691              		.align	2
 692              	.L48:
 693 01d0 00640040 		.word	1073767424
 694              		.cfi_endproc
 695              	.LFE329:
 697              		.section	.text.HAL_FDCAN_MspDeInit,"ax",%progbits
 698              		.align	1
 699              		.weak	HAL_FDCAN_MspDeInit
 700              		.syntax unified
 701              		.thumb
 702              		.thumb_func
 704              	HAL_FDCAN_MspDeInit:
 705              	.LVL34:
 706              	.LFB332:
 598:Drivers/STM32G4xx_HAL_Driver/Src/stm32g4xx_hal_fdcan.c ****   /* Prevent unused argument(s) compilation warning */
 707              		.loc 1 598 1 is_stmt 1 view -0
 708              		.cfi_startproc
 709              		@ args = 0, pretend = 0, frame = 0
 710              		@ frame_needed = 0, uses_anonymous_args = 0
 711              		@ link register save eliminated.
 600:Drivers/STM32G4xx_HAL_Driver/Src/stm32g4xx_hal_fdcan.c ****   /* NOTE: This function Should not be modified, when the callback is needed,
 712              		.loc 1 600 3 view .LVU246
 604:Drivers/STM32G4xx_HAL_Driver/Src/stm32g4xx_hal_fdcan.c **** 
 713              		.loc 1 604 1 is_stmt 0 view .LVU247
 714 0000 7047     		bx	lr
 715              		.cfi_endproc
 716              	.LFE332:
 718              		.section	.text.HAL_FDCAN_EnterPowerDownMode,"ax",%progbits
 719              		.align	1
 720              		.global	HAL_FDCAN_EnterPowerDownMode
 721              		.syntax unified
 722              		.thumb
 723              		.thumb_func
 725              	HAL_FDCAN_EnterPowerDownMode:
 726              	.LVL35:
 727              	.LFB333:
 613:Drivers/STM32G4xx_HAL_Driver/Src/stm32g4xx_hal_fdcan.c ****   uint32_t tickstart;
 728              		.loc 1 613 1 is_stmt 1 view -0
 729              		.cfi_startproc
 730              		@ args = 0, pretend = 0, frame = 0
 731              		@ frame_needed = 0, uses_anonymous_args = 0
 613:Drivers/STM32G4xx_HAL_Driver/Src/stm32g4xx_hal_fdcan.c ****   uint32_t tickstart;
 732              		.loc 1 613 1 is_stmt 0 view .LVU249
 733 0000 38B5     		push	{r3, r4, r5, lr}
 734              	.LCFI5:
 735              		.cfi_def_cfa_offset 16
 736              		.cfi_offset 3, -16
 737              		.cfi_offset 4, -12
 738              		.cfi_offset 5, -8
ARM GAS  C:\Users\Booster\AppData\Local\Temp\ccYRDURW.s 			page 79


 739              		.cfi_offset 14, -4
 740 0002 0446     		mov	r4, r0
 614:Drivers/STM32G4xx_HAL_Driver/Src/stm32g4xx_hal_fdcan.c **** 
 741              		.loc 1 614 3 is_stmt 1 view .LVU250
 617:Drivers/STM32G4xx_HAL_Driver/Src/stm32g4xx_hal_fdcan.c **** 
 742              		.loc 1 617 3 view .LVU251
 743 0004 0268     		ldr	r2, [r0]
 744 0006 9369     		ldr	r3, [r2, #24]
 745 0008 43F01003 		orr	r3, r3, #16
 746 000c 9361     		str	r3, [r2, #24]
 620:Drivers/STM32G4xx_HAL_Driver/Src/stm32g4xx_hal_fdcan.c **** 
 747              		.loc 1 620 3 view .LVU252
 620:Drivers/STM32G4xx_HAL_Driver/Src/stm32g4xx_hal_fdcan.c **** 
 748              		.loc 1 620 15 is_stmt 0 view .LVU253
 749 000e FFF7FEFF 		bl	HAL_GetTick
 750              	.LVL36:
 620:Drivers/STM32G4xx_HAL_Driver/Src/stm32g4xx_hal_fdcan.c **** 
 751              		.loc 1 620 15 view .LVU254
 752 0012 0546     		mov	r5, r0
 753              	.LVL37:
 623:Drivers/STM32G4xx_HAL_Driver/Src/stm32g4xx_hal_fdcan.c ****   {
 754              		.loc 1 623 3 is_stmt 1 view .LVU255
 755              	.L52:
 623:Drivers/STM32G4xx_HAL_Driver/Src/stm32g4xx_hal_fdcan.c ****   {
 756              		.loc 1 623 52 view .LVU256
 623:Drivers/STM32G4xx_HAL_Driver/Src/stm32g4xx_hal_fdcan.c ****   {
 757              		.loc 1 623 17 is_stmt 0 view .LVU257
 758 0014 2368     		ldr	r3, [r4]
 623:Drivers/STM32G4xx_HAL_Driver/Src/stm32g4xx_hal_fdcan.c ****   {
 759              		.loc 1 623 27 view .LVU258
 760 0016 9B69     		ldr	r3, [r3, #24]
 623:Drivers/STM32G4xx_HAL_Driver/Src/stm32g4xx_hal_fdcan.c ****   {
 761              		.loc 1 623 52 view .LVU259
 762 0018 13F0080F 		tst	r3, #8
 763 001c 0DD1     		bne	.L56
 625:Drivers/STM32G4xx_HAL_Driver/Src/stm32g4xx_hal_fdcan.c ****     {
 764              		.loc 1 625 5 is_stmt 1 view .LVU260
 625:Drivers/STM32G4xx_HAL_Driver/Src/stm32g4xx_hal_fdcan.c ****     {
 765              		.loc 1 625 10 is_stmt 0 view .LVU261
 766 001e FFF7FEFF 		bl	HAL_GetTick
 767              	.LVL38:
 625:Drivers/STM32G4xx_HAL_Driver/Src/stm32g4xx_hal_fdcan.c ****     {
 768              		.loc 1 625 24 view .LVU262
 769 0022 401B     		subs	r0, r0, r5
 625:Drivers/STM32G4xx_HAL_Driver/Src/stm32g4xx_hal_fdcan.c ****     {
 770              		.loc 1 625 8 view .LVU263
 771 0024 0A28     		cmp	r0, #10
 772 0026 F5D9     		bls	.L52
 628:Drivers/STM32G4xx_HAL_Driver/Src/stm32g4xx_hal_fdcan.c **** 
 773              		.loc 1 628 7 is_stmt 1 view .LVU264
 628:Drivers/STM32G4xx_HAL_Driver/Src/stm32g4xx_hal_fdcan.c **** 
 774              		.loc 1 628 13 is_stmt 0 view .LVU265
 775 0028 236E     		ldr	r3, [r4, #96]
 628:Drivers/STM32G4xx_HAL_Driver/Src/stm32g4xx_hal_fdcan.c **** 
 776              		.loc 1 628 25 view .LVU266
 777 002a 43F00103 		orr	r3, r3, #1
 778 002e 2366     		str	r3, [r4, #96]
ARM GAS  C:\Users\Booster\AppData\Local\Temp\ccYRDURW.s 			page 80


 631:Drivers/STM32G4xx_HAL_Driver/Src/stm32g4xx_hal_fdcan.c **** 
 779              		.loc 1 631 7 is_stmt 1 view .LVU267
 631:Drivers/STM32G4xx_HAL_Driver/Src/stm32g4xx_hal_fdcan.c **** 
 780              		.loc 1 631 21 is_stmt 0 view .LVU268
 781 0030 0323     		movs	r3, #3
 782 0032 84F85C30 		strb	r3, [r4, #92]
 633:Drivers/STM32G4xx_HAL_Driver/Src/stm32g4xx_hal_fdcan.c ****     }
 783              		.loc 1 633 7 is_stmt 1 view .LVU269
 633:Drivers/STM32G4xx_HAL_Driver/Src/stm32g4xx_hal_fdcan.c ****     }
 784              		.loc 1 633 14 is_stmt 0 view .LVU270
 785 0036 0120     		movs	r0, #1
 786 0038 00E0     		b	.L53
 787              	.L56:
 638:Drivers/STM32G4xx_HAL_Driver/Src/stm32g4xx_hal_fdcan.c **** }
 788              		.loc 1 638 10 view .LVU271
 789 003a 0020     		movs	r0, #0
 790              	.L53:
 639:Drivers/STM32G4xx_HAL_Driver/Src/stm32g4xx_hal_fdcan.c **** 
 791              		.loc 1 639 1 view .LVU272
 792 003c 38BD     		pop	{r3, r4, r5, pc}
 639:Drivers/STM32G4xx_HAL_Driver/Src/stm32g4xx_hal_fdcan.c **** 
 793              		.loc 1 639 1 view .LVU273
 794              		.cfi_endproc
 795              	.LFE333:
 797              		.section	.text.HAL_FDCAN_ExitPowerDownMode,"ax",%progbits
 798              		.align	1
 799              		.global	HAL_FDCAN_ExitPowerDownMode
 800              		.syntax unified
 801              		.thumb
 802              		.thumb_func
 804              	HAL_FDCAN_ExitPowerDownMode:
 805              	.LVL39:
 806              	.LFB334:
 648:Drivers/STM32G4xx_HAL_Driver/Src/stm32g4xx_hal_fdcan.c ****   uint32_t tickstart;
 807              		.loc 1 648 1 is_stmt 1 view -0
 808              		.cfi_startproc
 809              		@ args = 0, pretend = 0, frame = 0
 810              		@ frame_needed = 0, uses_anonymous_args = 0
 648:Drivers/STM32G4xx_HAL_Driver/Src/stm32g4xx_hal_fdcan.c ****   uint32_t tickstart;
 811              		.loc 1 648 1 is_stmt 0 view .LVU275
 812 0000 38B5     		push	{r3, r4, r5, lr}
 813              	.LCFI6:
 814              		.cfi_def_cfa_offset 16
 815              		.cfi_offset 3, -16
 816              		.cfi_offset 4, -12
 817              		.cfi_offset 5, -8
 818              		.cfi_offset 14, -4
 819 0002 0446     		mov	r4, r0
 649:Drivers/STM32G4xx_HAL_Driver/Src/stm32g4xx_hal_fdcan.c **** 
 820              		.loc 1 649 3 is_stmt 1 view .LVU276
 652:Drivers/STM32G4xx_HAL_Driver/Src/stm32g4xx_hal_fdcan.c **** 
 821              		.loc 1 652 3 view .LVU277
 822 0004 0268     		ldr	r2, [r0]
 823 0006 9369     		ldr	r3, [r2, #24]
 824 0008 23F01003 		bic	r3, r3, #16
 825 000c 9361     		str	r3, [r2, #24]
 655:Drivers/STM32G4xx_HAL_Driver/Src/stm32g4xx_hal_fdcan.c **** 
ARM GAS  C:\Users\Booster\AppData\Local\Temp\ccYRDURW.s 			page 81


 826              		.loc 1 655 3 view .LVU278
 655:Drivers/STM32G4xx_HAL_Driver/Src/stm32g4xx_hal_fdcan.c **** 
 827              		.loc 1 655 15 is_stmt 0 view .LVU279
 828 000e FFF7FEFF 		bl	HAL_GetTick
 829              	.LVL40:
 655:Drivers/STM32G4xx_HAL_Driver/Src/stm32g4xx_hal_fdcan.c **** 
 830              		.loc 1 655 15 view .LVU280
 831 0012 0546     		mov	r5, r0
 832              	.LVL41:
 658:Drivers/STM32G4xx_HAL_Driver/Src/stm32g4xx_hal_fdcan.c ****   {
 833              		.loc 1 658 3 is_stmt 1 view .LVU281
 834              	.L58:
 658:Drivers/STM32G4xx_HAL_Driver/Src/stm32g4xx_hal_fdcan.c ****   {
 835              		.loc 1 658 52 view .LVU282
 658:Drivers/STM32G4xx_HAL_Driver/Src/stm32g4xx_hal_fdcan.c ****   {
 836              		.loc 1 658 17 is_stmt 0 view .LVU283
 837 0014 2368     		ldr	r3, [r4]
 658:Drivers/STM32G4xx_HAL_Driver/Src/stm32g4xx_hal_fdcan.c ****   {
 838              		.loc 1 658 27 view .LVU284
 839 0016 9A69     		ldr	r2, [r3, #24]
 658:Drivers/STM32G4xx_HAL_Driver/Src/stm32g4xx_hal_fdcan.c ****   {
 840              		.loc 1 658 52 view .LVU285
 841 0018 12F0080F 		tst	r2, #8
 842 001c 0DD0     		beq	.L62
 660:Drivers/STM32G4xx_HAL_Driver/Src/stm32g4xx_hal_fdcan.c ****     {
 843              		.loc 1 660 5 is_stmt 1 view .LVU286
 660:Drivers/STM32G4xx_HAL_Driver/Src/stm32g4xx_hal_fdcan.c ****     {
 844              		.loc 1 660 10 is_stmt 0 view .LVU287
 845 001e FFF7FEFF 		bl	HAL_GetTick
 846              	.LVL42:
 660:Drivers/STM32G4xx_HAL_Driver/Src/stm32g4xx_hal_fdcan.c ****     {
 847              		.loc 1 660 24 view .LVU288
 848 0022 401B     		subs	r0, r0, r5
 660:Drivers/STM32G4xx_HAL_Driver/Src/stm32g4xx_hal_fdcan.c ****     {
 849              		.loc 1 660 8 view .LVU289
 850 0024 0A28     		cmp	r0, #10
 851 0026 F5D9     		bls	.L58
 663:Drivers/STM32G4xx_HAL_Driver/Src/stm32g4xx_hal_fdcan.c **** 
 852              		.loc 1 663 7 is_stmt 1 view .LVU290
 663:Drivers/STM32G4xx_HAL_Driver/Src/stm32g4xx_hal_fdcan.c **** 
 853              		.loc 1 663 13 is_stmt 0 view .LVU291
 854 0028 236E     		ldr	r3, [r4, #96]
 663:Drivers/STM32G4xx_HAL_Driver/Src/stm32g4xx_hal_fdcan.c **** 
 855              		.loc 1 663 25 view .LVU292
 856 002a 43F00103 		orr	r3, r3, #1
 857 002e 2366     		str	r3, [r4, #96]
 666:Drivers/STM32G4xx_HAL_Driver/Src/stm32g4xx_hal_fdcan.c **** 
 858              		.loc 1 666 7 is_stmt 1 view .LVU293
 666:Drivers/STM32G4xx_HAL_Driver/Src/stm32g4xx_hal_fdcan.c **** 
 859              		.loc 1 666 21 is_stmt 0 view .LVU294
 860 0030 0323     		movs	r3, #3
 861 0032 84F85C30 		strb	r3, [r4, #92]
 668:Drivers/STM32G4xx_HAL_Driver/Src/stm32g4xx_hal_fdcan.c ****     }
 862              		.loc 1 668 7 is_stmt 1 view .LVU295
 668:Drivers/STM32G4xx_HAL_Driver/Src/stm32g4xx_hal_fdcan.c ****     }
 863              		.loc 1 668 14 is_stmt 0 view .LVU296
 864 0036 0120     		movs	r0, #1
ARM GAS  C:\Users\Booster\AppData\Local\Temp\ccYRDURW.s 			page 82


 865 0038 04E0     		b	.L59
 866              	.L62:
 673:Drivers/STM32G4xx_HAL_Driver/Src/stm32g4xx_hal_fdcan.c **** 
 867              		.loc 1 673 3 is_stmt 1 view .LVU297
 868 003a 9A69     		ldr	r2, [r3, #24]
 869 003c 22F00102 		bic	r2, r2, #1
 870 0040 9A61     		str	r2, [r3, #24]
 676:Drivers/STM32G4xx_HAL_Driver/Src/stm32g4xx_hal_fdcan.c **** }
 871              		.loc 1 676 3 view .LVU298
 676:Drivers/STM32G4xx_HAL_Driver/Src/stm32g4xx_hal_fdcan.c **** }
 872              		.loc 1 676 10 is_stmt 0 view .LVU299
 873 0042 0020     		movs	r0, #0
 874              	.L59:
 677:Drivers/STM32G4xx_HAL_Driver/Src/stm32g4xx_hal_fdcan.c **** 
 875              		.loc 1 677 1 view .LVU300
 876 0044 38BD     		pop	{r3, r4, r5, pc}
 677:Drivers/STM32G4xx_HAL_Driver/Src/stm32g4xx_hal_fdcan.c **** 
 877              		.loc 1 677 1 view .LVU301
 878              		.cfi_endproc
 879              	.LFE334:
 881              		.section	.text.HAL_FDCAN_ConfigFilter,"ax",%progbits
 882              		.align	1
 883              		.global	HAL_FDCAN_ConfigFilter
 884              		.syntax unified
 885              		.thumb
 886              		.thumb_func
 888              	HAL_FDCAN_ConfigFilter:
 889              	.LVL43:
 890              	.LFB335:
1297:Drivers/STM32G4xx_HAL_Driver/Src/stm32g4xx_hal_fdcan.c ****   uint32_t FilterElementW1;
 891              		.loc 1 1297 1 is_stmt 1 view -0
 892              		.cfi_startproc
 893              		@ args = 0, pretend = 0, frame = 0
 894              		@ frame_needed = 0, uses_anonymous_args = 0
 895              		@ link register save eliminated.
1298:Drivers/STM32G4xx_HAL_Driver/Src/stm32g4xx_hal_fdcan.c ****   uint32_t FilterElementW2;
 896              		.loc 1 1298 3 view .LVU303
1299:Drivers/STM32G4xx_HAL_Driver/Src/stm32g4xx_hal_fdcan.c ****   uint32_t *FilterAddress;
 897              		.loc 1 1299 3 view .LVU304
1300:Drivers/STM32G4xx_HAL_Driver/Src/stm32g4xx_hal_fdcan.c ****   HAL_FDCAN_StateTypeDef state = hfdcan->State;
 898              		.loc 1 1300 3 view .LVU305
1301:Drivers/STM32G4xx_HAL_Driver/Src/stm32g4xx_hal_fdcan.c **** 
 899              		.loc 1 1301 3 view .LVU306
1301:Drivers/STM32G4xx_HAL_Driver/Src/stm32g4xx_hal_fdcan.c **** 
 900              		.loc 1 1301 26 is_stmt 0 view .LVU307
 901 0000 90F85C30 		ldrb	r3, [r0, #92]	@ zero_extendqisi2
 902              	.LVL44:
1303:Drivers/STM32G4xx_HAL_Driver/Src/stm32g4xx_hal_fdcan.c ****   {
 903              		.loc 1 1303 3 is_stmt 1 view .LVU308
1303:Drivers/STM32G4xx_HAL_Driver/Src/stm32g4xx_hal_fdcan.c ****   {
 904              		.loc 1 1303 40 is_stmt 0 view .LVU309
 905 0004 013B     		subs	r3, r3, #1
 906              	.LVL45:
1303:Drivers/STM32G4xx_HAL_Driver/Src/stm32g4xx_hal_fdcan.c ****   {
 907              		.loc 1 1303 40 view .LVU310
 908 0006 DBB2     		uxtb	r3, r3
1303:Drivers/STM32G4xx_HAL_Driver/Src/stm32g4xx_hal_fdcan.c ****   {
ARM GAS  C:\Users\Booster\AppData\Local\Temp\ccYRDURW.s 			page 83


 909              		.loc 1 1303 6 view .LVU311
 910 0008 012B     		cmp	r3, #1
 911 000a 05D9     		bls	.L73
1358:Drivers/STM32G4xx_HAL_Driver/Src/stm32g4xx_hal_fdcan.c **** 
 912              		.loc 1 1358 5 is_stmt 1 view .LVU312
1358:Drivers/STM32G4xx_HAL_Driver/Src/stm32g4xx_hal_fdcan.c **** 
 913              		.loc 1 1358 11 is_stmt 0 view .LVU313
 914 000c 036E     		ldr	r3, [r0, #96]
1358:Drivers/STM32G4xx_HAL_Driver/Src/stm32g4xx_hal_fdcan.c **** 
 915              		.loc 1 1358 23 view .LVU314
 916 000e 43F00203 		orr	r3, r3, #2
 917 0012 0366     		str	r3, [r0, #96]
1360:Drivers/STM32G4xx_HAL_Driver/Src/stm32g4xx_hal_fdcan.c ****   }
 918              		.loc 1 1360 5 is_stmt 1 view .LVU315
1360:Drivers/STM32G4xx_HAL_Driver/Src/stm32g4xx_hal_fdcan.c ****   }
 919              		.loc 1 1360 12 is_stmt 0 view .LVU316
 920 0014 0120     		movs	r0, #1
 921              	.LVL46:
1360:Drivers/STM32G4xx_HAL_Driver/Src/stm32g4xx_hal_fdcan.c ****   }
 922              		.loc 1 1360 12 view .LVU317
 923 0016 7047     		bx	lr
 924              	.LVL47:
 925              	.L73:
1306:Drivers/STM32G4xx_HAL_Driver/Src/stm32g4xx_hal_fdcan.c ****     assert_param(IS_FDCAN_FILTER_CFG(sFilterConfig->FilterConfig));
 926              		.loc 1 1306 5 is_stmt 1 view .LVU318
1307:Drivers/STM32G4xx_HAL_Driver/Src/stm32g4xx_hal_fdcan.c **** 
 927              		.loc 1 1307 5 view .LVU319
1309:Drivers/STM32G4xx_HAL_Driver/Src/stm32g4xx_hal_fdcan.c ****     {
 928              		.loc 1 1309 5 view .LVU320
1309:Drivers/STM32G4xx_HAL_Driver/Src/stm32g4xx_hal_fdcan.c ****     {
 929              		.loc 1 1309 22 is_stmt 0 view .LVU321
 930 0018 0B68     		ldr	r3, [r1]
1309:Drivers/STM32G4xx_HAL_Driver/Src/stm32g4xx_hal_fdcan.c ****     {
 931              		.loc 1 1309 8 view .LVU322
 932 001a A3B1     		cbz	r3, .L72
1297:Drivers/STM32G4xx_HAL_Driver/Src/stm32g4xx_hal_fdcan.c ****   uint32_t FilterElementW1;
 933              		.loc 1 1297 1 view .LVU323
 934 001c 10B4     		push	{r4}
 935              	.LCFI7:
 936              		.cfi_def_cfa_offset 4
 937              		.cfi_offset 4, -4
1332:Drivers/STM32G4xx_HAL_Driver/Src/stm32g4xx_hal_fdcan.c ****       assert_param(IS_FDCAN_MAX_VALUE(sFilterConfig->FilterID1, 0x1FFFFFFFU));
 938              		.loc 1 1332 7 is_stmt 1 view .LVU324
1333:Drivers/STM32G4xx_HAL_Driver/Src/stm32g4xx_hal_fdcan.c ****       assert_param(IS_FDCAN_MAX_VALUE(sFilterConfig->FilterID2, 0x1FFFFFFFU));
 939              		.loc 1 1333 7 view .LVU325
1334:Drivers/STM32G4xx_HAL_Driver/Src/stm32g4xx_hal_fdcan.c ****       assert_param(IS_FDCAN_EXT_FILTER_TYPE(sFilterConfig->FilterType));
 940              		.loc 1 1334 7 view .LVU326
1335:Drivers/STM32G4xx_HAL_Driver/Src/stm32g4xx_hal_fdcan.c **** 
 941              		.loc 1 1335 7 view .LVU327
1338:Drivers/STM32G4xx_HAL_Driver/Src/stm32g4xx_hal_fdcan.c **** 
 942              		.loc 1 1338 7 view .LVU328
1338:Drivers/STM32G4xx_HAL_Driver/Src/stm32g4xx_hal_fdcan.c **** 
 943              		.loc 1 1338 40 is_stmt 0 view .LVU329
 944 001e CA68     		ldr	r2, [r1, #12]
1338:Drivers/STM32G4xx_HAL_Driver/Src/stm32g4xx_hal_fdcan.c **** 
 945              		.loc 1 1338 78 view .LVU330
 946 0020 0B69     		ldr	r3, [r1, #16]
ARM GAS  C:\Users\Booster\AppData\Local\Temp\ccYRDURW.s 			page 84


1338:Drivers/STM32G4xx_HAL_Driver/Src/stm32g4xx_hal_fdcan.c **** 
 947              		.loc 1 1338 23 view .LVU331
 948 0022 43EA4272 		orr	r2, r3, r2, lsl #29
 949              	.LVL48:
1341:Drivers/STM32G4xx_HAL_Driver/Src/stm32g4xx_hal_fdcan.c **** 
 950              		.loc 1 1341 7 is_stmt 1 view .LVU332
1341:Drivers/STM32G4xx_HAL_Driver/Src/stm32g4xx_hal_fdcan.c **** 
 951              		.loc 1 1341 76 is_stmt 0 view .LVU333
 952 0026 4B69     		ldr	r3, [r1, #20]
1341:Drivers/STM32G4xx_HAL_Driver/Src/stm32g4xx_hal_fdcan.c **** 
 953              		.loc 1 1341 23 view .LVU334
 954 0028 8C68     		ldr	r4, [r1, #8]
 955 002a 43EA8473 		orr	r3, r3, r4, lsl #30
 956              	.LVL49:
1344:Drivers/STM32G4xx_HAL_Driver/Src/stm32g4xx_hal_fdcan.c **** 
 957              		.loc 1 1344 7 is_stmt 1 view .LVU335
1344:Drivers/STM32G4xx_HAL_Driver/Src/stm32g4xx_hal_fdcan.c **** 
 958              		.loc 1 1344 50 is_stmt 0 view .LVU336
 959 002e 406C     		ldr	r0, [r0, #68]
 960              	.LVL50:
1344:Drivers/STM32G4xx_HAL_Driver/Src/stm32g4xx_hal_fdcan.c **** 
 961              		.loc 1 1344 84 view .LVU337
 962 0030 4968     		ldr	r1, [r1, #4]
 963              	.LVL51:
1344:Drivers/STM32G4xx_HAL_Driver/Src/stm32g4xx_hal_fdcan.c **** 
 964              		.loc 1 1344 68 view .LVU338
 965 0032 00EBC10C 		add	ip, r0, r1, lsl #3
 966              	.LVL52:
1347:Drivers/STM32G4xx_HAL_Driver/Src/stm32g4xx_hal_fdcan.c ****       FilterAddress++;
 967              		.loc 1 1347 7 is_stmt 1 view .LVU339
1347:Drivers/STM32G4xx_HAL_Driver/Src/stm32g4xx_hal_fdcan.c ****       FilterAddress++;
 968              		.loc 1 1347 22 is_stmt 0 view .LVU340
 969 0036 40F83120 		str	r2, [r0, r1, lsl #3]
1348:Drivers/STM32G4xx_HAL_Driver/Src/stm32g4xx_hal_fdcan.c ****       *FilterAddress = FilterElementW2;
 970              		.loc 1 1348 7 is_stmt 1 view .LVU341
 971              	.LVL53:
1349:Drivers/STM32G4xx_HAL_Driver/Src/stm32g4xx_hal_fdcan.c ****     }
 972              		.loc 1 1349 7 view .LVU342
1349:Drivers/STM32G4xx_HAL_Driver/Src/stm32g4xx_hal_fdcan.c ****     }
 973              		.loc 1 1349 22 is_stmt 0 view .LVU343
 974 003a CCF80430 		str	r3, [ip, #4]
1353:Drivers/STM32G4xx_HAL_Driver/Src/stm32g4xx_hal_fdcan.c ****   }
 975              		.loc 1 1353 5 is_stmt 1 view .LVU344
1353:Drivers/STM32G4xx_HAL_Driver/Src/stm32g4xx_hal_fdcan.c ****   }
 976              		.loc 1 1353 12 is_stmt 0 view .LVU345
 977 003e 0020     		movs	r0, #0
1362:Drivers/STM32G4xx_HAL_Driver/Src/stm32g4xx_hal_fdcan.c **** 
 978              		.loc 1 1362 1 view .LVU346
 979 0040 5DF8044B 		ldr	r4, [sp], #4
 980              	.LCFI8:
 981              		.cfi_restore 4
 982              		.cfi_def_cfa_offset 0
 983 0044 7047     		bx	lr
 984              	.LVL54:
 985              	.L72:
1312:Drivers/STM32G4xx_HAL_Driver/Src/stm32g4xx_hal_fdcan.c ****       assert_param(IS_FDCAN_MAX_VALUE(sFilterConfig->FilterID1, 0x7FFU));
 986              		.loc 1 1312 7 is_stmt 1 view .LVU347
ARM GAS  C:\Users\Booster\AppData\Local\Temp\ccYRDURW.s 			page 85


1313:Drivers/STM32G4xx_HAL_Driver/Src/stm32g4xx_hal_fdcan.c ****       assert_param(IS_FDCAN_MAX_VALUE(sFilterConfig->FilterID2, 0x7FFU));
 987              		.loc 1 1313 7 view .LVU348
1314:Drivers/STM32G4xx_HAL_Driver/Src/stm32g4xx_hal_fdcan.c ****       assert_param(IS_FDCAN_STD_FILTER_TYPE(sFilterConfig->FilterType));
 988              		.loc 1 1314 7 view .LVU349
1315:Drivers/STM32G4xx_HAL_Driver/Src/stm32g4xx_hal_fdcan.c **** 
 989              		.loc 1 1315 7 view .LVU350
1318:Drivers/STM32G4xx_HAL_Driver/Src/stm32g4xx_hal_fdcan.c ****                          (sFilterConfig->FilterConfig << 27U) |
 990              		.loc 1 1318 7 view .LVU351
1318:Drivers/STM32G4xx_HAL_Driver/Src/stm32g4xx_hal_fdcan.c ****                          (sFilterConfig->FilterConfig << 27U) |
 991              		.loc 1 1318 40 is_stmt 0 view .LVU352
 992 0046 8A68     		ldr	r2, [r1, #8]
1319:Drivers/STM32G4xx_HAL_Driver/Src/stm32g4xx_hal_fdcan.c ****                          (sFilterConfig->FilterID1 << 16U)    |
 993              		.loc 1 1319 40 view .LVU353
 994 0048 CB68     		ldr	r3, [r1, #12]
1319:Drivers/STM32G4xx_HAL_Driver/Src/stm32g4xx_hal_fdcan.c ****                          (sFilterConfig->FilterID1 << 16U)    |
 995              		.loc 1 1319 55 view .LVU354
 996 004a DB06     		lsls	r3, r3, #27
1318:Drivers/STM32G4xx_HAL_Driver/Src/stm32g4xx_hal_fdcan.c ****                          (sFilterConfig->FilterConfig << 27U) |
 997              		.loc 1 1318 63 view .LVU355
 998 004c 43EA8273 		orr	r3, r3, r2, lsl #30
1320:Drivers/STM32G4xx_HAL_Driver/Src/stm32g4xx_hal_fdcan.c ****                          sFilterConfig->FilterID2);
 999              		.loc 1 1320 40 view .LVU356
 1000 0050 0A69     		ldr	r2, [r1, #16]
1319:Drivers/STM32G4xx_HAL_Driver/Src/stm32g4xx_hal_fdcan.c ****                          (sFilterConfig->FilterID1 << 16U)    |
 1001              		.loc 1 1319 63 view .LVU357
 1002 0052 43EA0243 		orr	r3, r3, r2, lsl #16
1321:Drivers/STM32G4xx_HAL_Driver/Src/stm32g4xx_hal_fdcan.c **** 
 1003              		.loc 1 1321 39 view .LVU358
 1004 0056 4A69     		ldr	r2, [r1, #20]
1318:Drivers/STM32G4xx_HAL_Driver/Src/stm32g4xx_hal_fdcan.c ****                          (sFilterConfig->FilterConfig << 27U) |
 1005              		.loc 1 1318 23 view .LVU359
 1006 0058 1343     		orrs	r3, r3, r2
 1007              	.LVL55:
1324:Drivers/STM32G4xx_HAL_Driver/Src/stm32g4xx_hal_fdcan.c **** 
 1008              		.loc 1 1324 7 is_stmt 1 view .LVU360
1324:Drivers/STM32G4xx_HAL_Driver/Src/stm32g4xx_hal_fdcan.c **** 
 1009              		.loc 1 1324 50 is_stmt 0 view .LVU361
 1010 005a 026C     		ldr	r2, [r0, #64]
1324:Drivers/STM32G4xx_HAL_Driver/Src/stm32g4xx_hal_fdcan.c **** 
 1011              		.loc 1 1324 84 view .LVU362
 1012 005c 4968     		ldr	r1, [r1, #4]
 1013              	.LVL56:
1327:Drivers/STM32G4xx_HAL_Driver/Src/stm32g4xx_hal_fdcan.c ****     }
 1014              		.loc 1 1327 7 is_stmt 1 view .LVU363
1327:Drivers/STM32G4xx_HAL_Driver/Src/stm32g4xx_hal_fdcan.c ****     }
 1015              		.loc 1 1327 22 is_stmt 0 view .LVU364
 1016 005e 42F82130 		str	r3, [r2, r1, lsl #2]
1353:Drivers/STM32G4xx_HAL_Driver/Src/stm32g4xx_hal_fdcan.c ****   }
 1017              		.loc 1 1353 5 is_stmt 1 view .LVU365
1353:Drivers/STM32G4xx_HAL_Driver/Src/stm32g4xx_hal_fdcan.c ****   }
 1018              		.loc 1 1353 12 is_stmt 0 view .LVU366
 1019 0062 0020     		movs	r0, #0
 1020              	.LVL57:
1362:Drivers/STM32G4xx_HAL_Driver/Src/stm32g4xx_hal_fdcan.c **** 
 1021              		.loc 1 1362 1 view .LVU367
 1022 0064 7047     		bx	lr
 1023              		.cfi_endproc
ARM GAS  C:\Users\Booster\AppData\Local\Temp\ccYRDURW.s 			page 86


 1024              	.LFE335:
 1026              		.section	.text.HAL_FDCAN_ConfigGlobalFilter,"ax",%progbits
 1027              		.align	1
 1028              		.global	HAL_FDCAN_ConfigGlobalFilter
 1029              		.syntax unified
 1030              		.thumb
 1031              		.thumb_func
 1033              	HAL_FDCAN_ConfigGlobalFilter:
 1034              	.LVL58:
 1035              	.LFB336:
1385:Drivers/STM32G4xx_HAL_Driver/Src/stm32g4xx_hal_fdcan.c ****   /* Check function parameters */
 1036              		.loc 1 1385 1 is_stmt 1 view -0
 1037              		.cfi_startproc
 1038              		@ args = 4, pretend = 0, frame = 0
 1039              		@ frame_needed = 0, uses_anonymous_args = 0
 1040              		@ link register save eliminated.
1387:Drivers/STM32G4xx_HAL_Driver/Src/stm32g4xx_hal_fdcan.c ****   assert_param(IS_FDCAN_NON_MATCHING(NonMatchingExt));
 1041              		.loc 1 1387 3 view .LVU369
1388:Drivers/STM32G4xx_HAL_Driver/Src/stm32g4xx_hal_fdcan.c ****   assert_param(IS_FDCAN_REJECT_REMOTE(RejectRemoteStd));
 1042              		.loc 1 1388 3 view .LVU370
1389:Drivers/STM32G4xx_HAL_Driver/Src/stm32g4xx_hal_fdcan.c ****   assert_param(IS_FDCAN_REJECT_REMOTE(RejectRemoteExt));
 1043              		.loc 1 1389 3 view .LVU371
1390:Drivers/STM32G4xx_HAL_Driver/Src/stm32g4xx_hal_fdcan.c **** 
 1044              		.loc 1 1390 3 view .LVU372
1392:Drivers/STM32G4xx_HAL_Driver/Src/stm32g4xx_hal_fdcan.c ****   {
 1045              		.loc 1 1392 3 view .LVU373
1392:Drivers/STM32G4xx_HAL_Driver/Src/stm32g4xx_hal_fdcan.c ****   {
 1046              		.loc 1 1392 13 is_stmt 0 view .LVU374
 1047 0000 90F85CC0 		ldrb	ip, [r0, #92]	@ zero_extendqisi2
 1048 0004 5FFA8CFC 		uxtb	ip, ip
1392:Drivers/STM32G4xx_HAL_Driver/Src/stm32g4xx_hal_fdcan.c ****   {
 1049              		.loc 1 1392 6 view .LVU375
 1050 0008 BCF1010F 		cmp	ip, #1
 1051 000c 05D0     		beq	.L81
1410:Drivers/STM32G4xx_HAL_Driver/Src/stm32g4xx_hal_fdcan.c **** 
 1052              		.loc 1 1410 5 is_stmt 1 view .LVU376
1410:Drivers/STM32G4xx_HAL_Driver/Src/stm32g4xx_hal_fdcan.c **** 
 1053              		.loc 1 1410 11 is_stmt 0 view .LVU377
 1054 000e 036E     		ldr	r3, [r0, #96]
 1055              	.LVL59:
1410:Drivers/STM32G4xx_HAL_Driver/Src/stm32g4xx_hal_fdcan.c **** 
 1056              		.loc 1 1410 23 view .LVU378
 1057 0010 43F00403 		orr	r3, r3, #4
 1058 0014 0366     		str	r3, [r0, #96]
1412:Drivers/STM32G4xx_HAL_Driver/Src/stm32g4xx_hal_fdcan.c ****   }
 1059              		.loc 1 1412 5 is_stmt 1 view .LVU379
1412:Drivers/STM32G4xx_HAL_Driver/Src/stm32g4xx_hal_fdcan.c ****   }
 1060              		.loc 1 1412 12 is_stmt 0 view .LVU380
 1061 0016 0120     		movs	r0, #1
 1062              	.LVL60:
1414:Drivers/STM32G4xx_HAL_Driver/Src/stm32g4xx_hal_fdcan.c **** 
 1063              		.loc 1 1414 1 view .LVU381
 1064 0018 7047     		bx	lr
 1065              	.LVL61:
 1066              	.L81:
1385:Drivers/STM32G4xx_HAL_Driver/Src/stm32g4xx_hal_fdcan.c ****   /* Check function parameters */
 1067              		.loc 1 1385 1 view .LVU382
ARM GAS  C:\Users\Booster\AppData\Local\Temp\ccYRDURW.s 			page 87


 1068 001a 10B4     		push	{r4}
 1069              	.LCFI9:
 1070              		.cfi_def_cfa_offset 4
 1071              		.cfi_offset 4, -4
1395:Drivers/STM32G4xx_HAL_Driver/Src/stm32g4xx_hal_fdcan.c ****                                          FDCAN_RXGFC_ANFE |
 1072              		.loc 1 1395 5 is_stmt 1 view .LVU383
 1073 001c 0468     		ldr	r4, [r0]
 1074 001e D4F88000 		ldr	r0, [r4, #128]
 1075              	.LVL62:
1395:Drivers/STM32G4xx_HAL_Driver/Src/stm32g4xx_hal_fdcan.c ****                                          FDCAN_RXGFC_ANFE |
 1076              		.loc 1 1395 5 is_stmt 0 view .LVU384
 1077 0022 20F03F00 		bic	r0, r0, #63
 1078 0026 9200     		lsls	r2, r2, #2
 1079              	.LVL63:
1395:Drivers/STM32G4xx_HAL_Driver/Src/stm32g4xx_hal_fdcan.c ****                                          FDCAN_RXGFC_ANFE |
 1080              		.loc 1 1395 5 view .LVU385
 1081 0028 42EA0112 		orr	r2, r2, r1, lsl #4
 1082 002c 42EA4303 		orr	r3, r2, r3, lsl #1
 1083              	.LVL64:
1395:Drivers/STM32G4xx_HAL_Driver/Src/stm32g4xx_hal_fdcan.c ****                                          FDCAN_RXGFC_ANFE |
 1084              		.loc 1 1395 5 view .LVU386
 1085 0030 019A     		ldr	r2, [sp, #4]
 1086 0032 1A43     		orrs	r2, r2, r3
 1087 0034 0243     		orrs	r2, r2, r0
 1088 0036 C4F88020 		str	r2, [r4, #128]
1405:Drivers/STM32G4xx_HAL_Driver/Src/stm32g4xx_hal_fdcan.c ****   }
 1089              		.loc 1 1405 5 is_stmt 1 view .LVU387
1405:Drivers/STM32G4xx_HAL_Driver/Src/stm32g4xx_hal_fdcan.c ****   }
 1090              		.loc 1 1405 12 is_stmt 0 view .LVU388
 1091 003a 0020     		movs	r0, #0
1414:Drivers/STM32G4xx_HAL_Driver/Src/stm32g4xx_hal_fdcan.c **** 
 1092              		.loc 1 1414 1 view .LVU389
 1093 003c 5DF8044B 		ldr	r4, [sp], #4
 1094              	.LCFI10:
 1095              		.cfi_restore 4
 1096              		.cfi_def_cfa_offset 0
 1097              	.LVL65:
1414:Drivers/STM32G4xx_HAL_Driver/Src/stm32g4xx_hal_fdcan.c **** 
 1098              		.loc 1 1414 1 view .LVU390
 1099 0040 7047     		bx	lr
 1100              		.cfi_endproc
 1101              	.LFE336:
 1103              		.section	.text.HAL_FDCAN_ConfigExtendedIdMask,"ax",%progbits
 1104              		.align	1
 1105              		.global	HAL_FDCAN_ConfigExtendedIdMask
 1106              		.syntax unified
 1107              		.thumb
 1108              		.thumb_func
 1110              	HAL_FDCAN_ConfigExtendedIdMask:
 1111              	.LVL66:
 1112              	.LFB337:
1425:Drivers/STM32G4xx_HAL_Driver/Src/stm32g4xx_hal_fdcan.c ****   /* Check function parameters */
 1113              		.loc 1 1425 1 is_stmt 1 view -0
 1114              		.cfi_startproc
 1115              		@ args = 0, pretend = 0, frame = 0
 1116              		@ frame_needed = 0, uses_anonymous_args = 0
 1117              		@ link register save eliminated.
ARM GAS  C:\Users\Booster\AppData\Local\Temp\ccYRDURW.s 			page 88


1427:Drivers/STM32G4xx_HAL_Driver/Src/stm32g4xx_hal_fdcan.c **** 
 1118              		.loc 1 1427 3 view .LVU392
1429:Drivers/STM32G4xx_HAL_Driver/Src/stm32g4xx_hal_fdcan.c ****   {
 1119              		.loc 1 1429 3 view .LVU393
1429:Drivers/STM32G4xx_HAL_Driver/Src/stm32g4xx_hal_fdcan.c ****   {
 1120              		.loc 1 1429 13 is_stmt 0 view .LVU394
 1121 0000 90F85C30 		ldrb	r3, [r0, #92]	@ zero_extendqisi2
 1122 0004 DBB2     		uxtb	r3, r3
1429:Drivers/STM32G4xx_HAL_Driver/Src/stm32g4xx_hal_fdcan.c ****   {
 1123              		.loc 1 1429 6 view .LVU395
 1124 0006 012B     		cmp	r3, #1
 1125 0008 05D0     		beq	.L85
1440:Drivers/STM32G4xx_HAL_Driver/Src/stm32g4xx_hal_fdcan.c **** 
 1126              		.loc 1 1440 5 is_stmt 1 view .LVU396
1440:Drivers/STM32G4xx_HAL_Driver/Src/stm32g4xx_hal_fdcan.c **** 
 1127              		.loc 1 1440 11 is_stmt 0 view .LVU397
 1128 000a 036E     		ldr	r3, [r0, #96]
1440:Drivers/STM32G4xx_HAL_Driver/Src/stm32g4xx_hal_fdcan.c **** 
 1129              		.loc 1 1440 23 view .LVU398
 1130 000c 43F00403 		orr	r3, r3, #4
 1131 0010 0366     		str	r3, [r0, #96]
1442:Drivers/STM32G4xx_HAL_Driver/Src/stm32g4xx_hal_fdcan.c ****   }
 1132              		.loc 1 1442 5 is_stmt 1 view .LVU399
1442:Drivers/STM32G4xx_HAL_Driver/Src/stm32g4xx_hal_fdcan.c ****   }
 1133              		.loc 1 1442 12 is_stmt 0 view .LVU400
 1134 0012 0120     		movs	r0, #1
 1135              	.LVL67:
1444:Drivers/STM32G4xx_HAL_Driver/Src/stm32g4xx_hal_fdcan.c **** 
 1136              		.loc 1 1444 1 view .LVU401
 1137 0014 7047     		bx	lr
 1138              	.LVL68:
 1139              	.L85:
1432:Drivers/STM32G4xx_HAL_Driver/Src/stm32g4xx_hal_fdcan.c **** 
 1140              		.loc 1 1432 5 is_stmt 1 view .LVU402
1432:Drivers/STM32G4xx_HAL_Driver/Src/stm32g4xx_hal_fdcan.c **** 
 1141              		.loc 1 1432 11 is_stmt 0 view .LVU403
 1142 0016 0368     		ldr	r3, [r0]
1432:Drivers/STM32G4xx_HAL_Driver/Src/stm32g4xx_hal_fdcan.c **** 
 1143              		.loc 1 1432 29 view .LVU404
 1144 0018 C3F88410 		str	r1, [r3, #132]
1435:Drivers/STM32G4xx_HAL_Driver/Src/stm32g4xx_hal_fdcan.c ****   }
 1145              		.loc 1 1435 5 is_stmt 1 view .LVU405
1435:Drivers/STM32G4xx_HAL_Driver/Src/stm32g4xx_hal_fdcan.c ****   }
 1146              		.loc 1 1435 12 is_stmt 0 view .LVU406
 1147 001c 0020     		movs	r0, #0
 1148              	.LVL69:
1435:Drivers/STM32G4xx_HAL_Driver/Src/stm32g4xx_hal_fdcan.c ****   }
 1149              		.loc 1 1435 12 view .LVU407
 1150 001e 7047     		bx	lr
 1151              		.cfi_endproc
 1152              	.LFE337:
 1154              		.section	.text.HAL_FDCAN_ConfigRxFifoOverwrite,"ax",%progbits
 1155              		.align	1
 1156              		.global	HAL_FDCAN_ConfigRxFifoOverwrite
 1157              		.syntax unified
 1158              		.thumb
 1159              		.thumb_func
ARM GAS  C:\Users\Booster\AppData\Local\Temp\ccYRDURW.s 			page 89


 1161              	HAL_FDCAN_ConfigRxFifoOverwrite:
 1162              	.LVL70:
 1163              	.LFB338:
1459:Drivers/STM32G4xx_HAL_Driver/Src/stm32g4xx_hal_fdcan.c ****   /* Check function parameters */
 1164              		.loc 1 1459 1 is_stmt 1 view -0
 1165              		.cfi_startproc
 1166              		@ args = 0, pretend = 0, frame = 0
 1167              		@ frame_needed = 0, uses_anonymous_args = 0
 1168              		@ link register save eliminated.
1461:Drivers/STM32G4xx_HAL_Driver/Src/stm32g4xx_hal_fdcan.c ****   assert_param(IS_FDCAN_RX_FIFO_MODE(OperationMode));
 1169              		.loc 1 1461 3 view .LVU409
1462:Drivers/STM32G4xx_HAL_Driver/Src/stm32g4xx_hal_fdcan.c **** 
 1170              		.loc 1 1462 3 view .LVU410
1464:Drivers/STM32G4xx_HAL_Driver/Src/stm32g4xx_hal_fdcan.c ****   {
 1171              		.loc 1 1464 3 view .LVU411
1464:Drivers/STM32G4xx_HAL_Driver/Src/stm32g4xx_hal_fdcan.c ****   {
 1172              		.loc 1 1464 13 is_stmt 0 view .LVU412
 1173 0000 90F85C30 		ldrb	r3, [r0, #92]	@ zero_extendqisi2
 1174 0004 DBB2     		uxtb	r3, r3
1464:Drivers/STM32G4xx_HAL_Driver/Src/stm32g4xx_hal_fdcan.c ****   {
 1175              		.loc 1 1464 6 view .LVU413
 1176 0006 012B     		cmp	r3, #1
 1177 0008 05D0     		beq	.L91
1483:Drivers/STM32G4xx_HAL_Driver/Src/stm32g4xx_hal_fdcan.c **** 
 1178              		.loc 1 1483 5 is_stmt 1 view .LVU414
1483:Drivers/STM32G4xx_HAL_Driver/Src/stm32g4xx_hal_fdcan.c **** 
 1179              		.loc 1 1483 11 is_stmt 0 view .LVU415
 1180 000a 036E     		ldr	r3, [r0, #96]
1483:Drivers/STM32G4xx_HAL_Driver/Src/stm32g4xx_hal_fdcan.c **** 
 1181              		.loc 1 1483 23 view .LVU416
 1182 000c 43F00403 		orr	r3, r3, #4
 1183 0010 0366     		str	r3, [r0, #96]
1485:Drivers/STM32G4xx_HAL_Driver/Src/stm32g4xx_hal_fdcan.c ****   }
 1184              		.loc 1 1485 5 is_stmt 1 view .LVU417
1485:Drivers/STM32G4xx_HAL_Driver/Src/stm32g4xx_hal_fdcan.c ****   }
 1185              		.loc 1 1485 12 is_stmt 0 view .LVU418
 1186 0012 0120     		movs	r0, #1
 1187              	.LVL71:
1487:Drivers/STM32G4xx_HAL_Driver/Src/stm32g4xx_hal_fdcan.c **** 
 1188              		.loc 1 1487 1 view .LVU419
 1189 0014 7047     		bx	lr
 1190              	.LVL72:
 1191              	.L91:
1466:Drivers/STM32G4xx_HAL_Driver/Src/stm32g4xx_hal_fdcan.c ****     {
 1192              		.loc 1 1466 5 is_stmt 1 view .LVU420
1466:Drivers/STM32G4xx_HAL_Driver/Src/stm32g4xx_hal_fdcan.c ****     {
 1193              		.loc 1 1466 8 is_stmt 0 view .LVU421
 1194 0016 4029     		cmp	r1, #64
 1195 0018 0AD0     		beq	.L92
1474:Drivers/STM32G4xx_HAL_Driver/Src/stm32g4xx_hal_fdcan.c ****     }
 1196              		.loc 1 1474 7 is_stmt 1 view .LVU422
 1197 001a 0168     		ldr	r1, [r0]
 1198              	.LVL73:
1474:Drivers/STM32G4xx_HAL_Driver/Src/stm32g4xx_hal_fdcan.c ****     }
 1199              		.loc 1 1474 7 is_stmt 0 view .LVU423
 1200 001c D1F88030 		ldr	r3, [r1, #128]
 1201 0020 23F48073 		bic	r3, r3, #256
ARM GAS  C:\Users\Booster\AppData\Local\Temp\ccYRDURW.s 			page 90


 1202 0024 43EA0223 		orr	r3, r3, r2, lsl #8
 1203 0028 C1F88030 		str	r3, [r1, #128]
 1204              	.L89:
1478:Drivers/STM32G4xx_HAL_Driver/Src/stm32g4xx_hal_fdcan.c ****   }
 1205              		.loc 1 1478 5 is_stmt 1 view .LVU424
1478:Drivers/STM32G4xx_HAL_Driver/Src/stm32g4xx_hal_fdcan.c ****   }
 1206              		.loc 1 1478 12 is_stmt 0 view .LVU425
 1207 002c 0020     		movs	r0, #0
 1208              	.LVL74:
1478:Drivers/STM32G4xx_HAL_Driver/Src/stm32g4xx_hal_fdcan.c ****   }
 1209              		.loc 1 1478 12 view .LVU426
 1210 002e 7047     		bx	lr
 1211              	.LVL75:
 1212              	.L92:
1469:Drivers/STM32G4xx_HAL_Driver/Src/stm32g4xx_hal_fdcan.c ****     }
 1213              		.loc 1 1469 7 is_stmt 1 view .LVU427
 1214 0030 0168     		ldr	r1, [r0]
 1215              	.LVL76:
1469:Drivers/STM32G4xx_HAL_Driver/Src/stm32g4xx_hal_fdcan.c ****     }
 1216              		.loc 1 1469 7 is_stmt 0 view .LVU428
 1217 0032 D1F88030 		ldr	r3, [r1, #128]
 1218 0036 23F40073 		bic	r3, r3, #512
 1219 003a 43EA4223 		orr	r3, r3, r2, lsl #9
 1220 003e C1F88030 		str	r3, [r1, #128]
 1221 0042 F3E7     		b	.L89
 1222              		.cfi_endproc
 1223              	.LFE338:
 1225              		.section	.text.HAL_FDCAN_ConfigRamWatchdog,"ax",%progbits
 1226              		.align	1
 1227              		.global	HAL_FDCAN_ConfigRamWatchdog
 1228              		.syntax unified
 1229              		.thumb
 1230              		.thumb_func
 1232              	HAL_FDCAN_ConfigRamWatchdog:
 1233              	.LVL77:
 1234              	.LFB339:
1499:Drivers/STM32G4xx_HAL_Driver/Src/stm32g4xx_hal_fdcan.c ****   /* Check function parameters */
 1235              		.loc 1 1499 1 is_stmt 1 view -0
 1236              		.cfi_startproc
 1237              		@ args = 0, pretend = 0, frame = 0
 1238              		@ frame_needed = 0, uses_anonymous_args = 0
 1239              		@ link register save eliminated.
1501:Drivers/STM32G4xx_HAL_Driver/Src/stm32g4xx_hal_fdcan.c **** 
 1240              		.loc 1 1501 3 view .LVU430
1503:Drivers/STM32G4xx_HAL_Driver/Src/stm32g4xx_hal_fdcan.c ****   {
 1241              		.loc 1 1503 3 view .LVU431
1503:Drivers/STM32G4xx_HAL_Driver/Src/stm32g4xx_hal_fdcan.c ****   {
 1242              		.loc 1 1503 13 is_stmt 0 view .LVU432
 1243 0000 90F85C30 		ldrb	r3, [r0, #92]	@ zero_extendqisi2
 1244 0004 DBB2     		uxtb	r3, r3
1503:Drivers/STM32G4xx_HAL_Driver/Src/stm32g4xx_hal_fdcan.c ****   {
 1245              		.loc 1 1503 6 view .LVU433
 1246 0006 012B     		cmp	r3, #1
 1247 0008 05D0     		beq	.L96
1514:Drivers/STM32G4xx_HAL_Driver/Src/stm32g4xx_hal_fdcan.c **** 
 1248              		.loc 1 1514 5 is_stmt 1 view .LVU434
1514:Drivers/STM32G4xx_HAL_Driver/Src/stm32g4xx_hal_fdcan.c **** 
ARM GAS  C:\Users\Booster\AppData\Local\Temp\ccYRDURW.s 			page 91


 1249              		.loc 1 1514 11 is_stmt 0 view .LVU435
 1250 000a 036E     		ldr	r3, [r0, #96]
1514:Drivers/STM32G4xx_HAL_Driver/Src/stm32g4xx_hal_fdcan.c **** 
 1251              		.loc 1 1514 23 view .LVU436
 1252 000c 43F00403 		orr	r3, r3, #4
 1253 0010 0366     		str	r3, [r0, #96]
1516:Drivers/STM32G4xx_HAL_Driver/Src/stm32g4xx_hal_fdcan.c ****   }
 1254              		.loc 1 1516 5 is_stmt 1 view .LVU437
1516:Drivers/STM32G4xx_HAL_Driver/Src/stm32g4xx_hal_fdcan.c ****   }
 1255              		.loc 1 1516 12 is_stmt 0 view .LVU438
 1256 0012 0120     		movs	r0, #1
 1257              	.LVL78:
1518:Drivers/STM32G4xx_HAL_Driver/Src/stm32g4xx_hal_fdcan.c **** 
 1258              		.loc 1 1518 1 view .LVU439
 1259 0014 7047     		bx	lr
 1260              	.LVL79:
 1261              	.L96:
1506:Drivers/STM32G4xx_HAL_Driver/Src/stm32g4xx_hal_fdcan.c **** 
 1262              		.loc 1 1506 5 is_stmt 1 view .LVU440
 1263 0016 0268     		ldr	r2, [r0]
 1264 0018 5369     		ldr	r3, [r2, #20]
 1265 001a 23F0FF03 		bic	r3, r3, #255
 1266 001e 0B43     		orrs	r3, r3, r1
 1267 0020 5361     		str	r3, [r2, #20]
1509:Drivers/STM32G4xx_HAL_Driver/Src/stm32g4xx_hal_fdcan.c ****   }
 1268              		.loc 1 1509 5 view .LVU441
1509:Drivers/STM32G4xx_HAL_Driver/Src/stm32g4xx_hal_fdcan.c ****   }
 1269              		.loc 1 1509 12 is_stmt 0 view .LVU442
 1270 0022 0020     		movs	r0, #0
 1271              	.LVL80:
1509:Drivers/STM32G4xx_HAL_Driver/Src/stm32g4xx_hal_fdcan.c ****   }
 1272              		.loc 1 1509 12 view .LVU443
 1273 0024 7047     		bx	lr
 1274              		.cfi_endproc
 1275              	.LFE339:
 1277              		.section	.text.HAL_FDCAN_ConfigTimestampCounter,"ax",%progbits
 1278              		.align	1
 1279              		.global	HAL_FDCAN_ConfigTimestampCounter
 1280              		.syntax unified
 1281              		.thumb
 1282              		.thumb_func
 1284              	HAL_FDCAN_ConfigTimestampCounter:
 1285              	.LVL81:
 1286              	.LFB340:
1529:Drivers/STM32G4xx_HAL_Driver/Src/stm32g4xx_hal_fdcan.c ****   /* Check function parameters */
 1287              		.loc 1 1529 1 is_stmt 1 view -0
 1288              		.cfi_startproc
 1289              		@ args = 0, pretend = 0, frame = 0
 1290              		@ frame_needed = 0, uses_anonymous_args = 0
 1291              		@ link register save eliminated.
1531:Drivers/STM32G4xx_HAL_Driver/Src/stm32g4xx_hal_fdcan.c **** 
 1292              		.loc 1 1531 3 view .LVU445
1533:Drivers/STM32G4xx_HAL_Driver/Src/stm32g4xx_hal_fdcan.c ****   {
 1293              		.loc 1 1533 3 view .LVU446
1533:Drivers/STM32G4xx_HAL_Driver/Src/stm32g4xx_hal_fdcan.c ****   {
 1294              		.loc 1 1533 13 is_stmt 0 view .LVU447
 1295 0000 90F85C30 		ldrb	r3, [r0, #92]	@ zero_extendqisi2
ARM GAS  C:\Users\Booster\AppData\Local\Temp\ccYRDURW.s 			page 92


 1296 0004 DBB2     		uxtb	r3, r3
1533:Drivers/STM32G4xx_HAL_Driver/Src/stm32g4xx_hal_fdcan.c ****   {
 1297              		.loc 1 1533 6 view .LVU448
 1298 0006 012B     		cmp	r3, #1
 1299 0008 05D0     		beq	.L100
1544:Drivers/STM32G4xx_HAL_Driver/Src/stm32g4xx_hal_fdcan.c **** 
 1300              		.loc 1 1544 5 is_stmt 1 view .LVU449
1544:Drivers/STM32G4xx_HAL_Driver/Src/stm32g4xx_hal_fdcan.c **** 
 1301              		.loc 1 1544 11 is_stmt 0 view .LVU450
 1302 000a 036E     		ldr	r3, [r0, #96]
1544:Drivers/STM32G4xx_HAL_Driver/Src/stm32g4xx_hal_fdcan.c **** 
 1303              		.loc 1 1544 23 view .LVU451
 1304 000c 43F00403 		orr	r3, r3, #4
 1305 0010 0366     		str	r3, [r0, #96]
1546:Drivers/STM32G4xx_HAL_Driver/Src/stm32g4xx_hal_fdcan.c ****   }
 1306              		.loc 1 1546 5 is_stmt 1 view .LVU452
1546:Drivers/STM32G4xx_HAL_Driver/Src/stm32g4xx_hal_fdcan.c ****   }
 1307              		.loc 1 1546 12 is_stmt 0 view .LVU453
 1308 0012 0120     		movs	r0, #1
 1309              	.LVL82:
1548:Drivers/STM32G4xx_HAL_Driver/Src/stm32g4xx_hal_fdcan.c **** 
 1310              		.loc 1 1548 1 view .LVU454
 1311 0014 7047     		bx	lr
 1312              	.LVL83:
 1313              	.L100:
1536:Drivers/STM32G4xx_HAL_Driver/Src/stm32g4xx_hal_fdcan.c **** 
 1314              		.loc 1 1536 5 is_stmt 1 view .LVU455
 1315 0016 0268     		ldr	r2, [r0]
 1316 0018 136A     		ldr	r3, [r2, #32]
 1317 001a 23F47023 		bic	r3, r3, #983040
 1318 001e 0B43     		orrs	r3, r3, r1
 1319 0020 1362     		str	r3, [r2, #32]
1539:Drivers/STM32G4xx_HAL_Driver/Src/stm32g4xx_hal_fdcan.c ****   }
 1320              		.loc 1 1539 5 view .LVU456
1539:Drivers/STM32G4xx_HAL_Driver/Src/stm32g4xx_hal_fdcan.c ****   }
 1321              		.loc 1 1539 12 is_stmt 0 view .LVU457
 1322 0022 0020     		movs	r0, #0
 1323              	.LVL84:
1539:Drivers/STM32G4xx_HAL_Driver/Src/stm32g4xx_hal_fdcan.c ****   }
 1324              		.loc 1 1539 12 view .LVU458
 1325 0024 7047     		bx	lr
 1326              		.cfi_endproc
 1327              	.LFE340:
 1329              		.section	.text.HAL_FDCAN_EnableTimestampCounter,"ax",%progbits
 1330              		.align	1
 1331              		.global	HAL_FDCAN_EnableTimestampCounter
 1332              		.syntax unified
 1333              		.thumb
 1334              		.thumb_func
 1336              	HAL_FDCAN_EnableTimestampCounter:
 1337              	.LVL85:
 1338              	.LFB341:
1559:Drivers/STM32G4xx_HAL_Driver/Src/stm32g4xx_hal_fdcan.c ****   /* Check function parameters */
 1339              		.loc 1 1559 1 is_stmt 1 view -0
 1340              		.cfi_startproc
 1341              		@ args = 0, pretend = 0, frame = 0
 1342              		@ frame_needed = 0, uses_anonymous_args = 0
ARM GAS  C:\Users\Booster\AppData\Local\Temp\ccYRDURW.s 			page 93


 1343              		@ link register save eliminated.
1561:Drivers/STM32G4xx_HAL_Driver/Src/stm32g4xx_hal_fdcan.c **** 
 1344              		.loc 1 1561 3 view .LVU460
1563:Drivers/STM32G4xx_HAL_Driver/Src/stm32g4xx_hal_fdcan.c ****   {
 1345              		.loc 1 1563 3 view .LVU461
1563:Drivers/STM32G4xx_HAL_Driver/Src/stm32g4xx_hal_fdcan.c ****   {
 1346              		.loc 1 1563 13 is_stmt 0 view .LVU462
 1347 0000 90F85C30 		ldrb	r3, [r0, #92]	@ zero_extendqisi2
 1348 0004 DBB2     		uxtb	r3, r3
1563:Drivers/STM32G4xx_HAL_Driver/Src/stm32g4xx_hal_fdcan.c ****   {
 1349              		.loc 1 1563 6 view .LVU463
 1350 0006 012B     		cmp	r3, #1
 1351 0008 05D0     		beq	.L104
1574:Drivers/STM32G4xx_HAL_Driver/Src/stm32g4xx_hal_fdcan.c **** 
 1352              		.loc 1 1574 5 is_stmt 1 view .LVU464
1574:Drivers/STM32G4xx_HAL_Driver/Src/stm32g4xx_hal_fdcan.c **** 
 1353              		.loc 1 1574 11 is_stmt 0 view .LVU465
 1354 000a 036E     		ldr	r3, [r0, #96]
1574:Drivers/STM32G4xx_HAL_Driver/Src/stm32g4xx_hal_fdcan.c **** 
 1355              		.loc 1 1574 23 view .LVU466
 1356 000c 43F00403 		orr	r3, r3, #4
 1357 0010 0366     		str	r3, [r0, #96]
1576:Drivers/STM32G4xx_HAL_Driver/Src/stm32g4xx_hal_fdcan.c ****   }
 1358              		.loc 1 1576 5 is_stmt 1 view .LVU467
1576:Drivers/STM32G4xx_HAL_Driver/Src/stm32g4xx_hal_fdcan.c ****   }
 1359              		.loc 1 1576 12 is_stmt 0 view .LVU468
 1360 0012 0120     		movs	r0, #1
 1361              	.LVL86:
1578:Drivers/STM32G4xx_HAL_Driver/Src/stm32g4xx_hal_fdcan.c **** 
 1362              		.loc 1 1578 1 view .LVU469
 1363 0014 7047     		bx	lr
 1364              	.LVL87:
 1365              	.L104:
1566:Drivers/STM32G4xx_HAL_Driver/Src/stm32g4xx_hal_fdcan.c **** 
 1366              		.loc 1 1566 5 is_stmt 1 view .LVU470
 1367 0016 0268     		ldr	r2, [r0]
 1368 0018 136A     		ldr	r3, [r2, #32]
 1369 001a 23F00303 		bic	r3, r3, #3
 1370 001e 0B43     		orrs	r3, r3, r1
 1371 0020 1362     		str	r3, [r2, #32]
1569:Drivers/STM32G4xx_HAL_Driver/Src/stm32g4xx_hal_fdcan.c ****   }
 1372              		.loc 1 1569 5 view .LVU471
1569:Drivers/STM32G4xx_HAL_Driver/Src/stm32g4xx_hal_fdcan.c ****   }
 1373              		.loc 1 1569 12 is_stmt 0 view .LVU472
 1374 0022 0020     		movs	r0, #0
 1375              	.LVL88:
1569:Drivers/STM32G4xx_HAL_Driver/Src/stm32g4xx_hal_fdcan.c ****   }
 1376              		.loc 1 1569 12 view .LVU473
 1377 0024 7047     		bx	lr
 1378              		.cfi_endproc
 1379              	.LFE341:
 1381              		.section	.text.HAL_FDCAN_DisableTimestampCounter,"ax",%progbits
 1382              		.align	1
 1383              		.global	HAL_FDCAN_DisableTimestampCounter
 1384              		.syntax unified
 1385              		.thumb
 1386              		.thumb_func
ARM GAS  C:\Users\Booster\AppData\Local\Temp\ccYRDURW.s 			page 94


 1388              	HAL_FDCAN_DisableTimestampCounter:
 1389              	.LVL89:
 1390              	.LFB342:
1587:Drivers/STM32G4xx_HAL_Driver/Src/stm32g4xx_hal_fdcan.c ****   if (hfdcan->State == HAL_FDCAN_STATE_READY)
 1391              		.loc 1 1587 1 is_stmt 1 view -0
 1392              		.cfi_startproc
 1393              		@ args = 0, pretend = 0, frame = 0
 1394              		@ frame_needed = 0, uses_anonymous_args = 0
 1395              		@ link register save eliminated.
1588:Drivers/STM32G4xx_HAL_Driver/Src/stm32g4xx_hal_fdcan.c ****   {
 1396              		.loc 1 1588 3 view .LVU475
1588:Drivers/STM32G4xx_HAL_Driver/Src/stm32g4xx_hal_fdcan.c ****   {
 1397              		.loc 1 1588 13 is_stmt 0 view .LVU476
 1398 0000 90F85C30 		ldrb	r3, [r0, #92]	@ zero_extendqisi2
 1399 0004 DBB2     		uxtb	r3, r3
1588:Drivers/STM32G4xx_HAL_Driver/Src/stm32g4xx_hal_fdcan.c ****   {
 1400              		.loc 1 1588 6 view .LVU477
 1401 0006 012B     		cmp	r3, #1
 1402 0008 05D0     		beq	.L108
1599:Drivers/STM32G4xx_HAL_Driver/Src/stm32g4xx_hal_fdcan.c **** 
 1403              		.loc 1 1599 5 is_stmt 1 view .LVU478
1599:Drivers/STM32G4xx_HAL_Driver/Src/stm32g4xx_hal_fdcan.c **** 
 1404              		.loc 1 1599 11 is_stmt 0 view .LVU479
 1405 000a 036E     		ldr	r3, [r0, #96]
1599:Drivers/STM32G4xx_HAL_Driver/Src/stm32g4xx_hal_fdcan.c **** 
 1406              		.loc 1 1599 23 view .LVU480
 1407 000c 43F00403 		orr	r3, r3, #4
 1408 0010 0366     		str	r3, [r0, #96]
1601:Drivers/STM32G4xx_HAL_Driver/Src/stm32g4xx_hal_fdcan.c ****   }
 1409              		.loc 1 1601 5 is_stmt 1 view .LVU481
1601:Drivers/STM32G4xx_HAL_Driver/Src/stm32g4xx_hal_fdcan.c ****   }
 1410              		.loc 1 1601 12 is_stmt 0 view .LVU482
 1411 0012 0120     		movs	r0, #1
 1412              	.LVL90:
1603:Drivers/STM32G4xx_HAL_Driver/Src/stm32g4xx_hal_fdcan.c **** 
 1413              		.loc 1 1603 1 view .LVU483
 1414 0014 7047     		bx	lr
 1415              	.LVL91:
 1416              	.L108:
1591:Drivers/STM32G4xx_HAL_Driver/Src/stm32g4xx_hal_fdcan.c **** 
 1417              		.loc 1 1591 5 is_stmt 1 view .LVU484
 1418 0016 0268     		ldr	r2, [r0]
 1419 0018 136A     		ldr	r3, [r2, #32]
 1420 001a 23F00303 		bic	r3, r3, #3
 1421 001e 1362     		str	r3, [r2, #32]
1594:Drivers/STM32G4xx_HAL_Driver/Src/stm32g4xx_hal_fdcan.c ****   }
 1422              		.loc 1 1594 5 view .LVU485
1594:Drivers/STM32G4xx_HAL_Driver/Src/stm32g4xx_hal_fdcan.c ****   }
 1423              		.loc 1 1594 12 is_stmt 0 view .LVU486
 1424 0020 0020     		movs	r0, #0
 1425              	.LVL92:
1594:Drivers/STM32G4xx_HAL_Driver/Src/stm32g4xx_hal_fdcan.c ****   }
 1426              		.loc 1 1594 12 view .LVU487
 1427 0022 7047     		bx	lr
 1428              		.cfi_endproc
 1429              	.LFE342:
 1431              		.section	.text.HAL_FDCAN_GetTimestampCounter,"ax",%progbits
ARM GAS  C:\Users\Booster\AppData\Local\Temp\ccYRDURW.s 			page 95


 1432              		.align	1
 1433              		.global	HAL_FDCAN_GetTimestampCounter
 1434              		.syntax unified
 1435              		.thumb
 1436              		.thumb_func
 1438              	HAL_FDCAN_GetTimestampCounter:
 1439              	.LVL93:
 1440              	.LFB343:
1612:Drivers/STM32G4xx_HAL_Driver/Src/stm32g4xx_hal_fdcan.c ****   return (uint16_t)(hfdcan->Instance->TSCV);
 1441              		.loc 1 1612 1 is_stmt 1 view -0
 1442              		.cfi_startproc
 1443              		@ args = 0, pretend = 0, frame = 0
 1444              		@ frame_needed = 0, uses_anonymous_args = 0
 1445              		@ link register save eliminated.
1613:Drivers/STM32G4xx_HAL_Driver/Src/stm32g4xx_hal_fdcan.c **** }
 1446              		.loc 1 1613 3 view .LVU489
1613:Drivers/STM32G4xx_HAL_Driver/Src/stm32g4xx_hal_fdcan.c **** }
 1447              		.loc 1 1613 27 is_stmt 0 view .LVU490
 1448 0000 0368     		ldr	r3, [r0]
1613:Drivers/STM32G4xx_HAL_Driver/Src/stm32g4xx_hal_fdcan.c **** }
 1449              		.loc 1 1613 37 view .LVU491
 1450 0002 586A     		ldr	r0, [r3, #36]
 1451              	.LVL94:
1614:Drivers/STM32G4xx_HAL_Driver/Src/stm32g4xx_hal_fdcan.c **** 
 1452              		.loc 1 1614 1 view .LVU492
 1453 0004 80B2     		uxth	r0, r0
 1454 0006 7047     		bx	lr
 1455              		.cfi_endproc
 1456              	.LFE343:
 1458              		.section	.text.HAL_FDCAN_ResetTimestampCounter,"ax",%progbits
 1459              		.align	1
 1460              		.global	HAL_FDCAN_ResetTimestampCounter
 1461              		.syntax unified
 1462              		.thumb
 1463              		.thumb_func
 1465              	HAL_FDCAN_ResetTimestampCounter:
 1466              	.LVL95:
 1467              	.LFB344:
1623:Drivers/STM32G4xx_HAL_Driver/Src/stm32g4xx_hal_fdcan.c ****   if ((hfdcan->Instance->TSCC & FDCAN_TSCC_TSS) != FDCAN_TIMESTAMP_EXTERNAL)
 1468              		.loc 1 1623 1 is_stmt 1 view -0
 1469              		.cfi_startproc
 1470              		@ args = 0, pretend = 0, frame = 0
 1471              		@ frame_needed = 0, uses_anonymous_args = 0
 1472              		@ link register save eliminated.
1624:Drivers/STM32G4xx_HAL_Driver/Src/stm32g4xx_hal_fdcan.c ****   {
 1473              		.loc 1 1624 3 view .LVU494
1624:Drivers/STM32G4xx_HAL_Driver/Src/stm32g4xx_hal_fdcan.c ****   {
 1474              		.loc 1 1624 14 is_stmt 0 view .LVU495
 1475 0000 0268     		ldr	r2, [r0]
1624:Drivers/STM32G4xx_HAL_Driver/Src/stm32g4xx_hal_fdcan.c ****   {
 1476              		.loc 1 1624 24 view .LVU496
 1477 0002 136A     		ldr	r3, [r2, #32]
1624:Drivers/STM32G4xx_HAL_Driver/Src/stm32g4xx_hal_fdcan.c ****   {
 1478              		.loc 1 1624 31 view .LVU497
 1479 0004 03F00303 		and	r3, r3, #3
1624:Drivers/STM32G4xx_HAL_Driver/Src/stm32g4xx_hal_fdcan.c ****   {
 1480              		.loc 1 1624 6 view .LVU498
ARM GAS  C:\Users\Booster\AppData\Local\Temp\ccYRDURW.s 			page 96


 1481 0008 022B     		cmp	r3, #2
 1482 000a 02D0     		beq	.L111
1628:Drivers/STM32G4xx_HAL_Driver/Src/stm32g4xx_hal_fdcan.c ****   }
 1483              		.loc 1 1628 5 is_stmt 1 view .LVU499
 1484 000c 0020     		movs	r0, #0
 1485              	.LVL96:
1628:Drivers/STM32G4xx_HAL_Driver/Src/stm32g4xx_hal_fdcan.c ****   }
 1486              		.loc 1 1628 5 is_stmt 0 view .LVU500
 1487 000e 5062     		str	r0, [r2, #36]
1640:Drivers/STM32G4xx_HAL_Driver/Src/stm32g4xx_hal_fdcan.c **** }
 1488              		.loc 1 1640 3 is_stmt 1 view .LVU501
1640:Drivers/STM32G4xx_HAL_Driver/Src/stm32g4xx_hal_fdcan.c **** }
 1489              		.loc 1 1640 10 is_stmt 0 view .LVU502
 1490 0010 7047     		bx	lr
 1491              	.LVL97:
 1492              	.L111:
1634:Drivers/STM32G4xx_HAL_Driver/Src/stm32g4xx_hal_fdcan.c **** 
 1493              		.loc 1 1634 5 is_stmt 1 view .LVU503
1634:Drivers/STM32G4xx_HAL_Driver/Src/stm32g4xx_hal_fdcan.c **** 
 1494              		.loc 1 1634 11 is_stmt 0 view .LVU504
 1495 0012 036E     		ldr	r3, [r0, #96]
1634:Drivers/STM32G4xx_HAL_Driver/Src/stm32g4xx_hal_fdcan.c **** 
 1496              		.loc 1 1634 23 view .LVU505
 1497 0014 43F01003 		orr	r3, r3, #16
 1498 0018 0366     		str	r3, [r0, #96]
1636:Drivers/STM32G4xx_HAL_Driver/Src/stm32g4xx_hal_fdcan.c ****   }
 1499              		.loc 1 1636 5 is_stmt 1 view .LVU506
1636:Drivers/STM32G4xx_HAL_Driver/Src/stm32g4xx_hal_fdcan.c ****   }
 1500              		.loc 1 1636 12 is_stmt 0 view .LVU507
 1501 001a 0120     		movs	r0, #1
 1502              	.LVL98:
1641:Drivers/STM32G4xx_HAL_Driver/Src/stm32g4xx_hal_fdcan.c **** 
 1503              		.loc 1 1641 1 view .LVU508
 1504 001c 7047     		bx	lr
 1505              		.cfi_endproc
 1506              	.LFE344:
 1508              		.section	.text.HAL_FDCAN_ConfigTimeoutCounter,"ax",%progbits
 1509              		.align	1
 1510              		.global	HAL_FDCAN_ConfigTimeoutCounter
 1511              		.syntax unified
 1512              		.thumb
 1513              		.thumb_func
 1515              	HAL_FDCAN_ConfigTimeoutCounter:
 1516              	.LVL99:
 1517              	.LFB345:
1655:Drivers/STM32G4xx_HAL_Driver/Src/stm32g4xx_hal_fdcan.c ****   /* Check function parameters */
 1518              		.loc 1 1655 1 is_stmt 1 view -0
 1519              		.cfi_startproc
 1520              		@ args = 0, pretend = 0, frame = 0
 1521              		@ frame_needed = 0, uses_anonymous_args = 0
 1522              		@ link register save eliminated.
1657:Drivers/STM32G4xx_HAL_Driver/Src/stm32g4xx_hal_fdcan.c ****   assert_param(IS_FDCAN_MAX_VALUE(TimeoutPeriod, 0xFFFFU));
 1523              		.loc 1 1657 3 view .LVU510
1658:Drivers/STM32G4xx_HAL_Driver/Src/stm32g4xx_hal_fdcan.c **** 
 1524              		.loc 1 1658 3 view .LVU511
1660:Drivers/STM32G4xx_HAL_Driver/Src/stm32g4xx_hal_fdcan.c ****   {
 1525              		.loc 1 1660 3 view .LVU512
ARM GAS  C:\Users\Booster\AppData\Local\Temp\ccYRDURW.s 			page 97


1660:Drivers/STM32G4xx_HAL_Driver/Src/stm32g4xx_hal_fdcan.c ****   {
 1526              		.loc 1 1660 13 is_stmt 0 view .LVU513
 1527 0000 90F85C30 		ldrb	r3, [r0, #92]	@ zero_extendqisi2
 1528 0004 DBB2     		uxtb	r3, r3
1660:Drivers/STM32G4xx_HAL_Driver/Src/stm32g4xx_hal_fdcan.c ****   {
 1529              		.loc 1 1660 6 view .LVU514
 1530 0006 012B     		cmp	r3, #1
 1531 0008 05D0     		beq	.L116
1672:Drivers/STM32G4xx_HAL_Driver/Src/stm32g4xx_hal_fdcan.c **** 
 1532              		.loc 1 1672 5 is_stmt 1 view .LVU515
1672:Drivers/STM32G4xx_HAL_Driver/Src/stm32g4xx_hal_fdcan.c **** 
 1533              		.loc 1 1672 11 is_stmt 0 view .LVU516
 1534 000a 036E     		ldr	r3, [r0, #96]
1672:Drivers/STM32G4xx_HAL_Driver/Src/stm32g4xx_hal_fdcan.c **** 
 1535              		.loc 1 1672 23 view .LVU517
 1536 000c 43F00403 		orr	r3, r3, #4
 1537 0010 0366     		str	r3, [r0, #96]
1674:Drivers/STM32G4xx_HAL_Driver/Src/stm32g4xx_hal_fdcan.c ****   }
 1538              		.loc 1 1674 5 is_stmt 1 view .LVU518
1674:Drivers/STM32G4xx_HAL_Driver/Src/stm32g4xx_hal_fdcan.c ****   }
 1539              		.loc 1 1674 12 is_stmt 0 view .LVU519
 1540 0012 0120     		movs	r0, #1
 1541              	.LVL100:
1676:Drivers/STM32G4xx_HAL_Driver/Src/stm32g4xx_hal_fdcan.c **** 
 1542              		.loc 1 1676 1 view .LVU520
 1543 0014 7047     		bx	lr
 1544              	.LVL101:
 1545              	.L116:
1663:Drivers/STM32G4xx_HAL_Driver/Src/stm32g4xx_hal_fdcan.c ****                (FDCAN_TOCC_TOS | FDCAN_TOCC_TOP), (TimeoutOperation | (TimeoutPeriod << FDCAN_TOCC_
 1546              		.loc 1 1663 5 is_stmt 1 view .LVU521
 1547 0016 0068     		ldr	r0, [r0]
 1548              	.LVL102:
1663:Drivers/STM32G4xx_HAL_Driver/Src/stm32g4xx_hal_fdcan.c ****                (FDCAN_TOCC_TOS | FDCAN_TOCC_TOP), (TimeoutOperation | (TimeoutPeriod << FDCAN_TOCC_
 1549              		.loc 1 1663 5 is_stmt 0 view .LVU522
 1550 0018 836A     		ldr	r3, [r0, #40]
 1551 001a 23F00603 		bic	r3, r3, #6
 1552 001e 1B04     		lsls	r3, r3, #16
 1553 0020 1B0C     		lsrs	r3, r3, #16
 1554 0022 41EA0241 		orr	r1, r1, r2, lsl #16
 1555              	.LVL103:
1663:Drivers/STM32G4xx_HAL_Driver/Src/stm32g4xx_hal_fdcan.c ****                (FDCAN_TOCC_TOS | FDCAN_TOCC_TOP), (TimeoutOperation | (TimeoutPeriod << FDCAN_TOCC_
 1556              		.loc 1 1663 5 view .LVU523
 1557 0026 0B43     		orrs	r3, r3, r1
 1558 0028 8362     		str	r3, [r0, #40]
1667:Drivers/STM32G4xx_HAL_Driver/Src/stm32g4xx_hal_fdcan.c ****   }
 1559              		.loc 1 1667 5 is_stmt 1 view .LVU524
1667:Drivers/STM32G4xx_HAL_Driver/Src/stm32g4xx_hal_fdcan.c ****   }
 1560              		.loc 1 1667 12 is_stmt 0 view .LVU525
 1561 002a 0020     		movs	r0, #0
 1562 002c 7047     		bx	lr
 1563              		.cfi_endproc
 1564              	.LFE345:
 1566              		.section	.text.HAL_FDCAN_EnableTimeoutCounter,"ax",%progbits
 1567              		.align	1
 1568              		.global	HAL_FDCAN_EnableTimeoutCounter
 1569              		.syntax unified
 1570              		.thumb
ARM GAS  C:\Users\Booster\AppData\Local\Temp\ccYRDURW.s 			page 98


 1571              		.thumb_func
 1573              	HAL_FDCAN_EnableTimeoutCounter:
 1574              	.LVL104:
 1575              	.LFB346:
1685:Drivers/STM32G4xx_HAL_Driver/Src/stm32g4xx_hal_fdcan.c ****   if (hfdcan->State == HAL_FDCAN_STATE_READY)
 1576              		.loc 1 1685 1 is_stmt 1 view -0
 1577              		.cfi_startproc
 1578              		@ args = 0, pretend = 0, frame = 0
 1579              		@ frame_needed = 0, uses_anonymous_args = 0
 1580              		@ link register save eliminated.
1686:Drivers/STM32G4xx_HAL_Driver/Src/stm32g4xx_hal_fdcan.c ****   {
 1581              		.loc 1 1686 3 view .LVU527
1686:Drivers/STM32G4xx_HAL_Driver/Src/stm32g4xx_hal_fdcan.c ****   {
 1582              		.loc 1 1686 13 is_stmt 0 view .LVU528
 1583 0000 90F85C30 		ldrb	r3, [r0, #92]	@ zero_extendqisi2
 1584 0004 DBB2     		uxtb	r3, r3
1686:Drivers/STM32G4xx_HAL_Driver/Src/stm32g4xx_hal_fdcan.c ****   {
 1585              		.loc 1 1686 6 view .LVU529
 1586 0006 012B     		cmp	r3, #1
 1587 0008 05D0     		beq	.L120
1697:Drivers/STM32G4xx_HAL_Driver/Src/stm32g4xx_hal_fdcan.c **** 
 1588              		.loc 1 1697 5 is_stmt 1 view .LVU530
1697:Drivers/STM32G4xx_HAL_Driver/Src/stm32g4xx_hal_fdcan.c **** 
 1589              		.loc 1 1697 11 is_stmt 0 view .LVU531
 1590 000a 036E     		ldr	r3, [r0, #96]
1697:Drivers/STM32G4xx_HAL_Driver/Src/stm32g4xx_hal_fdcan.c **** 
 1591              		.loc 1 1697 23 view .LVU532
 1592 000c 43F00403 		orr	r3, r3, #4
 1593 0010 0366     		str	r3, [r0, #96]
1699:Drivers/STM32G4xx_HAL_Driver/Src/stm32g4xx_hal_fdcan.c ****   }
 1594              		.loc 1 1699 5 is_stmt 1 view .LVU533
1699:Drivers/STM32G4xx_HAL_Driver/Src/stm32g4xx_hal_fdcan.c ****   }
 1595              		.loc 1 1699 12 is_stmt 0 view .LVU534
 1596 0012 0120     		movs	r0, #1
 1597              	.LVL105:
1701:Drivers/STM32G4xx_HAL_Driver/Src/stm32g4xx_hal_fdcan.c **** 
 1598              		.loc 1 1701 1 view .LVU535
 1599 0014 7047     		bx	lr
 1600              	.LVL106:
 1601              	.L120:
1689:Drivers/STM32G4xx_HAL_Driver/Src/stm32g4xx_hal_fdcan.c **** 
 1602              		.loc 1 1689 5 is_stmt 1 view .LVU536
 1603 0016 0268     		ldr	r2, [r0]
 1604 0018 936A     		ldr	r3, [r2, #40]
 1605 001a 43F00103 		orr	r3, r3, #1
 1606 001e 9362     		str	r3, [r2, #40]
1692:Drivers/STM32G4xx_HAL_Driver/Src/stm32g4xx_hal_fdcan.c ****   }
 1607              		.loc 1 1692 5 view .LVU537
1692:Drivers/STM32G4xx_HAL_Driver/Src/stm32g4xx_hal_fdcan.c ****   }
 1608              		.loc 1 1692 12 is_stmt 0 view .LVU538
 1609 0020 0020     		movs	r0, #0
 1610              	.LVL107:
1692:Drivers/STM32G4xx_HAL_Driver/Src/stm32g4xx_hal_fdcan.c ****   }
 1611              		.loc 1 1692 12 view .LVU539
 1612 0022 7047     		bx	lr
 1613              		.cfi_endproc
 1614              	.LFE346:
ARM GAS  C:\Users\Booster\AppData\Local\Temp\ccYRDURW.s 			page 99


 1616              		.section	.text.HAL_FDCAN_DisableTimeoutCounter,"ax",%progbits
 1617              		.align	1
 1618              		.global	HAL_FDCAN_DisableTimeoutCounter
 1619              		.syntax unified
 1620              		.thumb
 1621              		.thumb_func
 1623              	HAL_FDCAN_DisableTimeoutCounter:
 1624              	.LVL108:
 1625              	.LFB347:
1710:Drivers/STM32G4xx_HAL_Driver/Src/stm32g4xx_hal_fdcan.c ****   if (hfdcan->State == HAL_FDCAN_STATE_READY)
 1626              		.loc 1 1710 1 is_stmt 1 view -0
 1627              		.cfi_startproc
 1628              		@ args = 0, pretend = 0, frame = 0
 1629              		@ frame_needed = 0, uses_anonymous_args = 0
 1630              		@ link register save eliminated.
1711:Drivers/STM32G4xx_HAL_Driver/Src/stm32g4xx_hal_fdcan.c ****   {
 1631              		.loc 1 1711 3 view .LVU541
1711:Drivers/STM32G4xx_HAL_Driver/Src/stm32g4xx_hal_fdcan.c ****   {
 1632              		.loc 1 1711 13 is_stmt 0 view .LVU542
 1633 0000 90F85C30 		ldrb	r3, [r0, #92]	@ zero_extendqisi2
 1634 0004 DBB2     		uxtb	r3, r3
1711:Drivers/STM32G4xx_HAL_Driver/Src/stm32g4xx_hal_fdcan.c ****   {
 1635              		.loc 1 1711 6 view .LVU543
 1636 0006 012B     		cmp	r3, #1
 1637 0008 05D0     		beq	.L124
1722:Drivers/STM32G4xx_HAL_Driver/Src/stm32g4xx_hal_fdcan.c **** 
 1638              		.loc 1 1722 5 is_stmt 1 view .LVU544
1722:Drivers/STM32G4xx_HAL_Driver/Src/stm32g4xx_hal_fdcan.c **** 
 1639              		.loc 1 1722 11 is_stmt 0 view .LVU545
 1640 000a 036E     		ldr	r3, [r0, #96]
1722:Drivers/STM32G4xx_HAL_Driver/Src/stm32g4xx_hal_fdcan.c **** 
 1641              		.loc 1 1722 23 view .LVU546
 1642 000c 43F00403 		orr	r3, r3, #4
 1643 0010 0366     		str	r3, [r0, #96]
1724:Drivers/STM32G4xx_HAL_Driver/Src/stm32g4xx_hal_fdcan.c ****   }
 1644              		.loc 1 1724 5 is_stmt 1 view .LVU547
1724:Drivers/STM32G4xx_HAL_Driver/Src/stm32g4xx_hal_fdcan.c ****   }
 1645              		.loc 1 1724 12 is_stmt 0 view .LVU548
 1646 0012 0120     		movs	r0, #1
 1647              	.LVL109:
1726:Drivers/STM32G4xx_HAL_Driver/Src/stm32g4xx_hal_fdcan.c **** 
 1648              		.loc 1 1726 1 view .LVU549
 1649 0014 7047     		bx	lr
 1650              	.LVL110:
 1651              	.L124:
1714:Drivers/STM32G4xx_HAL_Driver/Src/stm32g4xx_hal_fdcan.c **** 
 1652              		.loc 1 1714 5 is_stmt 1 view .LVU550
 1653 0016 0268     		ldr	r2, [r0]
 1654 0018 936A     		ldr	r3, [r2, #40]
 1655 001a 23F00103 		bic	r3, r3, #1
 1656 001e 9362     		str	r3, [r2, #40]
1717:Drivers/STM32G4xx_HAL_Driver/Src/stm32g4xx_hal_fdcan.c ****   }
 1657              		.loc 1 1717 5 view .LVU551
1717:Drivers/STM32G4xx_HAL_Driver/Src/stm32g4xx_hal_fdcan.c ****   }
 1658              		.loc 1 1717 12 is_stmt 0 view .LVU552
 1659 0020 0020     		movs	r0, #0
 1660              	.LVL111:
ARM GAS  C:\Users\Booster\AppData\Local\Temp\ccYRDURW.s 			page 100


1717:Drivers/STM32G4xx_HAL_Driver/Src/stm32g4xx_hal_fdcan.c ****   }
 1661              		.loc 1 1717 12 view .LVU553
 1662 0022 7047     		bx	lr
 1663              		.cfi_endproc
 1664              	.LFE347:
 1666              		.section	.text.HAL_FDCAN_GetTimeoutCounter,"ax",%progbits
 1667              		.align	1
 1668              		.global	HAL_FDCAN_GetTimeoutCounter
 1669              		.syntax unified
 1670              		.thumb
 1671              		.thumb_func
 1673              	HAL_FDCAN_GetTimeoutCounter:
 1674              	.LVL112:
 1675              	.LFB348:
1735:Drivers/STM32G4xx_HAL_Driver/Src/stm32g4xx_hal_fdcan.c ****   return (uint16_t)(hfdcan->Instance->TOCV);
 1676              		.loc 1 1735 1 is_stmt 1 view -0
 1677              		.cfi_startproc
 1678              		@ args = 0, pretend = 0, frame = 0
 1679              		@ frame_needed = 0, uses_anonymous_args = 0
 1680              		@ link register save eliminated.
1736:Drivers/STM32G4xx_HAL_Driver/Src/stm32g4xx_hal_fdcan.c **** }
 1681              		.loc 1 1736 3 view .LVU555
1736:Drivers/STM32G4xx_HAL_Driver/Src/stm32g4xx_hal_fdcan.c **** }
 1682              		.loc 1 1736 27 is_stmt 0 view .LVU556
 1683 0000 0368     		ldr	r3, [r0]
1736:Drivers/STM32G4xx_HAL_Driver/Src/stm32g4xx_hal_fdcan.c **** }
 1684              		.loc 1 1736 37 view .LVU557
 1685 0002 D86A     		ldr	r0, [r3, #44]
 1686              	.LVL113:
1737:Drivers/STM32G4xx_HAL_Driver/Src/stm32g4xx_hal_fdcan.c **** 
 1687              		.loc 1 1737 1 view .LVU558
 1688 0004 80B2     		uxth	r0, r0
 1689 0006 7047     		bx	lr
 1690              		.cfi_endproc
 1691              	.LFE348:
 1693              		.section	.text.HAL_FDCAN_ResetTimeoutCounter,"ax",%progbits
 1694              		.align	1
 1695              		.global	HAL_FDCAN_ResetTimeoutCounter
 1696              		.syntax unified
 1697              		.thumb
 1698              		.thumb_func
 1700              	HAL_FDCAN_ResetTimeoutCounter:
 1701              	.LVL114:
 1702              	.LFB349:
1746:Drivers/STM32G4xx_HAL_Driver/Src/stm32g4xx_hal_fdcan.c ****   if ((hfdcan->Instance->TOCC & FDCAN_TOCC_TOS) == FDCAN_TIMEOUT_CONTINUOUS)
 1703              		.loc 1 1746 1 is_stmt 1 view -0
 1704              		.cfi_startproc
 1705              		@ args = 0, pretend = 0, frame = 0
 1706              		@ frame_needed = 0, uses_anonymous_args = 0
 1707              		@ link register save eliminated.
1747:Drivers/STM32G4xx_HAL_Driver/Src/stm32g4xx_hal_fdcan.c ****   {
 1708              		.loc 1 1747 3 view .LVU560
1747:Drivers/STM32G4xx_HAL_Driver/Src/stm32g4xx_hal_fdcan.c ****   {
 1709              		.loc 1 1747 14 is_stmt 0 view .LVU561
 1710 0000 0368     		ldr	r3, [r0]
1747:Drivers/STM32G4xx_HAL_Driver/Src/stm32g4xx_hal_fdcan.c ****   {
 1711              		.loc 1 1747 24 view .LVU562
ARM GAS  C:\Users\Booster\AppData\Local\Temp\ccYRDURW.s 			page 101


 1712 0002 9A6A     		ldr	r2, [r3, #40]
1747:Drivers/STM32G4xx_HAL_Driver/Src/stm32g4xx_hal_fdcan.c ****   {
 1713              		.loc 1 1747 6 view .LVU563
 1714 0004 12F0060F 		tst	r2, #6
 1715 0008 02D1     		bne	.L127
1750:Drivers/STM32G4xx_HAL_Driver/Src/stm32g4xx_hal_fdcan.c **** 
 1716              		.loc 1 1750 5 is_stmt 1 view .LVU564
 1717 000a 0020     		movs	r0, #0
 1718              	.LVL115:
1750:Drivers/STM32G4xx_HAL_Driver/Src/stm32g4xx_hal_fdcan.c **** 
 1719              		.loc 1 1750 5 is_stmt 0 view .LVU565
 1720 000c D862     		str	r0, [r3, #44]
1753:Drivers/STM32G4xx_HAL_Driver/Src/stm32g4xx_hal_fdcan.c ****   }
 1721              		.loc 1 1753 5 is_stmt 1 view .LVU566
1753:Drivers/STM32G4xx_HAL_Driver/Src/stm32g4xx_hal_fdcan.c ****   }
 1722              		.loc 1 1753 12 is_stmt 0 view .LVU567
 1723 000e 7047     		bx	lr
 1724              	.LVL116:
 1725              	.L127:
1759:Drivers/STM32G4xx_HAL_Driver/Src/stm32g4xx_hal_fdcan.c **** 
 1726              		.loc 1 1759 5 is_stmt 1 view .LVU568
1759:Drivers/STM32G4xx_HAL_Driver/Src/stm32g4xx_hal_fdcan.c **** 
 1727              		.loc 1 1759 11 is_stmt 0 view .LVU569
 1728 0010 036E     		ldr	r3, [r0, #96]
1759:Drivers/STM32G4xx_HAL_Driver/Src/stm32g4xx_hal_fdcan.c **** 
 1729              		.loc 1 1759 23 view .LVU570
 1730 0012 43F01003 		orr	r3, r3, #16
 1731 0016 0366     		str	r3, [r0, #96]
1761:Drivers/STM32G4xx_HAL_Driver/Src/stm32g4xx_hal_fdcan.c ****   }
 1732              		.loc 1 1761 5 is_stmt 1 view .LVU571
1761:Drivers/STM32G4xx_HAL_Driver/Src/stm32g4xx_hal_fdcan.c ****   }
 1733              		.loc 1 1761 12 is_stmt 0 view .LVU572
 1734 0018 0120     		movs	r0, #1
 1735              	.LVL117:
1763:Drivers/STM32G4xx_HAL_Driver/Src/stm32g4xx_hal_fdcan.c **** 
 1736              		.loc 1 1763 1 view .LVU573
 1737 001a 7047     		bx	lr
 1738              		.cfi_endproc
 1739              	.LFE349:
 1741              		.section	.text.HAL_FDCAN_ConfigTxDelayCompensation,"ax",%progbits
 1742              		.align	1
 1743              		.global	HAL_FDCAN_ConfigTxDelayCompensation
 1744              		.syntax unified
 1745              		.thumb
 1746              		.thumb_func
 1748              	HAL_FDCAN_ConfigTxDelayCompensation:
 1749              	.LVL118:
 1750              	.LFB350:
1777:Drivers/STM32G4xx_HAL_Driver/Src/stm32g4xx_hal_fdcan.c ****   /* Check function parameters */
 1751              		.loc 1 1777 1 is_stmt 1 view -0
 1752              		.cfi_startproc
 1753              		@ args = 0, pretend = 0, frame = 0
 1754              		@ frame_needed = 0, uses_anonymous_args = 0
 1755              		@ link register save eliminated.
1779:Drivers/STM32G4xx_HAL_Driver/Src/stm32g4xx_hal_fdcan.c ****   assert_param(IS_FDCAN_MAX_VALUE(TdcFilter, 0x7FU));
 1756              		.loc 1 1779 3 view .LVU575
1780:Drivers/STM32G4xx_HAL_Driver/Src/stm32g4xx_hal_fdcan.c **** 
ARM GAS  C:\Users\Booster\AppData\Local\Temp\ccYRDURW.s 			page 102


 1757              		.loc 1 1780 3 view .LVU576
1782:Drivers/STM32G4xx_HAL_Driver/Src/stm32g4xx_hal_fdcan.c ****   {
 1758              		.loc 1 1782 3 view .LVU577
1782:Drivers/STM32G4xx_HAL_Driver/Src/stm32g4xx_hal_fdcan.c ****   {
 1759              		.loc 1 1782 13 is_stmt 0 view .LVU578
 1760 0000 90F85C30 		ldrb	r3, [r0, #92]	@ zero_extendqisi2
 1761 0004 DBB2     		uxtb	r3, r3
1782:Drivers/STM32G4xx_HAL_Driver/Src/stm32g4xx_hal_fdcan.c ****   {
 1762              		.loc 1 1782 6 view .LVU579
 1763 0006 012B     		cmp	r3, #1
 1764 0008 05D0     		beq	.L132
1793:Drivers/STM32G4xx_HAL_Driver/Src/stm32g4xx_hal_fdcan.c **** 
 1765              		.loc 1 1793 5 is_stmt 1 view .LVU580
1793:Drivers/STM32G4xx_HAL_Driver/Src/stm32g4xx_hal_fdcan.c **** 
 1766              		.loc 1 1793 11 is_stmt 0 view .LVU581
 1767 000a 036E     		ldr	r3, [r0, #96]
1793:Drivers/STM32G4xx_HAL_Driver/Src/stm32g4xx_hal_fdcan.c **** 
 1768              		.loc 1 1793 23 view .LVU582
 1769 000c 43F00403 		orr	r3, r3, #4
 1770 0010 0366     		str	r3, [r0, #96]
1795:Drivers/STM32G4xx_HAL_Driver/Src/stm32g4xx_hal_fdcan.c ****   }
 1771              		.loc 1 1795 5 is_stmt 1 view .LVU583
1795:Drivers/STM32G4xx_HAL_Driver/Src/stm32g4xx_hal_fdcan.c ****   }
 1772              		.loc 1 1795 12 is_stmt 0 view .LVU584
 1773 0012 0120     		movs	r0, #1
 1774              	.LVL119:
1797:Drivers/STM32G4xx_HAL_Driver/Src/stm32g4xx_hal_fdcan.c **** 
 1775              		.loc 1 1797 1 view .LVU585
 1776 0014 7047     		bx	lr
 1777              	.LVL120:
 1778              	.L132:
1785:Drivers/STM32G4xx_HAL_Driver/Src/stm32g4xx_hal_fdcan.c **** 
 1779              		.loc 1 1785 5 is_stmt 1 view .LVU586
1785:Drivers/STM32G4xx_HAL_Driver/Src/stm32g4xx_hal_fdcan.c **** 
 1780              		.loc 1 1785 11 is_stmt 0 view .LVU587
 1781 0016 0368     		ldr	r3, [r0]
1785:Drivers/STM32G4xx_HAL_Driver/Src/stm32g4xx_hal_fdcan.c **** 
 1782              		.loc 1 1785 66 view .LVU588
 1783 0018 42EA0122 		orr	r2, r2, r1, lsl #8
 1784              	.LVL121:
1785:Drivers/STM32G4xx_HAL_Driver/Src/stm32g4xx_hal_fdcan.c **** 
 1785              		.loc 1 1785 28 view .LVU589
 1786 001c 9A64     		str	r2, [r3, #72]
1788:Drivers/STM32G4xx_HAL_Driver/Src/stm32g4xx_hal_fdcan.c ****   }
 1787              		.loc 1 1788 5 is_stmt 1 view .LVU590
1788:Drivers/STM32G4xx_HAL_Driver/Src/stm32g4xx_hal_fdcan.c ****   }
 1788              		.loc 1 1788 12 is_stmt 0 view .LVU591
 1789 001e 0020     		movs	r0, #0
 1790              	.LVL122:
1788:Drivers/STM32G4xx_HAL_Driver/Src/stm32g4xx_hal_fdcan.c ****   }
 1791              		.loc 1 1788 12 view .LVU592
 1792 0020 7047     		bx	lr
 1793              		.cfi_endproc
 1794              	.LFE350:
 1796              		.section	.text.HAL_FDCAN_EnableTxDelayCompensation,"ax",%progbits
 1797              		.align	1
 1798              		.global	HAL_FDCAN_EnableTxDelayCompensation
ARM GAS  C:\Users\Booster\AppData\Local\Temp\ccYRDURW.s 			page 103


 1799              		.syntax unified
 1800              		.thumb
 1801              		.thumb_func
 1803              	HAL_FDCAN_EnableTxDelayCompensation:
 1804              	.LVL123:
 1805              	.LFB351:
1806:Drivers/STM32G4xx_HAL_Driver/Src/stm32g4xx_hal_fdcan.c ****   if (hfdcan->State == HAL_FDCAN_STATE_READY)
 1806              		.loc 1 1806 1 is_stmt 1 view -0
 1807              		.cfi_startproc
 1808              		@ args = 0, pretend = 0, frame = 0
 1809              		@ frame_needed = 0, uses_anonymous_args = 0
 1810              		@ link register save eliminated.
1807:Drivers/STM32G4xx_HAL_Driver/Src/stm32g4xx_hal_fdcan.c ****   {
 1811              		.loc 1 1807 3 view .LVU594
1807:Drivers/STM32G4xx_HAL_Driver/Src/stm32g4xx_hal_fdcan.c ****   {
 1812              		.loc 1 1807 13 is_stmt 0 view .LVU595
 1813 0000 90F85C30 		ldrb	r3, [r0, #92]	@ zero_extendqisi2
 1814 0004 DBB2     		uxtb	r3, r3
1807:Drivers/STM32G4xx_HAL_Driver/Src/stm32g4xx_hal_fdcan.c ****   {
 1815              		.loc 1 1807 6 view .LVU596
 1816 0006 012B     		cmp	r3, #1
 1817 0008 05D0     		beq	.L136
1818:Drivers/STM32G4xx_HAL_Driver/Src/stm32g4xx_hal_fdcan.c **** 
 1818              		.loc 1 1818 5 is_stmt 1 view .LVU597
1818:Drivers/STM32G4xx_HAL_Driver/Src/stm32g4xx_hal_fdcan.c **** 
 1819              		.loc 1 1818 11 is_stmt 0 view .LVU598
 1820 000a 036E     		ldr	r3, [r0, #96]
1818:Drivers/STM32G4xx_HAL_Driver/Src/stm32g4xx_hal_fdcan.c **** 
 1821              		.loc 1 1818 23 view .LVU599
 1822 000c 43F00403 		orr	r3, r3, #4
 1823 0010 0366     		str	r3, [r0, #96]
1820:Drivers/STM32G4xx_HAL_Driver/Src/stm32g4xx_hal_fdcan.c ****   }
 1824              		.loc 1 1820 5 is_stmt 1 view .LVU600
1820:Drivers/STM32G4xx_HAL_Driver/Src/stm32g4xx_hal_fdcan.c ****   }
 1825              		.loc 1 1820 12 is_stmt 0 view .LVU601
 1826 0012 0120     		movs	r0, #1
 1827              	.LVL124:
1822:Drivers/STM32G4xx_HAL_Driver/Src/stm32g4xx_hal_fdcan.c **** 
 1828              		.loc 1 1822 1 view .LVU602
 1829 0014 7047     		bx	lr
 1830              	.LVL125:
 1831              	.L136:
1810:Drivers/STM32G4xx_HAL_Driver/Src/stm32g4xx_hal_fdcan.c **** 
 1832              		.loc 1 1810 5 is_stmt 1 view .LVU603
 1833 0016 0268     		ldr	r2, [r0]
 1834 0018 D368     		ldr	r3, [r2, #12]
 1835 001a 43F40003 		orr	r3, r3, #8388608
 1836 001e D360     		str	r3, [r2, #12]
1813:Drivers/STM32G4xx_HAL_Driver/Src/stm32g4xx_hal_fdcan.c ****   }
 1837              		.loc 1 1813 5 view .LVU604
1813:Drivers/STM32G4xx_HAL_Driver/Src/stm32g4xx_hal_fdcan.c ****   }
 1838              		.loc 1 1813 12 is_stmt 0 view .LVU605
 1839 0020 0020     		movs	r0, #0
 1840              	.LVL126:
1813:Drivers/STM32G4xx_HAL_Driver/Src/stm32g4xx_hal_fdcan.c ****   }
 1841              		.loc 1 1813 12 view .LVU606
 1842 0022 7047     		bx	lr
ARM GAS  C:\Users\Booster\AppData\Local\Temp\ccYRDURW.s 			page 104


 1843              		.cfi_endproc
 1844              	.LFE351:
 1846              		.section	.text.HAL_FDCAN_DisableTxDelayCompensation,"ax",%progbits
 1847              		.align	1
 1848              		.global	HAL_FDCAN_DisableTxDelayCompensation
 1849              		.syntax unified
 1850              		.thumb
 1851              		.thumb_func
 1853              	HAL_FDCAN_DisableTxDelayCompensation:
 1854              	.LVL127:
 1855              	.LFB352:
1831:Drivers/STM32G4xx_HAL_Driver/Src/stm32g4xx_hal_fdcan.c ****   if (hfdcan->State == HAL_FDCAN_STATE_READY)
 1856              		.loc 1 1831 1 is_stmt 1 view -0
 1857              		.cfi_startproc
 1858              		@ args = 0, pretend = 0, frame = 0
 1859              		@ frame_needed = 0, uses_anonymous_args = 0
 1860              		@ link register save eliminated.
1832:Drivers/STM32G4xx_HAL_Driver/Src/stm32g4xx_hal_fdcan.c ****   {
 1861              		.loc 1 1832 3 view .LVU608
1832:Drivers/STM32G4xx_HAL_Driver/Src/stm32g4xx_hal_fdcan.c ****   {
 1862              		.loc 1 1832 13 is_stmt 0 view .LVU609
 1863 0000 90F85C30 		ldrb	r3, [r0, #92]	@ zero_extendqisi2
 1864 0004 DBB2     		uxtb	r3, r3
1832:Drivers/STM32G4xx_HAL_Driver/Src/stm32g4xx_hal_fdcan.c ****   {
 1865              		.loc 1 1832 6 view .LVU610
 1866 0006 012B     		cmp	r3, #1
 1867 0008 05D0     		beq	.L140
1843:Drivers/STM32G4xx_HAL_Driver/Src/stm32g4xx_hal_fdcan.c **** 
 1868              		.loc 1 1843 5 is_stmt 1 view .LVU611
1843:Drivers/STM32G4xx_HAL_Driver/Src/stm32g4xx_hal_fdcan.c **** 
 1869              		.loc 1 1843 11 is_stmt 0 view .LVU612
 1870 000a 036E     		ldr	r3, [r0, #96]
1843:Drivers/STM32G4xx_HAL_Driver/Src/stm32g4xx_hal_fdcan.c **** 
 1871              		.loc 1 1843 23 view .LVU613
 1872 000c 43F00403 		orr	r3, r3, #4
 1873 0010 0366     		str	r3, [r0, #96]
1845:Drivers/STM32G4xx_HAL_Driver/Src/stm32g4xx_hal_fdcan.c ****   }
 1874              		.loc 1 1845 5 is_stmt 1 view .LVU614
1845:Drivers/STM32G4xx_HAL_Driver/Src/stm32g4xx_hal_fdcan.c ****   }
 1875              		.loc 1 1845 12 is_stmt 0 view .LVU615
 1876 0012 0120     		movs	r0, #1
 1877              	.LVL128:
1847:Drivers/STM32G4xx_HAL_Driver/Src/stm32g4xx_hal_fdcan.c **** 
 1878              		.loc 1 1847 1 view .LVU616
 1879 0014 7047     		bx	lr
 1880              	.LVL129:
 1881              	.L140:
1835:Drivers/STM32G4xx_HAL_Driver/Src/stm32g4xx_hal_fdcan.c **** 
 1882              		.loc 1 1835 5 is_stmt 1 view .LVU617
 1883 0016 0268     		ldr	r2, [r0]
 1884 0018 D368     		ldr	r3, [r2, #12]
 1885 001a 23F40003 		bic	r3, r3, #8388608
 1886 001e D360     		str	r3, [r2, #12]
1838:Drivers/STM32G4xx_HAL_Driver/Src/stm32g4xx_hal_fdcan.c ****   }
 1887              		.loc 1 1838 5 view .LVU618
1838:Drivers/STM32G4xx_HAL_Driver/Src/stm32g4xx_hal_fdcan.c ****   }
 1888              		.loc 1 1838 12 is_stmt 0 view .LVU619
ARM GAS  C:\Users\Booster\AppData\Local\Temp\ccYRDURW.s 			page 105


 1889 0020 0020     		movs	r0, #0
 1890              	.LVL130:
1838:Drivers/STM32G4xx_HAL_Driver/Src/stm32g4xx_hal_fdcan.c ****   }
 1891              		.loc 1 1838 12 view .LVU620
 1892 0022 7047     		bx	lr
 1893              		.cfi_endproc
 1894              	.LFE352:
 1896              		.section	.text.HAL_FDCAN_EnableISOMode,"ax",%progbits
 1897              		.align	1
 1898              		.global	HAL_FDCAN_EnableISOMode
 1899              		.syntax unified
 1900              		.thumb
 1901              		.thumb_func
 1903              	HAL_FDCAN_EnableISOMode:
 1904              	.LVL131:
 1905              	.LFB353:
1857:Drivers/STM32G4xx_HAL_Driver/Src/stm32g4xx_hal_fdcan.c ****   if (hfdcan->State == HAL_FDCAN_STATE_READY)
 1906              		.loc 1 1857 1 is_stmt 1 view -0
 1907              		.cfi_startproc
 1908              		@ args = 0, pretend = 0, frame = 0
 1909              		@ frame_needed = 0, uses_anonymous_args = 0
 1910              		@ link register save eliminated.
1858:Drivers/STM32G4xx_HAL_Driver/Src/stm32g4xx_hal_fdcan.c ****   {
 1911              		.loc 1 1858 3 view .LVU622
1858:Drivers/STM32G4xx_HAL_Driver/Src/stm32g4xx_hal_fdcan.c ****   {
 1912              		.loc 1 1858 13 is_stmt 0 view .LVU623
 1913 0000 90F85C30 		ldrb	r3, [r0, #92]	@ zero_extendqisi2
 1914 0004 DBB2     		uxtb	r3, r3
1858:Drivers/STM32G4xx_HAL_Driver/Src/stm32g4xx_hal_fdcan.c ****   {
 1915              		.loc 1 1858 6 view .LVU624
 1916 0006 012B     		cmp	r3, #1
 1917 0008 05D0     		beq	.L144
1869:Drivers/STM32G4xx_HAL_Driver/Src/stm32g4xx_hal_fdcan.c **** 
 1918              		.loc 1 1869 5 is_stmt 1 view .LVU625
1869:Drivers/STM32G4xx_HAL_Driver/Src/stm32g4xx_hal_fdcan.c **** 
 1919              		.loc 1 1869 11 is_stmt 0 view .LVU626
 1920 000a 036E     		ldr	r3, [r0, #96]
1869:Drivers/STM32G4xx_HAL_Driver/Src/stm32g4xx_hal_fdcan.c **** 
 1921              		.loc 1 1869 23 view .LVU627
 1922 000c 43F00403 		orr	r3, r3, #4
 1923 0010 0366     		str	r3, [r0, #96]
1871:Drivers/STM32G4xx_HAL_Driver/Src/stm32g4xx_hal_fdcan.c ****   }
 1924              		.loc 1 1871 5 is_stmt 1 view .LVU628
1871:Drivers/STM32G4xx_HAL_Driver/Src/stm32g4xx_hal_fdcan.c ****   }
 1925              		.loc 1 1871 12 is_stmt 0 view .LVU629
 1926 0012 0120     		movs	r0, #1
 1927              	.LVL132:
1873:Drivers/STM32G4xx_HAL_Driver/Src/stm32g4xx_hal_fdcan.c **** 
 1928              		.loc 1 1873 1 view .LVU630
 1929 0014 7047     		bx	lr
 1930              	.LVL133:
 1931              	.L144:
1861:Drivers/STM32G4xx_HAL_Driver/Src/stm32g4xx_hal_fdcan.c **** 
 1932              		.loc 1 1861 5 is_stmt 1 view .LVU631
 1933 0016 0268     		ldr	r2, [r0]
 1934 0018 9369     		ldr	r3, [r2, #24]
 1935 001a 23F40043 		bic	r3, r3, #32768
ARM GAS  C:\Users\Booster\AppData\Local\Temp\ccYRDURW.s 			page 106


 1936 001e 9361     		str	r3, [r2, #24]
1864:Drivers/STM32G4xx_HAL_Driver/Src/stm32g4xx_hal_fdcan.c ****   }
 1937              		.loc 1 1864 5 view .LVU632
1864:Drivers/STM32G4xx_HAL_Driver/Src/stm32g4xx_hal_fdcan.c ****   }
 1938              		.loc 1 1864 12 is_stmt 0 view .LVU633
 1939 0020 0020     		movs	r0, #0
 1940              	.LVL134:
1864:Drivers/STM32G4xx_HAL_Driver/Src/stm32g4xx_hal_fdcan.c ****   }
 1941              		.loc 1 1864 12 view .LVU634
 1942 0022 7047     		bx	lr
 1943              		.cfi_endproc
 1944              	.LFE353:
 1946              		.section	.text.HAL_FDCAN_DisableISOMode,"ax",%progbits
 1947              		.align	1
 1948              		.global	HAL_FDCAN_DisableISOMode
 1949              		.syntax unified
 1950              		.thumb
 1951              		.thumb_func
 1953              	HAL_FDCAN_DisableISOMode:
 1954              	.LVL135:
 1955              	.LFB354:
1883:Drivers/STM32G4xx_HAL_Driver/Src/stm32g4xx_hal_fdcan.c ****   if (hfdcan->State == HAL_FDCAN_STATE_READY)
 1956              		.loc 1 1883 1 is_stmt 1 view -0
 1957              		.cfi_startproc
 1958              		@ args = 0, pretend = 0, frame = 0
 1959              		@ frame_needed = 0, uses_anonymous_args = 0
 1960              		@ link register save eliminated.
1884:Drivers/STM32G4xx_HAL_Driver/Src/stm32g4xx_hal_fdcan.c ****   {
 1961              		.loc 1 1884 3 view .LVU636
1884:Drivers/STM32G4xx_HAL_Driver/Src/stm32g4xx_hal_fdcan.c ****   {
 1962              		.loc 1 1884 13 is_stmt 0 view .LVU637
 1963 0000 90F85C30 		ldrb	r3, [r0, #92]	@ zero_extendqisi2
 1964 0004 DBB2     		uxtb	r3, r3
1884:Drivers/STM32G4xx_HAL_Driver/Src/stm32g4xx_hal_fdcan.c ****   {
 1965              		.loc 1 1884 6 view .LVU638
 1966 0006 012B     		cmp	r3, #1
 1967 0008 05D0     		beq	.L148
1895:Drivers/STM32G4xx_HAL_Driver/Src/stm32g4xx_hal_fdcan.c **** 
 1968              		.loc 1 1895 5 is_stmt 1 view .LVU639
1895:Drivers/STM32G4xx_HAL_Driver/Src/stm32g4xx_hal_fdcan.c **** 
 1969              		.loc 1 1895 11 is_stmt 0 view .LVU640
 1970 000a 036E     		ldr	r3, [r0, #96]
1895:Drivers/STM32G4xx_HAL_Driver/Src/stm32g4xx_hal_fdcan.c **** 
 1971              		.loc 1 1895 23 view .LVU641
 1972 000c 43F00403 		orr	r3, r3, #4
 1973 0010 0366     		str	r3, [r0, #96]
1897:Drivers/STM32G4xx_HAL_Driver/Src/stm32g4xx_hal_fdcan.c ****   }
 1974              		.loc 1 1897 5 is_stmt 1 view .LVU642
1897:Drivers/STM32G4xx_HAL_Driver/Src/stm32g4xx_hal_fdcan.c ****   }
 1975              		.loc 1 1897 12 is_stmt 0 view .LVU643
 1976 0012 0120     		movs	r0, #1
 1977              	.LVL136:
1899:Drivers/STM32G4xx_HAL_Driver/Src/stm32g4xx_hal_fdcan.c **** 
 1978              		.loc 1 1899 1 view .LVU644
 1979 0014 7047     		bx	lr
 1980              	.LVL137:
 1981              	.L148:
ARM GAS  C:\Users\Booster\AppData\Local\Temp\ccYRDURW.s 			page 107


1887:Drivers/STM32G4xx_HAL_Driver/Src/stm32g4xx_hal_fdcan.c **** 
 1982              		.loc 1 1887 5 is_stmt 1 view .LVU645
 1983 0016 0268     		ldr	r2, [r0]
 1984 0018 9369     		ldr	r3, [r2, #24]
 1985 001a 43F40043 		orr	r3, r3, #32768
 1986 001e 9361     		str	r3, [r2, #24]
1890:Drivers/STM32G4xx_HAL_Driver/Src/stm32g4xx_hal_fdcan.c ****   }
 1987              		.loc 1 1890 5 view .LVU646
1890:Drivers/STM32G4xx_HAL_Driver/Src/stm32g4xx_hal_fdcan.c ****   }
 1988              		.loc 1 1890 12 is_stmt 0 view .LVU647
 1989 0020 0020     		movs	r0, #0
 1990              	.LVL138:
1890:Drivers/STM32G4xx_HAL_Driver/Src/stm32g4xx_hal_fdcan.c ****   }
 1991              		.loc 1 1890 12 view .LVU648
 1992 0022 7047     		bx	lr
 1993              		.cfi_endproc
 1994              	.LFE354:
 1996              		.section	.text.HAL_FDCAN_EnableEdgeFiltering,"ax",%progbits
 1997              		.align	1
 1998              		.global	HAL_FDCAN_EnableEdgeFiltering
 1999              		.syntax unified
 2000              		.thumb
 2001              		.thumb_func
 2003              	HAL_FDCAN_EnableEdgeFiltering:
 2004              	.LVL139:
 2005              	.LFB355:
1909:Drivers/STM32G4xx_HAL_Driver/Src/stm32g4xx_hal_fdcan.c ****   if (hfdcan->State == HAL_FDCAN_STATE_READY)
 2006              		.loc 1 1909 1 is_stmt 1 view -0
 2007              		.cfi_startproc
 2008              		@ args = 0, pretend = 0, frame = 0
 2009              		@ frame_needed = 0, uses_anonymous_args = 0
 2010              		@ link register save eliminated.
1910:Drivers/STM32G4xx_HAL_Driver/Src/stm32g4xx_hal_fdcan.c ****   {
 2011              		.loc 1 1910 3 view .LVU650
1910:Drivers/STM32G4xx_HAL_Driver/Src/stm32g4xx_hal_fdcan.c ****   {
 2012              		.loc 1 1910 13 is_stmt 0 view .LVU651
 2013 0000 90F85C30 		ldrb	r3, [r0, #92]	@ zero_extendqisi2
 2014 0004 DBB2     		uxtb	r3, r3
1910:Drivers/STM32G4xx_HAL_Driver/Src/stm32g4xx_hal_fdcan.c ****   {
 2015              		.loc 1 1910 6 view .LVU652
 2016 0006 012B     		cmp	r3, #1
 2017 0008 05D0     		beq	.L152
1921:Drivers/STM32G4xx_HAL_Driver/Src/stm32g4xx_hal_fdcan.c **** 
 2018              		.loc 1 1921 5 is_stmt 1 view .LVU653
1921:Drivers/STM32G4xx_HAL_Driver/Src/stm32g4xx_hal_fdcan.c **** 
 2019              		.loc 1 1921 11 is_stmt 0 view .LVU654
 2020 000a 036E     		ldr	r3, [r0, #96]
1921:Drivers/STM32G4xx_HAL_Driver/Src/stm32g4xx_hal_fdcan.c **** 
 2021              		.loc 1 1921 23 view .LVU655
 2022 000c 43F00403 		orr	r3, r3, #4
 2023 0010 0366     		str	r3, [r0, #96]
1923:Drivers/STM32G4xx_HAL_Driver/Src/stm32g4xx_hal_fdcan.c ****   }
 2024              		.loc 1 1923 5 is_stmt 1 view .LVU656
1923:Drivers/STM32G4xx_HAL_Driver/Src/stm32g4xx_hal_fdcan.c ****   }
 2025              		.loc 1 1923 12 is_stmt 0 view .LVU657
 2026 0012 0120     		movs	r0, #1
 2027              	.LVL140:
ARM GAS  C:\Users\Booster\AppData\Local\Temp\ccYRDURW.s 			page 108


1925:Drivers/STM32G4xx_HAL_Driver/Src/stm32g4xx_hal_fdcan.c **** 
 2028              		.loc 1 1925 1 view .LVU658
 2029 0014 7047     		bx	lr
 2030              	.LVL141:
 2031              	.L152:
1913:Drivers/STM32G4xx_HAL_Driver/Src/stm32g4xx_hal_fdcan.c **** 
 2032              		.loc 1 1913 5 is_stmt 1 view .LVU659
 2033 0016 0268     		ldr	r2, [r0]
 2034 0018 9369     		ldr	r3, [r2, #24]
 2035 001a 43F40053 		orr	r3, r3, #8192
 2036 001e 9361     		str	r3, [r2, #24]
1916:Drivers/STM32G4xx_HAL_Driver/Src/stm32g4xx_hal_fdcan.c ****   }
 2037              		.loc 1 1916 5 view .LVU660
1916:Drivers/STM32G4xx_HAL_Driver/Src/stm32g4xx_hal_fdcan.c ****   }
 2038              		.loc 1 1916 12 is_stmt 0 view .LVU661
 2039 0020 0020     		movs	r0, #0
 2040              	.LVL142:
1916:Drivers/STM32G4xx_HAL_Driver/Src/stm32g4xx_hal_fdcan.c ****   }
 2041              		.loc 1 1916 12 view .LVU662
 2042 0022 7047     		bx	lr
 2043              		.cfi_endproc
 2044              	.LFE355:
 2046              		.section	.text.HAL_FDCAN_DisableEdgeFiltering,"ax",%progbits
 2047              		.align	1
 2048              		.global	HAL_FDCAN_DisableEdgeFiltering
 2049              		.syntax unified
 2050              		.thumb
 2051              		.thumb_func
 2053              	HAL_FDCAN_DisableEdgeFiltering:
 2054              	.LVL143:
 2055              	.LFB356:
1935:Drivers/STM32G4xx_HAL_Driver/Src/stm32g4xx_hal_fdcan.c ****   if (hfdcan->State == HAL_FDCAN_STATE_READY)
 2056              		.loc 1 1935 1 is_stmt 1 view -0
 2057              		.cfi_startproc
 2058              		@ args = 0, pretend = 0, frame = 0
 2059              		@ frame_needed = 0, uses_anonymous_args = 0
 2060              		@ link register save eliminated.
1936:Drivers/STM32G4xx_HAL_Driver/Src/stm32g4xx_hal_fdcan.c ****   {
 2061              		.loc 1 1936 3 view .LVU664
1936:Drivers/STM32G4xx_HAL_Driver/Src/stm32g4xx_hal_fdcan.c ****   {
 2062              		.loc 1 1936 13 is_stmt 0 view .LVU665
 2063 0000 90F85C30 		ldrb	r3, [r0, #92]	@ zero_extendqisi2
 2064 0004 DBB2     		uxtb	r3, r3
1936:Drivers/STM32G4xx_HAL_Driver/Src/stm32g4xx_hal_fdcan.c ****   {
 2065              		.loc 1 1936 6 view .LVU666
 2066 0006 012B     		cmp	r3, #1
 2067 0008 05D0     		beq	.L156
1947:Drivers/STM32G4xx_HAL_Driver/Src/stm32g4xx_hal_fdcan.c **** 
 2068              		.loc 1 1947 5 is_stmt 1 view .LVU667
1947:Drivers/STM32G4xx_HAL_Driver/Src/stm32g4xx_hal_fdcan.c **** 
 2069              		.loc 1 1947 11 is_stmt 0 view .LVU668
 2070 000a 036E     		ldr	r3, [r0, #96]
1947:Drivers/STM32G4xx_HAL_Driver/Src/stm32g4xx_hal_fdcan.c **** 
 2071              		.loc 1 1947 23 view .LVU669
 2072 000c 43F00403 		orr	r3, r3, #4
 2073 0010 0366     		str	r3, [r0, #96]
1949:Drivers/STM32G4xx_HAL_Driver/Src/stm32g4xx_hal_fdcan.c ****   }
ARM GAS  C:\Users\Booster\AppData\Local\Temp\ccYRDURW.s 			page 109


 2074              		.loc 1 1949 5 is_stmt 1 view .LVU670
1949:Drivers/STM32G4xx_HAL_Driver/Src/stm32g4xx_hal_fdcan.c ****   }
 2075              		.loc 1 1949 12 is_stmt 0 view .LVU671
 2076 0012 0120     		movs	r0, #1
 2077              	.LVL144:
1951:Drivers/STM32G4xx_HAL_Driver/Src/stm32g4xx_hal_fdcan.c **** 
 2078              		.loc 1 1951 1 view .LVU672
 2079 0014 7047     		bx	lr
 2080              	.LVL145:
 2081              	.L156:
1939:Drivers/STM32G4xx_HAL_Driver/Src/stm32g4xx_hal_fdcan.c **** 
 2082              		.loc 1 1939 5 is_stmt 1 view .LVU673
 2083 0016 0268     		ldr	r2, [r0]
 2084 0018 9369     		ldr	r3, [r2, #24]
 2085 001a 23F40053 		bic	r3, r3, #8192
 2086 001e 9361     		str	r3, [r2, #24]
1942:Drivers/STM32G4xx_HAL_Driver/Src/stm32g4xx_hal_fdcan.c ****   }
 2087              		.loc 1 1942 5 view .LVU674
1942:Drivers/STM32G4xx_HAL_Driver/Src/stm32g4xx_hal_fdcan.c ****   }
 2088              		.loc 1 1942 12 is_stmt 0 view .LVU675
 2089 0020 0020     		movs	r0, #0
 2090              	.LVL146:
1942:Drivers/STM32G4xx_HAL_Driver/Src/stm32g4xx_hal_fdcan.c ****   }
 2091              		.loc 1 1942 12 view .LVU676
 2092 0022 7047     		bx	lr
 2093              		.cfi_endproc
 2094              	.LFE356:
 2096              		.section	.text.HAL_FDCAN_Start,"ax",%progbits
 2097              		.align	1
 2098              		.global	HAL_FDCAN_Start
 2099              		.syntax unified
 2100              		.thumb
 2101              		.thumb_func
 2103              	HAL_FDCAN_Start:
 2104              	.LVL147:
 2105              	.LFB357:
1995:Drivers/STM32G4xx_HAL_Driver/Src/stm32g4xx_hal_fdcan.c ****   if (hfdcan->State == HAL_FDCAN_STATE_READY)
 2106              		.loc 1 1995 1 is_stmt 1 view -0
 2107              		.cfi_startproc
 2108              		@ args = 0, pretend = 0, frame = 0
 2109              		@ frame_needed = 0, uses_anonymous_args = 0
 2110              		@ link register save eliminated.
1996:Drivers/STM32G4xx_HAL_Driver/Src/stm32g4xx_hal_fdcan.c ****   {
 2111              		.loc 1 1996 3 view .LVU678
1996:Drivers/STM32G4xx_HAL_Driver/Src/stm32g4xx_hal_fdcan.c ****   {
 2112              		.loc 1 1996 13 is_stmt 0 view .LVU679
 2113 0000 90F85C30 		ldrb	r3, [r0, #92]	@ zero_extendqisi2
 2114 0004 DBB2     		uxtb	r3, r3
1996:Drivers/STM32G4xx_HAL_Driver/Src/stm32g4xx_hal_fdcan.c ****   {
 2115              		.loc 1 1996 6 view .LVU680
 2116 0006 012B     		cmp	r3, #1
 2117 0008 05D0     		beq	.L160
2013:Drivers/STM32G4xx_HAL_Driver/Src/stm32g4xx_hal_fdcan.c **** 
 2118              		.loc 1 2013 5 is_stmt 1 view .LVU681
2013:Drivers/STM32G4xx_HAL_Driver/Src/stm32g4xx_hal_fdcan.c **** 
 2119              		.loc 1 2013 11 is_stmt 0 view .LVU682
 2120 000a 036E     		ldr	r3, [r0, #96]
ARM GAS  C:\Users\Booster\AppData\Local\Temp\ccYRDURW.s 			page 110


2013:Drivers/STM32G4xx_HAL_Driver/Src/stm32g4xx_hal_fdcan.c **** 
 2121              		.loc 1 2013 23 view .LVU683
 2122 000c 43F00403 		orr	r3, r3, #4
 2123 0010 0366     		str	r3, [r0, #96]
2015:Drivers/STM32G4xx_HAL_Driver/Src/stm32g4xx_hal_fdcan.c ****   }
 2124              		.loc 1 2015 5 is_stmt 1 view .LVU684
2015:Drivers/STM32G4xx_HAL_Driver/Src/stm32g4xx_hal_fdcan.c ****   }
 2125              		.loc 1 2015 12 is_stmt 0 view .LVU685
 2126 0012 0120     		movs	r0, #1
 2127              	.LVL148:
2017:Drivers/STM32G4xx_HAL_Driver/Src/stm32g4xx_hal_fdcan.c **** 
 2128              		.loc 1 2017 1 view .LVU686
 2129 0014 7047     		bx	lr
 2130              	.LVL149:
 2131              	.L160:
1999:Drivers/STM32G4xx_HAL_Driver/Src/stm32g4xx_hal_fdcan.c **** 
 2132              		.loc 1 1999 5 is_stmt 1 view .LVU687
1999:Drivers/STM32G4xx_HAL_Driver/Src/stm32g4xx_hal_fdcan.c **** 
 2133              		.loc 1 1999 19 is_stmt 0 view .LVU688
 2134 0016 0223     		movs	r3, #2
 2135 0018 80F85C30 		strb	r3, [r0, #92]
2002:Drivers/STM32G4xx_HAL_Driver/Src/stm32g4xx_hal_fdcan.c **** 
 2136              		.loc 1 2002 5 is_stmt 1 view .LVU689
 2137 001c 0268     		ldr	r2, [r0]
 2138 001e 9369     		ldr	r3, [r2, #24]
 2139 0020 23F00103 		bic	r3, r3, #1
 2140 0024 9361     		str	r3, [r2, #24]
2005:Drivers/STM32G4xx_HAL_Driver/Src/stm32g4xx_hal_fdcan.c **** 
 2141              		.loc 1 2005 5 view .LVU690
2005:Drivers/STM32G4xx_HAL_Driver/Src/stm32g4xx_hal_fdcan.c **** 
 2142              		.loc 1 2005 23 is_stmt 0 view .LVU691
 2143 0026 0023     		movs	r3, #0
 2144 0028 0366     		str	r3, [r0, #96]
2008:Drivers/STM32G4xx_HAL_Driver/Src/stm32g4xx_hal_fdcan.c ****   }
 2145              		.loc 1 2008 5 is_stmt 1 view .LVU692
2008:Drivers/STM32G4xx_HAL_Driver/Src/stm32g4xx_hal_fdcan.c ****   }
 2146              		.loc 1 2008 12 is_stmt 0 view .LVU693
 2147 002a 1846     		mov	r0, r3
 2148              	.LVL150:
2008:Drivers/STM32G4xx_HAL_Driver/Src/stm32g4xx_hal_fdcan.c ****   }
 2149              		.loc 1 2008 12 view .LVU694
 2150 002c 7047     		bx	lr
 2151              		.cfi_endproc
 2152              	.LFE357:
 2154              		.section	.text.HAL_FDCAN_Stop,"ax",%progbits
 2155              		.align	1
 2156              		.global	HAL_FDCAN_Stop
 2157              		.syntax unified
 2158              		.thumb
 2159              		.thumb_func
 2161              	HAL_FDCAN_Stop:
 2162              	.LVL151:
 2163              	.LFB358:
2026:Drivers/STM32G4xx_HAL_Driver/Src/stm32g4xx_hal_fdcan.c ****   uint32_t Counter = 0U;
 2164              		.loc 1 2026 1 is_stmt 1 view -0
 2165              		.cfi_startproc
 2166              		@ args = 0, pretend = 0, frame = 0
ARM GAS  C:\Users\Booster\AppData\Local\Temp\ccYRDURW.s 			page 111


 2167              		@ frame_needed = 0, uses_anonymous_args = 0
 2168              		@ link register save eliminated.
2027:Drivers/STM32G4xx_HAL_Driver/Src/stm32g4xx_hal_fdcan.c **** 
 2169              		.loc 1 2027 3 view .LVU696
2029:Drivers/STM32G4xx_HAL_Driver/Src/stm32g4xx_hal_fdcan.c ****   {
 2170              		.loc 1 2029 3 view .LVU697
2029:Drivers/STM32G4xx_HAL_Driver/Src/stm32g4xx_hal_fdcan.c ****   {
 2171              		.loc 1 2029 13 is_stmt 0 view .LVU698
 2172 0000 90F85C30 		ldrb	r3, [r0, #92]	@ zero_extendqisi2
 2173 0004 DBB2     		uxtb	r3, r3
2029:Drivers/STM32G4xx_HAL_Driver/Src/stm32g4xx_hal_fdcan.c ****   {
 2174              		.loc 1 2029 6 view .LVU699
 2175 0006 022B     		cmp	r3, #2
 2176 0008 39D1     		bne	.L162
2032:Drivers/STM32G4xx_HAL_Driver/Src/stm32g4xx_hal_fdcan.c **** 
 2177              		.loc 1 2032 5 is_stmt 1 view .LVU700
 2178 000a 0268     		ldr	r2, [r0]
 2179 000c 9369     		ldr	r3, [r2, #24]
 2180 000e 43F00103 		orr	r3, r3, #1
 2181 0012 9361     		str	r3, [r2, #24]
2035:Drivers/STM32G4xx_HAL_Driver/Src/stm32g4xx_hal_fdcan.c ****     {
 2182              		.loc 1 2035 5 view .LVU701
2027:Drivers/STM32G4xx_HAL_Driver/Src/stm32g4xx_hal_fdcan.c **** 
 2183              		.loc 1 2027 12 is_stmt 0 view .LVU702
 2184 0014 0023     		movs	r3, #0
 2185              	.LVL152:
 2186              	.L163:
2035:Drivers/STM32G4xx_HAL_Driver/Src/stm32g4xx_hal_fdcan.c ****     {
 2187              		.loc 1 2035 55 is_stmt 1 view .LVU703
2035:Drivers/STM32G4xx_HAL_Driver/Src/stm32g4xx_hal_fdcan.c ****     {
 2188              		.loc 1 2035 19 is_stmt 0 view .LVU704
 2189 0016 0268     		ldr	r2, [r0]
2035:Drivers/STM32G4xx_HAL_Driver/Src/stm32g4xx_hal_fdcan.c ****     {
 2190              		.loc 1 2035 29 view .LVU705
 2191 0018 9169     		ldr	r1, [r2, #24]
2035:Drivers/STM32G4xx_HAL_Driver/Src/stm32g4xx_hal_fdcan.c ****     {
 2192              		.loc 1 2035 55 view .LVU706
 2193 001a 11F0010F 		tst	r1, #1
 2194 001e 0CD1     		bne	.L170
2038:Drivers/STM32G4xx_HAL_Driver/Src/stm32g4xx_hal_fdcan.c ****       {
 2195              		.loc 1 2038 7 is_stmt 1 view .LVU707
2038:Drivers/STM32G4xx_HAL_Driver/Src/stm32g4xx_hal_fdcan.c ****       {
 2196              		.loc 1 2038 10 is_stmt 0 view .LVU708
 2197 0020 0A2B     		cmp	r3, #10
 2198 0022 01D8     		bhi	.L171
2050:Drivers/STM32G4xx_HAL_Driver/Src/stm32g4xx_hal_fdcan.c ****     }
 2199              		.loc 1 2050 7 is_stmt 1 view .LVU709
2050:Drivers/STM32G4xx_HAL_Driver/Src/stm32g4xx_hal_fdcan.c ****     }
 2200              		.loc 1 2050 14 is_stmt 0 view .LVU710
 2201 0024 0133     		adds	r3, r3, #1
 2202              	.LVL153:
2050:Drivers/STM32G4xx_HAL_Driver/Src/stm32g4xx_hal_fdcan.c ****     }
 2203              		.loc 1 2050 14 view .LVU711
 2204 0026 F6E7     		b	.L163
 2205              	.L171:
2041:Drivers/STM32G4xx_HAL_Driver/Src/stm32g4xx_hal_fdcan.c **** 
 2206              		.loc 1 2041 9 is_stmt 1 view .LVU712
ARM GAS  C:\Users\Booster\AppData\Local\Temp\ccYRDURW.s 			page 112


2041:Drivers/STM32G4xx_HAL_Driver/Src/stm32g4xx_hal_fdcan.c **** 
 2207              		.loc 1 2041 15 is_stmt 0 view .LVU713
 2208 0028 036E     		ldr	r3, [r0, #96]
 2209              	.LVL154:
2041:Drivers/STM32G4xx_HAL_Driver/Src/stm32g4xx_hal_fdcan.c **** 
 2210              		.loc 1 2041 27 view .LVU714
 2211 002a 43F00103 		orr	r3, r3, #1
 2212 002e 0366     		str	r3, [r0, #96]
2044:Drivers/STM32G4xx_HAL_Driver/Src/stm32g4xx_hal_fdcan.c **** 
 2213              		.loc 1 2044 9 is_stmt 1 view .LVU715
2044:Drivers/STM32G4xx_HAL_Driver/Src/stm32g4xx_hal_fdcan.c **** 
 2214              		.loc 1 2044 23 is_stmt 0 view .LVU716
 2215 0030 0323     		movs	r3, #3
 2216 0032 80F85C30 		strb	r3, [r0, #92]
2046:Drivers/STM32G4xx_HAL_Driver/Src/stm32g4xx_hal_fdcan.c ****       }
 2217              		.loc 1 2046 9 is_stmt 1 view .LVU717
2046:Drivers/STM32G4xx_HAL_Driver/Src/stm32g4xx_hal_fdcan.c ****       }
 2218              		.loc 1 2046 16 is_stmt 0 view .LVU718
 2219 0036 0120     		movs	r0, #1
 2220              	.LVL155:
2046:Drivers/STM32G4xx_HAL_Driver/Src/stm32g4xx_hal_fdcan.c ****       }
 2221              		.loc 1 2046 16 view .LVU719
 2222 0038 7047     		bx	lr
 2223              	.LVL156:
 2224              	.L170:
2054:Drivers/STM32G4xx_HAL_Driver/Src/stm32g4xx_hal_fdcan.c **** 
 2225              		.loc 1 2054 5 is_stmt 1 view .LVU720
2057:Drivers/STM32G4xx_HAL_Driver/Src/stm32g4xx_hal_fdcan.c **** 
 2226              		.loc 1 2057 5 view .LVU721
 2227 003a 9369     		ldr	r3, [r2, #24]
 2228 003c 23F01003 		bic	r3, r3, #16
 2229 0040 9361     		str	r3, [r2, #24]
2060:Drivers/STM32G4xx_HAL_Driver/Src/stm32g4xx_hal_fdcan.c ****     {
 2230              		.loc 1 2060 5 view .LVU722
2054:Drivers/STM32G4xx_HAL_Driver/Src/stm32g4xx_hal_fdcan.c **** 
 2231              		.loc 1 2054 13 is_stmt 0 view .LVU723
 2232 0042 0023     		movs	r3, #0
 2233              	.LVL157:
 2234              	.L167:
2060:Drivers/STM32G4xx_HAL_Driver/Src/stm32g4xx_hal_fdcan.c ****     {
 2235              		.loc 1 2060 54 is_stmt 1 view .LVU724
2060:Drivers/STM32G4xx_HAL_Driver/Src/stm32g4xx_hal_fdcan.c ****     {
 2236              		.loc 1 2060 19 is_stmt 0 view .LVU725
 2237 0044 0268     		ldr	r2, [r0]
2060:Drivers/STM32G4xx_HAL_Driver/Src/stm32g4xx_hal_fdcan.c ****     {
 2238              		.loc 1 2060 29 view .LVU726
 2239 0046 9169     		ldr	r1, [r2, #24]
2060:Drivers/STM32G4xx_HAL_Driver/Src/stm32g4xx_hal_fdcan.c ****     {
 2240              		.loc 1 2060 54 view .LVU727
 2241 0048 11F0080F 		tst	r1, #8
 2242 004c 0CD0     		beq	.L172
2063:Drivers/STM32G4xx_HAL_Driver/Src/stm32g4xx_hal_fdcan.c ****       {
 2243              		.loc 1 2063 7 is_stmt 1 view .LVU728
2063:Drivers/STM32G4xx_HAL_Driver/Src/stm32g4xx_hal_fdcan.c ****       {
 2244              		.loc 1 2063 10 is_stmt 0 view .LVU729
 2245 004e 0A2B     		cmp	r3, #10
 2246 0050 01D8     		bhi	.L173
ARM GAS  C:\Users\Booster\AppData\Local\Temp\ccYRDURW.s 			page 113


2075:Drivers/STM32G4xx_HAL_Driver/Src/stm32g4xx_hal_fdcan.c ****     }
 2247              		.loc 1 2075 7 is_stmt 1 view .LVU730
2075:Drivers/STM32G4xx_HAL_Driver/Src/stm32g4xx_hal_fdcan.c ****     }
 2248              		.loc 1 2075 14 is_stmt 0 view .LVU731
 2249 0052 0133     		adds	r3, r3, #1
 2250              	.LVL158:
2075:Drivers/STM32G4xx_HAL_Driver/Src/stm32g4xx_hal_fdcan.c ****     }
 2251              		.loc 1 2075 14 view .LVU732
 2252 0054 F6E7     		b	.L167
 2253              	.L173:
2066:Drivers/STM32G4xx_HAL_Driver/Src/stm32g4xx_hal_fdcan.c **** 
 2254              		.loc 1 2066 9 is_stmt 1 view .LVU733
2066:Drivers/STM32G4xx_HAL_Driver/Src/stm32g4xx_hal_fdcan.c **** 
 2255              		.loc 1 2066 15 is_stmt 0 view .LVU734
 2256 0056 036E     		ldr	r3, [r0, #96]
 2257              	.LVL159:
2066:Drivers/STM32G4xx_HAL_Driver/Src/stm32g4xx_hal_fdcan.c **** 
 2258              		.loc 1 2066 27 view .LVU735
 2259 0058 43F00103 		orr	r3, r3, #1
 2260 005c 0366     		str	r3, [r0, #96]
2069:Drivers/STM32G4xx_HAL_Driver/Src/stm32g4xx_hal_fdcan.c **** 
 2261              		.loc 1 2069 9 is_stmt 1 view .LVU736
2069:Drivers/STM32G4xx_HAL_Driver/Src/stm32g4xx_hal_fdcan.c **** 
 2262              		.loc 1 2069 23 is_stmt 0 view .LVU737
 2263 005e 0323     		movs	r3, #3
 2264 0060 80F85C30 		strb	r3, [r0, #92]
2071:Drivers/STM32G4xx_HAL_Driver/Src/stm32g4xx_hal_fdcan.c ****       }
 2265              		.loc 1 2071 9 is_stmt 1 view .LVU738
2071:Drivers/STM32G4xx_HAL_Driver/Src/stm32g4xx_hal_fdcan.c ****       }
 2266              		.loc 1 2071 16 is_stmt 0 view .LVU739
 2267 0064 0120     		movs	r0, #1
 2268              	.LVL160:
2071:Drivers/STM32G4xx_HAL_Driver/Src/stm32g4xx_hal_fdcan.c ****       }
 2269              		.loc 1 2071 16 view .LVU740
 2270 0066 7047     		bx	lr
 2271              	.LVL161:
 2272              	.L172:
2079:Drivers/STM32G4xx_HAL_Driver/Src/stm32g4xx_hal_fdcan.c **** 
 2273              		.loc 1 2079 5 is_stmt 1 view .LVU741
 2274 0068 9369     		ldr	r3, [r2, #24]
 2275              	.LVL162:
2079:Drivers/STM32G4xx_HAL_Driver/Src/stm32g4xx_hal_fdcan.c **** 
 2276              		.loc 1 2079 5 is_stmt 0 view .LVU742
 2277 006a 43F00203 		orr	r3, r3, #2
 2278 006e 9361     		str	r3, [r2, #24]
2082:Drivers/STM32G4xx_HAL_Driver/Src/stm32g4xx_hal_fdcan.c **** 
 2279              		.loc 1 2082 5 is_stmt 1 view .LVU743
2082:Drivers/STM32G4xx_HAL_Driver/Src/stm32g4xx_hal_fdcan.c **** 
 2280              		.loc 1 2082 34 is_stmt 0 view .LVU744
 2281 0070 0023     		movs	r3, #0
 2282 0072 8365     		str	r3, [r0, #88]
2085:Drivers/STM32G4xx_HAL_Driver/Src/stm32g4xx_hal_fdcan.c **** 
 2283              		.loc 1 2085 5 is_stmt 1 view .LVU745
2085:Drivers/STM32G4xx_HAL_Driver/Src/stm32g4xx_hal_fdcan.c **** 
 2284              		.loc 1 2085 19 is_stmt 0 view .LVU746
 2285 0074 0122     		movs	r2, #1
 2286 0076 80F85C20 		strb	r2, [r0, #92]
ARM GAS  C:\Users\Booster\AppData\Local\Temp\ccYRDURW.s 			page 114


2088:Drivers/STM32G4xx_HAL_Driver/Src/stm32g4xx_hal_fdcan.c ****   }
 2287              		.loc 1 2088 5 is_stmt 1 view .LVU747
2088:Drivers/STM32G4xx_HAL_Driver/Src/stm32g4xx_hal_fdcan.c ****   }
 2288              		.loc 1 2088 12 is_stmt 0 view .LVU748
 2289 007a 1846     		mov	r0, r3
 2290              	.LVL163:
2088:Drivers/STM32G4xx_HAL_Driver/Src/stm32g4xx_hal_fdcan.c ****   }
 2291              		.loc 1 2088 12 view .LVU749
 2292 007c 7047     		bx	lr
 2293              	.LVL164:
 2294              	.L162:
2093:Drivers/STM32G4xx_HAL_Driver/Src/stm32g4xx_hal_fdcan.c **** 
 2295              		.loc 1 2093 5 is_stmt 1 view .LVU750
2093:Drivers/STM32G4xx_HAL_Driver/Src/stm32g4xx_hal_fdcan.c **** 
 2296              		.loc 1 2093 11 is_stmt 0 view .LVU751
 2297 007e 036E     		ldr	r3, [r0, #96]
2093:Drivers/STM32G4xx_HAL_Driver/Src/stm32g4xx_hal_fdcan.c **** 
 2298              		.loc 1 2093 23 view .LVU752
 2299 0080 43F00803 		orr	r3, r3, #8
 2300 0084 0366     		str	r3, [r0, #96]
2095:Drivers/STM32G4xx_HAL_Driver/Src/stm32g4xx_hal_fdcan.c ****   }
 2301              		.loc 1 2095 5 is_stmt 1 view .LVU753
2095:Drivers/STM32G4xx_HAL_Driver/Src/stm32g4xx_hal_fdcan.c ****   }
 2302              		.loc 1 2095 12 is_stmt 0 view .LVU754
 2303 0086 0120     		movs	r0, #1
 2304              	.LVL165:
2097:Drivers/STM32G4xx_HAL_Driver/Src/stm32g4xx_hal_fdcan.c **** 
 2305              		.loc 1 2097 1 view .LVU755
 2306 0088 7047     		bx	lr
 2307              		.cfi_endproc
 2308              	.LFE358:
 2310              		.section	.text.HAL_FDCAN_DeInit,"ax",%progbits
 2311              		.align	1
 2312              		.global	HAL_FDCAN_DeInit
 2313              		.syntax unified
 2314              		.thumb
 2315              		.thumb_func
 2317              	HAL_FDCAN_DeInit:
 2318              	.LVL166:
 2319              	.LFB330:
 537:Drivers/STM32G4xx_HAL_Driver/Src/stm32g4xx_hal_fdcan.c ****   /* Check FDCAN handle */
 2320              		.loc 1 537 1 is_stmt 1 view -0
 2321              		.cfi_startproc
 2322              		@ args = 0, pretend = 0, frame = 0
 2323              		@ frame_needed = 0, uses_anonymous_args = 0
 539:Drivers/STM32G4xx_HAL_Driver/Src/stm32g4xx_hal_fdcan.c ****   {
 2324              		.loc 1 539 3 view .LVU757
 539:Drivers/STM32G4xx_HAL_Driver/Src/stm32g4xx_hal_fdcan.c ****   {
 2325              		.loc 1 539 6 is_stmt 0 view .LVU758
 2326 0000 80B1     		cbz	r0, .L176
 537:Drivers/STM32G4xx_HAL_Driver/Src/stm32g4xx_hal_fdcan.c ****   /* Check FDCAN handle */
 2327              		.loc 1 537 1 view .LVU759
 2328 0002 10B5     		push	{r4, lr}
 2329              	.LCFI11:
 2330              		.cfi_def_cfa_offset 8
 2331              		.cfi_offset 4, -8
 2332              		.cfi_offset 14, -4
ARM GAS  C:\Users\Booster\AppData\Local\Temp\ccYRDURW.s 			page 115


 2333 0004 0446     		mov	r4, r0
 545:Drivers/STM32G4xx_HAL_Driver/Src/stm32g4xx_hal_fdcan.c **** 
 2334              		.loc 1 545 3 is_stmt 1 view .LVU760
 548:Drivers/STM32G4xx_HAL_Driver/Src/stm32g4xx_hal_fdcan.c **** 
 2335              		.loc 1 548 3 view .LVU761
 548:Drivers/STM32G4xx_HAL_Driver/Src/stm32g4xx_hal_fdcan.c **** 
 2336              		.loc 1 548 9 is_stmt 0 view .LVU762
 2337 0006 FFF7FEFF 		bl	HAL_FDCAN_Stop
 2338              	.LVL167:
 551:Drivers/STM32G4xx_HAL_Driver/Src/stm32g4xx_hal_fdcan.c **** 
 2339              		.loc 1 551 3 is_stmt 1 view .LVU763
 2340 000a 2268     		ldr	r2, [r4]
 2341 000c D36D     		ldr	r3, [r2, #92]
 2342 000e 23F00303 		bic	r3, r3, #3
 2343 0012 D365     		str	r3, [r2, #92]
 563:Drivers/STM32G4xx_HAL_Driver/Src/stm32g4xx_hal_fdcan.c **** #endif /* USE_HAL_FDCAN_REGISTER_CALLBACKS */
 2344              		.loc 1 563 3 view .LVU764
 2345 0014 2046     		mov	r0, r4
 2346 0016 FFF7FEFF 		bl	HAL_FDCAN_MspDeInit
 2347              	.LVL168:
 567:Drivers/STM32G4xx_HAL_Driver/Src/stm32g4xx_hal_fdcan.c **** 
 2348              		.loc 1 567 3 view .LVU765
 567:Drivers/STM32G4xx_HAL_Driver/Src/stm32g4xx_hal_fdcan.c **** 
 2349              		.loc 1 567 21 is_stmt 0 view .LVU766
 2350 001a 0020     		movs	r0, #0
 2351 001c 2066     		str	r0, [r4, #96]
 570:Drivers/STM32G4xx_HAL_Driver/Src/stm32g4xx_hal_fdcan.c **** 
 2352              		.loc 1 570 3 is_stmt 1 view .LVU767
 570:Drivers/STM32G4xx_HAL_Driver/Src/stm32g4xx_hal_fdcan.c **** 
 2353              		.loc 1 570 17 is_stmt 0 view .LVU768
 2354 001e 84F85C00 		strb	r0, [r4, #92]
 573:Drivers/STM32G4xx_HAL_Driver/Src/stm32g4xx_hal_fdcan.c **** }
 2355              		.loc 1 573 3 is_stmt 1 view .LVU769
 574:Drivers/STM32G4xx_HAL_Driver/Src/stm32g4xx_hal_fdcan.c **** 
 2356              		.loc 1 574 1 is_stmt 0 view .LVU770
 2357 0022 10BD     		pop	{r4, pc}
 2358              	.LVL169:
 2359              	.L176:
 2360              	.LCFI12:
 2361              		.cfi_def_cfa_offset 0
 2362              		.cfi_restore 4
 2363              		.cfi_restore 14
 541:Drivers/STM32G4xx_HAL_Driver/Src/stm32g4xx_hal_fdcan.c ****   }
 2364              		.loc 1 541 12 view .LVU771
 2365 0024 0120     		movs	r0, #1
 2366              	.LVL170:
 574:Drivers/STM32G4xx_HAL_Driver/Src/stm32g4xx_hal_fdcan.c **** 
 2367              		.loc 1 574 1 view .LVU772
 2368 0026 7047     		bx	lr
 2369              		.cfi_endproc
 2370              	.LFE330:
 2372              		.section	.text.HAL_FDCAN_AddMessageToTxFifoQ,"ax",%progbits
 2373              		.align	1
 2374              		.global	HAL_FDCAN_AddMessageToTxFifoQ
 2375              		.syntax unified
 2376              		.thumb
 2377              		.thumb_func
ARM GAS  C:\Users\Booster\AppData\Local\Temp\ccYRDURW.s 			page 116


 2379              	HAL_FDCAN_AddMessageToTxFifoQ:
 2380              	.LVL171:
 2381              	.LFB359:
2109:Drivers/STM32G4xx_HAL_Driver/Src/stm32g4xx_hal_fdcan.c ****   uint32_t PutIndex;
 2382              		.loc 1 2109 1 is_stmt 1 view -0
 2383              		.cfi_startproc
 2384              		@ args = 0, pretend = 0, frame = 0
 2385              		@ frame_needed = 0, uses_anonymous_args = 0
2109:Drivers/STM32G4xx_HAL_Driver/Src/stm32g4xx_hal_fdcan.c ****   uint32_t PutIndex;
 2386              		.loc 1 2109 1 is_stmt 0 view .LVU774
 2387 0000 38B5     		push	{r3, r4, r5, lr}
 2388              	.LCFI13:
 2389              		.cfi_def_cfa_offset 16
 2390              		.cfi_offset 3, -16
 2391              		.cfi_offset 4, -12
 2392              		.cfi_offset 5, -8
 2393              		.cfi_offset 14, -4
 2394 0002 0446     		mov	r4, r0
2110:Drivers/STM32G4xx_HAL_Driver/Src/stm32g4xx_hal_fdcan.c **** 
 2395              		.loc 1 2110 3 is_stmt 1 view .LVU775
2113:Drivers/STM32G4xx_HAL_Driver/Src/stm32g4xx_hal_fdcan.c ****   if (pTxHeader->IdType == FDCAN_STANDARD_ID)
 2396              		.loc 1 2113 3 view .LVU776
2114:Drivers/STM32G4xx_HAL_Driver/Src/stm32g4xx_hal_fdcan.c ****   {
 2397              		.loc 1 2114 3 view .LVU777
2120:Drivers/STM32G4xx_HAL_Driver/Src/stm32g4xx_hal_fdcan.c ****   }
 2398              		.loc 1 2120 5 view .LVU778
2122:Drivers/STM32G4xx_HAL_Driver/Src/stm32g4xx_hal_fdcan.c ****   assert_param(IS_FDCAN_DLC(pTxHeader->DataLength));
 2399              		.loc 1 2122 3 view .LVU779
2123:Drivers/STM32G4xx_HAL_Driver/Src/stm32g4xx_hal_fdcan.c ****   assert_param(IS_FDCAN_ESI(pTxHeader->ErrorStateIndicator));
 2400              		.loc 1 2123 3 view .LVU780
2124:Drivers/STM32G4xx_HAL_Driver/Src/stm32g4xx_hal_fdcan.c ****   assert_param(IS_FDCAN_BRS(pTxHeader->BitRateSwitch));
 2401              		.loc 1 2124 3 view .LVU781
2125:Drivers/STM32G4xx_HAL_Driver/Src/stm32g4xx_hal_fdcan.c ****   assert_param(IS_FDCAN_FDF(pTxHeader->FDFormat));
 2402              		.loc 1 2125 3 view .LVU782
2126:Drivers/STM32G4xx_HAL_Driver/Src/stm32g4xx_hal_fdcan.c ****   assert_param(IS_FDCAN_EFC(pTxHeader->TxEventFifoControl));
 2403              		.loc 1 2126 3 view .LVU783
2127:Drivers/STM32G4xx_HAL_Driver/Src/stm32g4xx_hal_fdcan.c ****   assert_param(IS_FDCAN_MAX_VALUE(pTxHeader->MessageMarker, 0xFFU));
 2404              		.loc 1 2127 3 view .LVU784
2128:Drivers/STM32G4xx_HAL_Driver/Src/stm32g4xx_hal_fdcan.c **** 
 2405              		.loc 1 2128 3 view .LVU785
2130:Drivers/STM32G4xx_HAL_Driver/Src/stm32g4xx_hal_fdcan.c ****   {
 2406              		.loc 1 2130 3 view .LVU786
2130:Drivers/STM32G4xx_HAL_Driver/Src/stm32g4xx_hal_fdcan.c ****   {
 2407              		.loc 1 2130 13 is_stmt 0 view .LVU787
 2408 0004 90F85C30 		ldrb	r3, [r0, #92]	@ zero_extendqisi2
 2409 0008 DBB2     		uxtb	r3, r3
2130:Drivers/STM32G4xx_HAL_Driver/Src/stm32g4xx_hal_fdcan.c ****   {
 2410              		.loc 1 2130 6 view .LVU788
 2411 000a 022B     		cmp	r3, #2
 2412 000c 1BD1     		bne	.L182
2133:Drivers/STM32G4xx_HAL_Driver/Src/stm32g4xx_hal_fdcan.c ****     {
 2413              		.loc 1 2133 5 is_stmt 1 view .LVU789
2133:Drivers/STM32G4xx_HAL_Driver/Src/stm32g4xx_hal_fdcan.c ****     {
 2414              		.loc 1 2133 16 is_stmt 0 view .LVU790
 2415 000e 0368     		ldr	r3, [r0]
2133:Drivers/STM32G4xx_HAL_Driver/Src/stm32g4xx_hal_fdcan.c ****     {
 2416              		.loc 1 2133 26 view .LVU791
ARM GAS  C:\Users\Booster\AppData\Local\Temp\ccYRDURW.s 			page 117


 2417 0010 D3F8C400 		ldr	r0, [r3, #196]
 2418              	.LVL172:
2133:Drivers/STM32G4xx_HAL_Driver/Src/stm32g4xx_hal_fdcan.c ****     {
 2419              		.loc 1 2133 8 view .LVU792
 2420 0014 10F4001F 		tst	r0, #2097152
 2421 0018 05D0     		beq	.L183
2136:Drivers/STM32G4xx_HAL_Driver/Src/stm32g4xx_hal_fdcan.c **** 
 2422              		.loc 1 2136 7 is_stmt 1 view .LVU793
2136:Drivers/STM32G4xx_HAL_Driver/Src/stm32g4xx_hal_fdcan.c **** 
 2423              		.loc 1 2136 13 is_stmt 0 view .LVU794
 2424 001a 236E     		ldr	r3, [r4, #96]
2136:Drivers/STM32G4xx_HAL_Driver/Src/stm32g4xx_hal_fdcan.c **** 
 2425              		.loc 1 2136 25 view .LVU795
 2426 001c 43F40073 		orr	r3, r3, #512
 2427 0020 2366     		str	r3, [r4, #96]
2138:Drivers/STM32G4xx_HAL_Driver/Src/stm32g4xx_hal_fdcan.c ****     }
 2428              		.loc 1 2138 7 is_stmt 1 view .LVU796
2138:Drivers/STM32G4xx_HAL_Driver/Src/stm32g4xx_hal_fdcan.c ****     }
 2429              		.loc 1 2138 14 is_stmt 0 view .LVU797
 2430 0022 0120     		movs	r0, #1
 2431 0024 14E0     		b	.L184
 2432              	.L183:
2143:Drivers/STM32G4xx_HAL_Driver/Src/stm32g4xx_hal_fdcan.c **** 
 2433              		.loc 1 2143 7 is_stmt 1 view .LVU798
2143:Drivers/STM32G4xx_HAL_Driver/Src/stm32g4xx_hal_fdcan.c **** 
 2434              		.loc 1 2143 36 is_stmt 0 view .LVU799
 2435 0026 D3F8C450 		ldr	r5, [r3, #196]
2143:Drivers/STM32G4xx_HAL_Driver/Src/stm32g4xx_hal_fdcan.c **** 
 2436              		.loc 1 2143 16 view .LVU800
 2437 002a C5F30145 		ubfx	r5, r5, #16, #2
 2438              	.LVL173:
2146:Drivers/STM32G4xx_HAL_Driver/Src/stm32g4xx_hal_fdcan.c **** 
 2439              		.loc 1 2146 7 is_stmt 1 view .LVU801
 2440 002e 2B46     		mov	r3, r5
 2441 0030 2046     		mov	r0, r4
 2442 0032 FFF7FEFF 		bl	FDCAN_CopyMessageToRAM
 2443              	.LVL174:
2149:Drivers/STM32G4xx_HAL_Driver/Src/stm32g4xx_hal_fdcan.c **** 
 2444              		.loc 1 2149 7 view .LVU802
2149:Drivers/STM32G4xx_HAL_Driver/Src/stm32g4xx_hal_fdcan.c **** 
 2445              		.loc 1 2149 13 is_stmt 0 view .LVU803
 2446 0036 2268     		ldr	r2, [r4]
2149:Drivers/STM32G4xx_HAL_Driver/Src/stm32g4xx_hal_fdcan.c **** 
 2447              		.loc 1 2149 46 view .LVU804
 2448 0038 0123     		movs	r3, #1
 2449 003a AB40     		lsls	r3, r3, r5
2149:Drivers/STM32G4xx_HAL_Driver/Src/stm32g4xx_hal_fdcan.c **** 
 2450              		.loc 1 2149 31 view .LVU805
 2451 003c C2F8CC30 		str	r3, [r2, #204]
2152:Drivers/STM32G4xx_HAL_Driver/Src/stm32g4xx_hal_fdcan.c ****     }
 2452              		.loc 1 2152 7 is_stmt 1 view .LVU806
2152:Drivers/STM32G4xx_HAL_Driver/Src/stm32g4xx_hal_fdcan.c ****     }
 2453              		.loc 1 2152 36 is_stmt 0 view .LVU807
 2454 0040 A365     		str	r3, [r4, #88]
2156:Drivers/STM32G4xx_HAL_Driver/Src/stm32g4xx_hal_fdcan.c ****   }
 2455              		.loc 1 2156 5 is_stmt 1 view .LVU808
2156:Drivers/STM32G4xx_HAL_Driver/Src/stm32g4xx_hal_fdcan.c ****   }
ARM GAS  C:\Users\Booster\AppData\Local\Temp\ccYRDURW.s 			page 118


 2456              		.loc 1 2156 12 is_stmt 0 view .LVU809
 2457 0042 0020     		movs	r0, #0
 2458 0044 04E0     		b	.L184
 2459              	.LVL175:
 2460              	.L182:
2161:Drivers/STM32G4xx_HAL_Driver/Src/stm32g4xx_hal_fdcan.c **** 
 2461              		.loc 1 2161 5 is_stmt 1 view .LVU810
2161:Drivers/STM32G4xx_HAL_Driver/Src/stm32g4xx_hal_fdcan.c **** 
 2462              		.loc 1 2161 11 is_stmt 0 view .LVU811
 2463 0046 036E     		ldr	r3, [r0, #96]
2161:Drivers/STM32G4xx_HAL_Driver/Src/stm32g4xx_hal_fdcan.c **** 
 2464              		.loc 1 2161 23 view .LVU812
 2465 0048 43F00803 		orr	r3, r3, #8
 2466 004c 0366     		str	r3, [r0, #96]
2163:Drivers/STM32G4xx_HAL_Driver/Src/stm32g4xx_hal_fdcan.c ****   }
 2467              		.loc 1 2163 5 is_stmt 1 view .LVU813
2163:Drivers/STM32G4xx_HAL_Driver/Src/stm32g4xx_hal_fdcan.c ****   }
 2468              		.loc 1 2163 12 is_stmt 0 view .LVU814
 2469 004e 0120     		movs	r0, #1
 2470              	.LVL176:
 2471              	.L184:
2165:Drivers/STM32G4xx_HAL_Driver/Src/stm32g4xx_hal_fdcan.c **** 
 2472              		.loc 1 2165 1 view .LVU815
 2473 0050 38BD     		pop	{r3, r4, r5, pc}
2165:Drivers/STM32G4xx_HAL_Driver/Src/stm32g4xx_hal_fdcan.c **** 
 2474              		.loc 1 2165 1 view .LVU816
 2475              		.cfi_endproc
 2476              	.LFE359:
 2478              		.section	.text.HAL_FDCAN_GetLatestTxFifoQRequestBuffer,"ax",%progbits
 2479              		.align	1
 2480              		.global	HAL_FDCAN_GetLatestTxFifoQRequestBuffer
 2481              		.syntax unified
 2482              		.thumb
 2483              		.thumb_func
 2485              	HAL_FDCAN_GetLatestTxFifoQRequestBuffer:
 2486              	.LVL177:
 2487              	.LFB360:
2176:Drivers/STM32G4xx_HAL_Driver/Src/stm32g4xx_hal_fdcan.c ****   /* Return Last Tx FIFO/Queue Request Buffer */
 2488              		.loc 1 2176 1 is_stmt 1 view -0
 2489              		.cfi_startproc
 2490              		@ args = 0, pretend = 0, frame = 0
 2491              		@ frame_needed = 0, uses_anonymous_args = 0
 2492              		@ link register save eliminated.
2178:Drivers/STM32G4xx_HAL_Driver/Src/stm32g4xx_hal_fdcan.c **** }
 2493              		.loc 1 2178 3 view .LVU818
2179:Drivers/STM32G4xx_HAL_Driver/Src/stm32g4xx_hal_fdcan.c **** 
 2494              		.loc 1 2179 1 is_stmt 0 view .LVU819
 2495 0000 806D     		ldr	r0, [r0, #88]
 2496              	.LVL178:
2179:Drivers/STM32G4xx_HAL_Driver/Src/stm32g4xx_hal_fdcan.c **** 
 2497              		.loc 1 2179 1 view .LVU820
 2498 0002 7047     		bx	lr
 2499              		.cfi_endproc
 2500              	.LFE360:
 2502              		.section	.text.HAL_FDCAN_AbortTxRequest,"ax",%progbits
 2503              		.align	1
 2504              		.global	HAL_FDCAN_AbortTxRequest
ARM GAS  C:\Users\Booster\AppData\Local\Temp\ccYRDURW.s 			page 119


 2505              		.syntax unified
 2506              		.thumb
 2507              		.thumb_func
 2509              	HAL_FDCAN_AbortTxRequest:
 2510              	.LVL179:
 2511              	.LFB361:
2190:Drivers/STM32G4xx_HAL_Driver/Src/stm32g4xx_hal_fdcan.c ****   /* Check function parameters */
 2512              		.loc 1 2190 1 is_stmt 1 view -0
 2513              		.cfi_startproc
 2514              		@ args = 0, pretend = 0, frame = 0
 2515              		@ frame_needed = 0, uses_anonymous_args = 0
 2516              		@ link register save eliminated.
2192:Drivers/STM32G4xx_HAL_Driver/Src/stm32g4xx_hal_fdcan.c **** 
 2517              		.loc 1 2192 3 view .LVU822
2194:Drivers/STM32G4xx_HAL_Driver/Src/stm32g4xx_hal_fdcan.c ****   {
 2518              		.loc 1 2194 3 view .LVU823
2194:Drivers/STM32G4xx_HAL_Driver/Src/stm32g4xx_hal_fdcan.c ****   {
 2519              		.loc 1 2194 13 is_stmt 0 view .LVU824
 2520 0000 90F85C30 		ldrb	r3, [r0, #92]	@ zero_extendqisi2
 2521 0004 DBB2     		uxtb	r3, r3
2194:Drivers/STM32G4xx_HAL_Driver/Src/stm32g4xx_hal_fdcan.c ****   {
 2522              		.loc 1 2194 6 view .LVU825
 2523 0006 022B     		cmp	r3, #2
 2524 0008 05D0     		beq	.L190
2205:Drivers/STM32G4xx_HAL_Driver/Src/stm32g4xx_hal_fdcan.c **** 
 2525              		.loc 1 2205 5 is_stmt 1 view .LVU826
2205:Drivers/STM32G4xx_HAL_Driver/Src/stm32g4xx_hal_fdcan.c **** 
 2526              		.loc 1 2205 11 is_stmt 0 view .LVU827
 2527 000a 036E     		ldr	r3, [r0, #96]
2205:Drivers/STM32G4xx_HAL_Driver/Src/stm32g4xx_hal_fdcan.c **** 
 2528              		.loc 1 2205 23 view .LVU828
 2529 000c 43F00803 		orr	r3, r3, #8
 2530 0010 0366     		str	r3, [r0, #96]
2207:Drivers/STM32G4xx_HAL_Driver/Src/stm32g4xx_hal_fdcan.c ****   }
 2531              		.loc 1 2207 5 is_stmt 1 view .LVU829
2207:Drivers/STM32G4xx_HAL_Driver/Src/stm32g4xx_hal_fdcan.c ****   }
 2532              		.loc 1 2207 12 is_stmt 0 view .LVU830
 2533 0012 0120     		movs	r0, #1
 2534              	.LVL180:
2209:Drivers/STM32G4xx_HAL_Driver/Src/stm32g4xx_hal_fdcan.c **** 
 2535              		.loc 1 2209 1 view .LVU831
 2536 0014 7047     		bx	lr
 2537              	.LVL181:
 2538              	.L190:
2197:Drivers/STM32G4xx_HAL_Driver/Src/stm32g4xx_hal_fdcan.c **** 
 2539              		.loc 1 2197 5 is_stmt 1 view .LVU832
2197:Drivers/STM32G4xx_HAL_Driver/Src/stm32g4xx_hal_fdcan.c **** 
 2540              		.loc 1 2197 11 is_stmt 0 view .LVU833
 2541 0016 0368     		ldr	r3, [r0]
2197:Drivers/STM32G4xx_HAL_Driver/Src/stm32g4xx_hal_fdcan.c **** 
 2542              		.loc 1 2197 29 view .LVU834
 2543 0018 C3F8D010 		str	r1, [r3, #208]
2200:Drivers/STM32G4xx_HAL_Driver/Src/stm32g4xx_hal_fdcan.c ****   }
 2544              		.loc 1 2200 5 is_stmt 1 view .LVU835
2200:Drivers/STM32G4xx_HAL_Driver/Src/stm32g4xx_hal_fdcan.c ****   }
 2545              		.loc 1 2200 12 is_stmt 0 view .LVU836
 2546 001c 0020     		movs	r0, #0
ARM GAS  C:\Users\Booster\AppData\Local\Temp\ccYRDURW.s 			page 120


 2547              	.LVL182:
2200:Drivers/STM32G4xx_HAL_Driver/Src/stm32g4xx_hal_fdcan.c ****   }
 2548              		.loc 1 2200 12 view .LVU837
 2549 001e 7047     		bx	lr
 2550              		.cfi_endproc
 2551              	.LFE361:
 2553              		.section	.text.HAL_FDCAN_GetRxMessage,"ax",%progbits
 2554              		.align	1
 2555              		.global	HAL_FDCAN_GetRxMessage
 2556              		.syntax unified
 2557              		.thumb
 2558              		.thumb_func
 2560              	HAL_FDCAN_GetRxMessage:
 2561              	.LVL183:
 2562              	.LFB362:
2223:Drivers/STM32G4xx_HAL_Driver/Src/stm32g4xx_hal_fdcan.c ****   uint32_t *RxAddress;
 2563              		.loc 1 2223 1 is_stmt 1 view -0
 2564              		.cfi_startproc
 2565              		@ args = 0, pretend = 0, frame = 0
 2566              		@ frame_needed = 0, uses_anonymous_args = 0
2223:Drivers/STM32G4xx_HAL_Driver/Src/stm32g4xx_hal_fdcan.c ****   uint32_t *RxAddress;
 2567              		.loc 1 2223 1 is_stmt 0 view .LVU839
 2568 0000 70B5     		push	{r4, r5, r6, lr}
 2569              	.LCFI14:
 2570              		.cfi_def_cfa_offset 16
 2571              		.cfi_offset 4, -16
 2572              		.cfi_offset 5, -12
 2573              		.cfi_offset 6, -8
 2574              		.cfi_offset 14, -4
2224:Drivers/STM32G4xx_HAL_Driver/Src/stm32g4xx_hal_fdcan.c ****   uint8_t  *pData;
 2575              		.loc 1 2224 3 is_stmt 1 view .LVU840
2225:Drivers/STM32G4xx_HAL_Driver/Src/stm32g4xx_hal_fdcan.c ****   uint32_t ByteCounter;
 2576              		.loc 1 2225 3 view .LVU841
2226:Drivers/STM32G4xx_HAL_Driver/Src/stm32g4xx_hal_fdcan.c ****   uint32_t GetIndex = 0;
 2577              		.loc 1 2226 3 view .LVU842
2227:Drivers/STM32G4xx_HAL_Driver/Src/stm32g4xx_hal_fdcan.c ****   HAL_FDCAN_StateTypeDef state = hfdcan->State;
 2578              		.loc 1 2227 3 view .LVU843
 2579              	.LVL184:
2228:Drivers/STM32G4xx_HAL_Driver/Src/stm32g4xx_hal_fdcan.c **** 
 2580              		.loc 1 2228 3 view .LVU844
2228:Drivers/STM32G4xx_HAL_Driver/Src/stm32g4xx_hal_fdcan.c **** 
 2581              		.loc 1 2228 26 is_stmt 0 view .LVU845
 2582 0002 90F85C40 		ldrb	r4, [r0, #92]	@ zero_extendqisi2
 2583 0006 E4B2     		uxtb	r4, r4
 2584              	.LVL185:
2231:Drivers/STM32G4xx_HAL_Driver/Src/stm32g4xx_hal_fdcan.c **** 
 2585              		.loc 1 2231 3 is_stmt 1 view .LVU846
2233:Drivers/STM32G4xx_HAL_Driver/Src/stm32g4xx_hal_fdcan.c ****   {
 2586              		.loc 1 2233 3 view .LVU847
2233:Drivers/STM32G4xx_HAL_Driver/Src/stm32g4xx_hal_fdcan.c ****   {
 2587              		.loc 1 2233 6 is_stmt 0 view .LVU848
 2588 0008 022C     		cmp	r4, #2
 2589 000a 40F0A180 		bne	.L192
2235:Drivers/STM32G4xx_HAL_Driver/Src/stm32g4xx_hal_fdcan.c ****     {
 2590              		.loc 1 2235 5 is_stmt 1 view .LVU849
2235:Drivers/STM32G4xx_HAL_Driver/Src/stm32g4xx_hal_fdcan.c ****     {
 2591              		.loc 1 2235 8 is_stmt 0 view .LVU850
ARM GAS  C:\Users\Booster\AppData\Local\Temp\ccYRDURW.s 			page 121


 2592 000e 4029     		cmp	r1, #64
 2593 0010 0BD0     		beq	.L209
2267:Drivers/STM32G4xx_HAL_Driver/Src/stm32g4xx_hal_fdcan.c ****       {
 2594              		.loc 1 2267 7 is_stmt 1 view .LVU851
2267:Drivers/STM32G4xx_HAL_Driver/Src/stm32g4xx_hal_fdcan.c ****       {
 2595              		.loc 1 2267 18 is_stmt 0 view .LVU852
 2596 0012 0468     		ldr	r4, [r0]
 2597              	.LVL186:
2267:Drivers/STM32G4xx_HAL_Driver/Src/stm32g4xx_hal_fdcan.c ****       {
 2598              		.loc 1 2267 28 view .LVU853
 2599 0014 D4F89850 		ldr	r5, [r4, #152]
2267:Drivers/STM32G4xx_HAL_Driver/Src/stm32g4xx_hal_fdcan.c ****       {
 2600              		.loc 1 2267 10 view .LVU854
 2601 0018 15F00F0F 		tst	r5, #15
 2602 001c 2DD1     		bne	.L198
2270:Drivers/STM32G4xx_HAL_Driver/Src/stm32g4xx_hal_fdcan.c **** 
 2603              		.loc 1 2270 9 is_stmt 1 view .LVU855
2270:Drivers/STM32G4xx_HAL_Driver/Src/stm32g4xx_hal_fdcan.c **** 
 2604              		.loc 1 2270 15 is_stmt 0 view .LVU856
 2605 001e 036E     		ldr	r3, [r0, #96]
 2606              	.LVL187:
2270:Drivers/STM32G4xx_HAL_Driver/Src/stm32g4xx_hal_fdcan.c **** 
 2607              		.loc 1 2270 27 view .LVU857
 2608 0020 43F48073 		orr	r3, r3, #256
 2609 0024 0366     		str	r3, [r0, #96]
2272:Drivers/STM32G4xx_HAL_Driver/Src/stm32g4xx_hal_fdcan.c ****       }
 2610              		.loc 1 2272 9 is_stmt 1 view .LVU858
2272:Drivers/STM32G4xx_HAL_Driver/Src/stm32g4xx_hal_fdcan.c ****       }
 2611              		.loc 1 2272 16 is_stmt 0 view .LVU859
 2612 0026 0120     		movs	r0, #1
 2613              	.LVL188:
2272:Drivers/STM32G4xx_HAL_Driver/Src/stm32g4xx_hal_fdcan.c ****       }
 2614              		.loc 1 2272 16 view .LVU860
 2615 0028 97E0     		b	.L195
 2616              	.LVL189:
 2617              	.L209:
2238:Drivers/STM32G4xx_HAL_Driver/Src/stm32g4xx_hal_fdcan.c ****       {
 2618              		.loc 1 2238 7 is_stmt 1 view .LVU861
2238:Drivers/STM32G4xx_HAL_Driver/Src/stm32g4xx_hal_fdcan.c ****       {
 2619              		.loc 1 2238 18 is_stmt 0 view .LVU862
 2620 002a 0468     		ldr	r4, [r0]
 2621              	.LVL190:
2238:Drivers/STM32G4xx_HAL_Driver/Src/stm32g4xx_hal_fdcan.c ****       {
 2622              		.loc 1 2238 28 view .LVU863
 2623 002c D4F89050 		ldr	r5, [r4, #144]
2238:Drivers/STM32G4xx_HAL_Driver/Src/stm32g4xx_hal_fdcan.c ****       {
 2624              		.loc 1 2238 10 view .LVU864
 2625 0030 15F00F0F 		tst	r5, #15
 2626 0034 05D1     		bne	.L194
2241:Drivers/STM32G4xx_HAL_Driver/Src/stm32g4xx_hal_fdcan.c **** 
 2627              		.loc 1 2241 9 is_stmt 1 view .LVU865
2241:Drivers/STM32G4xx_HAL_Driver/Src/stm32g4xx_hal_fdcan.c **** 
 2628              		.loc 1 2241 15 is_stmt 0 view .LVU866
 2629 0036 036E     		ldr	r3, [r0, #96]
 2630              	.LVL191:
2241:Drivers/STM32G4xx_HAL_Driver/Src/stm32g4xx_hal_fdcan.c **** 
 2631              		.loc 1 2241 27 view .LVU867
ARM GAS  C:\Users\Booster\AppData\Local\Temp\ccYRDURW.s 			page 122


 2632 0038 43F48073 		orr	r3, r3, #256
 2633 003c 0366     		str	r3, [r0, #96]
2243:Drivers/STM32G4xx_HAL_Driver/Src/stm32g4xx_hal_fdcan.c ****       }
 2634              		.loc 1 2243 9 is_stmt 1 view .LVU868
2243:Drivers/STM32G4xx_HAL_Driver/Src/stm32g4xx_hal_fdcan.c ****       }
 2635              		.loc 1 2243 16 is_stmt 0 view .LVU869
 2636 003e 0120     		movs	r0, #1
 2637              	.LVL192:
2243:Drivers/STM32G4xx_HAL_Driver/Src/stm32g4xx_hal_fdcan.c ****       }
 2638              		.loc 1 2243 16 view .LVU870
 2639 0040 8BE0     		b	.L195
 2640              	.LVL193:
 2641              	.L194:
2248:Drivers/STM32G4xx_HAL_Driver/Src/stm32g4xx_hal_fdcan.c ****         {
 2642              		.loc 1 2248 9 is_stmt 1 view .LVU871
2248:Drivers/STM32G4xx_HAL_Driver/Src/stm32g4xx_hal_fdcan.c ****         {
 2643              		.loc 1 2248 31 is_stmt 0 view .LVU872
 2644 0042 D4F89050 		ldr	r5, [r4, #144]
2248:Drivers/STM32G4xx_HAL_Driver/Src/stm32g4xx_hal_fdcan.c ****         {
 2645              		.loc 1 2248 58 view .LVU873
 2646 0046 C5F3006C 		ubfx	ip, r5, #24, #1
2248:Drivers/STM32G4xx_HAL_Driver/Src/stm32g4xx_hal_fdcan.c ****         {
 2647              		.loc 1 2248 12 view .LVU874
 2648 004a 15F0807F 		tst	r5, #16777216
 2649 004e 08D0     		beq	.L196
2250:Drivers/STM32G4xx_HAL_Driver/Src/stm32g4xx_hal_fdcan.c ****           {
 2650              		.loc 1 2250 11 is_stmt 1 view .LVU875
2250:Drivers/STM32G4xx_HAL_Driver/Src/stm32g4xx_hal_fdcan.c ****           {
 2651              		.loc 1 2250 33 is_stmt 0 view .LVU876
 2652 0050 D4F88050 		ldr	r5, [r4, #128]
2250:Drivers/STM32G4xx_HAL_Driver/Src/stm32g4xx_hal_fdcan.c ****           {
 2653              		.loc 1 2250 61 view .LVU877
 2654 0054 C5F3402C 		ubfx	ip, r5, #9, #1
2250:Drivers/STM32G4xx_HAL_Driver/Src/stm32g4xx_hal_fdcan.c ****           {
 2655              		.loc 1 2250 14 view .LVU878
 2656 0058 15F4007F 		tst	r5, #512
 2657 005c 01D0     		beq	.L196
2253:Drivers/STM32G4xx_HAL_Driver/Src/stm32g4xx_hal_fdcan.c ****           }
 2658              		.loc 1 2253 22 view .LVU879
 2659 005e 4FF0010C 		mov	ip, #1
 2660              	.L196:
 2661              	.LVL194:
2258:Drivers/STM32G4xx_HAL_Driver/Src/stm32g4xx_hal_fdcan.c **** 
 2662              		.loc 1 2258 9 is_stmt 1 view .LVU880
2258:Drivers/STM32G4xx_HAL_Driver/Src/stm32g4xx_hal_fdcan.c **** 
 2663              		.loc 1 2258 39 is_stmt 0 view .LVU881
 2664 0062 D4F89040 		ldr	r4, [r4, #144]
2258:Drivers/STM32G4xx_HAL_Driver/Src/stm32g4xx_hal_fdcan.c **** 
 2665              		.loc 1 2258 67 view .LVU882
 2666 0066 C4F30124 		ubfx	r4, r4, #8, #2
2258:Drivers/STM32G4xx_HAL_Driver/Src/stm32g4xx_hal_fdcan.c **** 
 2667              		.loc 1 2258 18 view .LVU883
 2668 006a 0CEB0405 		add	r5, ip, r4
 2669              	.LVL195:
2261:Drivers/STM32G4xx_HAL_Driver/Src/stm32g4xx_hal_fdcan.c ****       }
 2670              		.loc 1 2261 9 is_stmt 1 view .LVU884
2261:Drivers/STM32G4xx_HAL_Driver/Src/stm32g4xx_hal_fdcan.c ****       }
ARM GAS  C:\Users\Booster\AppData\Local\Temp\ccYRDURW.s 			page 123


 2671              		.loc 1 2261 48 is_stmt 0 view .LVU885
 2672 006e 846C     		ldr	r4, [r0, #72]
2261:Drivers/STM32G4xx_HAL_Driver/Src/stm32g4xx_hal_fdcan.c ****       }
 2673              		.loc 1 2261 71 view .LVU886
 2674 0070 05EBC50C 		add	ip, r5, r5, lsl #3
2261:Drivers/STM32G4xx_HAL_Driver/Src/stm32g4xx_hal_fdcan.c ****       }
 2675              		.loc 1 2261 59 view .LVU887
 2676 0074 04EBCC0E 		add	lr, r4, ip, lsl #3
 2677              	.LVL196:
2261:Drivers/STM32G4xx_HAL_Driver/Src/stm32g4xx_hal_fdcan.c ****       }
 2678              		.loc 1 2261 59 view .LVU888
 2679 0078 1AE0     		b	.L197
 2680              	.LVL197:
 2681              	.L198:
2277:Drivers/STM32G4xx_HAL_Driver/Src/stm32g4xx_hal_fdcan.c ****         {
 2682              		.loc 1 2277 9 is_stmt 1 view .LVU889
2277:Drivers/STM32G4xx_HAL_Driver/Src/stm32g4xx_hal_fdcan.c ****         {
 2683              		.loc 1 2277 31 is_stmt 0 view .LVU890
 2684 007a D4F89850 		ldr	r5, [r4, #152]
2277:Drivers/STM32G4xx_HAL_Driver/Src/stm32g4xx_hal_fdcan.c ****         {
 2685              		.loc 1 2277 58 view .LVU891
 2686 007e C5F3006C 		ubfx	ip, r5, #24, #1
2277:Drivers/STM32G4xx_HAL_Driver/Src/stm32g4xx_hal_fdcan.c ****         {
 2687              		.loc 1 2277 12 view .LVU892
 2688 0082 15F0807F 		tst	r5, #16777216
 2689 0086 08D0     		beq	.L199
2279:Drivers/STM32G4xx_HAL_Driver/Src/stm32g4xx_hal_fdcan.c ****           {
 2690              		.loc 1 2279 11 is_stmt 1 view .LVU893
2279:Drivers/STM32G4xx_HAL_Driver/Src/stm32g4xx_hal_fdcan.c ****           {
 2691              		.loc 1 2279 33 is_stmt 0 view .LVU894
 2692 0088 D4F88050 		ldr	r5, [r4, #128]
2279:Drivers/STM32G4xx_HAL_Driver/Src/stm32g4xx_hal_fdcan.c ****           {
 2693              		.loc 1 2279 61 view .LVU895
 2694 008c C5F3002C 		ubfx	ip, r5, #8, #1
2279:Drivers/STM32G4xx_HAL_Driver/Src/stm32g4xx_hal_fdcan.c ****           {
 2695              		.loc 1 2279 14 view .LVU896
 2696 0090 15F4807F 		tst	r5, #256
 2697 0094 01D0     		beq	.L199
2282:Drivers/STM32G4xx_HAL_Driver/Src/stm32g4xx_hal_fdcan.c ****           }
 2698              		.loc 1 2282 22 view .LVU897
 2699 0096 4FF0010C 		mov	ip, #1
 2700              	.L199:
 2701              	.LVL198:
2287:Drivers/STM32G4xx_HAL_Driver/Src/stm32g4xx_hal_fdcan.c ****         /* Calculate Rx FIFO 1 element address */
 2702              		.loc 1 2287 9 is_stmt 1 view .LVU898
2287:Drivers/STM32G4xx_HAL_Driver/Src/stm32g4xx_hal_fdcan.c ****         /* Calculate Rx FIFO 1 element address */
 2703              		.loc 1 2287 39 is_stmt 0 view .LVU899
 2704 009a D4F89840 		ldr	r4, [r4, #152]
2287:Drivers/STM32G4xx_HAL_Driver/Src/stm32g4xx_hal_fdcan.c ****         /* Calculate Rx FIFO 1 element address */
 2705              		.loc 1 2287 67 view .LVU900
 2706 009e C4F30124 		ubfx	r4, r4, #8, #2
2287:Drivers/STM32G4xx_HAL_Driver/Src/stm32g4xx_hal_fdcan.c ****         /* Calculate Rx FIFO 1 element address */
 2707              		.loc 1 2287 18 view .LVU901
 2708 00a2 0CEB0405 		add	r5, ip, r4
 2709              	.LVL199:
2289:Drivers/STM32G4xx_HAL_Driver/Src/stm32g4xx_hal_fdcan.c ****       }
 2710              		.loc 1 2289 9 is_stmt 1 view .LVU902
ARM GAS  C:\Users\Booster\AppData\Local\Temp\ccYRDURW.s 			page 124


2289:Drivers/STM32G4xx_HAL_Driver/Src/stm32g4xx_hal_fdcan.c ****       }
 2711              		.loc 1 2289 48 is_stmt 0 view .LVU903
 2712 00a6 C46C     		ldr	r4, [r0, #76]
2289:Drivers/STM32G4xx_HAL_Driver/Src/stm32g4xx_hal_fdcan.c ****       }
 2713              		.loc 1 2289 71 view .LVU904
 2714 00a8 05EBC50C 		add	ip, r5, r5, lsl #3
2289:Drivers/STM32G4xx_HAL_Driver/Src/stm32g4xx_hal_fdcan.c ****       }
 2715              		.loc 1 2289 59 view .LVU905
 2716 00ac 04EBCC0E 		add	lr, r4, ip, lsl #3
 2717              	.LVL200:
 2718              	.L197:
2294:Drivers/STM32G4xx_HAL_Driver/Src/stm32g4xx_hal_fdcan.c **** 
 2719              		.loc 1 2294 5 is_stmt 1 view .LVU906
2294:Drivers/STM32G4xx_HAL_Driver/Src/stm32g4xx_hal_fdcan.c **** 
 2720              		.loc 1 2294 25 is_stmt 0 view .LVU907
 2721 00b0 DEF80040 		ldr	r4, [lr]
2294:Drivers/STM32G4xx_HAL_Driver/Src/stm32g4xx_hal_fdcan.c **** 
 2722              		.loc 1 2294 36 view .LVU908
 2723 00b4 04F08044 		and	r4, r4, #1073741824
2294:Drivers/STM32G4xx_HAL_Driver/Src/stm32g4xx_hal_fdcan.c **** 
 2724              		.loc 1 2294 23 view .LVU909
 2725 00b8 5460     		str	r4, [r2, #4]
2297:Drivers/STM32G4xx_HAL_Driver/Src/stm32g4xx_hal_fdcan.c ****     {
 2726              		.loc 1 2297 5 is_stmt 1 view .LVU910
2297:Drivers/STM32G4xx_HAL_Driver/Src/stm32g4xx_hal_fdcan.c ****     {
 2727              		.loc 1 2297 8 is_stmt 0 view .LVU911
 2728 00ba 64BB     		cbnz	r4, .L200
2299:Drivers/STM32G4xx_HAL_Driver/Src/stm32g4xx_hal_fdcan.c ****     }
 2729              		.loc 1 2299 7 is_stmt 1 view .LVU912
2299:Drivers/STM32G4xx_HAL_Driver/Src/stm32g4xx_hal_fdcan.c ****     }
 2730              		.loc 1 2299 33 is_stmt 0 view .LVU913
 2731 00bc DEF80040 		ldr	r4, [lr]
2299:Drivers/STM32G4xx_HAL_Driver/Src/stm32g4xx_hal_fdcan.c ****     }
 2732              		.loc 1 2299 72 view .LVU914
 2733 00c0 C4F38A44 		ubfx	r4, r4, #18, #11
2299:Drivers/STM32G4xx_HAL_Driver/Src/stm32g4xx_hal_fdcan.c ****     }
 2734              		.loc 1 2299 29 view .LVU915
 2735 00c4 1460     		str	r4, [r2]
 2736              	.L201:
2307:Drivers/STM32G4xx_HAL_Driver/Src/stm32g4xx_hal_fdcan.c **** 
 2737              		.loc 1 2307 5 is_stmt 1 view .LVU916
2307:Drivers/STM32G4xx_HAL_Driver/Src/stm32g4xx_hal_fdcan.c **** 
 2738              		.loc 1 2307 31 is_stmt 0 view .LVU917
 2739 00c6 DEF80040 		ldr	r4, [lr]
2307:Drivers/STM32G4xx_HAL_Driver/Src/stm32g4xx_hal_fdcan.c **** 
 2740              		.loc 1 2307 42 view .LVU918
 2741 00ca 04F00054 		and	r4, r4, #536870912
2307:Drivers/STM32G4xx_HAL_Driver/Src/stm32g4xx_hal_fdcan.c **** 
 2742              		.loc 1 2307 28 view .LVU919
 2743 00ce 9460     		str	r4, [r2, #8]
2310:Drivers/STM32G4xx_HAL_Driver/Src/stm32g4xx_hal_fdcan.c **** 
 2744              		.loc 1 2310 5 is_stmt 1 view .LVU920
2310:Drivers/STM32G4xx_HAL_Driver/Src/stm32g4xx_hal_fdcan.c **** 
 2745              		.loc 1 2310 39 is_stmt 0 view .LVU921
 2746 00d0 DEF80040 		ldr	r4, [lr]
2310:Drivers/STM32G4xx_HAL_Driver/Src/stm32g4xx_hal_fdcan.c **** 
 2747              		.loc 1 2310 50 view .LVU922
ARM GAS  C:\Users\Booster\AppData\Local\Temp\ccYRDURW.s 			page 125


 2748 00d4 04F00044 		and	r4, r4, #-2147483648
2310:Drivers/STM32G4xx_HAL_Driver/Src/stm32g4xx_hal_fdcan.c **** 
 2749              		.loc 1 2310 36 view .LVU923
 2750 00d8 1461     		str	r4, [r2, #16]
2313:Drivers/STM32G4xx_HAL_Driver/Src/stm32g4xx_hal_fdcan.c **** 
 2751              		.loc 1 2313 5 is_stmt 1 view .LVU924
 2752              	.LVL201:
2316:Drivers/STM32G4xx_HAL_Driver/Src/stm32g4xx_hal_fdcan.c **** 
 2753              		.loc 1 2316 5 view .LVU925
2316:Drivers/STM32G4xx_HAL_Driver/Src/stm32g4xx_hal_fdcan.c **** 
 2754              		.loc 1 2316 42 is_stmt 0 view .LVU926
 2755 00da BEF80440 		ldrh	r4, [lr, #4]
2316:Drivers/STM32G4xx_HAL_Driver/Src/stm32g4xx_hal_fdcan.c **** 
 2756              		.loc 1 2316 28 view .LVU927
 2757 00de D461     		str	r4, [r2, #28]
2319:Drivers/STM32G4xx_HAL_Driver/Src/stm32g4xx_hal_fdcan.c **** 
 2758              		.loc 1 2319 5 is_stmt 1 view .LVU928
2319:Drivers/STM32G4xx_HAL_Driver/Src/stm32g4xx_hal_fdcan.c **** 
 2759              		.loc 1 2319 68 is_stmt 0 view .LVU929
 2760 00e0 BEF80640 		ldrh	r4, [lr, #6]
 2761 00e4 04F00F04 		and	r4, r4, #15
2319:Drivers/STM32G4xx_HAL_Driver/Src/stm32g4xx_hal_fdcan.c **** 
 2762              		.loc 1 2319 27 view .LVU930
 2763 00e8 D460     		str	r4, [r2, #12]
2322:Drivers/STM32G4xx_HAL_Driver/Src/stm32g4xx_hal_fdcan.c **** 
 2764              		.loc 1 2322 5 is_stmt 1 view .LVU931
2322:Drivers/STM32G4xx_HAL_Driver/Src/stm32g4xx_hal_fdcan.c **** 
 2765              		.loc 1 2322 33 is_stmt 0 view .LVU932
 2766 00ea DEF80440 		ldr	r4, [lr, #4]
2322:Drivers/STM32G4xx_HAL_Driver/Src/stm32g4xx_hal_fdcan.c **** 
 2767              		.loc 1 2322 44 view .LVU933
 2768 00ee 04F48014 		and	r4, r4, #1048576
2322:Drivers/STM32G4xx_HAL_Driver/Src/stm32g4xx_hal_fdcan.c **** 
 2769              		.loc 1 2322 30 view .LVU934
 2770 00f2 5461     		str	r4, [r2, #20]
2325:Drivers/STM32G4xx_HAL_Driver/Src/stm32g4xx_hal_fdcan.c **** 
 2771              		.loc 1 2325 5 is_stmt 1 view .LVU935
2325:Drivers/STM32G4xx_HAL_Driver/Src/stm32g4xx_hal_fdcan.c **** 
 2772              		.loc 1 2325 28 is_stmt 0 view .LVU936
 2773 00f4 DEF80440 		ldr	r4, [lr, #4]
2325:Drivers/STM32G4xx_HAL_Driver/Src/stm32g4xx_hal_fdcan.c **** 
 2774              		.loc 1 2325 39 view .LVU937
 2775 00f8 04F40014 		and	r4, r4, #2097152
2325:Drivers/STM32G4xx_HAL_Driver/Src/stm32g4xx_hal_fdcan.c **** 
 2776              		.loc 1 2325 25 view .LVU938
 2777 00fc 9461     		str	r4, [r2, #24]
2328:Drivers/STM32G4xx_HAL_Driver/Src/stm32g4xx_hal_fdcan.c **** 
 2778              		.loc 1 2328 5 is_stmt 1 view .LVU939
2328:Drivers/STM32G4xx_HAL_Driver/Src/stm32g4xx_hal_fdcan.c **** 
 2779              		.loc 1 2328 70 is_stmt 0 view .LVU940
 2780 00fe 9EF80740 		ldrb	r4, [lr, #7]	@ zero_extendqisi2
 2781 0102 04F07F04 		and	r4, r4, #127
2328:Drivers/STM32G4xx_HAL_Driver/Src/stm32g4xx_hal_fdcan.c **** 
 2782              		.loc 1 2328 28 view .LVU941
 2783 0106 1462     		str	r4, [r2, #32]
2331:Drivers/STM32G4xx_HAL_Driver/Src/stm32g4xx_hal_fdcan.c **** 
 2784              		.loc 1 2331 5 is_stmt 1 view .LVU942
ARM GAS  C:\Users\Booster\AppData\Local\Temp\ccYRDURW.s 			page 126


2331:Drivers/STM32G4xx_HAL_Driver/Src/stm32g4xx_hal_fdcan.c **** 
 2785              		.loc 1 2331 42 is_stmt 0 view .LVU943
 2786 0108 DEF80440 		ldr	r4, [lr, #4]
2331:Drivers/STM32G4xx_HAL_Driver/Src/stm32g4xx_hal_fdcan.c **** 
 2787              		.loc 1 2331 80 view .LVU944
 2788 010c E40F     		lsrs	r4, r4, #31
2331:Drivers/STM32G4xx_HAL_Driver/Src/stm32g4xx_hal_fdcan.c **** 
 2789              		.loc 1 2331 38 view .LVU945
 2790 010e 5462     		str	r4, [r2, #36]
2334:Drivers/STM32G4xx_HAL_Driver/Src/stm32g4xx_hal_fdcan.c **** 
 2791              		.loc 1 2334 5 is_stmt 1 view .LVU946
 2792              	.LVL202:
2337:Drivers/STM32G4xx_HAL_Driver/Src/stm32g4xx_hal_fdcan.c ****     for (ByteCounter = 0; ByteCounter < DLCtoBytes[pRxHeader->DataLength]; ByteCounter++)
 2793              		.loc 1 2337 5 view .LVU947
2338:Drivers/STM32G4xx_HAL_Driver/Src/stm32g4xx_hal_fdcan.c ****     {
 2794              		.loc 1 2338 5 view .LVU948
2338:Drivers/STM32G4xx_HAL_Driver/Src/stm32g4xx_hal_fdcan.c ****     {
 2795              		.loc 1 2338 22 is_stmt 0 view .LVU949
 2796 0110 4FF0000C 		mov	ip, #0
2338:Drivers/STM32G4xx_HAL_Driver/Src/stm32g4xx_hal_fdcan.c ****     {
 2797              		.loc 1 2338 5 view .LVU950
 2798 0114 0CE0     		b	.L202
 2799              	.LVL203:
 2800              	.L200:
2303:Drivers/STM32G4xx_HAL_Driver/Src/stm32g4xx_hal_fdcan.c ****     }
 2801              		.loc 1 2303 7 is_stmt 1 view .LVU951
2303:Drivers/STM32G4xx_HAL_Driver/Src/stm32g4xx_hal_fdcan.c ****     }
 2802              		.loc 1 2303 32 is_stmt 0 view .LVU952
 2803 0116 DEF80040 		ldr	r4, [lr]
2303:Drivers/STM32G4xx_HAL_Driver/Src/stm32g4xx_hal_fdcan.c ****     }
 2804              		.loc 1 2303 43 view .LVU953
 2805 011a 24F06044 		bic	r4, r4, #-536870912
2303:Drivers/STM32G4xx_HAL_Driver/Src/stm32g4xx_hal_fdcan.c ****     }
 2806              		.loc 1 2303 29 view .LVU954
 2807 011e 1460     		str	r4, [r2]
 2808 0120 D1E7     		b	.L201
 2809              	.LVL204:
 2810              	.L203:
2340:Drivers/STM32G4xx_HAL_Driver/Src/stm32g4xx_hal_fdcan.c ****     }
 2811              		.loc 1 2340 7 is_stmt 1 discriminator 3 view .LVU955
2340:Drivers/STM32G4xx_HAL_Driver/Src/stm32g4xx_hal_fdcan.c ****     }
 2812              		.loc 1 2340 35 is_stmt 0 discriminator 3 view .LVU956
 2813 0122 0EEB0C04 		add	r4, lr, ip
 2814 0126 247A     		ldrb	r4, [r4, #8]	@ zero_extendqisi2
2340:Drivers/STM32G4xx_HAL_Driver/Src/stm32g4xx_hal_fdcan.c ****     }
 2815              		.loc 1 2340 28 discriminator 3 view .LVU957
 2816 0128 03F80C40 		strb	r4, [r3, ip]
2338:Drivers/STM32G4xx_HAL_Driver/Src/stm32g4xx_hal_fdcan.c ****     {
 2817              		.loc 1 2338 87 is_stmt 1 discriminator 3 view .LVU958
 2818 012c 0CF1010C 		add	ip, ip, #1
 2819              	.LVL205:
 2820              	.L202:
2338:Drivers/STM32G4xx_HAL_Driver/Src/stm32g4xx_hal_fdcan.c ****     {
 2821              		.loc 1 2338 39 discriminator 1 view .LVU959
2338:Drivers/STM32G4xx_HAL_Driver/Src/stm32g4xx_hal_fdcan.c ****     {
 2822              		.loc 1 2338 51 is_stmt 0 discriminator 1 view .LVU960
 2823 0130 0A4C     		ldr	r4, .L211
ARM GAS  C:\Users\Booster\AppData\Local\Temp\ccYRDURW.s 			page 127


 2824 0132 D668     		ldr	r6, [r2, #12]
 2825 0134 A45D     		ldrb	r4, [r4, r6]	@ zero_extendqisi2
2338:Drivers/STM32G4xx_HAL_Driver/Src/stm32g4xx_hal_fdcan.c ****     {
 2826              		.loc 1 2338 39 discriminator 1 view .LVU961
 2827 0136 6445     		cmp	r4, ip
 2828 0138 F3D8     		bhi	.L203
2343:Drivers/STM32G4xx_HAL_Driver/Src/stm32g4xx_hal_fdcan.c ****     {
 2829              		.loc 1 2343 5 is_stmt 1 view .LVU962
2343:Drivers/STM32G4xx_HAL_Driver/Src/stm32g4xx_hal_fdcan.c ****     {
 2830              		.loc 1 2343 8 is_stmt 0 view .LVU963
 2831 013a 4029     		cmp	r1, #64
 2832 013c 04D0     		beq	.L210
2351:Drivers/STM32G4xx_HAL_Driver/Src/stm32g4xx_hal_fdcan.c ****     }
 2833              		.loc 1 2351 7 is_stmt 1 view .LVU964
2351:Drivers/STM32G4xx_HAL_Driver/Src/stm32g4xx_hal_fdcan.c ****     }
 2834              		.loc 1 2351 13 is_stmt 0 view .LVU965
 2835 013e 0368     		ldr	r3, [r0]
 2836              	.LVL206:
2351:Drivers/STM32G4xx_HAL_Driver/Src/stm32g4xx_hal_fdcan.c ****     }
 2837              		.loc 1 2351 31 view .LVU966
 2838 0140 C3F89C50 		str	r5, [r3, #156]
 2839              	.L205:
2355:Drivers/STM32G4xx_HAL_Driver/Src/stm32g4xx_hal_fdcan.c ****   }
 2840              		.loc 1 2355 5 is_stmt 1 view .LVU967
2355:Drivers/STM32G4xx_HAL_Driver/Src/stm32g4xx_hal_fdcan.c ****   }
 2841              		.loc 1 2355 12 is_stmt 0 view .LVU968
 2842 0144 0020     		movs	r0, #0
 2843              	.LVL207:
2355:Drivers/STM32G4xx_HAL_Driver/Src/stm32g4xx_hal_fdcan.c ****   }
 2844              		.loc 1 2355 12 view .LVU969
 2845 0146 08E0     		b	.L195
 2846              	.LVL208:
 2847              	.L210:
2346:Drivers/STM32G4xx_HAL_Driver/Src/stm32g4xx_hal_fdcan.c ****     }
 2848              		.loc 1 2346 7 is_stmt 1 view .LVU970
2346:Drivers/STM32G4xx_HAL_Driver/Src/stm32g4xx_hal_fdcan.c ****     }
 2849              		.loc 1 2346 13 is_stmt 0 view .LVU971
 2850 0148 0368     		ldr	r3, [r0]
 2851              	.LVL209:
2346:Drivers/STM32G4xx_HAL_Driver/Src/stm32g4xx_hal_fdcan.c ****     }
 2852              		.loc 1 2346 31 view .LVU972
 2853 014a C3F89450 		str	r5, [r3, #148]
 2854 014e F9E7     		b	.L205
 2855              	.LVL210:
 2856              	.L192:
2360:Drivers/STM32G4xx_HAL_Driver/Src/stm32g4xx_hal_fdcan.c **** 
 2857              		.loc 1 2360 5 is_stmt 1 view .LVU973
2360:Drivers/STM32G4xx_HAL_Driver/Src/stm32g4xx_hal_fdcan.c **** 
 2858              		.loc 1 2360 11 is_stmt 0 view .LVU974
 2859 0150 036E     		ldr	r3, [r0, #96]
 2860              	.LVL211:
2360:Drivers/STM32G4xx_HAL_Driver/Src/stm32g4xx_hal_fdcan.c **** 
 2861              		.loc 1 2360 23 view .LVU975
 2862 0152 43F00803 		orr	r3, r3, #8
 2863 0156 0366     		str	r3, [r0, #96]
2362:Drivers/STM32G4xx_HAL_Driver/Src/stm32g4xx_hal_fdcan.c ****   }
 2864              		.loc 1 2362 5 is_stmt 1 view .LVU976
ARM GAS  C:\Users\Booster\AppData\Local\Temp\ccYRDURW.s 			page 128


2362:Drivers/STM32G4xx_HAL_Driver/Src/stm32g4xx_hal_fdcan.c ****   }
 2865              		.loc 1 2362 12 is_stmt 0 view .LVU977
 2866 0158 0120     		movs	r0, #1
 2867              	.LVL212:
 2868              	.L195:
2364:Drivers/STM32G4xx_HAL_Driver/Src/stm32g4xx_hal_fdcan.c **** 
 2869              		.loc 1 2364 1 view .LVU978
 2870 015a 70BD     		pop	{r4, r5, r6, pc}
 2871              	.L212:
 2872              		.align	2
 2873              	.L211:
 2874 015c 00000000 		.word	DLCtoBytes
 2875              		.cfi_endproc
 2876              	.LFE362:
 2878              		.section	.text.HAL_FDCAN_GetTxEvent,"ax",%progbits
 2879              		.align	1
 2880              		.global	HAL_FDCAN_GetTxEvent
 2881              		.syntax unified
 2882              		.thumb
 2883              		.thumb_func
 2885              	HAL_FDCAN_GetTxEvent:
 2886              	.LVL213:
 2887              	.LFB363:
2374:Drivers/STM32G4xx_HAL_Driver/Src/stm32g4xx_hal_fdcan.c ****   uint32_t *TxEventAddress;
 2888              		.loc 1 2374 1 is_stmt 1 view -0
 2889              		.cfi_startproc
 2890              		@ args = 0, pretend = 0, frame = 0
 2891              		@ frame_needed = 0, uses_anonymous_args = 0
 2892              		@ link register save eliminated.
2375:Drivers/STM32G4xx_HAL_Driver/Src/stm32g4xx_hal_fdcan.c ****   uint32_t GetIndex;
 2893              		.loc 1 2375 3 view .LVU980
2376:Drivers/STM32G4xx_HAL_Driver/Src/stm32g4xx_hal_fdcan.c ****   HAL_FDCAN_StateTypeDef state = hfdcan->State;
 2894              		.loc 1 2376 3 view .LVU981
2377:Drivers/STM32G4xx_HAL_Driver/Src/stm32g4xx_hal_fdcan.c **** 
 2895              		.loc 1 2377 3 view .LVU982
2377:Drivers/STM32G4xx_HAL_Driver/Src/stm32g4xx_hal_fdcan.c **** 
 2896              		.loc 1 2377 26 is_stmt 0 view .LVU983
 2897 0000 90F85C30 		ldrb	r3, [r0, #92]	@ zero_extendqisi2
 2898 0004 DBB2     		uxtb	r3, r3
 2899              	.LVL214:
2379:Drivers/STM32G4xx_HAL_Driver/Src/stm32g4xx_hal_fdcan.c ****   {
 2900              		.loc 1 2379 3 is_stmt 1 view .LVU984
2379:Drivers/STM32G4xx_HAL_Driver/Src/stm32g4xx_hal_fdcan.c ****   {
 2901              		.loc 1 2379 6 is_stmt 0 view .LVU985
 2902 0006 022B     		cmp	r3, #2
 2903 0008 48D1     		bne	.L214
2382:Drivers/STM32G4xx_HAL_Driver/Src/stm32g4xx_hal_fdcan.c ****     {
 2904              		.loc 1 2382 5 is_stmt 1 view .LVU986
2382:Drivers/STM32G4xx_HAL_Driver/Src/stm32g4xx_hal_fdcan.c ****     {
 2905              		.loc 1 2382 16 is_stmt 0 view .LVU987
 2906 000a 0368     		ldr	r3, [r0]
 2907              	.LVL215:
2382:Drivers/STM32G4xx_HAL_Driver/Src/stm32g4xx_hal_fdcan.c ****     {
 2908              		.loc 1 2382 26 view .LVU988
 2909 000c D3F8E420 		ldr	r2, [r3, #228]
2382:Drivers/STM32G4xx_HAL_Driver/Src/stm32g4xx_hal_fdcan.c ****     {
 2910              		.loc 1 2382 8 view .LVU989
ARM GAS  C:\Users\Booster\AppData\Local\Temp\ccYRDURW.s 			page 129


 2911 0010 12F0070F 		tst	r2, #7
 2912 0014 05D1     		bne	.L215
2385:Drivers/STM32G4xx_HAL_Driver/Src/stm32g4xx_hal_fdcan.c **** 
 2913              		.loc 1 2385 7 is_stmt 1 view .LVU990
2385:Drivers/STM32G4xx_HAL_Driver/Src/stm32g4xx_hal_fdcan.c **** 
 2914              		.loc 1 2385 13 is_stmt 0 view .LVU991
 2915 0016 036E     		ldr	r3, [r0, #96]
2385:Drivers/STM32G4xx_HAL_Driver/Src/stm32g4xx_hal_fdcan.c **** 
 2916              		.loc 1 2385 25 view .LVU992
 2917 0018 43F48073 		orr	r3, r3, #256
 2918 001c 0366     		str	r3, [r0, #96]
2387:Drivers/STM32G4xx_HAL_Driver/Src/stm32g4xx_hal_fdcan.c ****     }
 2919              		.loc 1 2387 7 is_stmt 1 view .LVU993
2387:Drivers/STM32G4xx_HAL_Driver/Src/stm32g4xx_hal_fdcan.c ****     }
 2920              		.loc 1 2387 14 is_stmt 0 view .LVU994
 2921 001e 0120     		movs	r0, #1
 2922              	.LVL216:
2387:Drivers/STM32G4xx_HAL_Driver/Src/stm32g4xx_hal_fdcan.c ****     }
 2923              		.loc 1 2387 14 view .LVU995
 2924 0020 7047     		bx	lr
 2925              	.LVL217:
 2926              	.L215:
2374:Drivers/STM32G4xx_HAL_Driver/Src/stm32g4xx_hal_fdcan.c ****   uint32_t *TxEventAddress;
 2927              		.loc 1 2374 1 view .LVU996
 2928 0022 30B4     		push	{r4, r5}
 2929              	.LCFI15:
 2930              		.cfi_def_cfa_offset 8
 2931              		.cfi_offset 4, -8
 2932              		.cfi_offset 5, -4
2391:Drivers/STM32G4xx_HAL_Driver/Src/stm32g4xx_hal_fdcan.c ****     TxEventAddress = (uint32_t *)(hfdcan->msgRam.TxEventFIFOSA + (GetIndex * SRAMCAN_TEF_SIZE));
 2933              		.loc 1 2391 5 is_stmt 1 view .LVU997
2391:Drivers/STM32G4xx_HAL_Driver/Src/stm32g4xx_hal_fdcan.c ****     TxEventAddress = (uint32_t *)(hfdcan->msgRam.TxEventFIFOSA + (GetIndex * SRAMCAN_TEF_SIZE));
 2934              		.loc 1 2391 34 is_stmt 0 view .LVU998
 2935 0024 D3F8E430 		ldr	r3, [r3, #228]
2391:Drivers/STM32G4xx_HAL_Driver/Src/stm32g4xx_hal_fdcan.c ****     TxEventAddress = (uint32_t *)(hfdcan->msgRam.TxEventFIFOSA + (GetIndex * SRAMCAN_TEF_SIZE));
 2936              		.loc 1 2391 14 view .LVU999
 2937 0028 C3F30123 		ubfx	r3, r3, #8, #2
 2938              	.LVL218:
2392:Drivers/STM32G4xx_HAL_Driver/Src/stm32g4xx_hal_fdcan.c **** 
 2939              		.loc 1 2392 5 is_stmt 1 view .LVU1000
2392:Drivers/STM32G4xx_HAL_Driver/Src/stm32g4xx_hal_fdcan.c **** 
 2940              		.loc 1 2392 49 is_stmt 0 view .LVU1001
 2941 002c 046D     		ldr	r4, [r0, #80]
2392:Drivers/STM32G4xx_HAL_Driver/Src/stm32g4xx_hal_fdcan.c **** 
 2942              		.loc 1 2392 64 view .LVU1002
 2943 002e 04EBC302 		add	r2, r4, r3, lsl #3
 2944              	.LVL219:
2395:Drivers/STM32G4xx_HAL_Driver/Src/stm32g4xx_hal_fdcan.c **** 
 2945              		.loc 1 2395 5 is_stmt 1 view .LVU1003
2395:Drivers/STM32G4xx_HAL_Driver/Src/stm32g4xx_hal_fdcan.c **** 
 2946              		.loc 1 2395 24 is_stmt 0 view .LVU1004
 2947 0032 54F83350 		ldr	r5, [r4, r3, lsl #3]
2395:Drivers/STM32G4xx_HAL_Driver/Src/stm32g4xx_hal_fdcan.c **** 
 2948              		.loc 1 2395 40 view .LVU1005
 2949 0036 05F08045 		and	r5, r5, #1073741824
2395:Drivers/STM32G4xx_HAL_Driver/Src/stm32g4xx_hal_fdcan.c **** 
 2950              		.loc 1 2395 22 view .LVU1006
ARM GAS  C:\Users\Booster\AppData\Local\Temp\ccYRDURW.s 			page 130


 2951 003a 4D60     		str	r5, [r1, #4]
2398:Drivers/STM32G4xx_HAL_Driver/Src/stm32g4xx_hal_fdcan.c ****     {
 2952              		.loc 1 2398 5 is_stmt 1 view .LVU1007
2398:Drivers/STM32G4xx_HAL_Driver/Src/stm32g4xx_hal_fdcan.c ****     {
 2953              		.loc 1 2398 8 is_stmt 0 view .LVU1008
 2954 003c 45BB     		cbnz	r5, .L217
2400:Drivers/STM32G4xx_HAL_Driver/Src/stm32g4xx_hal_fdcan.c ****     }
 2955              		.loc 1 2400 7 is_stmt 1 view .LVU1009
2400:Drivers/STM32G4xx_HAL_Driver/Src/stm32g4xx_hal_fdcan.c ****     }
 2956              		.loc 1 2400 32 is_stmt 0 view .LVU1010
 2957 003e 54F83350 		ldr	r5, [r4, r3, lsl #3]
2400:Drivers/STM32G4xx_HAL_Driver/Src/stm32g4xx_hal_fdcan.c ****     }
 2958              		.loc 1 2400 76 view .LVU1011
 2959 0042 C5F38A45 		ubfx	r5, r5, #18, #11
2400:Drivers/STM32G4xx_HAL_Driver/Src/stm32g4xx_hal_fdcan.c ****     }
 2960              		.loc 1 2400 28 view .LVU1012
 2961 0046 0D60     		str	r5, [r1]
 2962              	.L218:
2408:Drivers/STM32G4xx_HAL_Driver/Src/stm32g4xx_hal_fdcan.c **** 
 2963              		.loc 1 2408 5 is_stmt 1 view .LVU1013
2408:Drivers/STM32G4xx_HAL_Driver/Src/stm32g4xx_hal_fdcan.c **** 
 2964              		.loc 1 2408 30 is_stmt 0 view .LVU1014
 2965 0048 54F83350 		ldr	r5, [r4, r3, lsl #3]
2408:Drivers/STM32G4xx_HAL_Driver/Src/stm32g4xx_hal_fdcan.c **** 
 2966              		.loc 1 2408 46 view .LVU1015
 2967 004c 05F00055 		and	r5, r5, #536870912
2408:Drivers/STM32G4xx_HAL_Driver/Src/stm32g4xx_hal_fdcan.c **** 
 2968              		.loc 1 2408 27 view .LVU1016
 2969 0050 8D60     		str	r5, [r1, #8]
2411:Drivers/STM32G4xx_HAL_Driver/Src/stm32g4xx_hal_fdcan.c **** 
 2970              		.loc 1 2411 5 is_stmt 1 view .LVU1017
2411:Drivers/STM32G4xx_HAL_Driver/Src/stm32g4xx_hal_fdcan.c **** 
 2971              		.loc 1 2411 38 is_stmt 0 view .LVU1018
 2972 0052 54F83340 		ldr	r4, [r4, r3, lsl #3]
2411:Drivers/STM32G4xx_HAL_Driver/Src/stm32g4xx_hal_fdcan.c **** 
 2973              		.loc 1 2411 54 view .LVU1019
 2974 0056 04F00044 		and	r4, r4, #-2147483648
2411:Drivers/STM32G4xx_HAL_Driver/Src/stm32g4xx_hal_fdcan.c **** 
 2975              		.loc 1 2411 35 view .LVU1020
 2976 005a 0C61     		str	r4, [r1, #16]
2414:Drivers/STM32G4xx_HAL_Driver/Src/stm32g4xx_hal_fdcan.c **** 
 2977              		.loc 1 2414 5 is_stmt 1 view .LVU1021
 2978              	.LVL220:
2417:Drivers/STM32G4xx_HAL_Driver/Src/stm32g4xx_hal_fdcan.c **** 
 2979              		.loc 1 2417 5 view .LVU1022
2417:Drivers/STM32G4xx_HAL_Driver/Src/stm32g4xx_hal_fdcan.c **** 
 2980              		.loc 1 2417 46 is_stmt 0 view .LVU1023
 2981 005c 9488     		ldrh	r4, [r2, #4]
2417:Drivers/STM32G4xx_HAL_Driver/Src/stm32g4xx_hal_fdcan.c **** 
 2982              		.loc 1 2417 27 view .LVU1024
 2983 005e CC61     		str	r4, [r1, #28]
2420:Drivers/STM32G4xx_HAL_Driver/Src/stm32g4xx_hal_fdcan.c **** 
 2984              		.loc 1 2420 5 is_stmt 1 view .LVU1025
2420:Drivers/STM32G4xx_HAL_Driver/Src/stm32g4xx_hal_fdcan.c **** 
 2985              		.loc 1 2420 72 is_stmt 0 view .LVU1026
 2986 0060 D488     		ldrh	r4, [r2, #6]
 2987 0062 04F00F04 		and	r4, r4, #15
ARM GAS  C:\Users\Booster\AppData\Local\Temp\ccYRDURW.s 			page 131


2420:Drivers/STM32G4xx_HAL_Driver/Src/stm32g4xx_hal_fdcan.c **** 
 2988              		.loc 1 2420 26 view .LVU1027
 2989 0066 CC60     		str	r4, [r1, #12]
2423:Drivers/STM32G4xx_HAL_Driver/Src/stm32g4xx_hal_fdcan.c **** 
 2990              		.loc 1 2423 5 is_stmt 1 view .LVU1028
2423:Drivers/STM32G4xx_HAL_Driver/Src/stm32g4xx_hal_fdcan.c **** 
 2991              		.loc 1 2423 32 is_stmt 0 view .LVU1029
 2992 0068 5468     		ldr	r4, [r2, #4]
2423:Drivers/STM32G4xx_HAL_Driver/Src/stm32g4xx_hal_fdcan.c **** 
 2993              		.loc 1 2423 48 view .LVU1030
 2994 006a 04F48014 		and	r4, r4, #1048576
2423:Drivers/STM32G4xx_HAL_Driver/Src/stm32g4xx_hal_fdcan.c **** 
 2995              		.loc 1 2423 29 view .LVU1031
 2996 006e 4C61     		str	r4, [r1, #20]
2426:Drivers/STM32G4xx_HAL_Driver/Src/stm32g4xx_hal_fdcan.c **** 
 2997              		.loc 1 2426 5 is_stmt 1 view .LVU1032
2426:Drivers/STM32G4xx_HAL_Driver/Src/stm32g4xx_hal_fdcan.c **** 
 2998              		.loc 1 2426 27 is_stmt 0 view .LVU1033
 2999 0070 5468     		ldr	r4, [r2, #4]
2426:Drivers/STM32G4xx_HAL_Driver/Src/stm32g4xx_hal_fdcan.c **** 
 3000              		.loc 1 2426 43 view .LVU1034
 3001 0072 04F40014 		and	r4, r4, #2097152
2426:Drivers/STM32G4xx_HAL_Driver/Src/stm32g4xx_hal_fdcan.c **** 
 3002              		.loc 1 2426 24 view .LVU1035
 3003 0076 8C61     		str	r4, [r1, #24]
2429:Drivers/STM32G4xx_HAL_Driver/Src/stm32g4xx_hal_fdcan.c **** 
 3004              		.loc 1 2429 5 is_stmt 1 view .LVU1036
2429:Drivers/STM32G4xx_HAL_Driver/Src/stm32g4xx_hal_fdcan.c **** 
 3005              		.loc 1 2429 28 is_stmt 0 view .LVU1037
 3006 0078 5468     		ldr	r4, [r2, #4]
2429:Drivers/STM32G4xx_HAL_Driver/Src/stm32g4xx_hal_fdcan.c **** 
 3007              		.loc 1 2429 44 view .LVU1038
 3008 007a 04F44004 		and	r4, r4, #12582912
2429:Drivers/STM32G4xx_HAL_Driver/Src/stm32g4xx_hal_fdcan.c **** 
 3009              		.loc 1 2429 25 view .LVU1039
 3010 007e 4C62     		str	r4, [r1, #36]
2432:Drivers/STM32G4xx_HAL_Driver/Src/stm32g4xx_hal_fdcan.c **** 
 3011              		.loc 1 2432 5 is_stmt 1 view .LVU1040
2432:Drivers/STM32G4xx_HAL_Driver/Src/stm32g4xx_hal_fdcan.c **** 
 3012              		.loc 1 2432 74 is_stmt 0 view .LVU1041
 3013 0080 D279     		ldrb	r2, [r2, #7]	@ zero_extendqisi2
 3014              	.LVL221:
2432:Drivers/STM32G4xx_HAL_Driver/Src/stm32g4xx_hal_fdcan.c **** 
 3015              		.loc 1 2432 29 view .LVU1042
 3016 0082 0A62     		str	r2, [r1, #32]
2435:Drivers/STM32G4xx_HAL_Driver/Src/stm32g4xx_hal_fdcan.c **** 
 3017              		.loc 1 2435 5 is_stmt 1 view .LVU1043
2435:Drivers/STM32G4xx_HAL_Driver/Src/stm32g4xx_hal_fdcan.c **** 
 3018              		.loc 1 2435 11 is_stmt 0 view .LVU1044
 3019 0084 0268     		ldr	r2, [r0]
2435:Drivers/STM32G4xx_HAL_Driver/Src/stm32g4xx_hal_fdcan.c **** 
 3020              		.loc 1 2435 29 view .LVU1045
 3021 0086 C2F8E830 		str	r3, [r2, #232]
2438:Drivers/STM32G4xx_HAL_Driver/Src/stm32g4xx_hal_fdcan.c ****   }
 3022              		.loc 1 2438 5 is_stmt 1 view .LVU1046
2438:Drivers/STM32G4xx_HAL_Driver/Src/stm32g4xx_hal_fdcan.c ****   }
 3023              		.loc 1 2438 12 is_stmt 0 view .LVU1047
ARM GAS  C:\Users\Booster\AppData\Local\Temp\ccYRDURW.s 			page 132


 3024 008a 0020     		movs	r0, #0
 3025              	.LVL222:
2447:Drivers/STM32G4xx_HAL_Driver/Src/stm32g4xx_hal_fdcan.c **** 
 3026              		.loc 1 2447 1 view .LVU1048
 3027 008c 30BC     		pop	{r4, r5}
 3028              	.LCFI16:
 3029              		.cfi_remember_state
 3030              		.cfi_restore 5
 3031              		.cfi_restore 4
 3032              		.cfi_def_cfa_offset 0
 3033 008e 7047     		bx	lr
 3034              	.LVL223:
 3035              	.L217:
 3036              	.LCFI17:
 3037              		.cfi_restore_state
2404:Drivers/STM32G4xx_HAL_Driver/Src/stm32g4xx_hal_fdcan.c ****     }
 3038              		.loc 1 2404 7 is_stmt 1 view .LVU1049
2404:Drivers/STM32G4xx_HAL_Driver/Src/stm32g4xx_hal_fdcan.c ****     }
 3039              		.loc 1 2404 31 is_stmt 0 view .LVU1050
 3040 0090 54F83350 		ldr	r5, [r4, r3, lsl #3]
2404:Drivers/STM32G4xx_HAL_Driver/Src/stm32g4xx_hal_fdcan.c ****     }
 3041              		.loc 1 2404 47 view .LVU1051
 3042 0094 25F06045 		bic	r5, r5, #-536870912
2404:Drivers/STM32G4xx_HAL_Driver/Src/stm32g4xx_hal_fdcan.c ****     }
 3043              		.loc 1 2404 28 view .LVU1052
 3044 0098 0D60     		str	r5, [r1]
 3045 009a D5E7     		b	.L218
 3046              	.LVL224:
 3047              	.L214:
 3048              	.LCFI18:
 3049              		.cfi_def_cfa_offset 0
 3050              		.cfi_restore 4
 3051              		.cfi_restore 5
2443:Drivers/STM32G4xx_HAL_Driver/Src/stm32g4xx_hal_fdcan.c **** 
 3052              		.loc 1 2443 5 is_stmt 1 view .LVU1053
2443:Drivers/STM32G4xx_HAL_Driver/Src/stm32g4xx_hal_fdcan.c **** 
 3053              		.loc 1 2443 11 is_stmt 0 view .LVU1054
 3054 009c 036E     		ldr	r3, [r0, #96]
 3055              	.LVL225:
2443:Drivers/STM32G4xx_HAL_Driver/Src/stm32g4xx_hal_fdcan.c **** 
 3056              		.loc 1 2443 23 view .LVU1055
 3057 009e 43F00803 		orr	r3, r3, #8
 3058 00a2 0366     		str	r3, [r0, #96]
2445:Drivers/STM32G4xx_HAL_Driver/Src/stm32g4xx_hal_fdcan.c ****   }
 3059              		.loc 1 2445 5 is_stmt 1 view .LVU1056
2445:Drivers/STM32G4xx_HAL_Driver/Src/stm32g4xx_hal_fdcan.c ****   }
 3060              		.loc 1 2445 12 is_stmt 0 view .LVU1057
 3061 00a4 0120     		movs	r0, #1
 3062              	.LVL226:
2447:Drivers/STM32G4xx_HAL_Driver/Src/stm32g4xx_hal_fdcan.c **** 
 3063              		.loc 1 2447 1 view .LVU1058
 3064 00a6 7047     		bx	lr
 3065              		.cfi_endproc
 3066              	.LFE363:
 3068              		.section	.text.HAL_FDCAN_GetHighPriorityMessageStatus,"ax",%progbits
 3069              		.align	1
 3070              		.global	HAL_FDCAN_GetHighPriorityMessageStatus
ARM GAS  C:\Users\Booster\AppData\Local\Temp\ccYRDURW.s 			page 133


 3071              		.syntax unified
 3072              		.thumb
 3073              		.thumb_func
 3075              	HAL_FDCAN_GetHighPriorityMessageStatus:
 3076              	.LVL227:
 3077              	.LFB364:
2458:Drivers/STM32G4xx_HAL_Driver/Src/stm32g4xx_hal_fdcan.c ****   HpMsgStatus->FilterList = ((hfdcan->Instance->HPMS & FDCAN_HPMS_FLST) >> FDCAN_HPMS_FLST_Pos);
 3078              		.loc 1 2458 1 is_stmt 1 view -0
 3079              		.cfi_startproc
 3080              		@ args = 0, pretend = 0, frame = 0
 3081              		@ frame_needed = 0, uses_anonymous_args = 0
 3082              		@ link register save eliminated.
2459:Drivers/STM32G4xx_HAL_Driver/Src/stm32g4xx_hal_fdcan.c ****   HpMsgStatus->FilterIndex = ((hfdcan->Instance->HPMS & FDCAN_HPMS_FIDX) >> FDCAN_HPMS_FIDX_Pos);
 3083              		.loc 1 2459 3 view .LVU1060
2459:Drivers/STM32G4xx_HAL_Driver/Src/stm32g4xx_hal_fdcan.c ****   HpMsgStatus->FilterIndex = ((hfdcan->Instance->HPMS & FDCAN_HPMS_FIDX) >> FDCAN_HPMS_FIDX_Pos);
 3084              		.loc 1 2459 37 is_stmt 0 view .LVU1061
 3085 0000 0368     		ldr	r3, [r0]
2459:Drivers/STM32G4xx_HAL_Driver/Src/stm32g4xx_hal_fdcan.c ****   HpMsgStatus->FilterIndex = ((hfdcan->Instance->HPMS & FDCAN_HPMS_FIDX) >> FDCAN_HPMS_FIDX_Pos);
 3086              		.loc 1 2459 47 view .LVU1062
 3087 0002 D3F88830 		ldr	r3, [r3, #136]
2459:Drivers/STM32G4xx_HAL_Driver/Src/stm32g4xx_hal_fdcan.c ****   HpMsgStatus->FilterIndex = ((hfdcan->Instance->HPMS & FDCAN_HPMS_FIDX) >> FDCAN_HPMS_FIDX_Pos);
 3088              		.loc 1 2459 73 view .LVU1063
 3089 0006 C3F3C033 		ubfx	r3, r3, #15, #1
2459:Drivers/STM32G4xx_HAL_Driver/Src/stm32g4xx_hal_fdcan.c ****   HpMsgStatus->FilterIndex = ((hfdcan->Instance->HPMS & FDCAN_HPMS_FIDX) >> FDCAN_HPMS_FIDX_Pos);
 3090              		.loc 1 2459 27 view .LVU1064
 3091 000a 0B60     		str	r3, [r1]
2460:Drivers/STM32G4xx_HAL_Driver/Src/stm32g4xx_hal_fdcan.c ****   HpMsgStatus->MessageStorage = (hfdcan->Instance->HPMS & FDCAN_HPMS_MSI);
 3092              		.loc 1 2460 3 is_stmt 1 view .LVU1065
2460:Drivers/STM32G4xx_HAL_Driver/Src/stm32g4xx_hal_fdcan.c ****   HpMsgStatus->MessageStorage = (hfdcan->Instance->HPMS & FDCAN_HPMS_MSI);
 3093              		.loc 1 2460 38 is_stmt 0 view .LVU1066
 3094 000c 0368     		ldr	r3, [r0]
2460:Drivers/STM32G4xx_HAL_Driver/Src/stm32g4xx_hal_fdcan.c ****   HpMsgStatus->MessageStorage = (hfdcan->Instance->HPMS & FDCAN_HPMS_MSI);
 3095              		.loc 1 2460 48 view .LVU1067
 3096 000e D3F88830 		ldr	r3, [r3, #136]
2460:Drivers/STM32G4xx_HAL_Driver/Src/stm32g4xx_hal_fdcan.c ****   HpMsgStatus->MessageStorage = (hfdcan->Instance->HPMS & FDCAN_HPMS_MSI);
 3097              		.loc 1 2460 74 view .LVU1068
 3098 0012 C3F30423 		ubfx	r3, r3, #8, #5
2460:Drivers/STM32G4xx_HAL_Driver/Src/stm32g4xx_hal_fdcan.c ****   HpMsgStatus->MessageStorage = (hfdcan->Instance->HPMS & FDCAN_HPMS_MSI);
 3099              		.loc 1 2460 28 view .LVU1069
 3100 0016 4B60     		str	r3, [r1, #4]
2461:Drivers/STM32G4xx_HAL_Driver/Src/stm32g4xx_hal_fdcan.c ****   HpMsgStatus->MessageIndex = (hfdcan->Instance->HPMS & FDCAN_HPMS_BIDX);
 3101              		.loc 1 2461 3 is_stmt 1 view .LVU1070
2461:Drivers/STM32G4xx_HAL_Driver/Src/stm32g4xx_hal_fdcan.c ****   HpMsgStatus->MessageIndex = (hfdcan->Instance->HPMS & FDCAN_HPMS_BIDX);
 3102              		.loc 1 2461 40 is_stmt 0 view .LVU1071
 3103 0018 0368     		ldr	r3, [r0]
2461:Drivers/STM32G4xx_HAL_Driver/Src/stm32g4xx_hal_fdcan.c ****   HpMsgStatus->MessageIndex = (hfdcan->Instance->HPMS & FDCAN_HPMS_BIDX);
 3104              		.loc 1 2461 50 view .LVU1072
 3105 001a D3F88830 		ldr	r3, [r3, #136]
2461:Drivers/STM32G4xx_HAL_Driver/Src/stm32g4xx_hal_fdcan.c ****   HpMsgStatus->MessageIndex = (hfdcan->Instance->HPMS & FDCAN_HPMS_BIDX);
 3106              		.loc 1 2461 57 view .LVU1073
 3107 001e 03F0C003 		and	r3, r3, #192
2461:Drivers/STM32G4xx_HAL_Driver/Src/stm32g4xx_hal_fdcan.c ****   HpMsgStatus->MessageIndex = (hfdcan->Instance->HPMS & FDCAN_HPMS_BIDX);
 3108              		.loc 1 2461 31 view .LVU1074
 3109 0022 8B60     		str	r3, [r1, #8]
2462:Drivers/STM32G4xx_HAL_Driver/Src/stm32g4xx_hal_fdcan.c **** 
 3110              		.loc 1 2462 3 is_stmt 1 view .LVU1075
2462:Drivers/STM32G4xx_HAL_Driver/Src/stm32g4xx_hal_fdcan.c **** 
ARM GAS  C:\Users\Booster\AppData\Local\Temp\ccYRDURW.s 			page 134


 3111              		.loc 1 2462 38 is_stmt 0 view .LVU1076
 3112 0024 0368     		ldr	r3, [r0]
2462:Drivers/STM32G4xx_HAL_Driver/Src/stm32g4xx_hal_fdcan.c **** 
 3113              		.loc 1 2462 48 view .LVU1077
 3114 0026 D3F88830 		ldr	r3, [r3, #136]
2462:Drivers/STM32G4xx_HAL_Driver/Src/stm32g4xx_hal_fdcan.c **** 
 3115              		.loc 1 2462 55 view .LVU1078
 3116 002a 03F00703 		and	r3, r3, #7
2462:Drivers/STM32G4xx_HAL_Driver/Src/stm32g4xx_hal_fdcan.c **** 
 3117              		.loc 1 2462 29 view .LVU1079
 3118 002e CB60     		str	r3, [r1, #12]
2465:Drivers/STM32G4xx_HAL_Driver/Src/stm32g4xx_hal_fdcan.c **** }
 3119              		.loc 1 2465 3 is_stmt 1 view .LVU1080
2466:Drivers/STM32G4xx_HAL_Driver/Src/stm32g4xx_hal_fdcan.c **** 
 3120              		.loc 1 2466 1 is_stmt 0 view .LVU1081
 3121 0030 0020     		movs	r0, #0
 3122              	.LVL228:
2466:Drivers/STM32G4xx_HAL_Driver/Src/stm32g4xx_hal_fdcan.c **** 
 3123              		.loc 1 2466 1 view .LVU1082
 3124 0032 7047     		bx	lr
 3125              		.cfi_endproc
 3126              	.LFE364:
 3128              		.section	.text.HAL_FDCAN_GetProtocolStatus,"ax",%progbits
 3129              		.align	1
 3130              		.global	HAL_FDCAN_GetProtocolStatus
 3131              		.syntax unified
 3132              		.thumb
 3133              		.thumb_func
 3135              	HAL_FDCAN_GetProtocolStatus:
 3136              	.LVL229:
 3137              	.LFB365:
2477:Drivers/STM32G4xx_HAL_Driver/Src/stm32g4xx_hal_fdcan.c ****   uint32_t StatusReg;
 3138              		.loc 1 2477 1 is_stmt 1 view -0
 3139              		.cfi_startproc
 3140              		@ args = 0, pretend = 0, frame = 0
 3141              		@ frame_needed = 0, uses_anonymous_args = 0
 3142              		@ link register save eliminated.
2478:Drivers/STM32G4xx_HAL_Driver/Src/stm32g4xx_hal_fdcan.c **** 
 3143              		.loc 1 2478 3 view .LVU1084
2481:Drivers/STM32G4xx_HAL_Driver/Src/stm32g4xx_hal_fdcan.c **** 
 3144              		.loc 1 2481 3 view .LVU1085
2481:Drivers/STM32G4xx_HAL_Driver/Src/stm32g4xx_hal_fdcan.c **** 
 3145              		.loc 1 2481 15 is_stmt 0 view .LVU1086
 3146 0000 0368     		ldr	r3, [r0]
2481:Drivers/STM32G4xx_HAL_Driver/Src/stm32g4xx_hal_fdcan.c **** 
 3147              		.loc 1 2481 13 view .LVU1087
 3148 0002 5B6C     		ldr	r3, [r3, #68]
 3149              	.LVL230:
2484:Drivers/STM32G4xx_HAL_Driver/Src/stm32g4xx_hal_fdcan.c ****   ProtocolStatus->DataLastErrorCode = ((StatusReg & FDCAN_PSR_DLEC) >> FDCAN_PSR_DLEC_Pos);
 3150              		.loc 1 2484 3 is_stmt 1 view .LVU1088
2484:Drivers/STM32G4xx_HAL_Driver/Src/stm32g4xx_hal_fdcan.c ****   ProtocolStatus->DataLastErrorCode = ((StatusReg & FDCAN_PSR_DLEC) >> FDCAN_PSR_DLEC_Pos);
 3151              		.loc 1 2484 46 is_stmt 0 view .LVU1089
 3152 0004 03F00702 		and	r2, r3, #7
2484:Drivers/STM32G4xx_HAL_Driver/Src/stm32g4xx_hal_fdcan.c ****   ProtocolStatus->DataLastErrorCode = ((StatusReg & FDCAN_PSR_DLEC) >> FDCAN_PSR_DLEC_Pos);
 3153              		.loc 1 2484 33 view .LVU1090
 3154 0008 0A60     		str	r2, [r1]
2485:Drivers/STM32G4xx_HAL_Driver/Src/stm32g4xx_hal_fdcan.c ****   ProtocolStatus->Activity = (StatusReg & FDCAN_PSR_ACT);
ARM GAS  C:\Users\Booster\AppData\Local\Temp\ccYRDURW.s 			page 135


 3155              		.loc 1 2485 3 is_stmt 1 view .LVU1091
2485:Drivers/STM32G4xx_HAL_Driver/Src/stm32g4xx_hal_fdcan.c ****   ProtocolStatus->Activity = (StatusReg & FDCAN_PSR_ACT);
 3156              		.loc 1 2485 69 is_stmt 0 view .LVU1092
 3157 000a C3F30222 		ubfx	r2, r3, #8, #3
2485:Drivers/STM32G4xx_HAL_Driver/Src/stm32g4xx_hal_fdcan.c ****   ProtocolStatus->Activity = (StatusReg & FDCAN_PSR_ACT);
 3158              		.loc 1 2485 37 view .LVU1093
 3159 000e 4A60     		str	r2, [r1, #4]
2486:Drivers/STM32G4xx_HAL_Driver/Src/stm32g4xx_hal_fdcan.c ****   ProtocolStatus->ErrorPassive = ((StatusReg & FDCAN_PSR_EP) >> FDCAN_PSR_EP_Pos);
 3160              		.loc 1 2486 3 is_stmt 1 view .LVU1094
2486:Drivers/STM32G4xx_HAL_Driver/Src/stm32g4xx_hal_fdcan.c ****   ProtocolStatus->ErrorPassive = ((StatusReg & FDCAN_PSR_EP) >> FDCAN_PSR_EP_Pos);
 3161              		.loc 1 2486 41 is_stmt 0 view .LVU1095
 3162 0010 03F01802 		and	r2, r3, #24
2486:Drivers/STM32G4xx_HAL_Driver/Src/stm32g4xx_hal_fdcan.c ****   ProtocolStatus->ErrorPassive = ((StatusReg & FDCAN_PSR_EP) >> FDCAN_PSR_EP_Pos);
 3163              		.loc 1 2486 28 view .LVU1096
 3164 0014 8A60     		str	r2, [r1, #8]
2487:Drivers/STM32G4xx_HAL_Driver/Src/stm32g4xx_hal_fdcan.c ****   ProtocolStatus->Warning = ((StatusReg & FDCAN_PSR_EW) >> FDCAN_PSR_EW_Pos);
 3165              		.loc 1 2487 3 is_stmt 1 view .LVU1097
2487:Drivers/STM32G4xx_HAL_Driver/Src/stm32g4xx_hal_fdcan.c ****   ProtocolStatus->Warning = ((StatusReg & FDCAN_PSR_EW) >> FDCAN_PSR_EW_Pos);
 3166              		.loc 1 2487 62 is_stmt 0 view .LVU1098
 3167 0016 C3F34012 		ubfx	r2, r3, #5, #1
2487:Drivers/STM32G4xx_HAL_Driver/Src/stm32g4xx_hal_fdcan.c ****   ProtocolStatus->Warning = ((StatusReg & FDCAN_PSR_EW) >> FDCAN_PSR_EW_Pos);
 3168              		.loc 1 2487 32 view .LVU1099
 3169 001a CA60     		str	r2, [r1, #12]
2488:Drivers/STM32G4xx_HAL_Driver/Src/stm32g4xx_hal_fdcan.c ****   ProtocolStatus->BusOff = ((StatusReg & FDCAN_PSR_BO) >> FDCAN_PSR_BO_Pos);
 3170              		.loc 1 2488 3 is_stmt 1 view .LVU1100
2488:Drivers/STM32G4xx_HAL_Driver/Src/stm32g4xx_hal_fdcan.c ****   ProtocolStatus->BusOff = ((StatusReg & FDCAN_PSR_BO) >> FDCAN_PSR_BO_Pos);
 3171              		.loc 1 2488 57 is_stmt 0 view .LVU1101
 3172 001c C3F38012 		ubfx	r2, r3, #6, #1
2488:Drivers/STM32G4xx_HAL_Driver/Src/stm32g4xx_hal_fdcan.c ****   ProtocolStatus->BusOff = ((StatusReg & FDCAN_PSR_BO) >> FDCAN_PSR_BO_Pos);
 3173              		.loc 1 2488 27 view .LVU1102
 3174 0020 0A61     		str	r2, [r1, #16]
2489:Drivers/STM32G4xx_HAL_Driver/Src/stm32g4xx_hal_fdcan.c ****   ProtocolStatus->RxESIflag = ((StatusReg & FDCAN_PSR_RESI) >> FDCAN_PSR_RESI_Pos);
 3175              		.loc 1 2489 3 is_stmt 1 view .LVU1103
2489:Drivers/STM32G4xx_HAL_Driver/Src/stm32g4xx_hal_fdcan.c ****   ProtocolStatus->RxESIflag = ((StatusReg & FDCAN_PSR_RESI) >> FDCAN_PSR_RESI_Pos);
 3176              		.loc 1 2489 56 is_stmt 0 view .LVU1104
 3177 0022 C3F3C012 		ubfx	r2, r3, #7, #1
2489:Drivers/STM32G4xx_HAL_Driver/Src/stm32g4xx_hal_fdcan.c ****   ProtocolStatus->RxESIflag = ((StatusReg & FDCAN_PSR_RESI) >> FDCAN_PSR_RESI_Pos);
 3178              		.loc 1 2489 26 view .LVU1105
 3179 0026 4A61     		str	r2, [r1, #20]
2490:Drivers/STM32G4xx_HAL_Driver/Src/stm32g4xx_hal_fdcan.c ****   ProtocolStatus->RxBRSflag = ((StatusReg & FDCAN_PSR_RBRS) >> FDCAN_PSR_RBRS_Pos);
 3180              		.loc 1 2490 3 is_stmt 1 view .LVU1106
2490:Drivers/STM32G4xx_HAL_Driver/Src/stm32g4xx_hal_fdcan.c ****   ProtocolStatus->RxBRSflag = ((StatusReg & FDCAN_PSR_RBRS) >> FDCAN_PSR_RBRS_Pos);
 3181              		.loc 1 2490 61 is_stmt 0 view .LVU1107
 3182 0028 C3F3C022 		ubfx	r2, r3, #11, #1
2490:Drivers/STM32G4xx_HAL_Driver/Src/stm32g4xx_hal_fdcan.c ****   ProtocolStatus->RxBRSflag = ((StatusReg & FDCAN_PSR_RBRS) >> FDCAN_PSR_RBRS_Pos);
 3183              		.loc 1 2490 29 view .LVU1108
 3184 002c 8A61     		str	r2, [r1, #24]
2491:Drivers/STM32G4xx_HAL_Driver/Src/stm32g4xx_hal_fdcan.c ****   ProtocolStatus->RxFDFflag = ((StatusReg & FDCAN_PSR_REDL) >> FDCAN_PSR_REDL_Pos);
 3185              		.loc 1 2491 3 is_stmt 1 view .LVU1109
2491:Drivers/STM32G4xx_HAL_Driver/Src/stm32g4xx_hal_fdcan.c ****   ProtocolStatus->RxFDFflag = ((StatusReg & FDCAN_PSR_REDL) >> FDCAN_PSR_REDL_Pos);
 3186              		.loc 1 2491 61 is_stmt 0 view .LVU1110
 3187 002e C3F30032 		ubfx	r2, r3, #12, #1
2491:Drivers/STM32G4xx_HAL_Driver/Src/stm32g4xx_hal_fdcan.c ****   ProtocolStatus->RxFDFflag = ((StatusReg & FDCAN_PSR_REDL) >> FDCAN_PSR_REDL_Pos);
 3188              		.loc 1 2491 29 view .LVU1111
 3189 0032 CA61     		str	r2, [r1, #28]
2492:Drivers/STM32G4xx_HAL_Driver/Src/stm32g4xx_hal_fdcan.c ****   ProtocolStatus->ProtocolException = ((StatusReg & FDCAN_PSR_PXE) >> FDCAN_PSR_PXE_Pos);
 3190              		.loc 1 2492 3 is_stmt 1 view .LVU1112
ARM GAS  C:\Users\Booster\AppData\Local\Temp\ccYRDURW.s 			page 136


2492:Drivers/STM32G4xx_HAL_Driver/Src/stm32g4xx_hal_fdcan.c ****   ProtocolStatus->ProtocolException = ((StatusReg & FDCAN_PSR_PXE) >> FDCAN_PSR_PXE_Pos);
 3191              		.loc 1 2492 61 is_stmt 0 view .LVU1113
 3192 0034 C3F34032 		ubfx	r2, r3, #13, #1
2492:Drivers/STM32G4xx_HAL_Driver/Src/stm32g4xx_hal_fdcan.c ****   ProtocolStatus->ProtocolException = ((StatusReg & FDCAN_PSR_PXE) >> FDCAN_PSR_PXE_Pos);
 3193              		.loc 1 2492 29 view .LVU1114
 3194 0038 0A62     		str	r2, [r1, #32]
2493:Drivers/STM32G4xx_HAL_Driver/Src/stm32g4xx_hal_fdcan.c ****   ProtocolStatus->TDCvalue = ((StatusReg & FDCAN_PSR_TDCV) >> FDCAN_PSR_TDCV_Pos);
 3195              		.loc 1 2493 3 is_stmt 1 view .LVU1115
2493:Drivers/STM32G4xx_HAL_Driver/Src/stm32g4xx_hal_fdcan.c ****   ProtocolStatus->TDCvalue = ((StatusReg & FDCAN_PSR_TDCV) >> FDCAN_PSR_TDCV_Pos);
 3196              		.loc 1 2493 68 is_stmt 0 view .LVU1116
 3197 003a C3F38032 		ubfx	r2, r3, #14, #1
2493:Drivers/STM32G4xx_HAL_Driver/Src/stm32g4xx_hal_fdcan.c ****   ProtocolStatus->TDCvalue = ((StatusReg & FDCAN_PSR_TDCV) >> FDCAN_PSR_TDCV_Pos);
 3198              		.loc 1 2493 37 view .LVU1117
 3199 003e 4A62     		str	r2, [r1, #36]
2494:Drivers/STM32G4xx_HAL_Driver/Src/stm32g4xx_hal_fdcan.c **** 
 3200              		.loc 1 2494 3 is_stmt 1 view .LVU1118
2494:Drivers/STM32G4xx_HAL_Driver/Src/stm32g4xx_hal_fdcan.c **** 
 3201              		.loc 1 2494 60 is_stmt 0 view .LVU1119
 3202 0040 C3F30643 		ubfx	r3, r3, #16, #7
 3203              	.LVL231:
2494:Drivers/STM32G4xx_HAL_Driver/Src/stm32g4xx_hal_fdcan.c **** 
 3204              		.loc 1 2494 28 view .LVU1120
 3205 0044 8B62     		str	r3, [r1, #40]
2497:Drivers/STM32G4xx_HAL_Driver/Src/stm32g4xx_hal_fdcan.c **** }
 3206              		.loc 1 2497 3 is_stmt 1 view .LVU1121
2498:Drivers/STM32G4xx_HAL_Driver/Src/stm32g4xx_hal_fdcan.c **** 
 3207              		.loc 1 2498 1 is_stmt 0 view .LVU1122
 3208 0046 0020     		movs	r0, #0
 3209              	.LVL232:
2498:Drivers/STM32G4xx_HAL_Driver/Src/stm32g4xx_hal_fdcan.c **** 
 3210              		.loc 1 2498 1 view .LVU1123
 3211 0048 7047     		bx	lr
 3212              		.cfi_endproc
 3213              	.LFE365:
 3215              		.section	.text.HAL_FDCAN_GetErrorCounters,"ax",%progbits
 3216              		.align	1
 3217              		.global	HAL_FDCAN_GetErrorCounters
 3218              		.syntax unified
 3219              		.thumb
 3220              		.thumb_func
 3222              	HAL_FDCAN_GetErrorCounters:
 3223              	.LVL233:
 3224              	.LFB366:
2509:Drivers/STM32G4xx_HAL_Driver/Src/stm32g4xx_hal_fdcan.c ****   uint32_t CountersReg;
 3225              		.loc 1 2509 1 is_stmt 1 view -0
 3226              		.cfi_startproc
 3227              		@ args = 0, pretend = 0, frame = 0
 3228              		@ frame_needed = 0, uses_anonymous_args = 0
 3229              		@ link register save eliminated.
2510:Drivers/STM32G4xx_HAL_Driver/Src/stm32g4xx_hal_fdcan.c **** 
 3230              		.loc 1 2510 3 view .LVU1125
2513:Drivers/STM32G4xx_HAL_Driver/Src/stm32g4xx_hal_fdcan.c **** 
 3231              		.loc 1 2513 3 view .LVU1126
2513:Drivers/STM32G4xx_HAL_Driver/Src/stm32g4xx_hal_fdcan.c **** 
 3232              		.loc 1 2513 17 is_stmt 0 view .LVU1127
 3233 0000 0368     		ldr	r3, [r0]
2513:Drivers/STM32G4xx_HAL_Driver/Src/stm32g4xx_hal_fdcan.c **** 
ARM GAS  C:\Users\Booster\AppData\Local\Temp\ccYRDURW.s 			page 137


 3234              		.loc 1 2513 15 view .LVU1128
 3235 0002 1B6C     		ldr	r3, [r3, #64]
 3236              	.LVL234:
2516:Drivers/STM32G4xx_HAL_Driver/Src/stm32g4xx_hal_fdcan.c ****   ErrorCounters->RxErrorCnt = ((CountersReg & FDCAN_ECR_REC) >> FDCAN_ECR_REC_Pos);
 3237              		.loc 1 2516 3 is_stmt 1 view .LVU1129
2516:Drivers/STM32G4xx_HAL_Driver/Src/stm32g4xx_hal_fdcan.c ****   ErrorCounters->RxErrorCnt = ((CountersReg & FDCAN_ECR_REC) >> FDCAN_ECR_REC_Pos);
 3238              		.loc 1 2516 62 is_stmt 0 view .LVU1130
 3239 0004 DAB2     		uxtb	r2, r3
2516:Drivers/STM32G4xx_HAL_Driver/Src/stm32g4xx_hal_fdcan.c ****   ErrorCounters->RxErrorCnt = ((CountersReg & FDCAN_ECR_REC) >> FDCAN_ECR_REC_Pos);
 3240              		.loc 1 2516 29 view .LVU1131
 3241 0006 0A60     		str	r2, [r1]
2517:Drivers/STM32G4xx_HAL_Driver/Src/stm32g4xx_hal_fdcan.c ****   ErrorCounters->RxErrorPassive = ((CountersReg & FDCAN_ECR_RP) >> FDCAN_ECR_RP_Pos);
 3242              		.loc 1 2517 3 is_stmt 1 view .LVU1132
2517:Drivers/STM32G4xx_HAL_Driver/Src/stm32g4xx_hal_fdcan.c ****   ErrorCounters->RxErrorPassive = ((CountersReg & FDCAN_ECR_RP) >> FDCAN_ECR_RP_Pos);
 3243              		.loc 1 2517 62 is_stmt 0 view .LVU1133
 3244 0008 C3F30622 		ubfx	r2, r3, #8, #7
2517:Drivers/STM32G4xx_HAL_Driver/Src/stm32g4xx_hal_fdcan.c ****   ErrorCounters->RxErrorPassive = ((CountersReg & FDCAN_ECR_RP) >> FDCAN_ECR_RP_Pos);
 3245              		.loc 1 2517 29 view .LVU1134
 3246 000c 4A60     		str	r2, [r1, #4]
2518:Drivers/STM32G4xx_HAL_Driver/Src/stm32g4xx_hal_fdcan.c ****   ErrorCounters->ErrorLogging = ((CountersReg & FDCAN_ECR_CEL) >> FDCAN_ECR_CEL_Pos);
 3247              		.loc 1 2518 3 is_stmt 1 view .LVU1135
2518:Drivers/STM32G4xx_HAL_Driver/Src/stm32g4xx_hal_fdcan.c ****   ErrorCounters->ErrorLogging = ((CountersReg & FDCAN_ECR_CEL) >> FDCAN_ECR_CEL_Pos);
 3248              		.loc 1 2518 65 is_stmt 0 view .LVU1136
 3249 000e C3F3C032 		ubfx	r2, r3, #15, #1
2518:Drivers/STM32G4xx_HAL_Driver/Src/stm32g4xx_hal_fdcan.c ****   ErrorCounters->ErrorLogging = ((CountersReg & FDCAN_ECR_CEL) >> FDCAN_ECR_CEL_Pos);
 3250              		.loc 1 2518 33 view .LVU1137
 3251 0012 8A60     		str	r2, [r1, #8]
2519:Drivers/STM32G4xx_HAL_Driver/Src/stm32g4xx_hal_fdcan.c **** 
 3252              		.loc 1 2519 3 is_stmt 1 view .LVU1138
2519:Drivers/STM32G4xx_HAL_Driver/Src/stm32g4xx_hal_fdcan.c **** 
 3253              		.loc 1 2519 64 is_stmt 0 view .LVU1139
 3254 0014 C3F30743 		ubfx	r3, r3, #16, #8
 3255              	.LVL235:
2519:Drivers/STM32G4xx_HAL_Driver/Src/stm32g4xx_hal_fdcan.c **** 
 3256              		.loc 1 2519 31 view .LVU1140
 3257 0018 CB60     		str	r3, [r1, #12]
2522:Drivers/STM32G4xx_HAL_Driver/Src/stm32g4xx_hal_fdcan.c **** }
 3258              		.loc 1 2522 3 is_stmt 1 view .LVU1141
2523:Drivers/STM32G4xx_HAL_Driver/Src/stm32g4xx_hal_fdcan.c **** 
 3259              		.loc 1 2523 1 is_stmt 0 view .LVU1142
 3260 001a 0020     		movs	r0, #0
 3261              	.LVL236:
2523:Drivers/STM32G4xx_HAL_Driver/Src/stm32g4xx_hal_fdcan.c **** 
 3262              		.loc 1 2523 1 view .LVU1143
 3263 001c 7047     		bx	lr
 3264              		.cfi_endproc
 3265              	.LFE366:
 3267              		.section	.text.HAL_FDCAN_IsTxBufferMessagePending,"ax",%progbits
 3268              		.align	1
 3269              		.global	HAL_FDCAN_IsTxBufferMessagePending
 3270              		.syntax unified
 3271              		.thumb
 3272              		.thumb_func
 3274              	HAL_FDCAN_IsTxBufferMessagePending:
 3275              	.LVL237:
 3276              	.LFB367:
2536:Drivers/STM32G4xx_HAL_Driver/Src/stm32g4xx_hal_fdcan.c ****   /* Check function parameters */
ARM GAS  C:\Users\Booster\AppData\Local\Temp\ccYRDURW.s 			page 138


 3277              		.loc 1 2536 1 is_stmt 1 view -0
 3278              		.cfi_startproc
 3279              		@ args = 0, pretend = 0, frame = 0
 3280              		@ frame_needed = 0, uses_anonymous_args = 0
 3281              		@ link register save eliminated.
2538:Drivers/STM32G4xx_HAL_Driver/Src/stm32g4xx_hal_fdcan.c **** 
 3282              		.loc 1 2538 3 view .LVU1145
2541:Drivers/STM32G4xx_HAL_Driver/Src/stm32g4xx_hal_fdcan.c ****   {
 3283              		.loc 1 2541 3 view .LVU1146
2541:Drivers/STM32G4xx_HAL_Driver/Src/stm32g4xx_hal_fdcan.c ****   {
 3284              		.loc 1 2541 14 is_stmt 0 view .LVU1147
 3285 0000 0368     		ldr	r3, [r0]
2541:Drivers/STM32G4xx_HAL_Driver/Src/stm32g4xx_hal_fdcan.c ****   {
 3286              		.loc 1 2541 24 view .LVU1148
 3287 0002 D3F8C800 		ldr	r0, [r3, #200]
 3288              	.LVL238:
2541:Drivers/STM32G4xx_HAL_Driver/Src/stm32g4xx_hal_fdcan.c ****   {
 3289              		.loc 1 2541 6 view .LVU1149
 3290 0006 0840     		ands	r0, r0, r1
 3291 0008 00D0     		beq	.L225
2545:Drivers/STM32G4xx_HAL_Driver/Src/stm32g4xx_hal_fdcan.c **** }
 3292              		.loc 1 2545 10 view .LVU1150
 3293 000a 0120     		movs	r0, #1
 3294              	.L225:
2546:Drivers/STM32G4xx_HAL_Driver/Src/stm32g4xx_hal_fdcan.c **** 
 3295              		.loc 1 2546 1 view .LVU1151
 3296 000c 7047     		bx	lr
 3297              		.cfi_endproc
 3298              	.LFE367:
 3300              		.section	.text.HAL_FDCAN_GetRxFifoFillLevel,"ax",%progbits
 3301              		.align	1
 3302              		.global	HAL_FDCAN_GetRxFifoFillLevel
 3303              		.syntax unified
 3304              		.thumb
 3305              		.thumb_func
 3307              	HAL_FDCAN_GetRxFifoFillLevel:
 3308              	.LVL239:
 3309              	.LFB368:
2559:Drivers/STM32G4xx_HAL_Driver/Src/stm32g4xx_hal_fdcan.c ****   uint32_t FillLevel;
 3310              		.loc 1 2559 1 is_stmt 1 view -0
 3311              		.cfi_startproc
 3312              		@ args = 0, pretend = 0, frame = 0
 3313              		@ frame_needed = 0, uses_anonymous_args = 0
 3314              		@ link register save eliminated.
2560:Drivers/STM32G4xx_HAL_Driver/Src/stm32g4xx_hal_fdcan.c **** 
 3315              		.loc 1 2560 3 view .LVU1153
2563:Drivers/STM32G4xx_HAL_Driver/Src/stm32g4xx_hal_fdcan.c **** 
 3316              		.loc 1 2563 3 view .LVU1154
2565:Drivers/STM32G4xx_HAL_Driver/Src/stm32g4xx_hal_fdcan.c ****   {
 3317              		.loc 1 2565 3 view .LVU1155
2565:Drivers/STM32G4xx_HAL_Driver/Src/stm32g4xx_hal_fdcan.c ****   {
 3318              		.loc 1 2565 6 is_stmt 0 view .LVU1156
 3319 0000 4029     		cmp	r1, #64
 3320 0002 05D0     		beq	.L230
2571:Drivers/STM32G4xx_HAL_Driver/Src/stm32g4xx_hal_fdcan.c ****   }
 3321              		.loc 1 2571 5 is_stmt 1 view .LVU1157
2571:Drivers/STM32G4xx_HAL_Driver/Src/stm32g4xx_hal_fdcan.c ****   }
ARM GAS  C:\Users\Booster\AppData\Local\Temp\ccYRDURW.s 			page 139


 3322              		.loc 1 2571 23 is_stmt 0 view .LVU1158
 3323 0004 0368     		ldr	r3, [r0]
2571:Drivers/STM32G4xx_HAL_Driver/Src/stm32g4xx_hal_fdcan.c ****   }
 3324              		.loc 1 2571 33 view .LVU1159
 3325 0006 D3F89800 		ldr	r0, [r3, #152]
 3326              	.LVL240:
2571:Drivers/STM32G4xx_HAL_Driver/Src/stm32g4xx_hal_fdcan.c ****   }
 3327              		.loc 1 2571 15 view .LVU1160
 3328 000a 00F00F00 		and	r0, r0, #15
 3329              	.LVL241:
2575:Drivers/STM32G4xx_HAL_Driver/Src/stm32g4xx_hal_fdcan.c **** }
 3330              		.loc 1 2575 3 is_stmt 1 view .LVU1161
2576:Drivers/STM32G4xx_HAL_Driver/Src/stm32g4xx_hal_fdcan.c **** 
 3331              		.loc 1 2576 1 is_stmt 0 view .LVU1162
 3332 000e 7047     		bx	lr
 3333              	.LVL242:
 3334              	.L230:
2567:Drivers/STM32G4xx_HAL_Driver/Src/stm32g4xx_hal_fdcan.c ****   }
 3335              		.loc 1 2567 5 is_stmt 1 view .LVU1163
2567:Drivers/STM32G4xx_HAL_Driver/Src/stm32g4xx_hal_fdcan.c ****   }
 3336              		.loc 1 2567 23 is_stmt 0 view .LVU1164
 3337 0010 0368     		ldr	r3, [r0]
2567:Drivers/STM32G4xx_HAL_Driver/Src/stm32g4xx_hal_fdcan.c ****   }
 3338              		.loc 1 2567 33 view .LVU1165
 3339 0012 D3F89000 		ldr	r0, [r3, #144]
 3340              	.LVL243:
2567:Drivers/STM32G4xx_HAL_Driver/Src/stm32g4xx_hal_fdcan.c ****   }
 3341              		.loc 1 2567 15 view .LVU1166
 3342 0016 00F00F00 		and	r0, r0, #15
 3343              	.LVL244:
2567:Drivers/STM32G4xx_HAL_Driver/Src/stm32g4xx_hal_fdcan.c ****   }
 3344              		.loc 1 2567 15 view .LVU1167
 3345 001a 7047     		bx	lr
 3346              		.cfi_endproc
 3347              	.LFE368:
 3349              		.section	.text.HAL_FDCAN_GetTxFifoFreeLevel,"ax",%progbits
 3350              		.align	1
 3351              		.global	HAL_FDCAN_GetTxFifoFreeLevel
 3352              		.syntax unified
 3353              		.thumb
 3354              		.thumb_func
 3356              	HAL_FDCAN_GetTxFifoFreeLevel:
 3357              	.LVL245:
 3358              	.LFB369:
2586:Drivers/STM32G4xx_HAL_Driver/Src/stm32g4xx_hal_fdcan.c ****   uint32_t FreeLevel;
 3359              		.loc 1 2586 1 is_stmt 1 view -0
 3360              		.cfi_startproc
 3361              		@ args = 0, pretend = 0, frame = 0
 3362              		@ frame_needed = 0, uses_anonymous_args = 0
 3363              		@ link register save eliminated.
2587:Drivers/STM32G4xx_HAL_Driver/Src/stm32g4xx_hal_fdcan.c **** 
 3364              		.loc 1 2587 3 view .LVU1169
2589:Drivers/STM32G4xx_HAL_Driver/Src/stm32g4xx_hal_fdcan.c **** 
 3365              		.loc 1 2589 3 view .LVU1170
2589:Drivers/STM32G4xx_HAL_Driver/Src/stm32g4xx_hal_fdcan.c **** 
 3366              		.loc 1 2589 21 is_stmt 0 view .LVU1171
 3367 0000 0368     		ldr	r3, [r0]
ARM GAS  C:\Users\Booster\AppData\Local\Temp\ccYRDURW.s 			page 140


2589:Drivers/STM32G4xx_HAL_Driver/Src/stm32g4xx_hal_fdcan.c **** 
 3368              		.loc 1 2589 31 view .LVU1172
 3369 0002 D3F8C400 		ldr	r0, [r3, #196]
 3370              	.LVL246:
2592:Drivers/STM32G4xx_HAL_Driver/Src/stm32g4xx_hal_fdcan.c **** }
 3371              		.loc 1 2592 3 is_stmt 1 view .LVU1173
2593:Drivers/STM32G4xx_HAL_Driver/Src/stm32g4xx_hal_fdcan.c **** 
 3372              		.loc 1 2593 1 is_stmt 0 view .LVU1174
 3373 0006 00F00700 		and	r0, r0, #7
 3374              	.LVL247:
2593:Drivers/STM32G4xx_HAL_Driver/Src/stm32g4xx_hal_fdcan.c **** 
 3375              		.loc 1 2593 1 view .LVU1175
 3376 000a 7047     		bx	lr
 3377              		.cfi_endproc
 3378              	.LFE369:
 3380              		.section	.text.HAL_FDCAN_IsRestrictedOperationMode,"ax",%progbits
 3381              		.align	1
 3382              		.global	HAL_FDCAN_IsRestrictedOperationMode
 3383              		.syntax unified
 3384              		.thumb
 3385              		.thumb_func
 3387              	HAL_FDCAN_IsRestrictedOperationMode:
 3388              	.LVL248:
 3389              	.LFB370:
2604:Drivers/STM32G4xx_HAL_Driver/Src/stm32g4xx_hal_fdcan.c ****   uint32_t OperationMode;
 3390              		.loc 1 2604 1 is_stmt 1 view -0
 3391              		.cfi_startproc
 3392              		@ args = 0, pretend = 0, frame = 0
 3393              		@ frame_needed = 0, uses_anonymous_args = 0
 3394              		@ link register save eliminated.
2605:Drivers/STM32G4xx_HAL_Driver/Src/stm32g4xx_hal_fdcan.c **** 
 3395              		.loc 1 2605 3 view .LVU1177
2608:Drivers/STM32G4xx_HAL_Driver/Src/stm32g4xx_hal_fdcan.c **** 
 3396              		.loc 1 2608 3 view .LVU1178
2608:Drivers/STM32G4xx_HAL_Driver/Src/stm32g4xx_hal_fdcan.c **** 
 3397              		.loc 1 2608 27 is_stmt 0 view .LVU1179
 3398 0000 0368     		ldr	r3, [r0]
2608:Drivers/STM32G4xx_HAL_Driver/Src/stm32g4xx_hal_fdcan.c **** 
 3399              		.loc 1 2608 37 view .LVU1180
 3400 0002 9869     		ldr	r0, [r3, #24]
 3401              	.LVL249:
2610:Drivers/STM32G4xx_HAL_Driver/Src/stm32g4xx_hal_fdcan.c **** }
 3402              		.loc 1 2610 3 is_stmt 1 view .LVU1181
2611:Drivers/STM32G4xx_HAL_Driver/Src/stm32g4xx_hal_fdcan.c **** 
 3403              		.loc 1 2611 1 is_stmt 0 view .LVU1182
 3404 0004 C0F38000 		ubfx	r0, r0, #2, #1
 3405              	.LVL250:
2611:Drivers/STM32G4xx_HAL_Driver/Src/stm32g4xx_hal_fdcan.c **** 
 3406              		.loc 1 2611 1 view .LVU1183
 3407 0008 7047     		bx	lr
 3408              		.cfi_endproc
 3409              	.LFE370:
 3411              		.section	.text.HAL_FDCAN_ExitRestrictedOperationMode,"ax",%progbits
 3412              		.align	1
 3413              		.global	HAL_FDCAN_ExitRestrictedOperationMode
 3414              		.syntax unified
 3415              		.thumb
ARM GAS  C:\Users\Booster\AppData\Local\Temp\ccYRDURW.s 			page 141


 3416              		.thumb_func
 3418              	HAL_FDCAN_ExitRestrictedOperationMode:
 3419              	.LVL251:
 3420              	.LFB371:
2620:Drivers/STM32G4xx_HAL_Driver/Src/stm32g4xx_hal_fdcan.c ****   HAL_FDCAN_StateTypeDef state = hfdcan->State;
 3421              		.loc 1 2620 1 is_stmt 1 view -0
 3422              		.cfi_startproc
 3423              		@ args = 0, pretend = 0, frame = 0
 3424              		@ frame_needed = 0, uses_anonymous_args = 0
 3425              		@ link register save eliminated.
2621:Drivers/STM32G4xx_HAL_Driver/Src/stm32g4xx_hal_fdcan.c **** 
 3426              		.loc 1 2621 3 view .LVU1185
2621:Drivers/STM32G4xx_HAL_Driver/Src/stm32g4xx_hal_fdcan.c **** 
 3427              		.loc 1 2621 26 is_stmt 0 view .LVU1186
 3428 0000 90F85C30 		ldrb	r3, [r0, #92]	@ zero_extendqisi2
 3429              	.LVL252:
2623:Drivers/STM32G4xx_HAL_Driver/Src/stm32g4xx_hal_fdcan.c ****   {
 3430              		.loc 1 2623 3 is_stmt 1 view .LVU1187
2623:Drivers/STM32G4xx_HAL_Driver/Src/stm32g4xx_hal_fdcan.c ****   {
 3431              		.loc 1 2623 40 is_stmt 0 view .LVU1188
 3432 0004 013B     		subs	r3, r3, #1
 3433              	.LVL253:
2623:Drivers/STM32G4xx_HAL_Driver/Src/stm32g4xx_hal_fdcan.c ****   {
 3434              		.loc 1 2623 40 view .LVU1189
 3435 0006 DBB2     		uxtb	r3, r3
2623:Drivers/STM32G4xx_HAL_Driver/Src/stm32g4xx_hal_fdcan.c ****   {
 3436              		.loc 1 2623 6 view .LVU1190
 3437 0008 012B     		cmp	r3, #1
 3438 000a 05D9     		bls	.L236
2634:Drivers/STM32G4xx_HAL_Driver/Src/stm32g4xx_hal_fdcan.c **** 
 3439              		.loc 1 2634 5 is_stmt 1 view .LVU1191
2634:Drivers/STM32G4xx_HAL_Driver/Src/stm32g4xx_hal_fdcan.c **** 
 3440              		.loc 1 2634 11 is_stmt 0 view .LVU1192
 3441 000c 036E     		ldr	r3, [r0, #96]
2634:Drivers/STM32G4xx_HAL_Driver/Src/stm32g4xx_hal_fdcan.c **** 
 3442              		.loc 1 2634 23 view .LVU1193
 3443 000e 43F00203 		orr	r3, r3, #2
 3444 0012 0366     		str	r3, [r0, #96]
2636:Drivers/STM32G4xx_HAL_Driver/Src/stm32g4xx_hal_fdcan.c ****   }
 3445              		.loc 1 2636 5 is_stmt 1 view .LVU1194
2636:Drivers/STM32G4xx_HAL_Driver/Src/stm32g4xx_hal_fdcan.c ****   }
 3446              		.loc 1 2636 12 is_stmt 0 view .LVU1195
 3447 0014 0120     		movs	r0, #1
 3448              	.LVL254:
2638:Drivers/STM32G4xx_HAL_Driver/Src/stm32g4xx_hal_fdcan.c **** 
 3449              		.loc 1 2638 1 view .LVU1196
 3450 0016 7047     		bx	lr
 3451              	.LVL255:
 3452              	.L236:
2626:Drivers/STM32G4xx_HAL_Driver/Src/stm32g4xx_hal_fdcan.c **** 
 3453              		.loc 1 2626 5 is_stmt 1 view .LVU1197
 3454 0018 0268     		ldr	r2, [r0]
 3455 001a 9369     		ldr	r3, [r2, #24]
 3456 001c 23F00403 		bic	r3, r3, #4
 3457 0020 9361     		str	r3, [r2, #24]
2629:Drivers/STM32G4xx_HAL_Driver/Src/stm32g4xx_hal_fdcan.c ****   }
 3458              		.loc 1 2629 5 view .LVU1198
ARM GAS  C:\Users\Booster\AppData\Local\Temp\ccYRDURW.s 			page 142


2629:Drivers/STM32G4xx_HAL_Driver/Src/stm32g4xx_hal_fdcan.c ****   }
 3459              		.loc 1 2629 12 is_stmt 0 view .LVU1199
 3460 0022 0020     		movs	r0, #0
 3461              	.LVL256:
2629:Drivers/STM32G4xx_HAL_Driver/Src/stm32g4xx_hal_fdcan.c ****   }
 3462              		.loc 1 2629 12 view .LVU1200
 3463 0024 7047     		bx	lr
 3464              		.cfi_endproc
 3465              	.LFE371:
 3467              		.section	.text.HAL_FDCAN_ConfigInterruptLines,"ax",%progbits
 3468              		.align	1
 3469              		.global	HAL_FDCAN_ConfigInterruptLines
 3470              		.syntax unified
 3471              		.thumb
 3472              		.thumb_func
 3474              	HAL_FDCAN_ConfigInterruptLines:
 3475              	.LVL257:
 3476              	.LFB372:
2672:Drivers/STM32G4xx_HAL_Driver/Src/stm32g4xx_hal_fdcan.c ****   HAL_FDCAN_StateTypeDef state = hfdcan->State;
 3477              		.loc 1 2672 1 is_stmt 1 view -0
 3478              		.cfi_startproc
 3479              		@ args = 0, pretend = 0, frame = 0
 3480              		@ frame_needed = 0, uses_anonymous_args = 0
 3481              		@ link register save eliminated.
2673:Drivers/STM32G4xx_HAL_Driver/Src/stm32g4xx_hal_fdcan.c **** 
 3482              		.loc 1 2673 3 view .LVU1202
2673:Drivers/STM32G4xx_HAL_Driver/Src/stm32g4xx_hal_fdcan.c **** 
 3483              		.loc 1 2673 26 is_stmt 0 view .LVU1203
 3484 0000 90F85C30 		ldrb	r3, [r0, #92]	@ zero_extendqisi2
 3485              	.LVL258:
2676:Drivers/STM32G4xx_HAL_Driver/Src/stm32g4xx_hal_fdcan.c ****   assert_param(IS_FDCAN_IT_LINE(InterruptLine));
 3486              		.loc 1 2676 3 is_stmt 1 view .LVU1204
2677:Drivers/STM32G4xx_HAL_Driver/Src/stm32g4xx_hal_fdcan.c **** 
 3487              		.loc 1 2677 3 view .LVU1205
2679:Drivers/STM32G4xx_HAL_Driver/Src/stm32g4xx_hal_fdcan.c ****   {
 3488              		.loc 1 2679 3 view .LVU1206
2679:Drivers/STM32G4xx_HAL_Driver/Src/stm32g4xx_hal_fdcan.c ****   {
 3489              		.loc 1 2679 40 is_stmt 0 view .LVU1207
 3490 0004 013B     		subs	r3, r3, #1
 3491              	.LVL259:
2679:Drivers/STM32G4xx_HAL_Driver/Src/stm32g4xx_hal_fdcan.c ****   {
 3492              		.loc 1 2679 40 view .LVU1208
 3493 0006 DBB2     		uxtb	r3, r3
2679:Drivers/STM32G4xx_HAL_Driver/Src/stm32g4xx_hal_fdcan.c ****   {
 3494              		.loc 1 2679 6 view .LVU1209
 3495 0008 012B     		cmp	r3, #1
 3496 000a 05D9     		bls	.L242
2697:Drivers/STM32G4xx_HAL_Driver/Src/stm32g4xx_hal_fdcan.c **** 
 3497              		.loc 1 2697 5 is_stmt 1 view .LVU1210
2697:Drivers/STM32G4xx_HAL_Driver/Src/stm32g4xx_hal_fdcan.c **** 
 3498              		.loc 1 2697 11 is_stmt 0 view .LVU1211
 3499 000c 036E     		ldr	r3, [r0, #96]
2697:Drivers/STM32G4xx_HAL_Driver/Src/stm32g4xx_hal_fdcan.c **** 
 3500              		.loc 1 2697 23 view .LVU1212
 3501 000e 43F00203 		orr	r3, r3, #2
 3502 0012 0366     		str	r3, [r0, #96]
2699:Drivers/STM32G4xx_HAL_Driver/Src/stm32g4xx_hal_fdcan.c ****   }
ARM GAS  C:\Users\Booster\AppData\Local\Temp\ccYRDURW.s 			page 143


 3503              		.loc 1 2699 5 is_stmt 1 view .LVU1213
2699:Drivers/STM32G4xx_HAL_Driver/Src/stm32g4xx_hal_fdcan.c ****   }
 3504              		.loc 1 2699 12 is_stmt 0 view .LVU1214
 3505 0014 0120     		movs	r0, #1
 3506              	.LVL260:
2701:Drivers/STM32G4xx_HAL_Driver/Src/stm32g4xx_hal_fdcan.c **** 
 3507              		.loc 1 2701 1 view .LVU1215
 3508 0016 7047     		bx	lr
 3509              	.LVL261:
 3510              	.L242:
2682:Drivers/STM32G4xx_HAL_Driver/Src/stm32g4xx_hal_fdcan.c ****     {
 3511              		.loc 1 2682 5 is_stmt 1 view .LVU1216
2682:Drivers/STM32G4xx_HAL_Driver/Src/stm32g4xx_hal_fdcan.c ****     {
 3512              		.loc 1 2682 8 is_stmt 0 view .LVU1217
 3513 0018 012A     		cmp	r2, #1
 3514 001a 05D0     		beq	.L243
2688:Drivers/STM32G4xx_HAL_Driver/Src/stm32g4xx_hal_fdcan.c ****     }
 3515              		.loc 1 2688 7 is_stmt 1 view .LVU1218
 3516 001c 0268     		ldr	r2, [r0]
 3517              	.LVL262:
2688:Drivers/STM32G4xx_HAL_Driver/Src/stm32g4xx_hal_fdcan.c ****     }
 3518              		.loc 1 2688 7 is_stmt 0 view .LVU1219
 3519 001e 936D     		ldr	r3, [r2, #88]
 3520 0020 0B43     		orrs	r3, r3, r1
 3521 0022 9365     		str	r3, [r2, #88]
 3522              	.L240:
2692:Drivers/STM32G4xx_HAL_Driver/Src/stm32g4xx_hal_fdcan.c ****   }
 3523              		.loc 1 2692 5 is_stmt 1 view .LVU1220
2692:Drivers/STM32G4xx_HAL_Driver/Src/stm32g4xx_hal_fdcan.c ****   }
 3524              		.loc 1 2692 12 is_stmt 0 view .LVU1221
 3525 0024 0020     		movs	r0, #0
 3526              	.LVL263:
2692:Drivers/STM32G4xx_HAL_Driver/Src/stm32g4xx_hal_fdcan.c ****   }
 3527              		.loc 1 2692 12 view .LVU1222
 3528 0026 7047     		bx	lr
 3529              	.LVL264:
 3530              	.L243:
2684:Drivers/STM32G4xx_HAL_Driver/Src/stm32g4xx_hal_fdcan.c ****     }
 3531              		.loc 1 2684 7 is_stmt 1 view .LVU1223
 3532 0028 0268     		ldr	r2, [r0]
 3533              	.LVL265:
2684:Drivers/STM32G4xx_HAL_Driver/Src/stm32g4xx_hal_fdcan.c ****     }
 3534              		.loc 1 2684 7 is_stmt 0 view .LVU1224
 3535 002a 936D     		ldr	r3, [r2, #88]
 3536 002c 23EA0103 		bic	r3, r3, r1
 3537 0030 9365     		str	r3, [r2, #88]
 3538 0032 F7E7     		b	.L240
 3539              		.cfi_endproc
 3540              	.LFE372:
 3542              		.section	.text.HAL_FDCAN_ActivateNotification,"ax",%progbits
 3543              		.align	1
 3544              		.global	HAL_FDCAN_ActivateNotification
 3545              		.syntax unified
 3546              		.thumb
 3547              		.thumb_func
 3549              	HAL_FDCAN_ActivateNotification:
 3550              	.LVL266:
ARM GAS  C:\Users\Booster\AppData\Local\Temp\ccYRDURW.s 			page 144


 3551              	.LFB373:
2718:Drivers/STM32G4xx_HAL_Driver/Src/stm32g4xx_hal_fdcan.c ****   HAL_FDCAN_StateTypeDef state = hfdcan->State;
 3552              		.loc 1 2718 1 is_stmt 1 view -0
 3553              		.cfi_startproc
 3554              		@ args = 0, pretend = 0, frame = 0
 3555              		@ frame_needed = 0, uses_anonymous_args = 0
 3556              		@ link register save eliminated.
2719:Drivers/STM32G4xx_HAL_Driver/Src/stm32g4xx_hal_fdcan.c ****   uint32_t ITs_lines_selection;
 3557              		.loc 1 2719 3 view .LVU1226
2719:Drivers/STM32G4xx_HAL_Driver/Src/stm32g4xx_hal_fdcan.c ****   uint32_t ITs_lines_selection;
 3558              		.loc 1 2719 26 is_stmt 0 view .LVU1227
 3559 0000 90F85C30 		ldrb	r3, [r0, #92]	@ zero_extendqisi2
 3560              	.LVL267:
2720:Drivers/STM32G4xx_HAL_Driver/Src/stm32g4xx_hal_fdcan.c **** 
 3561              		.loc 1 2720 3 is_stmt 1 view .LVU1228
2723:Drivers/STM32G4xx_HAL_Driver/Src/stm32g4xx_hal_fdcan.c ****   if ((ActiveITs & (FDCAN_IT_TX_COMPLETE | FDCAN_IT_TX_ABORT_COMPLETE)) != 0U)
 3562              		.loc 1 2723 3 view .LVU1229
2724:Drivers/STM32G4xx_HAL_Driver/Src/stm32g4xx_hal_fdcan.c ****   {
 3563              		.loc 1 2724 3 view .LVU1230
2726:Drivers/STM32G4xx_HAL_Driver/Src/stm32g4xx_hal_fdcan.c ****   }
 3564              		.loc 1 2726 5 view .LVU1231
2729:Drivers/STM32G4xx_HAL_Driver/Src/stm32g4xx_hal_fdcan.c ****   {
 3565              		.loc 1 2729 3 view .LVU1232
2729:Drivers/STM32G4xx_HAL_Driver/Src/stm32g4xx_hal_fdcan.c ****   {
 3566              		.loc 1 2729 40 is_stmt 0 view .LVU1233
 3567 0004 013B     		subs	r3, r3, #1
 3568              	.LVL268:
2729:Drivers/STM32G4xx_HAL_Driver/Src/stm32g4xx_hal_fdcan.c ****   {
 3569              		.loc 1 2729 40 view .LVU1234
 3570 0006 DBB2     		uxtb	r3, r3
2729:Drivers/STM32G4xx_HAL_Driver/Src/stm32g4xx_hal_fdcan.c ****   {
 3571              		.loc 1 2729 6 view .LVU1235
 3572 0008 012B     		cmp	r3, #1
 3573 000a 05D9     		bls	.L269
2795:Drivers/STM32G4xx_HAL_Driver/Src/stm32g4xx_hal_fdcan.c **** 
 3574              		.loc 1 2795 5 is_stmt 1 view .LVU1236
2795:Drivers/STM32G4xx_HAL_Driver/Src/stm32g4xx_hal_fdcan.c **** 
 3575              		.loc 1 2795 11 is_stmt 0 view .LVU1237
 3576 000c 036E     		ldr	r3, [r0, #96]
2795:Drivers/STM32G4xx_HAL_Driver/Src/stm32g4xx_hal_fdcan.c **** 
 3577              		.loc 1 2795 23 view .LVU1238
 3578 000e 43F00203 		orr	r3, r3, #2
 3579 0012 0366     		str	r3, [r0, #96]
2797:Drivers/STM32G4xx_HAL_Driver/Src/stm32g4xx_hal_fdcan.c ****   }
 3580              		.loc 1 2797 5 is_stmt 1 view .LVU1239
2797:Drivers/STM32G4xx_HAL_Driver/Src/stm32g4xx_hal_fdcan.c ****   }
 3581              		.loc 1 2797 12 is_stmt 0 view .LVU1240
 3582 0014 0120     		movs	r0, #1
 3583              	.LVL269:
2799:Drivers/STM32G4xx_HAL_Driver/Src/stm32g4xx_hal_fdcan.c **** 
 3584              		.loc 1 2799 1 view .LVU1241
 3585 0016 7047     		bx	lr
 3586              	.LVL270:
 3587              	.L269:
2718:Drivers/STM32G4xx_HAL_Driver/Src/stm32g4xx_hal_fdcan.c ****   HAL_FDCAN_StateTypeDef state = hfdcan->State;
 3588              		.loc 1 2718 1 view .LVU1242
 3589 0018 70B4     		push	{r4, r5, r6}
ARM GAS  C:\Users\Booster\AppData\Local\Temp\ccYRDURW.s 			page 145


 3590              	.LCFI19:
 3591              		.cfi_def_cfa_offset 12
 3592              		.cfi_offset 4, -12
 3593              		.cfi_offset 5, -8
 3594              		.cfi_offset 6, -4
2732:Drivers/STM32G4xx_HAL_Driver/Src/stm32g4xx_hal_fdcan.c **** 
 3595              		.loc 1 2732 5 is_stmt 1 view .LVU1243
2732:Drivers/STM32G4xx_HAL_Driver/Src/stm32g4xx_hal_fdcan.c **** 
 3596              		.loc 1 2732 33 is_stmt 0 view .LVU1244
 3597 001a 0468     		ldr	r4, [r0]
2732:Drivers/STM32G4xx_HAL_Driver/Src/stm32g4xx_hal_fdcan.c **** 
 3598              		.loc 1 2732 25 view .LVU1245
 3599 001c A36D     		ldr	r3, [r4, #88]
 3600              	.LVL271:
2735:Drivers/STM32G4xx_HAL_Driver/Src/stm32g4xx_hal_fdcan.c ****          && (((ITs_lines_selection) & FDCAN_IT_GROUP_RX_FIFO0) == 0U)) || \
 3601              		.loc 1 2735 5 is_stmt 1 view .LVU1246
2735:Drivers/STM32G4xx_HAL_Driver/Src/stm32g4xx_hal_fdcan.c ****          && (((ITs_lines_selection) & FDCAN_IT_GROUP_RX_FIFO0) == 0U)) || \
 3602              		.loc 1 2735 8 is_stmt 0 view .LVU1247
 3603 001e 11F00706 		ands	r6, r1, #7
 3604 0022 02D0     		beq	.L246
2736:Drivers/STM32G4xx_HAL_Driver/Src/stm32g4xx_hal_fdcan.c ****         (((ActiveITs & FDCAN_IT_LIST_RX_FIFO1)       != 0U)
 3605              		.loc 1 2736 10 view .LVU1248
 3606 0024 13F0010F 		tst	r3, #1
 3607 0028 23D0     		beq	.L247
 3608              	.L246:
2736:Drivers/STM32G4xx_HAL_Driver/Src/stm32g4xx_hal_fdcan.c ****         (((ActiveITs & FDCAN_IT_LIST_RX_FIFO1)       != 0U)
 3609              		.loc 1 2736 72 discriminator 1 view .LVU1249
 3610 002a 11F0380F 		tst	r1, #56
 3611 002e 02D0     		beq	.L248
2738:Drivers/STM32G4xx_HAL_Driver/Src/stm32g4xx_hal_fdcan.c ****         (((ActiveITs & FDCAN_IT_LIST_SMSG)           != 0U)
 3612              		.loc 1 2738 10 view .LVU1250
 3613 0030 13F0020F 		tst	r3, #2
 3614 0034 1DD0     		beq	.L247
 3615              	.L248:
2738:Drivers/STM32G4xx_HAL_Driver/Src/stm32g4xx_hal_fdcan.c ****         (((ActiveITs & FDCAN_IT_LIST_SMSG)           != 0U)
 3616              		.loc 1 2738 72 discriminator 1 view .LVU1251
 3617 0036 11F4E07F 		tst	r1, #448
 3618 003a 02D0     		beq	.L249
2740:Drivers/STM32G4xx_HAL_Driver/Src/stm32g4xx_hal_fdcan.c ****         (((ActiveITs & FDCAN_IT_LIST_TX_FIFO_ERROR)  != 0U)
 3619              		.loc 1 2740 10 view .LVU1252
 3620 003c 13F0040F 		tst	r3, #4
 3621 0040 17D0     		beq	.L247
 3622              	.L249:
2740:Drivers/STM32G4xx_HAL_Driver/Src/stm32g4xx_hal_fdcan.c ****         (((ActiveITs & FDCAN_IT_LIST_TX_FIFO_ERROR)  != 0U)
 3623              		.loc 1 2740 72 discriminator 1 view .LVU1253
 3624 0042 11F4F05F 		tst	r1, #7680
 3625 0046 02D0     		beq	.L250
2742:Drivers/STM32G4xx_HAL_Driver/Src/stm32g4xx_hal_fdcan.c ****         (((ActiveITs & FDCAN_IT_LIST_MISC)           != 0U)
 3626              		.loc 1 2742 10 view .LVU1254
 3627 0048 13F0080F 		tst	r3, #8
 3628 004c 11D0     		beq	.L247
 3629              	.L250:
2742:Drivers/STM32G4xx_HAL_Driver/Src/stm32g4xx_hal_fdcan.c ****         (((ActiveITs & FDCAN_IT_LIST_MISC)           != 0U)
 3630              		.loc 1 2742 78 discriminator 1 view .LVU1255
 3631 004e 11F4604F 		tst	r1, #57344
 3632 0052 02D0     		beq	.L251
2744:Drivers/STM32G4xx_HAL_Driver/Src/stm32g4xx_hal_fdcan.c ****         (((ActiveITs & FDCAN_IT_LIST_BIT_LINE_ERROR) != 0U)
ARM GAS  C:\Users\Booster\AppData\Local\Temp\ccYRDURW.s 			page 146


 3633              		.loc 1 2744 10 view .LVU1256
 3634 0054 13F0100F 		tst	r3, #16
 3635 0058 0BD0     		beq	.L247
 3636              	.L251:
2744:Drivers/STM32G4xx_HAL_Driver/Src/stm32g4xx_hal_fdcan.c ****         (((ActiveITs & FDCAN_IT_LIST_BIT_LINE_ERROR) != 0U)
 3637              		.loc 1 2744 78 discriminator 1 view .LVU1257
 3638 005a 11F4403F 		tst	r1, #196608
 3639 005e 02D0     		beq	.L252
2746:Drivers/STM32G4xx_HAL_Driver/Src/stm32g4xx_hal_fdcan.c ****         (((ActiveITs & FDCAN_IT_LIST_PROTOCOL_ERROR) != 0U)
 3640              		.loc 1 2746 10 view .LVU1258
 3641 0060 13F0200F 		tst	r3, #32
 3642 0064 05D0     		beq	.L247
 3643              	.L252:
2746:Drivers/STM32G4xx_HAL_Driver/Src/stm32g4xx_hal_fdcan.c ****         (((ActiveITs & FDCAN_IT_LIST_PROTOCOL_ERROR) != 0U)
 3644              		.loc 1 2746 78 discriminator 1 view .LVU1259
 3645 0066 11F47C0F 		tst	r1, #16515072
 3646 006a 06D0     		beq	.L253
2748:Drivers/STM32G4xx_HAL_Driver/Src/stm32g4xx_hal_fdcan.c ****     {
 3647              		.loc 1 2748 10 view .LVU1260
 3648 006c 13F0400F 		tst	r3, #64
 3649 0070 03D1     		bne	.L253
 3650              	.L247:
2751:Drivers/STM32G4xx_HAL_Driver/Src/stm32g4xx_hal_fdcan.c ****     }
 3651              		.loc 1 2751 7 is_stmt 1 view .LVU1261
 3652 0072 E56D     		ldr	r5, [r4, #92]
 3653 0074 45F00105 		orr	r5, r5, #1
 3654 0078 E565     		str	r5, [r4, #92]
 3655              	.L253:
2753:Drivers/STM32G4xx_HAL_Driver/Src/stm32g4xx_hal_fdcan.c ****          && (((ITs_lines_selection) & FDCAN_IT_GROUP_RX_FIFO0)      != 0U)) || \
 3656              		.loc 1 2753 5 view .LVU1262
2753:Drivers/STM32G4xx_HAL_Driver/Src/stm32g4xx_hal_fdcan.c ****          && (((ITs_lines_selection) & FDCAN_IT_GROUP_RX_FIFO0)      != 0U)) || \
 3657              		.loc 1 2753 8 is_stmt 0 view .LVU1263
 3658 007a 16B1     		cbz	r6, .L254
2754:Drivers/STM32G4xx_HAL_Driver/Src/stm32g4xx_hal_fdcan.c ****         (((ActiveITs & FDCAN_IT_LIST_RX_FIFO1)       != 0U)
 3659              		.loc 1 2754 10 view .LVU1264
 3660 007c 13F0010F 		tst	r3, #1
 3661 0080 23D1     		bne	.L255
 3662              	.L254:
2754:Drivers/STM32G4xx_HAL_Driver/Src/stm32g4xx_hal_fdcan.c ****         (((ActiveITs & FDCAN_IT_LIST_RX_FIFO1)       != 0U)
 3663              		.loc 1 2754 77 discriminator 1 view .LVU1265
 3664 0082 11F0380F 		tst	r1, #56
 3665 0086 02D0     		beq	.L256
2756:Drivers/STM32G4xx_HAL_Driver/Src/stm32g4xx_hal_fdcan.c ****         (((ActiveITs & FDCAN_IT_LIST_SMSG)           != 0U)
 3666              		.loc 1 2756 10 view .LVU1266
 3667 0088 13F0020F 		tst	r3, #2
 3668 008c 1DD1     		bne	.L255
 3669              	.L256:
2756:Drivers/STM32G4xx_HAL_Driver/Src/stm32g4xx_hal_fdcan.c ****         (((ActiveITs & FDCAN_IT_LIST_SMSG)           != 0U)
 3670              		.loc 1 2756 78 discriminator 1 view .LVU1267
 3671 008e 11F4E07F 		tst	r1, #448
 3672 0092 02D0     		beq	.L257
2758:Drivers/STM32G4xx_HAL_Driver/Src/stm32g4xx_hal_fdcan.c ****         (((ActiveITs & FDCAN_IT_LIST_TX_FIFO_ERROR)  != 0U)
 3673              		.loc 1 2758 10 view .LVU1268
 3674 0094 13F0040F 		tst	r3, #4
 3675 0098 17D1     		bne	.L255
 3676              	.L257:
2758:Drivers/STM32G4xx_HAL_Driver/Src/stm32g4xx_hal_fdcan.c ****         (((ActiveITs & FDCAN_IT_LIST_TX_FIFO_ERROR)  != 0U)
ARM GAS  C:\Users\Booster\AppData\Local\Temp\ccYRDURW.s 			page 147


 3677              		.loc 1 2758 78 discriminator 1 view .LVU1269
 3678 009a 11F4F05F 		tst	r1, #7680
 3679 009e 02D0     		beq	.L258
2760:Drivers/STM32G4xx_HAL_Driver/Src/stm32g4xx_hal_fdcan.c ****         (((ActiveITs & FDCAN_IT_LIST_MISC)           != 0U)
 3680              		.loc 1 2760 10 view .LVU1270
 3681 00a0 13F0080F 		tst	r3, #8
 3682 00a4 11D1     		bne	.L255
 3683              	.L258:
2760:Drivers/STM32G4xx_HAL_Driver/Src/stm32g4xx_hal_fdcan.c ****         (((ActiveITs & FDCAN_IT_LIST_MISC)           != 0U)
 3684              		.loc 1 2760 78 discriminator 1 view .LVU1271
 3685 00a6 11F4604F 		tst	r1, #57344
 3686 00aa 02D0     		beq	.L259
2762:Drivers/STM32G4xx_HAL_Driver/Src/stm32g4xx_hal_fdcan.c ****         (((ActiveITs & FDCAN_IT_LIST_BIT_LINE_ERROR) != 0U)
 3687              		.loc 1 2762 10 view .LVU1272
 3688 00ac 13F0100F 		tst	r3, #16
 3689 00b0 0BD1     		bne	.L255
 3690              	.L259:
2762:Drivers/STM32G4xx_HAL_Driver/Src/stm32g4xx_hal_fdcan.c ****         (((ActiveITs & FDCAN_IT_LIST_BIT_LINE_ERROR) != 0U)
 3691              		.loc 1 2762 78 discriminator 1 view .LVU1273
 3692 00b2 11F4403F 		tst	r1, #196608
 3693 00b6 02D0     		beq	.L260
2764:Drivers/STM32G4xx_HAL_Driver/Src/stm32g4xx_hal_fdcan.c ****         (((ActiveITs & FDCAN_IT_LIST_PROTOCOL_ERROR) != 0U)
 3694              		.loc 1 2764 10 view .LVU1274
 3695 00b8 13F0200F 		tst	r3, #32
 3696 00bc 05D1     		bne	.L255
 3697              	.L260:
2764:Drivers/STM32G4xx_HAL_Driver/Src/stm32g4xx_hal_fdcan.c ****         (((ActiveITs & FDCAN_IT_LIST_PROTOCOL_ERROR) != 0U)
 3698              		.loc 1 2764 78 discriminator 1 view .LVU1275
 3699 00be 11F47C0F 		tst	r1, #16515072
 3700 00c2 07D0     		beq	.L261
2766:Drivers/STM32G4xx_HAL_Driver/Src/stm32g4xx_hal_fdcan.c ****     {
 3701              		.loc 1 2766 10 view .LVU1276
 3702 00c4 13F0400F 		tst	r3, #64
 3703 00c8 04D0     		beq	.L261
 3704              	.L255:
2769:Drivers/STM32G4xx_HAL_Driver/Src/stm32g4xx_hal_fdcan.c ****     }
 3705              		.loc 1 2769 7 is_stmt 1 view .LVU1277
 3706 00ca 0468     		ldr	r4, [r0]
 3707 00cc E36D     		ldr	r3, [r4, #92]
 3708              	.LVL272:
2769:Drivers/STM32G4xx_HAL_Driver/Src/stm32g4xx_hal_fdcan.c ****     }
 3709              		.loc 1 2769 7 is_stmt 0 view .LVU1278
 3710 00ce 43F00203 		orr	r3, r3, #2
 3711 00d2 E365     		str	r3, [r4, #92]
 3712              	.L261:
2772:Drivers/STM32G4xx_HAL_Driver/Src/stm32g4xx_hal_fdcan.c ****     {
 3713              		.loc 1 2772 5 is_stmt 1 view .LVU1279
2772:Drivers/STM32G4xx_HAL_Driver/Src/stm32g4xx_hal_fdcan.c ****     {
 3714              		.loc 1 2772 8 is_stmt 0 view .LVU1280
 3715 00d4 11F0800F 		tst	r1, #128
 3716 00d8 05D0     		beq	.L262
2776:Drivers/STM32G4xx_HAL_Driver/Src/stm32g4xx_hal_fdcan.c ****     }
 3717              		.loc 1 2776 7 is_stmt 1 view .LVU1281
 3718 00da 0468     		ldr	r4, [r0]
 3719 00dc D4F8DC30 		ldr	r3, [r4, #220]
 3720 00e0 1343     		orrs	r3, r3, r2
 3721 00e2 C4F8DC30 		str	r3, [r4, #220]
ARM GAS  C:\Users\Booster\AppData\Local\Temp\ccYRDURW.s 			page 148


 3722              	.L262:
2779:Drivers/STM32G4xx_HAL_Driver/Src/stm32g4xx_hal_fdcan.c ****     {
 3723              		.loc 1 2779 5 view .LVU1282
2779:Drivers/STM32G4xx_HAL_Driver/Src/stm32g4xx_hal_fdcan.c ****     {
 3724              		.loc 1 2779 8 is_stmt 0 view .LVU1283
 3725 00e6 11F4807F 		tst	r1, #256
 3726 00ea 05D0     		beq	.L263
2783:Drivers/STM32G4xx_HAL_Driver/Src/stm32g4xx_hal_fdcan.c ****     }
 3727              		.loc 1 2783 7 is_stmt 1 view .LVU1284
 3728 00ec 0468     		ldr	r4, [r0]
 3729 00ee D4F8E030 		ldr	r3, [r4, #224]
 3730 00f2 1343     		orrs	r3, r3, r2
 3731 00f4 C4F8E030 		str	r3, [r4, #224]
 3732              	.L263:
2787:Drivers/STM32G4xx_HAL_Driver/Src/stm32g4xx_hal_fdcan.c **** 
 3733              		.loc 1 2787 5 view .LVU1285
 3734 00f8 0268     		ldr	r2, [r0]
 3735              	.LVL273:
2787:Drivers/STM32G4xx_HAL_Driver/Src/stm32g4xx_hal_fdcan.c **** 
 3736              		.loc 1 2787 5 is_stmt 0 view .LVU1286
 3737 00fa 536D     		ldr	r3, [r2, #84]
 3738 00fc 0B43     		orrs	r3, r3, r1
 3739 00fe 5365     		str	r3, [r2, #84]
2790:Drivers/STM32G4xx_HAL_Driver/Src/stm32g4xx_hal_fdcan.c ****   }
 3740              		.loc 1 2790 5 is_stmt 1 view .LVU1287
2790:Drivers/STM32G4xx_HAL_Driver/Src/stm32g4xx_hal_fdcan.c ****   }
 3741              		.loc 1 2790 12 is_stmt 0 view .LVU1288
 3742 0100 0020     		movs	r0, #0
 3743              	.LVL274:
2799:Drivers/STM32G4xx_HAL_Driver/Src/stm32g4xx_hal_fdcan.c **** 
 3744              		.loc 1 2799 1 view .LVU1289
 3745 0102 70BC     		pop	{r4, r5, r6}
 3746              	.LCFI20:
 3747              		.cfi_restore 6
 3748              		.cfi_restore 5
 3749              		.cfi_restore 4
 3750              		.cfi_def_cfa_offset 0
 3751 0104 7047     		bx	lr
 3752              		.cfi_endproc
 3753              	.LFE373:
 3755              		.section	.text.HAL_FDCAN_DeactivateNotification,"ax",%progbits
 3756              		.align	1
 3757              		.global	HAL_FDCAN_DeactivateNotification
 3758              		.syntax unified
 3759              		.thumb
 3760              		.thumb_func
 3762              	HAL_FDCAN_DeactivateNotification:
 3763              	.LVL275:
 3764              	.LFB374:
2810:Drivers/STM32G4xx_HAL_Driver/Src/stm32g4xx_hal_fdcan.c ****   HAL_FDCAN_StateTypeDef state = hfdcan->State;
 3765              		.loc 1 2810 1 is_stmt 1 view -0
 3766              		.cfi_startproc
 3767              		@ args = 0, pretend = 0, frame = 0
 3768              		@ frame_needed = 0, uses_anonymous_args = 0
 3769              		@ link register save eliminated.
2811:Drivers/STM32G4xx_HAL_Driver/Src/stm32g4xx_hal_fdcan.c ****   uint32_t ITs_enabled;
 3770              		.loc 1 2811 3 view .LVU1291
ARM GAS  C:\Users\Booster\AppData\Local\Temp\ccYRDURW.s 			page 149


2811:Drivers/STM32G4xx_HAL_Driver/Src/stm32g4xx_hal_fdcan.c ****   uint32_t ITs_enabled;
 3771              		.loc 1 2811 26 is_stmt 0 view .LVU1292
 3772 0000 90F85C30 		ldrb	r3, [r0, #92]	@ zero_extendqisi2
 3773              	.LVL276:
2812:Drivers/STM32G4xx_HAL_Driver/Src/stm32g4xx_hal_fdcan.c ****   uint32_t ITs_lines_selection;
 3774              		.loc 1 2812 3 is_stmt 1 view .LVU1293
2813:Drivers/STM32G4xx_HAL_Driver/Src/stm32g4xx_hal_fdcan.c **** 
 3775              		.loc 1 2813 3 view .LVU1294
2816:Drivers/STM32G4xx_HAL_Driver/Src/stm32g4xx_hal_fdcan.c **** 
 3776              		.loc 1 2816 3 view .LVU1295
2818:Drivers/STM32G4xx_HAL_Driver/Src/stm32g4xx_hal_fdcan.c ****   {
 3777              		.loc 1 2818 3 view .LVU1296
2818:Drivers/STM32G4xx_HAL_Driver/Src/stm32g4xx_hal_fdcan.c ****   {
 3778              		.loc 1 2818 40 is_stmt 0 view .LVU1297
 3779 0004 013B     		subs	r3, r3, #1
 3780              	.LVL277:
2818:Drivers/STM32G4xx_HAL_Driver/Src/stm32g4xx_hal_fdcan.c ****   {
 3781              		.loc 1 2818 40 view .LVU1298
 3782 0006 DBB2     		uxtb	r3, r3
2818:Drivers/STM32G4xx_HAL_Driver/Src/stm32g4xx_hal_fdcan.c ****   {
 3783              		.loc 1 2818 6 view .LVU1299
 3784 0008 012B     		cmp	r3, #1
 3785 000a 05D9     		bls	.L295
2893:Drivers/STM32G4xx_HAL_Driver/Src/stm32g4xx_hal_fdcan.c **** 
 3786              		.loc 1 2893 5 is_stmt 1 view .LVU1300
2893:Drivers/STM32G4xx_HAL_Driver/Src/stm32g4xx_hal_fdcan.c **** 
 3787              		.loc 1 2893 11 is_stmt 0 view .LVU1301
 3788 000c 036E     		ldr	r3, [r0, #96]
2893:Drivers/STM32G4xx_HAL_Driver/Src/stm32g4xx_hal_fdcan.c **** 
 3789              		.loc 1 2893 23 view .LVU1302
 3790 000e 43F00203 		orr	r3, r3, #2
 3791 0012 0366     		str	r3, [r0, #96]
2895:Drivers/STM32G4xx_HAL_Driver/Src/stm32g4xx_hal_fdcan.c ****   }
 3792              		.loc 1 2895 5 is_stmt 1 view .LVU1303
2895:Drivers/STM32G4xx_HAL_Driver/Src/stm32g4xx_hal_fdcan.c ****   }
 3793              		.loc 1 2895 12 is_stmt 0 view .LVU1304
 3794 0014 0120     		movs	r0, #1
 3795              	.LVL278:
2897:Drivers/STM32G4xx_HAL_Driver/Src/stm32g4xx_hal_fdcan.c **** 
 3796              		.loc 1 2897 1 view .LVU1305
 3797 0016 7047     		bx	lr
 3798              	.LVL279:
 3799              	.L295:
2810:Drivers/STM32G4xx_HAL_Driver/Src/stm32g4xx_hal_fdcan.c ****   HAL_FDCAN_StateTypeDef state = hfdcan->State;
 3800              		.loc 1 2810 1 view .LVU1306
 3801 0018 30B4     		push	{r4, r5}
 3802              	.LCFI21:
 3803              		.cfi_def_cfa_offset 8
 3804              		.cfi_offset 4, -8
 3805              		.cfi_offset 5, -4
2821:Drivers/STM32G4xx_HAL_Driver/Src/stm32g4xx_hal_fdcan.c **** 
 3806              		.loc 1 2821 5 is_stmt 1 view .LVU1307
 3807 001a 0268     		ldr	r2, [r0]
 3808 001c 536D     		ldr	r3, [r2, #84]
 3809 001e 23EA0103 		bic	r3, r3, r1
 3810 0022 5365     		str	r3, [r2, #84]
2823:Drivers/STM32G4xx_HAL_Driver/Src/stm32g4xx_hal_fdcan.c ****     {
ARM GAS  C:\Users\Booster\AppData\Local\Temp\ccYRDURW.s 			page 150


 3811              		.loc 1 2823 5 view .LVU1308
2823:Drivers/STM32G4xx_HAL_Driver/Src/stm32g4xx_hal_fdcan.c ****     {
 3812              		.loc 1 2823 8 is_stmt 0 view .LVU1309
 3813 0024 11F0800F 		tst	r1, #128
 3814 0028 03D0     		beq	.L272
2826:Drivers/STM32G4xx_HAL_Driver/Src/stm32g4xx_hal_fdcan.c ****     }
 3815              		.loc 1 2826 7 is_stmt 1 view .LVU1310
 3816 002a 0368     		ldr	r3, [r0]
 3817 002c 0022     		movs	r2, #0
 3818 002e C3F8DC20 		str	r2, [r3, #220]
 3819              	.L272:
2829:Drivers/STM32G4xx_HAL_Driver/Src/stm32g4xx_hal_fdcan.c ****     {
 3820              		.loc 1 2829 5 view .LVU1311
2829:Drivers/STM32G4xx_HAL_Driver/Src/stm32g4xx_hal_fdcan.c ****     {
 3821              		.loc 1 2829 8 is_stmt 0 view .LVU1312
 3822 0032 11F4807F 		tst	r1, #256
 3823 0036 03D0     		beq	.L273
2832:Drivers/STM32G4xx_HAL_Driver/Src/stm32g4xx_hal_fdcan.c ****     }
 3824              		.loc 1 2832 7 is_stmt 1 view .LVU1313
 3825 0038 0368     		ldr	r3, [r0]
 3826 003a 0022     		movs	r2, #0
 3827 003c C3F8E020 		str	r2, [r3, #224]
 3828              	.L273:
2836:Drivers/STM32G4xx_HAL_Driver/Src/stm32g4xx_hal_fdcan.c ****     ITs_lines_selection = hfdcan->Instance->ILS;
 3829              		.loc 1 2836 5 view .LVU1314
2836:Drivers/STM32G4xx_HAL_Driver/Src/stm32g4xx_hal_fdcan.c ****     ITs_lines_selection = hfdcan->Instance->ILS;
 3830              		.loc 1 2836 25 is_stmt 0 view .LVU1315
 3831 0040 0168     		ldr	r1, [r0]
 3832              	.LVL280:
2836:Drivers/STM32G4xx_HAL_Driver/Src/stm32g4xx_hal_fdcan.c ****     ITs_lines_selection = hfdcan->Instance->ILS;
 3833              		.loc 1 2836 17 view .LVU1316
 3834 0042 4B6D     		ldr	r3, [r1, #84]
 3835              	.LVL281:
2837:Drivers/STM32G4xx_HAL_Driver/Src/stm32g4xx_hal_fdcan.c **** 
 3836              		.loc 1 2837 5 is_stmt 1 view .LVU1317
2837:Drivers/STM32G4xx_HAL_Driver/Src/stm32g4xx_hal_fdcan.c **** 
 3837              		.loc 1 2837 25 is_stmt 0 view .LVU1318
 3838 0044 8A6D     		ldr	r2, [r1, #88]
 3839              	.LVL282:
2840:Drivers/STM32G4xx_HAL_Driver/Src/stm32g4xx_hal_fdcan.c ****          && (((ITs_lines_selection) & FDCAN_IT_GROUP_RX_FIFO0)       == 0U)) || \
 3840              		.loc 1 2840 5 is_stmt 1 view .LVU1319
2840:Drivers/STM32G4xx_HAL_Driver/Src/stm32g4xx_hal_fdcan.c ****          && (((ITs_lines_selection) & FDCAN_IT_GROUP_RX_FIFO0)       == 0U)) || \
 3841              		.loc 1 2840 8 is_stmt 0 view .LVU1320
 3842 0046 13F00704 		ands	r4, r3, #7
 3843 004a 02D0     		beq	.L274
2841:Drivers/STM32G4xx_HAL_Driver/Src/stm32g4xx_hal_fdcan.c ****         (((ITs_enabled & FDCAN_IT_LIST_RX_FIFO1)       != 0U)
 3844              		.loc 1 2841 10 view .LVU1321
 3845 004c 12F0010F 		tst	r2, #1
 3846 0050 27D0     		beq	.L275
 3847              	.L274:
2841:Drivers/STM32G4xx_HAL_Driver/Src/stm32g4xx_hal_fdcan.c ****         (((ITs_enabled & FDCAN_IT_LIST_RX_FIFO1)       != 0U)
 3848              		.loc 1 2841 78 discriminator 1 view .LVU1322
 3849 0052 13F0380F 		tst	r3, #56
 3850 0056 02D0     		beq	.L276
2843:Drivers/STM32G4xx_HAL_Driver/Src/stm32g4xx_hal_fdcan.c ****         (((ITs_enabled & FDCAN_IT_LIST_SMSG)           != 0U)
 3851              		.loc 1 2843 10 view .LVU1323
 3852 0058 12F0020F 		tst	r2, #2
ARM GAS  C:\Users\Booster\AppData\Local\Temp\ccYRDURW.s 			page 151


 3853 005c 21D0     		beq	.L275
 3854              	.L276:
2843:Drivers/STM32G4xx_HAL_Driver/Src/stm32g4xx_hal_fdcan.c ****         (((ITs_enabled & FDCAN_IT_LIST_SMSG)           != 0U)
 3855              		.loc 1 2843 78 discriminator 1 view .LVU1324
 3856 005e 13F4E07F 		tst	r3, #448
 3857 0062 02D0     		beq	.L277
2845:Drivers/STM32G4xx_HAL_Driver/Src/stm32g4xx_hal_fdcan.c ****         (((ITs_enabled & FDCAN_IT_LIST_TX_FIFO_ERROR)  != 0U)
 3858              		.loc 1 2845 10 view .LVU1325
 3859 0064 12F0040F 		tst	r2, #4
 3860 0068 1BD0     		beq	.L275
 3861              	.L277:
2845:Drivers/STM32G4xx_HAL_Driver/Src/stm32g4xx_hal_fdcan.c ****         (((ITs_enabled & FDCAN_IT_LIST_TX_FIFO_ERROR)  != 0U)
 3862              		.loc 1 2845 78 discriminator 1 view .LVU1326
 3863 006a 13F4F05F 		tst	r3, #7680
 3864 006e 02D0     		beq	.L278
2847:Drivers/STM32G4xx_HAL_Driver/Src/stm32g4xx_hal_fdcan.c ****         (((ITs_enabled & FDCAN_IT_LIST_MISC)           != 0U)
 3865              		.loc 1 2847 10 view .LVU1327
 3866 0070 12F0080F 		tst	r2, #8
 3867 0074 15D0     		beq	.L275
 3868              	.L278:
2847:Drivers/STM32G4xx_HAL_Driver/Src/stm32g4xx_hal_fdcan.c ****         (((ITs_enabled & FDCAN_IT_LIST_MISC)           != 0U)
 3869              		.loc 1 2847 78 discriminator 1 view .LVU1328
 3870 0076 13F4604F 		tst	r3, #57344
 3871 007a 02D0     		beq	.L279
2849:Drivers/STM32G4xx_HAL_Driver/Src/stm32g4xx_hal_fdcan.c ****         (((ITs_enabled & FDCAN_IT_LIST_BIT_LINE_ERROR) != 0U)
 3872              		.loc 1 2849 10 view .LVU1329
 3873 007c 12F0100F 		tst	r2, #16
 3874 0080 0FD0     		beq	.L275
 3875              	.L279:
2849:Drivers/STM32G4xx_HAL_Driver/Src/stm32g4xx_hal_fdcan.c ****         (((ITs_enabled & FDCAN_IT_LIST_BIT_LINE_ERROR) != 0U)
 3876              		.loc 1 2849 78 discriminator 1 view .LVU1330
 3877 0082 13F4403F 		tst	r3, #196608
 3878 0086 02D0     		beq	.L280
2851:Drivers/STM32G4xx_HAL_Driver/Src/stm32g4xx_hal_fdcan.c ****         (((ITs_enabled & FDCAN_IT_LIST_PROTOCOL_ERROR) != 0U)
 3879              		.loc 1 2851 10 view .LVU1331
 3880 0088 12F0200F 		tst	r2, #32
 3881 008c 09D0     		beq	.L275
 3882              	.L280:
2851:Drivers/STM32G4xx_HAL_Driver/Src/stm32g4xx_hal_fdcan.c ****         (((ITs_enabled & FDCAN_IT_LIST_PROTOCOL_ERROR) != 0U)
 3883              		.loc 1 2851 78 discriminator 1 view .LVU1332
 3884 008e 13F47C0F 		tst	r3, #16515072
 3885 0092 02D0     		beq	.L281
2853:Drivers/STM32G4xx_HAL_Driver/Src/stm32g4xx_hal_fdcan.c ****     {
 3886              		.loc 1 2853 10 view .LVU1333
 3887 0094 12F0400F 		tst	r2, #64
 3888 0098 03D0     		beq	.L275
 3889              	.L281:
2860:Drivers/STM32G4xx_HAL_Driver/Src/stm32g4xx_hal_fdcan.c ****     }
 3890              		.loc 1 2860 7 is_stmt 1 view .LVU1334
 3891 009a CD6D     		ldr	r5, [r1, #92]
 3892 009c 25F00105 		bic	r5, r5, #1
 3893 00a0 CD65     		str	r5, [r1, #92]
 3894              	.L275:
2864:Drivers/STM32G4xx_HAL_Driver/Src/stm32g4xx_hal_fdcan.c ****          && (((ITs_lines_selection) & FDCAN_IT_GROUP_RX_FIFO0)       != 0U)) || \
 3895              		.loc 1 2864 5 view .LVU1335
2864:Drivers/STM32G4xx_HAL_Driver/Src/stm32g4xx_hal_fdcan.c ****          && (((ITs_lines_selection) & FDCAN_IT_GROUP_RX_FIFO0)       != 0U)) || \
 3896              		.loc 1 2864 8 is_stmt 0 view .LVU1336
ARM GAS  C:\Users\Booster\AppData\Local\Temp\ccYRDURW.s 			page 152


 3897 00a2 14B1     		cbz	r4, .L282
2865:Drivers/STM32G4xx_HAL_Driver/Src/stm32g4xx_hal_fdcan.c ****         (((ITs_enabled & FDCAN_IT_LIST_RX_FIFO1)       != 0U)
 3898              		.loc 1 2865 10 view .LVU1337
 3899 00a4 12F0010F 		tst	r2, #1
 3900 00a8 28D1     		bne	.L283
 3901              	.L282:
2865:Drivers/STM32G4xx_HAL_Driver/Src/stm32g4xx_hal_fdcan.c ****         (((ITs_enabled & FDCAN_IT_LIST_RX_FIFO1)       != 0U)
 3902              		.loc 1 2865 78 discriminator 1 view .LVU1338
 3903 00aa 13F0380F 		tst	r3, #56
 3904 00ae 02D0     		beq	.L284
2867:Drivers/STM32G4xx_HAL_Driver/Src/stm32g4xx_hal_fdcan.c ****         (((ITs_enabled & FDCAN_IT_LIST_SMSG)           != 0U)
 3905              		.loc 1 2867 10 view .LVU1339
 3906 00b0 12F0020F 		tst	r2, #2
 3907 00b4 22D1     		bne	.L283
 3908              	.L284:
2867:Drivers/STM32G4xx_HAL_Driver/Src/stm32g4xx_hal_fdcan.c ****         (((ITs_enabled & FDCAN_IT_LIST_SMSG)           != 0U)
 3909              		.loc 1 2867 78 discriminator 1 view .LVU1340
 3910 00b6 13F4E07F 		tst	r3, #448
 3911 00ba 02D0     		beq	.L285
2869:Drivers/STM32G4xx_HAL_Driver/Src/stm32g4xx_hal_fdcan.c ****         (((ITs_enabled & FDCAN_IT_LIST_TX_FIFO_ERROR)  != 0U)
 3912              		.loc 1 2869 10 view .LVU1341
 3913 00bc 12F0040F 		tst	r2, #4
 3914 00c0 1CD1     		bne	.L283
 3915              	.L285:
2869:Drivers/STM32G4xx_HAL_Driver/Src/stm32g4xx_hal_fdcan.c ****         (((ITs_enabled & FDCAN_IT_LIST_TX_FIFO_ERROR)  != 0U)
 3916              		.loc 1 2869 78 discriminator 1 view .LVU1342
 3917 00c2 13F4F05F 		tst	r3, #7680
 3918 00c6 02D0     		beq	.L286
2871:Drivers/STM32G4xx_HAL_Driver/Src/stm32g4xx_hal_fdcan.c ****         (((ITs_enabled & FDCAN_IT_LIST_MISC)           != 0U)
 3919              		.loc 1 2871 10 view .LVU1343
 3920 00c8 12F0080F 		tst	r2, #8
 3921 00cc 16D1     		bne	.L283
 3922              	.L286:
2871:Drivers/STM32G4xx_HAL_Driver/Src/stm32g4xx_hal_fdcan.c ****         (((ITs_enabled & FDCAN_IT_LIST_MISC)           != 0U)
 3923              		.loc 1 2871 78 discriminator 1 view .LVU1344
 3924 00ce 13F4604F 		tst	r3, #57344
 3925 00d2 02D0     		beq	.L287
2873:Drivers/STM32G4xx_HAL_Driver/Src/stm32g4xx_hal_fdcan.c ****         (((ITs_enabled & FDCAN_IT_LIST_BIT_LINE_ERROR) != 0U)
 3926              		.loc 1 2873 10 view .LVU1345
 3927 00d4 12F0100F 		tst	r2, #16
 3928 00d8 10D1     		bne	.L283
 3929              	.L287:
2873:Drivers/STM32G4xx_HAL_Driver/Src/stm32g4xx_hal_fdcan.c ****         (((ITs_enabled & FDCAN_IT_LIST_BIT_LINE_ERROR) != 0U)
 3930              		.loc 1 2873 78 discriminator 1 view .LVU1346
 3931 00da 13F4403F 		tst	r3, #196608
 3932 00de 02D0     		beq	.L288
2875:Drivers/STM32G4xx_HAL_Driver/Src/stm32g4xx_hal_fdcan.c ****         (((ITs_enabled & FDCAN_IT_LIST_PROTOCOL_ERROR) != 0U)
 3933              		.loc 1 2875 10 view .LVU1347
 3934 00e0 12F0200F 		tst	r2, #32
 3935 00e4 0AD1     		bne	.L283
 3936              	.L288:
2875:Drivers/STM32G4xx_HAL_Driver/Src/stm32g4xx_hal_fdcan.c ****         (((ITs_enabled & FDCAN_IT_LIST_PROTOCOL_ERROR) != 0U)
 3937              		.loc 1 2875 78 discriminator 1 view .LVU1348
 3938 00e6 13F47C0F 		tst	r3, #16515072
 3939 00ea 02D0     		beq	.L289
2877:Drivers/STM32G4xx_HAL_Driver/Src/stm32g4xx_hal_fdcan.c ****     {
 3940              		.loc 1 2877 10 view .LVU1349
ARM GAS  C:\Users\Booster\AppData\Local\Temp\ccYRDURW.s 			page 153


 3941 00ec 12F0400F 		tst	r2, #64
 3942 00f0 04D1     		bne	.L283
 3943              	.L289:
2884:Drivers/STM32G4xx_HAL_Driver/Src/stm32g4xx_hal_fdcan.c ****     }
 3944              		.loc 1 2884 7 is_stmt 1 view .LVU1350
 3945 00f2 0268     		ldr	r2, [r0]
 3946              	.LVL283:
2884:Drivers/STM32G4xx_HAL_Driver/Src/stm32g4xx_hal_fdcan.c ****     }
 3947              		.loc 1 2884 7 is_stmt 0 view .LVU1351
 3948 00f4 D36D     		ldr	r3, [r2, #92]
 3949              	.LVL284:
2884:Drivers/STM32G4xx_HAL_Driver/Src/stm32g4xx_hal_fdcan.c ****     }
 3950              		.loc 1 2884 7 view .LVU1352
 3951 00f6 23F00203 		bic	r3, r3, #2
 3952 00fa D365     		str	r3, [r2, #92]
 3953              	.L283:
2888:Drivers/STM32G4xx_HAL_Driver/Src/stm32g4xx_hal_fdcan.c ****   }
 3954              		.loc 1 2888 5 is_stmt 1 view .LVU1353
2888:Drivers/STM32G4xx_HAL_Driver/Src/stm32g4xx_hal_fdcan.c ****   }
 3955              		.loc 1 2888 12 is_stmt 0 view .LVU1354
 3956 00fc 0020     		movs	r0, #0
 3957              	.LVL285:
2897:Drivers/STM32G4xx_HAL_Driver/Src/stm32g4xx_hal_fdcan.c **** 
 3958              		.loc 1 2897 1 view .LVU1355
 3959 00fe 30BC     		pop	{r4, r5}
 3960              	.LCFI22:
 3961              		.cfi_restore 5
 3962              		.cfi_restore 4
 3963              		.cfi_def_cfa_offset 0
 3964 0100 7047     		bx	lr
 3965              		.cfi_endproc
 3966              	.LFE374:
 3968              		.section	.text.HAL_FDCAN_TxEventFifoCallback,"ax",%progbits
 3969              		.align	1
 3970              		.weak	HAL_FDCAN_TxEventFifoCallback
 3971              		.syntax unified
 3972              		.thumb
 3973              		.thumb_func
 3975              	HAL_FDCAN_TxEventFifoCallback:
 3976              	.LVL286:
 3977              	.LFB376:
3179:Drivers/STM32G4xx_HAL_Driver/Src/stm32g4xx_hal_fdcan.c ****   /* Prevent unused argument(s) compilation warning */
 3978              		.loc 1 3179 1 is_stmt 1 view -0
 3979              		.cfi_startproc
 3980              		@ args = 0, pretend = 0, frame = 0
 3981              		@ frame_needed = 0, uses_anonymous_args = 0
 3982              		@ link register save eliminated.
3181:Drivers/STM32G4xx_HAL_Driver/Src/stm32g4xx_hal_fdcan.c ****   UNUSED(TxEventFifoITs);
 3983              		.loc 1 3181 3 view .LVU1357
3182:Drivers/STM32G4xx_HAL_Driver/Src/stm32g4xx_hal_fdcan.c **** 
 3984              		.loc 1 3182 3 view .LVU1358
3187:Drivers/STM32G4xx_HAL_Driver/Src/stm32g4xx_hal_fdcan.c **** 
 3985              		.loc 1 3187 1 is_stmt 0 view .LVU1359
 3986 0000 7047     		bx	lr
 3987              		.cfi_endproc
 3988              	.LFE376:
 3990              		.section	.text.HAL_FDCAN_RxFifo0Callback,"ax",%progbits
ARM GAS  C:\Users\Booster\AppData\Local\Temp\ccYRDURW.s 			page 154


 3991              		.align	1
 3992              		.weak	HAL_FDCAN_RxFifo0Callback
 3993              		.syntax unified
 3994              		.thumb
 3995              		.thumb_func
 3997              	HAL_FDCAN_RxFifo0Callback:
 3998              	.LVL287:
 3999              	.LFB377:
3198:Drivers/STM32G4xx_HAL_Driver/Src/stm32g4xx_hal_fdcan.c ****   /* Prevent unused argument(s) compilation warning */
 4000              		.loc 1 3198 1 is_stmt 1 view -0
 4001              		.cfi_startproc
 4002              		@ args = 0, pretend = 0, frame = 0
 4003              		@ frame_needed = 0, uses_anonymous_args = 0
 4004              		@ link register save eliminated.
3200:Drivers/STM32G4xx_HAL_Driver/Src/stm32g4xx_hal_fdcan.c ****   UNUSED(RxFifo0ITs);
 4005              		.loc 1 3200 3 view .LVU1361
3201:Drivers/STM32G4xx_HAL_Driver/Src/stm32g4xx_hal_fdcan.c **** 
 4006              		.loc 1 3201 3 view .LVU1362
3206:Drivers/STM32G4xx_HAL_Driver/Src/stm32g4xx_hal_fdcan.c **** 
 4007              		.loc 1 3206 1 is_stmt 0 view .LVU1363
 4008 0000 7047     		bx	lr
 4009              		.cfi_endproc
 4010              	.LFE377:
 4012              		.section	.text.HAL_FDCAN_RxFifo1Callback,"ax",%progbits
 4013              		.align	1
 4014              		.weak	HAL_FDCAN_RxFifo1Callback
 4015              		.syntax unified
 4016              		.thumb
 4017              		.thumb_func
 4019              	HAL_FDCAN_RxFifo1Callback:
 4020              	.LVL288:
 4021              	.LFB378:
3217:Drivers/STM32G4xx_HAL_Driver/Src/stm32g4xx_hal_fdcan.c ****   /* Prevent unused argument(s) compilation warning */
 4022              		.loc 1 3217 1 is_stmt 1 view -0
 4023              		.cfi_startproc
 4024              		@ args = 0, pretend = 0, frame = 0
 4025              		@ frame_needed = 0, uses_anonymous_args = 0
 4026              		@ link register save eliminated.
3219:Drivers/STM32G4xx_HAL_Driver/Src/stm32g4xx_hal_fdcan.c ****   UNUSED(RxFifo1ITs);
 4027              		.loc 1 3219 3 view .LVU1365
3220:Drivers/STM32G4xx_HAL_Driver/Src/stm32g4xx_hal_fdcan.c **** 
 4028              		.loc 1 3220 3 view .LVU1366
3225:Drivers/STM32G4xx_HAL_Driver/Src/stm32g4xx_hal_fdcan.c **** 
 4029              		.loc 1 3225 1 is_stmt 0 view .LVU1367
 4030 0000 7047     		bx	lr
 4031              		.cfi_endproc
 4032              	.LFE378:
 4034              		.section	.text.HAL_FDCAN_TxFifoEmptyCallback,"ax",%progbits
 4035              		.align	1
 4036              		.weak	HAL_FDCAN_TxFifoEmptyCallback
 4037              		.syntax unified
 4038              		.thumb
 4039              		.thumb_func
 4041              	HAL_FDCAN_TxFifoEmptyCallback:
 4042              	.LVL289:
 4043              	.LFB379:
3234:Drivers/STM32G4xx_HAL_Driver/Src/stm32g4xx_hal_fdcan.c ****   /* Prevent unused argument(s) compilation warning */
ARM GAS  C:\Users\Booster\AppData\Local\Temp\ccYRDURW.s 			page 155


 4044              		.loc 1 3234 1 is_stmt 1 view -0
 4045              		.cfi_startproc
 4046              		@ args = 0, pretend = 0, frame = 0
 4047              		@ frame_needed = 0, uses_anonymous_args = 0
 4048              		@ link register save eliminated.
3236:Drivers/STM32G4xx_HAL_Driver/Src/stm32g4xx_hal_fdcan.c **** 
 4049              		.loc 1 3236 3 view .LVU1369
3241:Drivers/STM32G4xx_HAL_Driver/Src/stm32g4xx_hal_fdcan.c **** 
 4050              		.loc 1 3241 1 is_stmt 0 view .LVU1370
 4051 0000 7047     		bx	lr
 4052              		.cfi_endproc
 4053              	.LFE379:
 4055              		.section	.text.HAL_FDCAN_TxBufferCompleteCallback,"ax",%progbits
 4056              		.align	1
 4057              		.weak	HAL_FDCAN_TxBufferCompleteCallback
 4058              		.syntax unified
 4059              		.thumb
 4060              		.thumb_func
 4062              	HAL_FDCAN_TxBufferCompleteCallback:
 4063              	.LVL290:
 4064              	.LFB380:
3252:Drivers/STM32G4xx_HAL_Driver/Src/stm32g4xx_hal_fdcan.c ****   /* Prevent unused argument(s) compilation warning */
 4065              		.loc 1 3252 1 is_stmt 1 view -0
 4066              		.cfi_startproc
 4067              		@ args = 0, pretend = 0, frame = 0
 4068              		@ frame_needed = 0, uses_anonymous_args = 0
 4069              		@ link register save eliminated.
3254:Drivers/STM32G4xx_HAL_Driver/Src/stm32g4xx_hal_fdcan.c ****   UNUSED(BufferIndexes);
 4070              		.loc 1 3254 3 view .LVU1372
3255:Drivers/STM32G4xx_HAL_Driver/Src/stm32g4xx_hal_fdcan.c **** 
 4071              		.loc 1 3255 3 view .LVU1373
3260:Drivers/STM32G4xx_HAL_Driver/Src/stm32g4xx_hal_fdcan.c **** 
 4072              		.loc 1 3260 1 is_stmt 0 view .LVU1374
 4073 0000 7047     		bx	lr
 4074              		.cfi_endproc
 4075              	.LFE380:
 4077              		.section	.text.HAL_FDCAN_TxBufferAbortCallback,"ax",%progbits
 4078              		.align	1
 4079              		.weak	HAL_FDCAN_TxBufferAbortCallback
 4080              		.syntax unified
 4081              		.thumb
 4082              		.thumb_func
 4084              	HAL_FDCAN_TxBufferAbortCallback:
 4085              	.LVL291:
 4086              	.LFB381:
3271:Drivers/STM32G4xx_HAL_Driver/Src/stm32g4xx_hal_fdcan.c ****   /* Prevent unused argument(s) compilation warning */
 4087              		.loc 1 3271 1 is_stmt 1 view -0
 4088              		.cfi_startproc
 4089              		@ args = 0, pretend = 0, frame = 0
 4090              		@ frame_needed = 0, uses_anonymous_args = 0
 4091              		@ link register save eliminated.
3273:Drivers/STM32G4xx_HAL_Driver/Src/stm32g4xx_hal_fdcan.c ****   UNUSED(BufferIndexes);
 4092              		.loc 1 3273 3 view .LVU1376
3274:Drivers/STM32G4xx_HAL_Driver/Src/stm32g4xx_hal_fdcan.c **** 
 4093              		.loc 1 3274 3 view .LVU1377
3279:Drivers/STM32G4xx_HAL_Driver/Src/stm32g4xx_hal_fdcan.c **** 
 4094              		.loc 1 3279 1 is_stmt 0 view .LVU1378
ARM GAS  C:\Users\Booster\AppData\Local\Temp\ccYRDURW.s 			page 156


 4095 0000 7047     		bx	lr
 4096              		.cfi_endproc
 4097              	.LFE381:
 4099              		.section	.text.HAL_FDCAN_TimestampWraparoundCallback,"ax",%progbits
 4100              		.align	1
 4101              		.weak	HAL_FDCAN_TimestampWraparoundCallback
 4102              		.syntax unified
 4103              		.thumb
 4104              		.thumb_func
 4106              	HAL_FDCAN_TimestampWraparoundCallback:
 4107              	.LVL292:
 4108              	.LFB382:
3288:Drivers/STM32G4xx_HAL_Driver/Src/stm32g4xx_hal_fdcan.c ****   /* Prevent unused argument(s) compilation warning */
 4109              		.loc 1 3288 1 is_stmt 1 view -0
 4110              		.cfi_startproc
 4111              		@ args = 0, pretend = 0, frame = 0
 4112              		@ frame_needed = 0, uses_anonymous_args = 0
 4113              		@ link register save eliminated.
3290:Drivers/STM32G4xx_HAL_Driver/Src/stm32g4xx_hal_fdcan.c **** 
 4114              		.loc 1 3290 3 view .LVU1380
3295:Drivers/STM32G4xx_HAL_Driver/Src/stm32g4xx_hal_fdcan.c **** 
 4115              		.loc 1 3295 1 is_stmt 0 view .LVU1381
 4116 0000 7047     		bx	lr
 4117              		.cfi_endproc
 4118              	.LFE382:
 4120              		.section	.text.HAL_FDCAN_TimeoutOccurredCallback,"ax",%progbits
 4121              		.align	1
 4122              		.weak	HAL_FDCAN_TimeoutOccurredCallback
 4123              		.syntax unified
 4124              		.thumb
 4125              		.thumb_func
 4127              	HAL_FDCAN_TimeoutOccurredCallback:
 4128              	.LVL293:
 4129              	.LFB383:
3304:Drivers/STM32G4xx_HAL_Driver/Src/stm32g4xx_hal_fdcan.c ****   /* Prevent unused argument(s) compilation warning */
 4130              		.loc 1 3304 1 is_stmt 1 view -0
 4131              		.cfi_startproc
 4132              		@ args = 0, pretend = 0, frame = 0
 4133              		@ frame_needed = 0, uses_anonymous_args = 0
 4134              		@ link register save eliminated.
3306:Drivers/STM32G4xx_HAL_Driver/Src/stm32g4xx_hal_fdcan.c **** 
 4135              		.loc 1 3306 3 view .LVU1383
3311:Drivers/STM32G4xx_HAL_Driver/Src/stm32g4xx_hal_fdcan.c **** 
 4136              		.loc 1 3311 1 is_stmt 0 view .LVU1384
 4137 0000 7047     		bx	lr
 4138              		.cfi_endproc
 4139              	.LFE383:
 4141              		.section	.text.HAL_FDCAN_HighPriorityMessageCallback,"ax",%progbits
 4142              		.align	1
 4143              		.weak	HAL_FDCAN_HighPriorityMessageCallback
 4144              		.syntax unified
 4145              		.thumb
 4146              		.thumb_func
 4148              	HAL_FDCAN_HighPriorityMessageCallback:
 4149              	.LVL294:
 4150              	.LFB384:
3320:Drivers/STM32G4xx_HAL_Driver/Src/stm32g4xx_hal_fdcan.c ****   /* Prevent unused argument(s) compilation warning */
ARM GAS  C:\Users\Booster\AppData\Local\Temp\ccYRDURW.s 			page 157


 4151              		.loc 1 3320 1 is_stmt 1 view -0
 4152              		.cfi_startproc
 4153              		@ args = 0, pretend = 0, frame = 0
 4154              		@ frame_needed = 0, uses_anonymous_args = 0
 4155              		@ link register save eliminated.
3322:Drivers/STM32G4xx_HAL_Driver/Src/stm32g4xx_hal_fdcan.c **** 
 4156              		.loc 1 3322 3 view .LVU1386
3327:Drivers/STM32G4xx_HAL_Driver/Src/stm32g4xx_hal_fdcan.c **** 
 4157              		.loc 1 3327 1 is_stmt 0 view .LVU1387
 4158 0000 7047     		bx	lr
 4159              		.cfi_endproc
 4160              	.LFE384:
 4162              		.section	.text.HAL_FDCAN_ErrorCallback,"ax",%progbits
 4163              		.align	1
 4164              		.weak	HAL_FDCAN_ErrorCallback
 4165              		.syntax unified
 4166              		.thumb
 4167              		.thumb_func
 4169              	HAL_FDCAN_ErrorCallback:
 4170              	.LVL295:
 4171              	.LFB385:
3336:Drivers/STM32G4xx_HAL_Driver/Src/stm32g4xx_hal_fdcan.c ****   /* Prevent unused argument(s) compilation warning */
 4172              		.loc 1 3336 1 is_stmt 1 view -0
 4173              		.cfi_startproc
 4174              		@ args = 0, pretend = 0, frame = 0
 4175              		@ frame_needed = 0, uses_anonymous_args = 0
 4176              		@ link register save eliminated.
3338:Drivers/STM32G4xx_HAL_Driver/Src/stm32g4xx_hal_fdcan.c **** 
 4177              		.loc 1 3338 3 view .LVU1389
3343:Drivers/STM32G4xx_HAL_Driver/Src/stm32g4xx_hal_fdcan.c **** 
 4178              		.loc 1 3343 1 is_stmt 0 view .LVU1390
 4179 0000 7047     		bx	lr
 4180              		.cfi_endproc
 4181              	.LFE385:
 4183              		.section	.text.HAL_FDCAN_ErrorStatusCallback,"ax",%progbits
 4184              		.align	1
 4185              		.weak	HAL_FDCAN_ErrorStatusCallback
 4186              		.syntax unified
 4187              		.thumb
 4188              		.thumb_func
 4190              	HAL_FDCAN_ErrorStatusCallback:
 4191              	.LVL296:
 4192              	.LFB386:
3354:Drivers/STM32G4xx_HAL_Driver/Src/stm32g4xx_hal_fdcan.c ****   /* Prevent unused argument(s) compilation warning */
 4193              		.loc 1 3354 1 is_stmt 1 view -0
 4194              		.cfi_startproc
 4195              		@ args = 0, pretend = 0, frame = 0
 4196              		@ frame_needed = 0, uses_anonymous_args = 0
 4197              		@ link register save eliminated.
3356:Drivers/STM32G4xx_HAL_Driver/Src/stm32g4xx_hal_fdcan.c ****   UNUSED(ErrorStatusITs);
 4198              		.loc 1 3356 3 view .LVU1392
3357:Drivers/STM32G4xx_HAL_Driver/Src/stm32g4xx_hal_fdcan.c **** 
 4199              		.loc 1 3357 3 view .LVU1393
3362:Drivers/STM32G4xx_HAL_Driver/Src/stm32g4xx_hal_fdcan.c **** 
 4200              		.loc 1 3362 1 is_stmt 0 view .LVU1394
 4201 0000 7047     		bx	lr
 4202              		.cfi_endproc
ARM GAS  C:\Users\Booster\AppData\Local\Temp\ccYRDURW.s 			page 158


 4203              	.LFE386:
 4205              		.section	.text.HAL_FDCAN_IRQHandler,"ax",%progbits
 4206              		.align	1
 4207              		.global	HAL_FDCAN_IRQHandler
 4208              		.syntax unified
 4209              		.thumb
 4210              		.thumb_func
 4212              	HAL_FDCAN_IRQHandler:
 4213              	.LVL297:
 4214              	.LFB375:
2906:Drivers/STM32G4xx_HAL_Driver/Src/stm32g4xx_hal_fdcan.c ****   uint32_t TxEventFifoITs;
 4215              		.loc 1 2906 1 is_stmt 1 view -0
 4216              		.cfi_startproc
 4217              		@ args = 0, pretend = 0, frame = 0
 4218              		@ frame_needed = 0, uses_anonymous_args = 0
2906:Drivers/STM32G4xx_HAL_Driver/Src/stm32g4xx_hal_fdcan.c ****   uint32_t TxEventFifoITs;
 4219              		.loc 1 2906 1 is_stmt 0 view .LVU1396
 4220 0000 2DE9F84F 		push	{r3, r4, r5, r6, r7, r8, r9, r10, fp, lr}
 4221              	.LCFI23:
 4222              		.cfi_def_cfa_offset 40
 4223              		.cfi_offset 3, -40
 4224              		.cfi_offset 4, -36
 4225              		.cfi_offset 5, -32
 4226              		.cfi_offset 6, -28
 4227              		.cfi_offset 7, -24
 4228              		.cfi_offset 8, -20
 4229              		.cfi_offset 9, -16
 4230              		.cfi_offset 10, -12
 4231              		.cfi_offset 11, -8
 4232              		.cfi_offset 14, -4
 4233 0004 0446     		mov	r4, r0
2907:Drivers/STM32G4xx_HAL_Driver/Src/stm32g4xx_hal_fdcan.c ****   uint32_t RxFifo0ITs;
 4234              		.loc 1 2907 3 is_stmt 1 view .LVU1397
2908:Drivers/STM32G4xx_HAL_Driver/Src/stm32g4xx_hal_fdcan.c ****   uint32_t RxFifo1ITs;
 4235              		.loc 1 2908 3 view .LVU1398
2909:Drivers/STM32G4xx_HAL_Driver/Src/stm32g4xx_hal_fdcan.c ****   uint32_t Errors;
 4236              		.loc 1 2909 3 view .LVU1399
2910:Drivers/STM32G4xx_HAL_Driver/Src/stm32g4xx_hal_fdcan.c ****   uint32_t ErrorStatusITs;
 4237              		.loc 1 2910 3 view .LVU1400
2911:Drivers/STM32G4xx_HAL_Driver/Src/stm32g4xx_hal_fdcan.c ****   uint32_t TransmittedBuffers;
 4238              		.loc 1 2911 3 view .LVU1401
2912:Drivers/STM32G4xx_HAL_Driver/Src/stm32g4xx_hal_fdcan.c ****   uint32_t AbortedBuffers;
 4239              		.loc 1 2912 3 view .LVU1402
2913:Drivers/STM32G4xx_HAL_Driver/Src/stm32g4xx_hal_fdcan.c ****   uint32_t itsource;
 4240              		.loc 1 2913 3 view .LVU1403
2914:Drivers/STM32G4xx_HAL_Driver/Src/stm32g4xx_hal_fdcan.c ****   uint32_t itflag;
 4241              		.loc 1 2914 3 view .LVU1404
2915:Drivers/STM32G4xx_HAL_Driver/Src/stm32g4xx_hal_fdcan.c **** 
 4242              		.loc 1 2915 3 view .LVU1405
2917:Drivers/STM32G4xx_HAL_Driver/Src/stm32g4xx_hal_fdcan.c ****   TxEventFifoITs &= hfdcan->Instance->IE;
 4243              		.loc 1 2917 3 view .LVU1406
2917:Drivers/STM32G4xx_HAL_Driver/Src/stm32g4xx_hal_fdcan.c ****   TxEventFifoITs &= hfdcan->Instance->IE;
 4244              		.loc 1 2917 26 is_stmt 0 view .LVU1407
 4245 0006 0368     		ldr	r3, [r0]
2917:Drivers/STM32G4xx_HAL_Driver/Src/stm32g4xx_hal_fdcan.c ****   TxEventFifoITs &= hfdcan->Instance->IE;
 4246              		.loc 1 2917 36 view .LVU1408
 4247 0008 1A6D     		ldr	r2, [r3, #80]
ARM GAS  C:\Users\Booster\AppData\Local\Temp\ccYRDURW.s 			page 159


2917:Drivers/STM32G4xx_HAL_Driver/Src/stm32g4xx_hal_fdcan.c ****   TxEventFifoITs &= hfdcan->Instance->IE;
 4248              		.loc 1 2917 18 view .LVU1409
 4249 000a 02F4E05A 		and	r10, r2, #7168
 4250              	.LVL298:
2918:Drivers/STM32G4xx_HAL_Driver/Src/stm32g4xx_hal_fdcan.c ****   RxFifo0ITs = hfdcan->Instance->IR & FDCAN_RX_FIFO0_MASK;
 4251              		.loc 1 2918 3 is_stmt 1 view .LVU1410
2918:Drivers/STM32G4xx_HAL_Driver/Src/stm32g4xx_hal_fdcan.c ****   RxFifo0ITs = hfdcan->Instance->IR & FDCAN_RX_FIFO0_MASK;
 4252              		.loc 1 2918 37 is_stmt 0 view .LVU1411
 4253 000e 5A6D     		ldr	r2, [r3, #84]
2918:Drivers/STM32G4xx_HAL_Driver/Src/stm32g4xx_hal_fdcan.c ****   RxFifo0ITs = hfdcan->Instance->IR & FDCAN_RX_FIFO0_MASK;
 4254              		.loc 1 2918 18 view .LVU1412
 4255 0010 0AEA020A 		and	r10, r10, r2
 4256              	.LVL299:
2919:Drivers/STM32G4xx_HAL_Driver/Src/stm32g4xx_hal_fdcan.c ****   RxFifo0ITs &= hfdcan->Instance->IE;
 4257              		.loc 1 2919 3 is_stmt 1 view .LVU1413
2919:Drivers/STM32G4xx_HAL_Driver/Src/stm32g4xx_hal_fdcan.c ****   RxFifo0ITs &= hfdcan->Instance->IE;
 4258              		.loc 1 2919 32 is_stmt 0 view .LVU1414
 4259 0014 1A6D     		ldr	r2, [r3, #80]
2919:Drivers/STM32G4xx_HAL_Driver/Src/stm32g4xx_hal_fdcan.c ****   RxFifo0ITs &= hfdcan->Instance->IE;
 4260              		.loc 1 2919 14 view .LVU1415
 4261 0016 02F00709 		and	r9, r2, #7
 4262              	.LVL300:
2920:Drivers/STM32G4xx_HAL_Driver/Src/stm32g4xx_hal_fdcan.c ****   RxFifo1ITs = hfdcan->Instance->IR & FDCAN_RX_FIFO1_MASK;
 4263              		.loc 1 2920 3 is_stmt 1 view .LVU1416
2920:Drivers/STM32G4xx_HAL_Driver/Src/stm32g4xx_hal_fdcan.c ****   RxFifo1ITs = hfdcan->Instance->IR & FDCAN_RX_FIFO1_MASK;
 4264              		.loc 1 2920 33 is_stmt 0 view .LVU1417
 4265 001a 5A6D     		ldr	r2, [r3, #84]
2920:Drivers/STM32G4xx_HAL_Driver/Src/stm32g4xx_hal_fdcan.c ****   RxFifo1ITs = hfdcan->Instance->IR & FDCAN_RX_FIFO1_MASK;
 4266              		.loc 1 2920 14 view .LVU1418
 4267 001c 09EA0209 		and	r9, r9, r2
 4268              	.LVL301:
2921:Drivers/STM32G4xx_HAL_Driver/Src/stm32g4xx_hal_fdcan.c ****   RxFifo1ITs &= hfdcan->Instance->IE;
 4269              		.loc 1 2921 3 is_stmt 1 view .LVU1419
2921:Drivers/STM32G4xx_HAL_Driver/Src/stm32g4xx_hal_fdcan.c ****   RxFifo1ITs &= hfdcan->Instance->IE;
 4270              		.loc 1 2921 32 is_stmt 0 view .LVU1420
 4271 0020 1A6D     		ldr	r2, [r3, #80]
2921:Drivers/STM32G4xx_HAL_Driver/Src/stm32g4xx_hal_fdcan.c ****   RxFifo1ITs &= hfdcan->Instance->IE;
 4272              		.loc 1 2921 14 view .LVU1421
 4273 0022 02F03808 		and	r8, r2, #56
 4274              	.LVL302:
2922:Drivers/STM32G4xx_HAL_Driver/Src/stm32g4xx_hal_fdcan.c ****   Errors = hfdcan->Instance->IR & FDCAN_ERROR_MASK;
 4275              		.loc 1 2922 3 is_stmt 1 view .LVU1422
2922:Drivers/STM32G4xx_HAL_Driver/Src/stm32g4xx_hal_fdcan.c ****   Errors = hfdcan->Instance->IR & FDCAN_ERROR_MASK;
 4276              		.loc 1 2922 33 is_stmt 0 view .LVU1423
 4277 0026 5A6D     		ldr	r2, [r3, #84]
2922:Drivers/STM32G4xx_HAL_Driver/Src/stm32g4xx_hal_fdcan.c ****   Errors = hfdcan->Instance->IR & FDCAN_ERROR_MASK;
 4278              		.loc 1 2922 14 view .LVU1424
 4279 0028 08EA0208 		and	r8, r8, r2
 4280              	.LVL303:
2923:Drivers/STM32G4xx_HAL_Driver/Src/stm32g4xx_hal_fdcan.c ****   Errors &= hfdcan->Instance->IE;
 4281              		.loc 1 2923 3 is_stmt 1 view .LVU1425
2923:Drivers/STM32G4xx_HAL_Driver/Src/stm32g4xx_hal_fdcan.c ****   Errors &= hfdcan->Instance->IE;
 4282              		.loc 1 2923 28 is_stmt 0 view .LVU1426
 4283 002c 1E6D     		ldr	r6, [r3, #80]
2923:Drivers/STM32G4xx_HAL_Driver/Src/stm32g4xx_hal_fdcan.c ****   Errors &= hfdcan->Instance->IE;
 4284              		.loc 1 2923 10 view .LVU1427
 4285 002e 06F47106 		and	r6, r6, #15794176
ARM GAS  C:\Users\Booster\AppData\Local\Temp\ccYRDURW.s 			page 160


 4286              	.LVL304:
2924:Drivers/STM32G4xx_HAL_Driver/Src/stm32g4xx_hal_fdcan.c ****   ErrorStatusITs = hfdcan->Instance->IR & FDCAN_ERROR_STATUS_MASK;
 4287              		.loc 1 2924 3 is_stmt 1 view .LVU1428
2924:Drivers/STM32G4xx_HAL_Driver/Src/stm32g4xx_hal_fdcan.c ****   ErrorStatusITs = hfdcan->Instance->IR & FDCAN_ERROR_STATUS_MASK;
 4288              		.loc 1 2924 29 is_stmt 0 view .LVU1429
 4289 0032 5A6D     		ldr	r2, [r3, #84]
2924:Drivers/STM32G4xx_HAL_Driver/Src/stm32g4xx_hal_fdcan.c ****   ErrorStatusITs = hfdcan->Instance->IR & FDCAN_ERROR_STATUS_MASK;
 4290              		.loc 1 2924 10 view .LVU1430
 4291 0034 1640     		ands	r6, r6, r2
 4292              	.LVL305:
2925:Drivers/STM32G4xx_HAL_Driver/Src/stm32g4xx_hal_fdcan.c ****   ErrorStatusITs &= hfdcan->Instance->IE;
 4293              		.loc 1 2925 3 is_stmt 1 view .LVU1431
2925:Drivers/STM32G4xx_HAL_Driver/Src/stm32g4xx_hal_fdcan.c ****   ErrorStatusITs &= hfdcan->Instance->IE;
 4294              		.loc 1 2925 36 is_stmt 0 view .LVU1432
 4295 0036 1F6D     		ldr	r7, [r3, #80]
2925:Drivers/STM32G4xx_HAL_Driver/Src/stm32g4xx_hal_fdcan.c ****   ErrorStatusITs &= hfdcan->Instance->IE;
 4296              		.loc 1 2925 18 view .LVU1433
 4297 0038 07F46027 		and	r7, r7, #917504
 4298              	.LVL306:
2926:Drivers/STM32G4xx_HAL_Driver/Src/stm32g4xx_hal_fdcan.c ****   itsource = hfdcan->Instance->IE;
 4299              		.loc 1 2926 3 is_stmt 1 view .LVU1434
2926:Drivers/STM32G4xx_HAL_Driver/Src/stm32g4xx_hal_fdcan.c ****   itsource = hfdcan->Instance->IE;
 4300              		.loc 1 2926 37 is_stmt 0 view .LVU1435
 4301 003c 5A6D     		ldr	r2, [r3, #84]
2926:Drivers/STM32G4xx_HAL_Driver/Src/stm32g4xx_hal_fdcan.c ****   itsource = hfdcan->Instance->IE;
 4302              		.loc 1 2926 18 view .LVU1436
 4303 003e 1740     		ands	r7, r7, r2
 4304              	.LVL307:
2927:Drivers/STM32G4xx_HAL_Driver/Src/stm32g4xx_hal_fdcan.c ****   itflag = hfdcan->Instance->IR;
 4305              		.loc 1 2927 3 is_stmt 1 view .LVU1437
2927:Drivers/STM32G4xx_HAL_Driver/Src/stm32g4xx_hal_fdcan.c ****   itflag = hfdcan->Instance->IR;
 4306              		.loc 1 2927 12 is_stmt 0 view .LVU1438
 4307 0040 D3F854B0 		ldr	fp, [r3, #84]
 4308              	.LVL308:
2928:Drivers/STM32G4xx_HAL_Driver/Src/stm32g4xx_hal_fdcan.c **** 
 4309              		.loc 1 2928 3 is_stmt 1 view .LVU1439
2928:Drivers/STM32G4xx_HAL_Driver/Src/stm32g4xx_hal_fdcan.c **** 
 4310              		.loc 1 2928 10 is_stmt 0 view .LVU1440
 4311 0044 1D6D     		ldr	r5, [r3, #80]
 4312              	.LVL309:
2931:Drivers/STM32G4xx_HAL_Driver/Src/stm32g4xx_hal_fdcan.c ****   {
 4313              		.loc 1 2931 3 is_stmt 1 view .LVU1441
2931:Drivers/STM32G4xx_HAL_Driver/Src/stm32g4xx_hal_fdcan.c ****   {
 4314              		.loc 1 2931 6 is_stmt 0 view .LVU1442
 4315 0046 15F0400F 		tst	r5, #64
 4316 004a 02D0     		beq	.L308
2933:Drivers/STM32G4xx_HAL_Driver/Src/stm32g4xx_hal_fdcan.c ****     {
 4317              		.loc 1 2933 5 is_stmt 1 view .LVU1443
2933:Drivers/STM32G4xx_HAL_Driver/Src/stm32g4xx_hal_fdcan.c ****     {
 4318              		.loc 1 2933 8 is_stmt 0 view .LVU1444
 4319 004c 1BF0400F 		tst	fp, #64
 4320 0050 41D1     		bne	.L322
 4321              	.LVL310:
 4322              	.L308:
2949:Drivers/STM32G4xx_HAL_Driver/Src/stm32g4xx_hal_fdcan.c ****   {
 4323              		.loc 1 2949 3 is_stmt 1 view .LVU1445
2949:Drivers/STM32G4xx_HAL_Driver/Src/stm32g4xx_hal_fdcan.c ****   {
ARM GAS  C:\Users\Booster\AppData\Local\Temp\ccYRDURW.s 			page 161


 4324              		.loc 1 2949 6 is_stmt 0 view .LVU1446
 4325 0052 15F4807F 		tst	r5, #256
 4326 0056 02D0     		beq	.L309
2951:Drivers/STM32G4xx_HAL_Driver/Src/stm32g4xx_hal_fdcan.c ****     {
 4327              		.loc 1 2951 5 is_stmt 1 view .LVU1447
2951:Drivers/STM32G4xx_HAL_Driver/Src/stm32g4xx_hal_fdcan.c ****     {
 4328              		.loc 1 2951 8 is_stmt 0 view .LVU1448
 4329 0058 1BF4807F 		tst	fp, #256
 4330 005c 40D1     		bne	.L323
 4331              	.L309:
2971:Drivers/STM32G4xx_HAL_Driver/Src/stm32g4xx_hal_fdcan.c ****   {
 4332              		.loc 1 2971 3 is_stmt 1 view .LVU1449
2971:Drivers/STM32G4xx_HAL_Driver/Src/stm32g4xx_hal_fdcan.c ****   {
 4333              		.loc 1 2971 6 is_stmt 0 view .LVU1450
 4334 005e BAF1000F 		cmp	r10, #0
 4335 0062 4AD1     		bne	.L324
 4336              	.L310:
2986:Drivers/STM32G4xx_HAL_Driver/Src/stm32g4xx_hal_fdcan.c ****   {
 4337              		.loc 1 2986 3 is_stmt 1 view .LVU1451
2986:Drivers/STM32G4xx_HAL_Driver/Src/stm32g4xx_hal_fdcan.c ****   {
 4338              		.loc 1 2986 6 is_stmt 0 view .LVU1452
 4339 0064 B9F1000F 		cmp	r9, #0
 4340 0068 4FD1     		bne	.L325
 4341              	.L311:
3001:Drivers/STM32G4xx_HAL_Driver/Src/stm32g4xx_hal_fdcan.c ****   {
 4342              		.loc 1 3001 3 is_stmt 1 view .LVU1453
3001:Drivers/STM32G4xx_HAL_Driver/Src/stm32g4xx_hal_fdcan.c ****   {
 4343              		.loc 1 3001 6 is_stmt 0 view .LVU1454
 4344 006a B8F1000F 		cmp	r8, #0
 4345 006e 54D1     		bne	.L326
 4346              	.L312:
3016:Drivers/STM32G4xx_HAL_Driver/Src/stm32g4xx_hal_fdcan.c ****   {
 4347              		.loc 1 3016 3 is_stmt 1 view .LVU1455
3016:Drivers/STM32G4xx_HAL_Driver/Src/stm32g4xx_hal_fdcan.c ****   {
 4348              		.loc 1 3016 6 is_stmt 0 view .LVU1456
 4349 0070 15F4007F 		tst	r5, #512
 4350 0074 02D0     		beq	.L313
3018:Drivers/STM32G4xx_HAL_Driver/Src/stm32g4xx_hal_fdcan.c ****     {
 4351              		.loc 1 3018 5 is_stmt 1 view .LVU1457
3018:Drivers/STM32G4xx_HAL_Driver/Src/stm32g4xx_hal_fdcan.c ****     {
 4352              		.loc 1 3018 8 is_stmt 0 view .LVU1458
 4353 0076 1BF4007F 		tst	fp, #512
 4354 007a 56D1     		bne	.L327
 4355              	.L313:
3034:Drivers/STM32G4xx_HAL_Driver/Src/stm32g4xx_hal_fdcan.c ****   {
 4356              		.loc 1 3034 3 is_stmt 1 view .LVU1459
3034:Drivers/STM32G4xx_HAL_Driver/Src/stm32g4xx_hal_fdcan.c ****   {
 4357              		.loc 1 3034 6 is_stmt 0 view .LVU1460
 4358 007c 15F0800F 		tst	r5, #128
 4359 0080 02D0     		beq	.L314
3036:Drivers/STM32G4xx_HAL_Driver/Src/stm32g4xx_hal_fdcan.c ****     {
 4360              		.loc 1 3036 5 is_stmt 1 view .LVU1461
3036:Drivers/STM32G4xx_HAL_Driver/Src/stm32g4xx_hal_fdcan.c ****     {
 4361              		.loc 1 3036 8 is_stmt 0 view .LVU1462
 4362 0082 1BF0800F 		tst	fp, #128
 4363 0086 58D1     		bne	.L328
 4364              	.L314:
ARM GAS  C:\Users\Booster\AppData\Local\Temp\ccYRDURW.s 			page 162


3056:Drivers/STM32G4xx_HAL_Driver/Src/stm32g4xx_hal_fdcan.c ****   {
 4365              		.loc 1 3056 3 is_stmt 1 view .LVU1463
3056:Drivers/STM32G4xx_HAL_Driver/Src/stm32g4xx_hal_fdcan.c ****   {
 4366              		.loc 1 3056 6 is_stmt 0 view .LVU1464
 4367 0088 15F4005F 		tst	r5, #8192
 4368 008c 02D0     		beq	.L315
3058:Drivers/STM32G4xx_HAL_Driver/Src/stm32g4xx_hal_fdcan.c ****     {
 4369              		.loc 1 3058 5 is_stmt 1 view .LVU1465
3058:Drivers/STM32G4xx_HAL_Driver/Src/stm32g4xx_hal_fdcan.c ****     {
 4370              		.loc 1 3058 8 is_stmt 0 view .LVU1466
 4371 008e 1BF4005F 		tst	fp, #8192
 4372 0092 5ED1     		bne	.L329
 4373              	.L315:
3074:Drivers/STM32G4xx_HAL_Driver/Src/stm32g4xx_hal_fdcan.c ****   {
 4374              		.loc 1 3074 3 is_stmt 1 view .LVU1467
3074:Drivers/STM32G4xx_HAL_Driver/Src/stm32g4xx_hal_fdcan.c ****   {
 4375              		.loc 1 3074 6 is_stmt 0 view .LVU1468
 4376 0094 15F4004F 		tst	r5, #32768
 4377 0098 02D0     		beq	.L316
3076:Drivers/STM32G4xx_HAL_Driver/Src/stm32g4xx_hal_fdcan.c ****     {
 4378              		.loc 1 3076 5 is_stmt 1 view .LVU1469
3076:Drivers/STM32G4xx_HAL_Driver/Src/stm32g4xx_hal_fdcan.c ****     {
 4379              		.loc 1 3076 8 is_stmt 0 view .LVU1470
 4380 009a 1BF4004F 		tst	fp, #32768
 4381 009e 60D1     		bne	.L330
 4382              	.L316:
3092:Drivers/STM32G4xx_HAL_Driver/Src/stm32g4xx_hal_fdcan.c ****   {
 4383              		.loc 1 3092 3 is_stmt 1 view .LVU1471
3092:Drivers/STM32G4xx_HAL_Driver/Src/stm32g4xx_hal_fdcan.c ****   {
 4384              		.loc 1 3092 6 is_stmt 0 view .LVU1472
 4385 00a0 15F4804F 		tst	r5, #16384
 4386 00a4 0AD0     		beq	.L317
3094:Drivers/STM32G4xx_HAL_Driver/Src/stm32g4xx_hal_fdcan.c ****     {
 4387              		.loc 1 3094 5 is_stmt 1 view .LVU1473
3094:Drivers/STM32G4xx_HAL_Driver/Src/stm32g4xx_hal_fdcan.c ****     {
 4388              		.loc 1 3094 8 is_stmt 0 view .LVU1474
 4389 00a6 1BF4804F 		tst	fp, #16384
 4390 00aa 07D0     		beq	.L317
3097:Drivers/STM32G4xx_HAL_Driver/Src/stm32g4xx_hal_fdcan.c **** 
 4391              		.loc 1 3097 7 is_stmt 1 view .LVU1475
 4392 00ac 2368     		ldr	r3, [r4]
 4393 00ae 4FF48042 		mov	r2, #16384
 4394 00b2 1A65     		str	r2, [r3, #80]
3100:Drivers/STM32G4xx_HAL_Driver/Src/stm32g4xx_hal_fdcan.c ****     }
 4395              		.loc 1 3100 7 view .LVU1476
3100:Drivers/STM32G4xx_HAL_Driver/Src/stm32g4xx_hal_fdcan.c ****     }
 4396              		.loc 1 3100 13 is_stmt 0 view .LVU1477
 4397 00b4 236E     		ldr	r3, [r4, #96]
3100:Drivers/STM32G4xx_HAL_Driver/Src/stm32g4xx_hal_fdcan.c ****     }
 4398              		.loc 1 3100 25 view .LVU1478
 4399 00b6 43F08003 		orr	r3, r3, #128
 4400 00ba 2366     		str	r3, [r4, #96]
 4401              	.L317:
3105:Drivers/STM32G4xx_HAL_Driver/Src/stm32g4xx_hal_fdcan.c ****   {
 4402              		.loc 1 3105 3 is_stmt 1 view .LVU1479
3105:Drivers/STM32G4xx_HAL_Driver/Src/stm32g4xx_hal_fdcan.c ****   {
 4403              		.loc 1 3105 6 is_stmt 0 view .LVU1480
ARM GAS  C:\Users\Booster\AppData\Local\Temp\ccYRDURW.s 			page 163


 4404 00bc 002F     		cmp	r7, #0
 4405 00be 58D1     		bne	.L331
 4406              	.L318:
3120:Drivers/STM32G4xx_HAL_Driver/Src/stm32g4xx_hal_fdcan.c ****   {
 4407              		.loc 1 3120 3 is_stmt 1 view .LVU1481
3120:Drivers/STM32G4xx_HAL_Driver/Src/stm32g4xx_hal_fdcan.c ****   {
 4408              		.loc 1 3120 6 is_stmt 0 view .LVU1482
 4409 00c0 26B1     		cbz	r6, .L319
3123:Drivers/STM32G4xx_HAL_Driver/Src/stm32g4xx_hal_fdcan.c **** 
 4410              		.loc 1 3123 5 is_stmt 1 view .LVU1483
 4411 00c2 2368     		ldr	r3, [r4]
 4412 00c4 1E65     		str	r6, [r3, #80]
3126:Drivers/STM32G4xx_HAL_Driver/Src/stm32g4xx_hal_fdcan.c ****   }
 4413              		.loc 1 3126 5 view .LVU1484
3126:Drivers/STM32G4xx_HAL_Driver/Src/stm32g4xx_hal_fdcan.c ****   }
 4414              		.loc 1 3126 11 is_stmt 0 view .LVU1485
 4415 00c6 236E     		ldr	r3, [r4, #96]
3126:Drivers/STM32G4xx_HAL_Driver/Src/stm32g4xx_hal_fdcan.c ****   }
 4416              		.loc 1 3126 23 view .LVU1486
 4417 00c8 3343     		orrs	r3, r3, r6
 4418 00ca 2366     		str	r3, [r4, #96]
 4419              	.L319:
3129:Drivers/STM32G4xx_HAL_Driver/Src/stm32g4xx_hal_fdcan.c ****   {
 4420              		.loc 1 3129 3 is_stmt 1 view .LVU1487
3129:Drivers/STM32G4xx_HAL_Driver/Src/stm32g4xx_hal_fdcan.c ****   {
 4421              		.loc 1 3129 13 is_stmt 0 view .LVU1488
 4422 00cc 236E     		ldr	r3, [r4, #96]
3129:Drivers/STM32G4xx_HAL_Driver/Src/stm32g4xx_hal_fdcan.c ****   {
 4423              		.loc 1 3129 6 view .LVU1489
 4424 00ce 002B     		cmp	r3, #0
 4425 00d0 56D1     		bne	.L332
 4426              	.L307:
3139:Drivers/STM32G4xx_HAL_Driver/Src/stm32g4xx_hal_fdcan.c **** 
 4427              		.loc 1 3139 1 view .LVU1490
 4428 00d2 BDE8F88F 		pop	{r3, r4, r5, r6, r7, r8, r9, r10, fp, pc}
 4429              	.LVL311:
 4430              	.L322:
2936:Drivers/STM32G4xx_HAL_Driver/Src/stm32g4xx_hal_fdcan.c **** 
 4431              		.loc 1 2936 7 is_stmt 1 view .LVU1491
 4432 00d6 4022     		movs	r2, #64
 4433 00d8 1A65     		str	r2, [r3, #80]
2943:Drivers/STM32G4xx_HAL_Driver/Src/stm32g4xx_hal_fdcan.c **** #endif /* USE_HAL_FDCAN_REGISTER_CALLBACKS */
 4434              		.loc 1 2943 7 view .LVU1492
 4435 00da FFF7FEFF 		bl	HAL_FDCAN_HighPriorityMessageCallback
 4436              	.LVL312:
2943:Drivers/STM32G4xx_HAL_Driver/Src/stm32g4xx_hal_fdcan.c **** #endif /* USE_HAL_FDCAN_REGISTER_CALLBACKS */
 4437              		.loc 1 2943 7 is_stmt 0 view .LVU1493
 4438 00de B8E7     		b	.L308
 4439              	.L323:
2954:Drivers/STM32G4xx_HAL_Driver/Src/stm32g4xx_hal_fdcan.c ****       AbortedBuffers &= hfdcan->Instance->TXBCIE;
 4440              		.loc 1 2954 7 is_stmt 1 view .LVU1494
2954:Drivers/STM32G4xx_HAL_Driver/Src/stm32g4xx_hal_fdcan.c ****       AbortedBuffers &= hfdcan->Instance->TXBCIE;
 4441              		.loc 1 2954 30 is_stmt 0 view .LVU1495
 4442 00e0 2368     		ldr	r3, [r4]
2954:Drivers/STM32G4xx_HAL_Driver/Src/stm32g4xx_hal_fdcan.c ****       AbortedBuffers &= hfdcan->Instance->TXBCIE;
 4443              		.loc 1 2954 22 view .LVU1496
 4444 00e2 D3F8D810 		ldr	r1, [r3, #216]
ARM GAS  C:\Users\Booster\AppData\Local\Temp\ccYRDURW.s 			page 164


 4445              	.LVL313:
2955:Drivers/STM32G4xx_HAL_Driver/Src/stm32g4xx_hal_fdcan.c **** 
 4446              		.loc 1 2955 7 is_stmt 1 view .LVU1497
2955:Drivers/STM32G4xx_HAL_Driver/Src/stm32g4xx_hal_fdcan.c **** 
 4447              		.loc 1 2955 41 is_stmt 0 view .LVU1498
 4448 00e6 D3F8E020 		ldr	r2, [r3, #224]
 4449              	.LVL314:
2958:Drivers/STM32G4xx_HAL_Driver/Src/stm32g4xx_hal_fdcan.c **** 
 4450              		.loc 1 2958 7 is_stmt 1 view .LVU1499
 4451 00ea 4FF48070 		mov	r0, #256
 4452 00ee 1865     		str	r0, [r3, #80]
2965:Drivers/STM32G4xx_HAL_Driver/Src/stm32g4xx_hal_fdcan.c **** #endif /* USE_HAL_FDCAN_REGISTER_CALLBACKS */
 4453              		.loc 1 2965 7 view .LVU1500
 4454 00f0 1140     		ands	r1, r1, r2
 4455              	.LVL315:
2965:Drivers/STM32G4xx_HAL_Driver/Src/stm32g4xx_hal_fdcan.c **** #endif /* USE_HAL_FDCAN_REGISTER_CALLBACKS */
 4456              		.loc 1 2965 7 is_stmt 0 view .LVU1501
 4457 00f2 2046     		mov	r0, r4
 4458 00f4 FFF7FEFF 		bl	HAL_FDCAN_TxBufferAbortCallback
 4459              	.LVL316:
2965:Drivers/STM32G4xx_HAL_Driver/Src/stm32g4xx_hal_fdcan.c **** #endif /* USE_HAL_FDCAN_REGISTER_CALLBACKS */
 4460              		.loc 1 2965 7 view .LVU1502
 4461 00f8 B1E7     		b	.L309
 4462              	.LVL317:
 4463              	.L324:
2974:Drivers/STM32G4xx_HAL_Driver/Src/stm32g4xx_hal_fdcan.c **** 
 4464              		.loc 1 2974 5 is_stmt 1 view .LVU1503
 4465 00fa 2368     		ldr	r3, [r4]
 4466 00fc C3F850A0 		str	r10, [r3, #80]
2981:Drivers/STM32G4xx_HAL_Driver/Src/stm32g4xx_hal_fdcan.c **** #endif /* USE_HAL_FDCAN_REGISTER_CALLBACKS */
 4467              		.loc 1 2981 5 view .LVU1504
 4468 0100 5146     		mov	r1, r10
 4469 0102 2046     		mov	r0, r4
 4470 0104 FFF7FEFF 		bl	HAL_FDCAN_TxEventFifoCallback
 4471              	.LVL318:
 4472 0108 ACE7     		b	.L310
 4473              	.L325:
2989:Drivers/STM32G4xx_HAL_Driver/Src/stm32g4xx_hal_fdcan.c **** 
 4474              		.loc 1 2989 5 view .LVU1505
 4475 010a 2368     		ldr	r3, [r4]
 4476 010c C3F85090 		str	r9, [r3, #80]
2996:Drivers/STM32G4xx_HAL_Driver/Src/stm32g4xx_hal_fdcan.c **** #endif /* USE_HAL_FDCAN_REGISTER_CALLBACKS */
 4477              		.loc 1 2996 5 view .LVU1506
 4478 0110 4946     		mov	r1, r9
 4479 0112 2046     		mov	r0, r4
 4480 0114 FFF7FEFF 		bl	HAL_FDCAN_RxFifo0Callback
 4481              	.LVL319:
 4482 0118 A7E7     		b	.L311
 4483              	.L326:
3004:Drivers/STM32G4xx_HAL_Driver/Src/stm32g4xx_hal_fdcan.c **** 
 4484              		.loc 1 3004 5 view .LVU1507
 4485 011a 2368     		ldr	r3, [r4]
 4486 011c C3F85080 		str	r8, [r3, #80]
3011:Drivers/STM32G4xx_HAL_Driver/Src/stm32g4xx_hal_fdcan.c **** #endif /* USE_HAL_FDCAN_REGISTER_CALLBACKS */
 4487              		.loc 1 3011 5 view .LVU1508
 4488 0120 4146     		mov	r1, r8
 4489 0122 2046     		mov	r0, r4
ARM GAS  C:\Users\Booster\AppData\Local\Temp\ccYRDURW.s 			page 165


 4490 0124 FFF7FEFF 		bl	HAL_FDCAN_RxFifo1Callback
 4491              	.LVL320:
 4492 0128 A2E7     		b	.L312
 4493              	.L327:
3021:Drivers/STM32G4xx_HAL_Driver/Src/stm32g4xx_hal_fdcan.c **** 
 4494              		.loc 1 3021 7 view .LVU1509
 4495 012a 2368     		ldr	r3, [r4]
 4496 012c 4FF40072 		mov	r2, #512
 4497 0130 1A65     		str	r2, [r3, #80]
3028:Drivers/STM32G4xx_HAL_Driver/Src/stm32g4xx_hal_fdcan.c **** #endif /* USE_HAL_FDCAN_REGISTER_CALLBACKS */
 4498              		.loc 1 3028 7 view .LVU1510
 4499 0132 2046     		mov	r0, r4
 4500 0134 FFF7FEFF 		bl	HAL_FDCAN_TxFifoEmptyCallback
 4501              	.LVL321:
 4502 0138 A0E7     		b	.L313
 4503              	.L328:
3039:Drivers/STM32G4xx_HAL_Driver/Src/stm32g4xx_hal_fdcan.c ****       TransmittedBuffers &= hfdcan->Instance->TXBTIE;
 4504              		.loc 1 3039 7 view .LVU1511
3039:Drivers/STM32G4xx_HAL_Driver/Src/stm32g4xx_hal_fdcan.c ****       TransmittedBuffers &= hfdcan->Instance->TXBTIE;
 4505              		.loc 1 3039 34 is_stmt 0 view .LVU1512
 4506 013a 2368     		ldr	r3, [r4]
3039:Drivers/STM32G4xx_HAL_Driver/Src/stm32g4xx_hal_fdcan.c ****       TransmittedBuffers &= hfdcan->Instance->TXBTIE;
 4507              		.loc 1 3039 26 view .LVU1513
 4508 013c D3F8D410 		ldr	r1, [r3, #212]
 4509              	.LVL322:
3040:Drivers/STM32G4xx_HAL_Driver/Src/stm32g4xx_hal_fdcan.c **** 
 4510              		.loc 1 3040 7 is_stmt 1 view .LVU1514
3040:Drivers/STM32G4xx_HAL_Driver/Src/stm32g4xx_hal_fdcan.c **** 
 4511              		.loc 1 3040 45 is_stmt 0 view .LVU1515
 4512 0140 D3F8DC20 		ldr	r2, [r3, #220]
 4513              	.LVL323:
3043:Drivers/STM32G4xx_HAL_Driver/Src/stm32g4xx_hal_fdcan.c **** 
 4514              		.loc 1 3043 7 is_stmt 1 view .LVU1516
 4515 0144 8020     		movs	r0, #128
 4516 0146 1865     		str	r0, [r3, #80]
3050:Drivers/STM32G4xx_HAL_Driver/Src/stm32g4xx_hal_fdcan.c **** #endif /* USE_HAL_FDCAN_REGISTER_CALLBACKS */
 4517              		.loc 1 3050 7 view .LVU1517
 4518 0148 1140     		ands	r1, r1, r2
 4519              	.LVL324:
3050:Drivers/STM32G4xx_HAL_Driver/Src/stm32g4xx_hal_fdcan.c **** #endif /* USE_HAL_FDCAN_REGISTER_CALLBACKS */
 4520              		.loc 1 3050 7 is_stmt 0 view .LVU1518
 4521 014a 2046     		mov	r0, r4
 4522 014c FFF7FEFF 		bl	HAL_FDCAN_TxBufferCompleteCallback
 4523              	.LVL325:
3050:Drivers/STM32G4xx_HAL_Driver/Src/stm32g4xx_hal_fdcan.c **** #endif /* USE_HAL_FDCAN_REGISTER_CALLBACKS */
 4524              		.loc 1 3050 7 view .LVU1519
 4525 0150 9AE7     		b	.L314
 4526              	.LVL326:
 4527              	.L329:
3061:Drivers/STM32G4xx_HAL_Driver/Src/stm32g4xx_hal_fdcan.c **** 
 4528              		.loc 1 3061 7 is_stmt 1 view .LVU1520
 4529 0152 2368     		ldr	r3, [r4]
 4530 0154 4FF40052 		mov	r2, #8192
 4531 0158 1A65     		str	r2, [r3, #80]
3068:Drivers/STM32G4xx_HAL_Driver/Src/stm32g4xx_hal_fdcan.c **** #endif /* USE_HAL_FDCAN_REGISTER_CALLBACKS */
 4532              		.loc 1 3068 7 view .LVU1521
 4533 015a 2046     		mov	r0, r4
ARM GAS  C:\Users\Booster\AppData\Local\Temp\ccYRDURW.s 			page 166


 4534 015c FFF7FEFF 		bl	HAL_FDCAN_TimestampWraparoundCallback
 4535              	.LVL327:
 4536 0160 98E7     		b	.L315
 4537              	.L330:
3079:Drivers/STM32G4xx_HAL_Driver/Src/stm32g4xx_hal_fdcan.c **** 
 4538              		.loc 1 3079 7 view .LVU1522
 4539 0162 2368     		ldr	r3, [r4]
 4540 0164 4FF40042 		mov	r2, #32768
 4541 0168 1A65     		str	r2, [r3, #80]
3086:Drivers/STM32G4xx_HAL_Driver/Src/stm32g4xx_hal_fdcan.c **** #endif /* USE_HAL_FDCAN_REGISTER_CALLBACKS */
 4542              		.loc 1 3086 7 view .LVU1523
 4543 016a 2046     		mov	r0, r4
 4544 016c FFF7FEFF 		bl	HAL_FDCAN_TimeoutOccurredCallback
 4545              	.LVL328:
 4546 0170 96E7     		b	.L316
 4547              	.L331:
3108:Drivers/STM32G4xx_HAL_Driver/Src/stm32g4xx_hal_fdcan.c **** 
 4548              		.loc 1 3108 5 view .LVU1524
 4549 0172 2368     		ldr	r3, [r4]
 4550 0174 1F65     		str	r7, [r3, #80]
3115:Drivers/STM32G4xx_HAL_Driver/Src/stm32g4xx_hal_fdcan.c **** #endif /* USE_HAL_FDCAN_REGISTER_CALLBACKS */
 4551              		.loc 1 3115 5 view .LVU1525
 4552 0176 3946     		mov	r1, r7
 4553 0178 2046     		mov	r0, r4
 4554 017a FFF7FEFF 		bl	HAL_FDCAN_ErrorStatusCallback
 4555              	.LVL329:
 4556 017e 9FE7     		b	.L318
 4557              	.L332:
3136:Drivers/STM32G4xx_HAL_Driver/Src/stm32g4xx_hal_fdcan.c **** #endif /* USE_HAL_FDCAN_REGISTER_CALLBACKS */
 4558              		.loc 1 3136 5 view .LVU1526
 4559 0180 2046     		mov	r0, r4
 4560 0182 FFF7FEFF 		bl	HAL_FDCAN_ErrorCallback
 4561              	.LVL330:
3139:Drivers/STM32G4xx_HAL_Driver/Src/stm32g4xx_hal_fdcan.c **** 
 4562              		.loc 1 3139 1 is_stmt 0 view .LVU1527
 4563 0186 A4E7     		b	.L307
 4564              		.cfi_endproc
 4565              	.LFE375:
 4567              		.section	.text.HAL_FDCAN_GetState,"ax",%progbits
 4568              		.align	1
 4569              		.global	HAL_FDCAN_GetState
 4570              		.syntax unified
 4571              		.thumb
 4572              		.thumb_func
 4574              	HAL_FDCAN_GetState:
 4575              	.LVL331:
 4576              	.LFB387:
3390:Drivers/STM32G4xx_HAL_Driver/Src/stm32g4xx_hal_fdcan.c ****   /* Return FDCAN state */
 4577              		.loc 1 3390 1 is_stmt 1 view -0
 4578              		.cfi_startproc
 4579              		@ args = 0, pretend = 0, frame = 0
 4580              		@ frame_needed = 0, uses_anonymous_args = 0
 4581              		@ link register save eliminated.
3392:Drivers/STM32G4xx_HAL_Driver/Src/stm32g4xx_hal_fdcan.c **** }
 4582              		.loc 1 3392 3 view .LVU1529
3392:Drivers/STM32G4xx_HAL_Driver/Src/stm32g4xx_hal_fdcan.c **** }
 4583              		.loc 1 3392 16 is_stmt 0 view .LVU1530
ARM GAS  C:\Users\Booster\AppData\Local\Temp\ccYRDURW.s 			page 167


 4584 0000 90F85C00 		ldrb	r0, [r0, #92]	@ zero_extendqisi2
 4585              	.LVL332:
3393:Drivers/STM32G4xx_HAL_Driver/Src/stm32g4xx_hal_fdcan.c **** 
 4586              		.loc 1 3393 1 view .LVU1531
 4587 0004 7047     		bx	lr
 4588              		.cfi_endproc
 4589              	.LFE387:
 4591              		.section	.text.HAL_FDCAN_GetError,"ax",%progbits
 4592              		.align	1
 4593              		.global	HAL_FDCAN_GetError
 4594              		.syntax unified
 4595              		.thumb
 4596              		.thumb_func
 4598              	HAL_FDCAN_GetError:
 4599              	.LVL333:
 4600              	.LFB388:
3402:Drivers/STM32G4xx_HAL_Driver/Src/stm32g4xx_hal_fdcan.c ****   /* Return FDCAN error code */
 4601              		.loc 1 3402 1 is_stmt 1 view -0
 4602              		.cfi_startproc
 4603              		@ args = 0, pretend = 0, frame = 0
 4604              		@ frame_needed = 0, uses_anonymous_args = 0
 4605              		@ link register save eliminated.
3404:Drivers/STM32G4xx_HAL_Driver/Src/stm32g4xx_hal_fdcan.c **** }
 4606              		.loc 1 3404 3 view .LVU1533
3404:Drivers/STM32G4xx_HAL_Driver/Src/stm32g4xx_hal_fdcan.c **** }
 4607              		.loc 1 3404 16 is_stmt 0 view .LVU1534
 4608 0000 006E     		ldr	r0, [r0, #96]
 4609              	.LVL334:
3405:Drivers/STM32G4xx_HAL_Driver/Src/stm32g4xx_hal_fdcan.c **** 
 4610              		.loc 1 3405 1 view .LVU1535
 4611 0002 7047     		bx	lr
 4612              		.cfi_endproc
 4613              	.LFE388:
 4615              		.section	.rodata.DLCtoBytes,"a"
 4616              		.align	2
 4619              	DLCtoBytes:
 4620 0000 00010203 		.ascii	"\000\001\002\003\004\005\006\007\010\014\020\024\030"
 4620      04050607 
 4620      080C1014 
 4620      18
 4621 000d 203040   		.ascii	" 0@"
 4622              		.text
 4623              	.Letext0:
 4624              		.file 2 "c:\\program files (x86)\\arm gnu toolchain arm-none-eabi\\12.3 rel1\\arm-none-eabi\\inclu
 4625              		.file 3 "c:\\program files (x86)\\arm gnu toolchain arm-none-eabi\\12.3 rel1\\arm-none-eabi\\inclu
 4626              		.file 4 "Drivers/CMSIS/Device/ST/STM32G4xx/Include/stm32g431xx.h"
 4627              		.file 5 "Drivers/CMSIS/Device/ST/STM32G4xx/Include/stm32g4xx.h"
 4628              		.file 6 "Drivers/STM32G4xx_HAL_Driver/Inc/stm32g4xx_hal_def.h"
 4629              		.file 7 "Drivers/STM32G4xx_HAL_Driver/Inc/stm32g4xx_hal_fdcan.h"
 4630              		.file 8 "Drivers/STM32G4xx_HAL_Driver/Inc/stm32g4xx_hal.h"
ARM GAS  C:\Users\Booster\AppData\Local\Temp\ccYRDURW.s 			page 168


DEFINED SYMBOLS
                            *ABS*:00000000 stm32g4xx_hal_fdcan.c
C:\Users\Booster\AppData\Local\Temp\ccYRDURW.s:21     .text.FDCAN_CalcultateRamBlockAddresses:00000000 $t
C:\Users\Booster\AppData\Local\Temp\ccYRDURW.s:26     .text.FDCAN_CalcultateRamBlockAddresses:00000000 FDCAN_CalcultateRamBlockAddresses
C:\Users\Booster\AppData\Local\Temp\ccYRDURW.s:106    .text.FDCAN_CalcultateRamBlockAddresses:00000058 $d
C:\Users\Booster\AppData\Local\Temp\ccYRDURW.s:114    .text.FDCAN_CopyMessageToRAM:00000000 $t
C:\Users\Booster\AppData\Local\Temp\ccYRDURW.s:119    .text.FDCAN_CopyMessageToRAM:00000000 FDCAN_CopyMessageToRAM
C:\Users\Booster\AppData\Local\Temp\ccYRDURW.s:261    .text.FDCAN_CopyMessageToRAM:00000084 $d
C:\Users\Booster\AppData\Local\Temp\ccYRDURW.s:4619   .rodata.DLCtoBytes:00000000 DLCtoBytes
C:\Users\Booster\AppData\Local\Temp\ccYRDURW.s:266    .text.HAL_FDCAN_MspInit:00000000 $t
C:\Users\Booster\AppData\Local\Temp\ccYRDURW.s:272    .text.HAL_FDCAN_MspInit:00000000 HAL_FDCAN_MspInit
C:\Users\Booster\AppData\Local\Temp\ccYRDURW.s:287    .text.HAL_FDCAN_Init:00000000 $t
C:\Users\Booster\AppData\Local\Temp\ccYRDURW.s:293    .text.HAL_FDCAN_Init:00000000 HAL_FDCAN_Init
C:\Users\Booster\AppData\Local\Temp\ccYRDURW.s:693    .text.HAL_FDCAN_Init:000001d0 $d
C:\Users\Booster\AppData\Local\Temp\ccYRDURW.s:698    .text.HAL_FDCAN_MspDeInit:00000000 $t
C:\Users\Booster\AppData\Local\Temp\ccYRDURW.s:704    .text.HAL_FDCAN_MspDeInit:00000000 HAL_FDCAN_MspDeInit
C:\Users\Booster\AppData\Local\Temp\ccYRDURW.s:719    .text.HAL_FDCAN_EnterPowerDownMode:00000000 $t
C:\Users\Booster\AppData\Local\Temp\ccYRDURW.s:725    .text.HAL_FDCAN_EnterPowerDownMode:00000000 HAL_FDCAN_EnterPowerDownMode
C:\Users\Booster\AppData\Local\Temp\ccYRDURW.s:798    .text.HAL_FDCAN_ExitPowerDownMode:00000000 $t
C:\Users\Booster\AppData\Local\Temp\ccYRDURW.s:804    .text.HAL_FDCAN_ExitPowerDownMode:00000000 HAL_FDCAN_ExitPowerDownMode
C:\Users\Booster\AppData\Local\Temp\ccYRDURW.s:882    .text.HAL_FDCAN_ConfigFilter:00000000 $t
C:\Users\Booster\AppData\Local\Temp\ccYRDURW.s:888    .text.HAL_FDCAN_ConfigFilter:00000000 HAL_FDCAN_ConfigFilter
C:\Users\Booster\AppData\Local\Temp\ccYRDURW.s:1027   .text.HAL_FDCAN_ConfigGlobalFilter:00000000 $t
C:\Users\Booster\AppData\Local\Temp\ccYRDURW.s:1033   .text.HAL_FDCAN_ConfigGlobalFilter:00000000 HAL_FDCAN_ConfigGlobalFilter
C:\Users\Booster\AppData\Local\Temp\ccYRDURW.s:1104   .text.HAL_FDCAN_ConfigExtendedIdMask:00000000 $t
C:\Users\Booster\AppData\Local\Temp\ccYRDURW.s:1110   .text.HAL_FDCAN_ConfigExtendedIdMask:00000000 HAL_FDCAN_ConfigExtendedIdMask
C:\Users\Booster\AppData\Local\Temp\ccYRDURW.s:1155   .text.HAL_FDCAN_ConfigRxFifoOverwrite:00000000 $t
C:\Users\Booster\AppData\Local\Temp\ccYRDURW.s:1161   .text.HAL_FDCAN_ConfigRxFifoOverwrite:00000000 HAL_FDCAN_ConfigRxFifoOverwrite
C:\Users\Booster\AppData\Local\Temp\ccYRDURW.s:1226   .text.HAL_FDCAN_ConfigRamWatchdog:00000000 $t
C:\Users\Booster\AppData\Local\Temp\ccYRDURW.s:1232   .text.HAL_FDCAN_ConfigRamWatchdog:00000000 HAL_FDCAN_ConfigRamWatchdog
C:\Users\Booster\AppData\Local\Temp\ccYRDURW.s:1278   .text.HAL_FDCAN_ConfigTimestampCounter:00000000 $t
C:\Users\Booster\AppData\Local\Temp\ccYRDURW.s:1284   .text.HAL_FDCAN_ConfigTimestampCounter:00000000 HAL_FDCAN_ConfigTimestampCounter
C:\Users\Booster\AppData\Local\Temp\ccYRDURW.s:1330   .text.HAL_FDCAN_EnableTimestampCounter:00000000 $t
C:\Users\Booster\AppData\Local\Temp\ccYRDURW.s:1336   .text.HAL_FDCAN_EnableTimestampCounter:00000000 HAL_FDCAN_EnableTimestampCounter
C:\Users\Booster\AppData\Local\Temp\ccYRDURW.s:1382   .text.HAL_FDCAN_DisableTimestampCounter:00000000 $t
C:\Users\Booster\AppData\Local\Temp\ccYRDURW.s:1388   .text.HAL_FDCAN_DisableTimestampCounter:00000000 HAL_FDCAN_DisableTimestampCounter
C:\Users\Booster\AppData\Local\Temp\ccYRDURW.s:1432   .text.HAL_FDCAN_GetTimestampCounter:00000000 $t
C:\Users\Booster\AppData\Local\Temp\ccYRDURW.s:1438   .text.HAL_FDCAN_GetTimestampCounter:00000000 HAL_FDCAN_GetTimestampCounter
C:\Users\Booster\AppData\Local\Temp\ccYRDURW.s:1459   .text.HAL_FDCAN_ResetTimestampCounter:00000000 $t
C:\Users\Booster\AppData\Local\Temp\ccYRDURW.s:1465   .text.HAL_FDCAN_ResetTimestampCounter:00000000 HAL_FDCAN_ResetTimestampCounter
C:\Users\Booster\AppData\Local\Temp\ccYRDURW.s:1509   .text.HAL_FDCAN_ConfigTimeoutCounter:00000000 $t
C:\Users\Booster\AppData\Local\Temp\ccYRDURW.s:1515   .text.HAL_FDCAN_ConfigTimeoutCounter:00000000 HAL_FDCAN_ConfigTimeoutCounter
C:\Users\Booster\AppData\Local\Temp\ccYRDURW.s:1567   .text.HAL_FDCAN_EnableTimeoutCounter:00000000 $t
C:\Users\Booster\AppData\Local\Temp\ccYRDURW.s:1573   .text.HAL_FDCAN_EnableTimeoutCounter:00000000 HAL_FDCAN_EnableTimeoutCounter
C:\Users\Booster\AppData\Local\Temp\ccYRDURW.s:1617   .text.HAL_FDCAN_DisableTimeoutCounter:00000000 $t
C:\Users\Booster\AppData\Local\Temp\ccYRDURW.s:1623   .text.HAL_FDCAN_DisableTimeoutCounter:00000000 HAL_FDCAN_DisableTimeoutCounter
C:\Users\Booster\AppData\Local\Temp\ccYRDURW.s:1667   .text.HAL_FDCAN_GetTimeoutCounter:00000000 $t
C:\Users\Booster\AppData\Local\Temp\ccYRDURW.s:1673   .text.HAL_FDCAN_GetTimeoutCounter:00000000 HAL_FDCAN_GetTimeoutCounter
C:\Users\Booster\AppData\Local\Temp\ccYRDURW.s:1694   .text.HAL_FDCAN_ResetTimeoutCounter:00000000 $t
C:\Users\Booster\AppData\Local\Temp\ccYRDURW.s:1700   .text.HAL_FDCAN_ResetTimeoutCounter:00000000 HAL_FDCAN_ResetTimeoutCounter
C:\Users\Booster\AppData\Local\Temp\ccYRDURW.s:1742   .text.HAL_FDCAN_ConfigTxDelayCompensation:00000000 $t
C:\Users\Booster\AppData\Local\Temp\ccYRDURW.s:1748   .text.HAL_FDCAN_ConfigTxDelayCompensation:00000000 HAL_FDCAN_ConfigTxDelayCompensation
C:\Users\Booster\AppData\Local\Temp\ccYRDURW.s:1797   .text.HAL_FDCAN_EnableTxDelayCompensation:00000000 $t
C:\Users\Booster\AppData\Local\Temp\ccYRDURW.s:1803   .text.HAL_FDCAN_EnableTxDelayCompensation:00000000 HAL_FDCAN_EnableTxDelayCompensation
C:\Users\Booster\AppData\Local\Temp\ccYRDURW.s:1847   .text.HAL_FDCAN_DisableTxDelayCompensation:00000000 $t
C:\Users\Booster\AppData\Local\Temp\ccYRDURW.s:1853   .text.HAL_FDCAN_DisableTxDelayCompensation:00000000 HAL_FDCAN_DisableTxDelayCompensation
C:\Users\Booster\AppData\Local\Temp\ccYRDURW.s:1897   .text.HAL_FDCAN_EnableISOMode:00000000 $t
ARM GAS  C:\Users\Booster\AppData\Local\Temp\ccYRDURW.s 			page 169


C:\Users\Booster\AppData\Local\Temp\ccYRDURW.s:1903   .text.HAL_FDCAN_EnableISOMode:00000000 HAL_FDCAN_EnableISOMode
C:\Users\Booster\AppData\Local\Temp\ccYRDURW.s:1947   .text.HAL_FDCAN_DisableISOMode:00000000 $t
C:\Users\Booster\AppData\Local\Temp\ccYRDURW.s:1953   .text.HAL_FDCAN_DisableISOMode:00000000 HAL_FDCAN_DisableISOMode
C:\Users\Booster\AppData\Local\Temp\ccYRDURW.s:1997   .text.HAL_FDCAN_EnableEdgeFiltering:00000000 $t
C:\Users\Booster\AppData\Local\Temp\ccYRDURW.s:2003   .text.HAL_FDCAN_EnableEdgeFiltering:00000000 HAL_FDCAN_EnableEdgeFiltering
C:\Users\Booster\AppData\Local\Temp\ccYRDURW.s:2047   .text.HAL_FDCAN_DisableEdgeFiltering:00000000 $t
C:\Users\Booster\AppData\Local\Temp\ccYRDURW.s:2053   .text.HAL_FDCAN_DisableEdgeFiltering:00000000 HAL_FDCAN_DisableEdgeFiltering
C:\Users\Booster\AppData\Local\Temp\ccYRDURW.s:2097   .text.HAL_FDCAN_Start:00000000 $t
C:\Users\Booster\AppData\Local\Temp\ccYRDURW.s:2103   .text.HAL_FDCAN_Start:00000000 HAL_FDCAN_Start
C:\Users\Booster\AppData\Local\Temp\ccYRDURW.s:2155   .text.HAL_FDCAN_Stop:00000000 $t
C:\Users\Booster\AppData\Local\Temp\ccYRDURW.s:2161   .text.HAL_FDCAN_Stop:00000000 HAL_FDCAN_Stop
C:\Users\Booster\AppData\Local\Temp\ccYRDURW.s:2311   .text.HAL_FDCAN_DeInit:00000000 $t
C:\Users\Booster\AppData\Local\Temp\ccYRDURW.s:2317   .text.HAL_FDCAN_DeInit:00000000 HAL_FDCAN_DeInit
C:\Users\Booster\AppData\Local\Temp\ccYRDURW.s:2373   .text.HAL_FDCAN_AddMessageToTxFifoQ:00000000 $t
C:\Users\Booster\AppData\Local\Temp\ccYRDURW.s:2379   .text.HAL_FDCAN_AddMessageToTxFifoQ:00000000 HAL_FDCAN_AddMessageToTxFifoQ
C:\Users\Booster\AppData\Local\Temp\ccYRDURW.s:2479   .text.HAL_FDCAN_GetLatestTxFifoQRequestBuffer:00000000 $t
C:\Users\Booster\AppData\Local\Temp\ccYRDURW.s:2485   .text.HAL_FDCAN_GetLatestTxFifoQRequestBuffer:00000000 HAL_FDCAN_GetLatestTxFifoQRequestBuffer
C:\Users\Booster\AppData\Local\Temp\ccYRDURW.s:2503   .text.HAL_FDCAN_AbortTxRequest:00000000 $t
C:\Users\Booster\AppData\Local\Temp\ccYRDURW.s:2509   .text.HAL_FDCAN_AbortTxRequest:00000000 HAL_FDCAN_AbortTxRequest
C:\Users\Booster\AppData\Local\Temp\ccYRDURW.s:2554   .text.HAL_FDCAN_GetRxMessage:00000000 $t
C:\Users\Booster\AppData\Local\Temp\ccYRDURW.s:2560   .text.HAL_FDCAN_GetRxMessage:00000000 HAL_FDCAN_GetRxMessage
C:\Users\Booster\AppData\Local\Temp\ccYRDURW.s:2874   .text.HAL_FDCAN_GetRxMessage:0000015c $d
C:\Users\Booster\AppData\Local\Temp\ccYRDURW.s:2879   .text.HAL_FDCAN_GetTxEvent:00000000 $t
C:\Users\Booster\AppData\Local\Temp\ccYRDURW.s:2885   .text.HAL_FDCAN_GetTxEvent:00000000 HAL_FDCAN_GetTxEvent
C:\Users\Booster\AppData\Local\Temp\ccYRDURW.s:3069   .text.HAL_FDCAN_GetHighPriorityMessageStatus:00000000 $t
C:\Users\Booster\AppData\Local\Temp\ccYRDURW.s:3075   .text.HAL_FDCAN_GetHighPriorityMessageStatus:00000000 HAL_FDCAN_GetHighPriorityMessageStatus
C:\Users\Booster\AppData\Local\Temp\ccYRDURW.s:3129   .text.HAL_FDCAN_GetProtocolStatus:00000000 $t
C:\Users\Booster\AppData\Local\Temp\ccYRDURW.s:3135   .text.HAL_FDCAN_GetProtocolStatus:00000000 HAL_FDCAN_GetProtocolStatus
C:\Users\Booster\AppData\Local\Temp\ccYRDURW.s:3216   .text.HAL_FDCAN_GetErrorCounters:00000000 $t
C:\Users\Booster\AppData\Local\Temp\ccYRDURW.s:3222   .text.HAL_FDCAN_GetErrorCounters:00000000 HAL_FDCAN_GetErrorCounters
C:\Users\Booster\AppData\Local\Temp\ccYRDURW.s:3268   .text.HAL_FDCAN_IsTxBufferMessagePending:00000000 $t
C:\Users\Booster\AppData\Local\Temp\ccYRDURW.s:3274   .text.HAL_FDCAN_IsTxBufferMessagePending:00000000 HAL_FDCAN_IsTxBufferMessagePending
C:\Users\Booster\AppData\Local\Temp\ccYRDURW.s:3301   .text.HAL_FDCAN_GetRxFifoFillLevel:00000000 $t
C:\Users\Booster\AppData\Local\Temp\ccYRDURW.s:3307   .text.HAL_FDCAN_GetRxFifoFillLevel:00000000 HAL_FDCAN_GetRxFifoFillLevel
C:\Users\Booster\AppData\Local\Temp\ccYRDURW.s:3350   .text.HAL_FDCAN_GetTxFifoFreeLevel:00000000 $t
C:\Users\Booster\AppData\Local\Temp\ccYRDURW.s:3356   .text.HAL_FDCAN_GetTxFifoFreeLevel:00000000 HAL_FDCAN_GetTxFifoFreeLevel
C:\Users\Booster\AppData\Local\Temp\ccYRDURW.s:3381   .text.HAL_FDCAN_IsRestrictedOperationMode:00000000 $t
C:\Users\Booster\AppData\Local\Temp\ccYRDURW.s:3387   .text.HAL_FDCAN_IsRestrictedOperationMode:00000000 HAL_FDCAN_IsRestrictedOperationMode
C:\Users\Booster\AppData\Local\Temp\ccYRDURW.s:3412   .text.HAL_FDCAN_ExitRestrictedOperationMode:00000000 $t
C:\Users\Booster\AppData\Local\Temp\ccYRDURW.s:3418   .text.HAL_FDCAN_ExitRestrictedOperationMode:00000000 HAL_FDCAN_ExitRestrictedOperationMode
C:\Users\Booster\AppData\Local\Temp\ccYRDURW.s:3468   .text.HAL_FDCAN_ConfigInterruptLines:00000000 $t
C:\Users\Booster\AppData\Local\Temp\ccYRDURW.s:3474   .text.HAL_FDCAN_ConfigInterruptLines:00000000 HAL_FDCAN_ConfigInterruptLines
C:\Users\Booster\AppData\Local\Temp\ccYRDURW.s:3543   .text.HAL_FDCAN_ActivateNotification:00000000 $t
C:\Users\Booster\AppData\Local\Temp\ccYRDURW.s:3549   .text.HAL_FDCAN_ActivateNotification:00000000 HAL_FDCAN_ActivateNotification
C:\Users\Booster\AppData\Local\Temp\ccYRDURW.s:3756   .text.HAL_FDCAN_DeactivateNotification:00000000 $t
C:\Users\Booster\AppData\Local\Temp\ccYRDURW.s:3762   .text.HAL_FDCAN_DeactivateNotification:00000000 HAL_FDCAN_DeactivateNotification
C:\Users\Booster\AppData\Local\Temp\ccYRDURW.s:3969   .text.HAL_FDCAN_TxEventFifoCallback:00000000 $t
C:\Users\Booster\AppData\Local\Temp\ccYRDURW.s:3975   .text.HAL_FDCAN_TxEventFifoCallback:00000000 HAL_FDCAN_TxEventFifoCallback
C:\Users\Booster\AppData\Local\Temp\ccYRDURW.s:3991   .text.HAL_FDCAN_RxFifo0Callback:00000000 $t
C:\Users\Booster\AppData\Local\Temp\ccYRDURW.s:3997   .text.HAL_FDCAN_RxFifo0Callback:00000000 HAL_FDCAN_RxFifo0Callback
C:\Users\Booster\AppData\Local\Temp\ccYRDURW.s:4013   .text.HAL_FDCAN_RxFifo1Callback:00000000 $t
C:\Users\Booster\AppData\Local\Temp\ccYRDURW.s:4019   .text.HAL_FDCAN_RxFifo1Callback:00000000 HAL_FDCAN_RxFifo1Callback
C:\Users\Booster\AppData\Local\Temp\ccYRDURW.s:4035   .text.HAL_FDCAN_TxFifoEmptyCallback:00000000 $t
C:\Users\Booster\AppData\Local\Temp\ccYRDURW.s:4041   .text.HAL_FDCAN_TxFifoEmptyCallback:00000000 HAL_FDCAN_TxFifoEmptyCallback
C:\Users\Booster\AppData\Local\Temp\ccYRDURW.s:4056   .text.HAL_FDCAN_TxBufferCompleteCallback:00000000 $t
C:\Users\Booster\AppData\Local\Temp\ccYRDURW.s:4062   .text.HAL_FDCAN_TxBufferCompleteCallback:00000000 HAL_FDCAN_TxBufferCompleteCallback
C:\Users\Booster\AppData\Local\Temp\ccYRDURW.s:4078   .text.HAL_FDCAN_TxBufferAbortCallback:00000000 $t
ARM GAS  C:\Users\Booster\AppData\Local\Temp\ccYRDURW.s 			page 170


C:\Users\Booster\AppData\Local\Temp\ccYRDURW.s:4084   .text.HAL_FDCAN_TxBufferAbortCallback:00000000 HAL_FDCAN_TxBufferAbortCallback
C:\Users\Booster\AppData\Local\Temp\ccYRDURW.s:4100   .text.HAL_FDCAN_TimestampWraparoundCallback:00000000 $t
C:\Users\Booster\AppData\Local\Temp\ccYRDURW.s:4106   .text.HAL_FDCAN_TimestampWraparoundCallback:00000000 HAL_FDCAN_TimestampWraparoundCallback
C:\Users\Booster\AppData\Local\Temp\ccYRDURW.s:4121   .text.HAL_FDCAN_TimeoutOccurredCallback:00000000 $t
C:\Users\Booster\AppData\Local\Temp\ccYRDURW.s:4127   .text.HAL_FDCAN_TimeoutOccurredCallback:00000000 HAL_FDCAN_TimeoutOccurredCallback
C:\Users\Booster\AppData\Local\Temp\ccYRDURW.s:4142   .text.HAL_FDCAN_HighPriorityMessageCallback:00000000 $t
C:\Users\Booster\AppData\Local\Temp\ccYRDURW.s:4148   .text.HAL_FDCAN_HighPriorityMessageCallback:00000000 HAL_FDCAN_HighPriorityMessageCallback
C:\Users\Booster\AppData\Local\Temp\ccYRDURW.s:4163   .text.HAL_FDCAN_ErrorCallback:00000000 $t
C:\Users\Booster\AppData\Local\Temp\ccYRDURW.s:4169   .text.HAL_FDCAN_ErrorCallback:00000000 HAL_FDCAN_ErrorCallback
C:\Users\Booster\AppData\Local\Temp\ccYRDURW.s:4184   .text.HAL_FDCAN_ErrorStatusCallback:00000000 $t
C:\Users\Booster\AppData\Local\Temp\ccYRDURW.s:4190   .text.HAL_FDCAN_ErrorStatusCallback:00000000 HAL_FDCAN_ErrorStatusCallback
C:\Users\Booster\AppData\Local\Temp\ccYRDURW.s:4206   .text.HAL_FDCAN_IRQHandler:00000000 $t
C:\Users\Booster\AppData\Local\Temp\ccYRDURW.s:4212   .text.HAL_FDCAN_IRQHandler:00000000 HAL_FDCAN_IRQHandler
C:\Users\Booster\AppData\Local\Temp\ccYRDURW.s:4568   .text.HAL_FDCAN_GetState:00000000 $t
C:\Users\Booster\AppData\Local\Temp\ccYRDURW.s:4574   .text.HAL_FDCAN_GetState:00000000 HAL_FDCAN_GetState
C:\Users\Booster\AppData\Local\Temp\ccYRDURW.s:4592   .text.HAL_FDCAN_GetError:00000000 $t
C:\Users\Booster\AppData\Local\Temp\ccYRDURW.s:4598   .text.HAL_FDCAN_GetError:00000000 HAL_FDCAN_GetError
C:\Users\Booster\AppData\Local\Temp\ccYRDURW.s:4616   .rodata.DLCtoBytes:00000000 $d

UNDEFINED SYMBOLS
HAL_GetTick
