ARM GAS  C:\Users\Booster\AppData\Local\Temp\ccQdKe81.s 			page 1


   1              		.cpu cortex-m4
   2              		.arch armv7e-m
   3              		.fpu fpv4-sp-d16
   4              		.eabi_attribute 27, 1
   5              		.eabi_attribute 28, 1
   6              		.eabi_attribute 20, 1
   7              		.eabi_attribute 21, 1
   8              		.eabi_attribute 23, 3
   9              		.eabi_attribute 24, 1
  10              		.eabi_attribute 25, 1
  11              		.eabi_attribute 26, 1
  12              		.eabi_attribute 30, 1
  13              		.eabi_attribute 34, 1
  14              		.eabi_attribute 18, 4
  15              		.file	"stm32g4xx_hal_spi.c"
  16              		.text
  17              	.Ltext0:
  18              		.cfi_sections	.debug_frame
  19              		.file 1 "Drivers/STM32G4xx_HAL_Driver/Src/stm32g4xx_hal_spi.c"
  20              		.section	.text.SPI_WaitFlagStateUntilTimeout,"ax",%progbits
  21              		.align	1
  22              		.syntax unified
  23              		.thumb
  24              		.thumb_func
  26              	SPI_WaitFlagStateUntilTimeout:
  27              	.LVL0:
  28              	.LFB376:
   1:Drivers/STM32G4xx_HAL_Driver/Src/stm32g4xx_hal_spi.c **** /**
   2:Drivers/STM32G4xx_HAL_Driver/Src/stm32g4xx_hal_spi.c ****   ******************************************************************************
   3:Drivers/STM32G4xx_HAL_Driver/Src/stm32g4xx_hal_spi.c ****   * @file    stm32g4xx_hal_spi.c
   4:Drivers/STM32G4xx_HAL_Driver/Src/stm32g4xx_hal_spi.c ****   * @author  MCD Application Team
   5:Drivers/STM32G4xx_HAL_Driver/Src/stm32g4xx_hal_spi.c ****   * @brief   SPI HAL module driver.
   6:Drivers/STM32G4xx_HAL_Driver/Src/stm32g4xx_hal_spi.c ****   *          This file provides firmware functions to manage the following
   7:Drivers/STM32G4xx_HAL_Driver/Src/stm32g4xx_hal_spi.c ****   *          functionalities of the Serial Peripheral Interface (SPI) peripheral:
   8:Drivers/STM32G4xx_HAL_Driver/Src/stm32g4xx_hal_spi.c ****   *           + Initialization and de-initialization functions
   9:Drivers/STM32G4xx_HAL_Driver/Src/stm32g4xx_hal_spi.c ****   *           + IO operation functions
  10:Drivers/STM32G4xx_HAL_Driver/Src/stm32g4xx_hal_spi.c ****   *           + Peripheral Control functions
  11:Drivers/STM32G4xx_HAL_Driver/Src/stm32g4xx_hal_spi.c ****   *           + Peripheral State functions
  12:Drivers/STM32G4xx_HAL_Driver/Src/stm32g4xx_hal_spi.c ****   ******************************************************************************
  13:Drivers/STM32G4xx_HAL_Driver/Src/stm32g4xx_hal_spi.c ****   * @attention
  14:Drivers/STM32G4xx_HAL_Driver/Src/stm32g4xx_hal_spi.c ****   *
  15:Drivers/STM32G4xx_HAL_Driver/Src/stm32g4xx_hal_spi.c ****   * Copyright (c) 2019 STMicroelectronics.
  16:Drivers/STM32G4xx_HAL_Driver/Src/stm32g4xx_hal_spi.c ****   * All rights reserved.
  17:Drivers/STM32G4xx_HAL_Driver/Src/stm32g4xx_hal_spi.c ****   *
  18:Drivers/STM32G4xx_HAL_Driver/Src/stm32g4xx_hal_spi.c ****   * This software is licensed under terms that can be found in the LICENSE file
  19:Drivers/STM32G4xx_HAL_Driver/Src/stm32g4xx_hal_spi.c ****   * in the root directory of this software component.
  20:Drivers/STM32G4xx_HAL_Driver/Src/stm32g4xx_hal_spi.c ****   * If no LICENSE file comes with this software, it is provided AS-IS.
  21:Drivers/STM32G4xx_HAL_Driver/Src/stm32g4xx_hal_spi.c ****   *
  22:Drivers/STM32G4xx_HAL_Driver/Src/stm32g4xx_hal_spi.c ****   ******************************************************************************
  23:Drivers/STM32G4xx_HAL_Driver/Src/stm32g4xx_hal_spi.c ****   @verbatim
  24:Drivers/STM32G4xx_HAL_Driver/Src/stm32g4xx_hal_spi.c ****   ==============================================================================
  25:Drivers/STM32G4xx_HAL_Driver/Src/stm32g4xx_hal_spi.c ****                         ##### How to use this driver #####
  26:Drivers/STM32G4xx_HAL_Driver/Src/stm32g4xx_hal_spi.c ****   ==============================================================================
  27:Drivers/STM32G4xx_HAL_Driver/Src/stm32g4xx_hal_spi.c ****     [..]
  28:Drivers/STM32G4xx_HAL_Driver/Src/stm32g4xx_hal_spi.c ****       The SPI HAL driver can be used as follows:
  29:Drivers/STM32G4xx_HAL_Driver/Src/stm32g4xx_hal_spi.c **** 
  30:Drivers/STM32G4xx_HAL_Driver/Src/stm32g4xx_hal_spi.c ****       (#) Declare a SPI_HandleTypeDef handle structure, for example:
ARM GAS  C:\Users\Booster\AppData\Local\Temp\ccQdKe81.s 			page 2


  31:Drivers/STM32G4xx_HAL_Driver/Src/stm32g4xx_hal_spi.c ****           SPI_HandleTypeDef  hspi;
  32:Drivers/STM32G4xx_HAL_Driver/Src/stm32g4xx_hal_spi.c **** 
  33:Drivers/STM32G4xx_HAL_Driver/Src/stm32g4xx_hal_spi.c ****       (#)Initialize the SPI low level resources by implementing the HAL_SPI_MspInit() API:
  34:Drivers/STM32G4xx_HAL_Driver/Src/stm32g4xx_hal_spi.c ****           (##) Enable the SPIx interface clock
  35:Drivers/STM32G4xx_HAL_Driver/Src/stm32g4xx_hal_spi.c ****           (##) SPI pins configuration
  36:Drivers/STM32G4xx_HAL_Driver/Src/stm32g4xx_hal_spi.c ****               (+++) Enable the clock for the SPI GPIOs
  37:Drivers/STM32G4xx_HAL_Driver/Src/stm32g4xx_hal_spi.c ****               (+++) Configure these SPI pins as alternate function push-pull
  38:Drivers/STM32G4xx_HAL_Driver/Src/stm32g4xx_hal_spi.c ****           (##) NVIC configuration if you need to use interrupt process
  39:Drivers/STM32G4xx_HAL_Driver/Src/stm32g4xx_hal_spi.c ****               (+++) Configure the SPIx interrupt priority
  40:Drivers/STM32G4xx_HAL_Driver/Src/stm32g4xx_hal_spi.c ****               (+++) Enable the NVIC SPI IRQ handle
  41:Drivers/STM32G4xx_HAL_Driver/Src/stm32g4xx_hal_spi.c ****           (##) DMA Configuration if you need to use DMA process
  42:Drivers/STM32G4xx_HAL_Driver/Src/stm32g4xx_hal_spi.c ****               (+++) Declare a DMA_HandleTypeDef handle structure for the transmit or receive Stream
  43:Drivers/STM32G4xx_HAL_Driver/Src/stm32g4xx_hal_spi.c ****               (+++) Enable the DMAx clock
  44:Drivers/STM32G4xx_HAL_Driver/Src/stm32g4xx_hal_spi.c ****               (+++) Configure the DMA handle parameters
  45:Drivers/STM32G4xx_HAL_Driver/Src/stm32g4xx_hal_spi.c ****               (+++) Configure the DMA Tx or Rx Stream/Channel
  46:Drivers/STM32G4xx_HAL_Driver/Src/stm32g4xx_hal_spi.c ****               (+++) Associate the initialized hdma_tx(or _rx)  handle to the hspi DMA Tx or Rx hand
  47:Drivers/STM32G4xx_HAL_Driver/Src/stm32g4xx_hal_spi.c ****               (+++) Configure the priority and enable the NVIC for the transfer complete interrupt 
  48:Drivers/STM32G4xx_HAL_Driver/Src/stm32g4xx_hal_spi.c **** 
  49:Drivers/STM32G4xx_HAL_Driver/Src/stm32g4xx_hal_spi.c ****       (#) Program the Mode, BidirectionalMode , Data size, Baudrate Prescaler, NSS
  50:Drivers/STM32G4xx_HAL_Driver/Src/stm32g4xx_hal_spi.c ****           management, Clock polarity and phase, FirstBit and CRC configuration in the hspi Init str
  51:Drivers/STM32G4xx_HAL_Driver/Src/stm32g4xx_hal_spi.c **** 
  52:Drivers/STM32G4xx_HAL_Driver/Src/stm32g4xx_hal_spi.c ****       (#) Initialize the SPI registers by calling the HAL_SPI_Init() API:
  53:Drivers/STM32G4xx_HAL_Driver/Src/stm32g4xx_hal_spi.c ****           (++) This API configures also the low level Hardware GPIO, CLOCK, CORTEX...etc)
  54:Drivers/STM32G4xx_HAL_Driver/Src/stm32g4xx_hal_spi.c ****               by calling the customized HAL_SPI_MspInit() API.
  55:Drivers/STM32G4xx_HAL_Driver/Src/stm32g4xx_hal_spi.c ****      [..]
  56:Drivers/STM32G4xx_HAL_Driver/Src/stm32g4xx_hal_spi.c ****        Circular mode restriction:
  57:Drivers/STM32G4xx_HAL_Driver/Src/stm32g4xx_hal_spi.c ****       (#) The DMA circular mode cannot be used when the SPI is configured in these modes:
  58:Drivers/STM32G4xx_HAL_Driver/Src/stm32g4xx_hal_spi.c ****           (##) Master 2Lines RxOnly
  59:Drivers/STM32G4xx_HAL_Driver/Src/stm32g4xx_hal_spi.c ****           (##) Master 1Line Rx
  60:Drivers/STM32G4xx_HAL_Driver/Src/stm32g4xx_hal_spi.c ****       (#) The CRC feature is not managed when the DMA circular mode is enabled
  61:Drivers/STM32G4xx_HAL_Driver/Src/stm32g4xx_hal_spi.c ****       (#) When the SPI DMA Pause/Stop features are used, we must use the following APIs
  62:Drivers/STM32G4xx_HAL_Driver/Src/stm32g4xx_hal_spi.c ****           the HAL_SPI_DMAPause()/ HAL_SPI_DMAStop() only under the SPI callbacks
  63:Drivers/STM32G4xx_HAL_Driver/Src/stm32g4xx_hal_spi.c ****      [..]
  64:Drivers/STM32G4xx_HAL_Driver/Src/stm32g4xx_hal_spi.c ****        Master Receive mode restriction:
  65:Drivers/STM32G4xx_HAL_Driver/Src/stm32g4xx_hal_spi.c ****       (#) In Master unidirectional receive-only mode (MSTR =1, BIDIMODE=0, RXONLY=1) or
  66:Drivers/STM32G4xx_HAL_Driver/Src/stm32g4xx_hal_spi.c ****           bidirectional receive mode (MSTR=1, BIDIMODE=1, BIDIOE=0), to ensure that the SPI
  67:Drivers/STM32G4xx_HAL_Driver/Src/stm32g4xx_hal_spi.c ****           does not initiate a new transfer the following procedure has to be respected:
  68:Drivers/STM32G4xx_HAL_Driver/Src/stm32g4xx_hal_spi.c ****           (##) HAL_SPI_DeInit()
  69:Drivers/STM32G4xx_HAL_Driver/Src/stm32g4xx_hal_spi.c ****           (##) HAL_SPI_Init()
  70:Drivers/STM32G4xx_HAL_Driver/Src/stm32g4xx_hal_spi.c ****      [..]
  71:Drivers/STM32G4xx_HAL_Driver/Src/stm32g4xx_hal_spi.c ****        Callback registration:
  72:Drivers/STM32G4xx_HAL_Driver/Src/stm32g4xx_hal_spi.c **** 
  73:Drivers/STM32G4xx_HAL_Driver/Src/stm32g4xx_hal_spi.c ****       (#) The compilation flag USE_HAL_SPI_REGISTER_CALLBACKS when set to 1U
  74:Drivers/STM32G4xx_HAL_Driver/Src/stm32g4xx_hal_spi.c ****           allows the user to configure dynamically the driver callbacks.
  75:Drivers/STM32G4xx_HAL_Driver/Src/stm32g4xx_hal_spi.c ****           Use Functions HAL_SPI_RegisterCallback() to register an interrupt callback.
  76:Drivers/STM32G4xx_HAL_Driver/Src/stm32g4xx_hal_spi.c **** 
  77:Drivers/STM32G4xx_HAL_Driver/Src/stm32g4xx_hal_spi.c ****           Function HAL_SPI_RegisterCallback() allows to register following callbacks:
  78:Drivers/STM32G4xx_HAL_Driver/Src/stm32g4xx_hal_spi.c ****             (++) TxCpltCallback        : SPI Tx Completed callback
  79:Drivers/STM32G4xx_HAL_Driver/Src/stm32g4xx_hal_spi.c ****             (++) RxCpltCallback        : SPI Rx Completed callback
  80:Drivers/STM32G4xx_HAL_Driver/Src/stm32g4xx_hal_spi.c ****             (++) TxRxCpltCallback      : SPI TxRx Completed callback
  81:Drivers/STM32G4xx_HAL_Driver/Src/stm32g4xx_hal_spi.c ****             (++) TxHalfCpltCallback    : SPI Tx Half Completed callback
  82:Drivers/STM32G4xx_HAL_Driver/Src/stm32g4xx_hal_spi.c ****             (++) RxHalfCpltCallback    : SPI Rx Half Completed callback
  83:Drivers/STM32G4xx_HAL_Driver/Src/stm32g4xx_hal_spi.c ****             (++) TxRxHalfCpltCallback  : SPI TxRx Half Completed callback
  84:Drivers/STM32G4xx_HAL_Driver/Src/stm32g4xx_hal_spi.c ****             (++) ErrorCallback         : SPI Error callback
  85:Drivers/STM32G4xx_HAL_Driver/Src/stm32g4xx_hal_spi.c ****             (++) AbortCpltCallback     : SPI Abort callback
  86:Drivers/STM32G4xx_HAL_Driver/Src/stm32g4xx_hal_spi.c ****             (++) MspInitCallback       : SPI Msp Init callback
  87:Drivers/STM32G4xx_HAL_Driver/Src/stm32g4xx_hal_spi.c ****             (++) MspDeInitCallback     : SPI Msp DeInit callback
ARM GAS  C:\Users\Booster\AppData\Local\Temp\ccQdKe81.s 			page 3


  88:Drivers/STM32G4xx_HAL_Driver/Src/stm32g4xx_hal_spi.c ****           This function takes as parameters the HAL peripheral handle, the Callback ID
  89:Drivers/STM32G4xx_HAL_Driver/Src/stm32g4xx_hal_spi.c ****           and a pointer to the user callback function.
  90:Drivers/STM32G4xx_HAL_Driver/Src/stm32g4xx_hal_spi.c **** 
  91:Drivers/STM32G4xx_HAL_Driver/Src/stm32g4xx_hal_spi.c **** 
  92:Drivers/STM32G4xx_HAL_Driver/Src/stm32g4xx_hal_spi.c ****       (#) Use function HAL_SPI_UnRegisterCallback to reset a callback to the default
  93:Drivers/STM32G4xx_HAL_Driver/Src/stm32g4xx_hal_spi.c ****           weak function.
  94:Drivers/STM32G4xx_HAL_Driver/Src/stm32g4xx_hal_spi.c ****           HAL_SPI_UnRegisterCallback takes as parameters the HAL peripheral handle,
  95:Drivers/STM32G4xx_HAL_Driver/Src/stm32g4xx_hal_spi.c ****           and the Callback ID.
  96:Drivers/STM32G4xx_HAL_Driver/Src/stm32g4xx_hal_spi.c ****           This function allows to reset following callbacks:
  97:Drivers/STM32G4xx_HAL_Driver/Src/stm32g4xx_hal_spi.c ****             (++) TxCpltCallback        : SPI Tx Completed callback
  98:Drivers/STM32G4xx_HAL_Driver/Src/stm32g4xx_hal_spi.c ****             (++) RxCpltCallback        : SPI Rx Completed callback
  99:Drivers/STM32G4xx_HAL_Driver/Src/stm32g4xx_hal_spi.c ****             (++) TxRxCpltCallback      : SPI TxRx Completed callback
 100:Drivers/STM32G4xx_HAL_Driver/Src/stm32g4xx_hal_spi.c ****             (++) TxHalfCpltCallback    : SPI Tx Half Completed callback
 101:Drivers/STM32G4xx_HAL_Driver/Src/stm32g4xx_hal_spi.c ****             (++) RxHalfCpltCallback    : SPI Rx Half Completed callback
 102:Drivers/STM32G4xx_HAL_Driver/Src/stm32g4xx_hal_spi.c ****             (++) TxRxHalfCpltCallback  : SPI TxRx Half Completed callback
 103:Drivers/STM32G4xx_HAL_Driver/Src/stm32g4xx_hal_spi.c ****             (++) ErrorCallback         : SPI Error callback
 104:Drivers/STM32G4xx_HAL_Driver/Src/stm32g4xx_hal_spi.c ****             (++) AbortCpltCallback     : SPI Abort callback
 105:Drivers/STM32G4xx_HAL_Driver/Src/stm32g4xx_hal_spi.c ****             (++) MspInitCallback       : SPI Msp Init callback
 106:Drivers/STM32G4xx_HAL_Driver/Src/stm32g4xx_hal_spi.c ****             (++) MspDeInitCallback     : SPI Msp DeInit callback
 107:Drivers/STM32G4xx_HAL_Driver/Src/stm32g4xx_hal_spi.c **** 
 108:Drivers/STM32G4xx_HAL_Driver/Src/stm32g4xx_hal_spi.c ****        [..]
 109:Drivers/STM32G4xx_HAL_Driver/Src/stm32g4xx_hal_spi.c ****        By default, after the HAL_SPI_Init() and when the state is HAL_SPI_STATE_RESET
 110:Drivers/STM32G4xx_HAL_Driver/Src/stm32g4xx_hal_spi.c ****        all callbacks are set to the corresponding weak functions:
 111:Drivers/STM32G4xx_HAL_Driver/Src/stm32g4xx_hal_spi.c ****        examples HAL_SPI_MasterTxCpltCallback(), HAL_SPI_MasterRxCpltCallback().
 112:Drivers/STM32G4xx_HAL_Driver/Src/stm32g4xx_hal_spi.c ****        Exception done for MspInit and MspDeInit functions that are
 113:Drivers/STM32G4xx_HAL_Driver/Src/stm32g4xx_hal_spi.c ****        reset to the legacy weak functions in the HAL_SPI_Init()/ HAL_SPI_DeInit() only when
 114:Drivers/STM32G4xx_HAL_Driver/Src/stm32g4xx_hal_spi.c ****        these callbacks are null (not registered beforehand).
 115:Drivers/STM32G4xx_HAL_Driver/Src/stm32g4xx_hal_spi.c ****        If MspInit or MspDeInit are not null, the HAL_SPI_Init()/ HAL_SPI_DeInit()
 116:Drivers/STM32G4xx_HAL_Driver/Src/stm32g4xx_hal_spi.c ****        keep and use the user MspInit/MspDeInit callbacks (registered beforehand) whatever the state
 117:Drivers/STM32G4xx_HAL_Driver/Src/stm32g4xx_hal_spi.c **** 
 118:Drivers/STM32G4xx_HAL_Driver/Src/stm32g4xx_hal_spi.c ****        [..]
 119:Drivers/STM32G4xx_HAL_Driver/Src/stm32g4xx_hal_spi.c ****        Callbacks can be registered/unregistered in HAL_SPI_STATE_READY state only.
 120:Drivers/STM32G4xx_HAL_Driver/Src/stm32g4xx_hal_spi.c ****        Exception done MspInit/MspDeInit functions that can be registered/unregistered
 121:Drivers/STM32G4xx_HAL_Driver/Src/stm32g4xx_hal_spi.c ****        in HAL_SPI_STATE_READY or HAL_SPI_STATE_RESET state,
 122:Drivers/STM32G4xx_HAL_Driver/Src/stm32g4xx_hal_spi.c ****        thus registered (user) MspInit/DeInit callbacks can be used during the Init/DeInit.
 123:Drivers/STM32G4xx_HAL_Driver/Src/stm32g4xx_hal_spi.c ****        Then, the user first registers the MspInit/MspDeInit user callbacks
 124:Drivers/STM32G4xx_HAL_Driver/Src/stm32g4xx_hal_spi.c ****        using HAL_SPI_RegisterCallback() before calling HAL_SPI_DeInit()
 125:Drivers/STM32G4xx_HAL_Driver/Src/stm32g4xx_hal_spi.c ****        or HAL_SPI_Init() function.
 126:Drivers/STM32G4xx_HAL_Driver/Src/stm32g4xx_hal_spi.c **** 
 127:Drivers/STM32G4xx_HAL_Driver/Src/stm32g4xx_hal_spi.c ****        [..]
 128:Drivers/STM32G4xx_HAL_Driver/Src/stm32g4xx_hal_spi.c ****        When the compilation define USE_HAL_PPP_REGISTER_CALLBACKS is set to 0 or
 129:Drivers/STM32G4xx_HAL_Driver/Src/stm32g4xx_hal_spi.c ****        not defined, the callback registering feature is not available
 130:Drivers/STM32G4xx_HAL_Driver/Src/stm32g4xx_hal_spi.c ****        and weak (surcharged) callbacks are used.
 131:Drivers/STM32G4xx_HAL_Driver/Src/stm32g4xx_hal_spi.c **** 
 132:Drivers/STM32G4xx_HAL_Driver/Src/stm32g4xx_hal_spi.c ****      [..]
 133:Drivers/STM32G4xx_HAL_Driver/Src/stm32g4xx_hal_spi.c ****        Using the HAL it is not possible to reach all supported SPI frequency with the different SPI
 134:Drivers/STM32G4xx_HAL_Driver/Src/stm32g4xx_hal_spi.c ****        the following table resume the max SPI frequency reached with data size 8bits/16bits,
 135:Drivers/STM32G4xx_HAL_Driver/Src/stm32g4xx_hal_spi.c ****          according to frequency of the APBx Peripheral Clock (fPCLK) used by the SPI instance.
 136:Drivers/STM32G4xx_HAL_Driver/Src/stm32g4xx_hal_spi.c **** 
 137:Drivers/STM32G4xx_HAL_Driver/Src/stm32g4xx_hal_spi.c ****   @endverbatim
 138:Drivers/STM32G4xx_HAL_Driver/Src/stm32g4xx_hal_spi.c **** 
 139:Drivers/STM32G4xx_HAL_Driver/Src/stm32g4xx_hal_spi.c ****   Additional table :
 140:Drivers/STM32G4xx_HAL_Driver/Src/stm32g4xx_hal_spi.c **** 
 141:Drivers/STM32G4xx_HAL_Driver/Src/stm32g4xx_hal_spi.c ****        DataSize = SPI_DATASIZE_8BIT:
 142:Drivers/STM32G4xx_HAL_Driver/Src/stm32g4xx_hal_spi.c ****        +-------------------------------------------------------------------------------------------
 143:Drivers/STM32G4xx_HAL_Driver/Src/stm32g4xx_hal_spi.c ****        |         |                | 2Lines Fullduplex   |     2Lines RxOnly    |         1Line     
 144:Drivers/STM32G4xx_HAL_Driver/Src/stm32g4xx_hal_spi.c ****        | Process | Transfer mode  |---------------------|----------------------|-------------------
ARM GAS  C:\Users\Booster\AppData\Local\Temp\ccQdKe81.s 			page 4


 145:Drivers/STM32G4xx_HAL_Driver/Src/stm32g4xx_hal_spi.c ****        |         |                |  Master  |  Slave   |  Master   |  Slave   |  Master   |  Slave
 146:Drivers/STM32G4xx_HAL_Driver/Src/stm32g4xx_hal_spi.c ****        |===========================================================================================
 147:Drivers/STM32G4xx_HAL_Driver/Src/stm32g4xx_hal_spi.c ****        |    T    |     Polling    | Fpclk/4  | Fpclk/8  |    NA     |    NA    |    NA     |   NA  
 148:Drivers/STM32G4xx_HAL_Driver/Src/stm32g4xx_hal_spi.c ****        |    X    |----------------|----------|----------|-----------|----------|-----------|-------
 149:Drivers/STM32G4xx_HAL_Driver/Src/stm32g4xx_hal_spi.c ****        |    /    |     Interrupt  | Fpclk/4  | Fpclk/16 |    NA     |    NA    |    NA     |   NA  
 150:Drivers/STM32G4xx_HAL_Driver/Src/stm32g4xx_hal_spi.c ****        |    R    |----------------|----------|----------|-----------|----------|-----------|-------
 151:Drivers/STM32G4xx_HAL_Driver/Src/stm32g4xx_hal_spi.c ****        |    X    |       DMA      | Fpclk/2  | Fpclk/2  |    NA     |    NA    |    NA     |   NA  
 152:Drivers/STM32G4xx_HAL_Driver/Src/stm32g4xx_hal_spi.c ****        |=========|================|==========|==========|===========|==========|===========|=======
 153:Drivers/STM32G4xx_HAL_Driver/Src/stm32g4xx_hal_spi.c ****        |         |     Polling    | Fpclk/4  | Fpclk/8  | Fpclk/16  | Fpclk/8  | Fpclk/8   | Fpclk/
 154:Drivers/STM32G4xx_HAL_Driver/Src/stm32g4xx_hal_spi.c ****        |         |----------------|----------|----------|-----------|----------|-----------|-------
 155:Drivers/STM32G4xx_HAL_Driver/Src/stm32g4xx_hal_spi.c ****        |    R    |     Interrupt  | Fpclk/8  | Fpclk/16 | Fpclk/8   | Fpclk/8  | Fpclk/8   | Fpclk/
 156:Drivers/STM32G4xx_HAL_Driver/Src/stm32g4xx_hal_spi.c ****        |    X    |----------------|----------|----------|-----------|----------|-----------|-------
 157:Drivers/STM32G4xx_HAL_Driver/Src/stm32g4xx_hal_spi.c ****        |         |       DMA      | Fpclk/4  | Fpclk/2  | Fpclk/2   | Fpclk/16 | Fpclk/2   | Fpclk/
 158:Drivers/STM32G4xx_HAL_Driver/Src/stm32g4xx_hal_spi.c ****        |=========|================|==========|==========|===========|==========|===========|=======
 159:Drivers/STM32G4xx_HAL_Driver/Src/stm32g4xx_hal_spi.c ****        |         |     Polling    | Fpclk/8  | Fpclk/2  |     NA    |    NA    | Fpclk/8   | Fpclk/
 160:Drivers/STM32G4xx_HAL_Driver/Src/stm32g4xx_hal_spi.c ****        |         |----------------|----------|----------|-----------|----------|-----------|-------
 161:Drivers/STM32G4xx_HAL_Driver/Src/stm32g4xx_hal_spi.c ****        |    T    |     Interrupt  | Fpclk/2  | Fpclk/4  |     NA    |    NA    | Fpclk/16  | Fpclk/
 162:Drivers/STM32G4xx_HAL_Driver/Src/stm32g4xx_hal_spi.c ****        |    X    |----------------|----------|----------|-----------|----------|-----------|-------
 163:Drivers/STM32G4xx_HAL_Driver/Src/stm32g4xx_hal_spi.c ****        |         |       DMA      | Fpclk/2  | Fpclk/2  |     NA    |    NA    | Fpclk/8   | Fpclk/
 164:Drivers/STM32G4xx_HAL_Driver/Src/stm32g4xx_hal_spi.c ****        +-------------------------------------------------------------------------------------------
 165:Drivers/STM32G4xx_HAL_Driver/Src/stm32g4xx_hal_spi.c **** 
 166:Drivers/STM32G4xx_HAL_Driver/Src/stm32g4xx_hal_spi.c ****        DataSize = SPI_DATASIZE_16BIT:
 167:Drivers/STM32G4xx_HAL_Driver/Src/stm32g4xx_hal_spi.c ****        +-------------------------------------------------------------------------------------------
 168:Drivers/STM32G4xx_HAL_Driver/Src/stm32g4xx_hal_spi.c ****        |         |                | 2Lines Fullduplex   |     2Lines RxOnly    |         1Line     
 169:Drivers/STM32G4xx_HAL_Driver/Src/stm32g4xx_hal_spi.c ****        | Process | Transfer mode  |---------------------|----------------------|-------------------
 170:Drivers/STM32G4xx_HAL_Driver/Src/stm32g4xx_hal_spi.c ****        |         |                |  Master  |  Slave   |  Master   |  Slave   |  Master   |  Slave
 171:Drivers/STM32G4xx_HAL_Driver/Src/stm32g4xx_hal_spi.c ****        |===========================================================================================
 172:Drivers/STM32G4xx_HAL_Driver/Src/stm32g4xx_hal_spi.c ****        |    T    |     Polling    | Fpclk/4  | Fpclk/8  |    NA     |    NA    |    NA     |   NA  
 173:Drivers/STM32G4xx_HAL_Driver/Src/stm32g4xx_hal_spi.c ****        |    X    |----------------|----------|----------|-----------|----------|-----------|-------
 174:Drivers/STM32G4xx_HAL_Driver/Src/stm32g4xx_hal_spi.c ****        |    /    |     Interrupt  | Fpclk/4  | Fpclk/16 |    NA     |    NA    |    NA     |   NA  
 175:Drivers/STM32G4xx_HAL_Driver/Src/stm32g4xx_hal_spi.c ****        |    R    |----------------|----------|----------|-----------|----------|-----------|-------
 176:Drivers/STM32G4xx_HAL_Driver/Src/stm32g4xx_hal_spi.c ****        |    X    |       DMA      | Fpclk/2  | Fpclk/2  |    NA     |    NA    |    NA     |   NA  
 177:Drivers/STM32G4xx_HAL_Driver/Src/stm32g4xx_hal_spi.c ****        |=========|================|==========|==========|===========|==========|===========|=======
 178:Drivers/STM32G4xx_HAL_Driver/Src/stm32g4xx_hal_spi.c ****        |         |     Polling    | Fpclk/4  | Fpclk/8  | Fpclk/16  | Fpclk/8  | Fpclk/8   | Fpclk/
 179:Drivers/STM32G4xx_HAL_Driver/Src/stm32g4xx_hal_spi.c ****        |         |----------------|----------|----------|-----------|----------|-----------|-------
 180:Drivers/STM32G4xx_HAL_Driver/Src/stm32g4xx_hal_spi.c ****        |    R    |     Interrupt  | Fpclk/8  | Fpclk/16 | Fpclk/8   | Fpclk/8  | Fpclk/8   | Fpclk/
 181:Drivers/STM32G4xx_HAL_Driver/Src/stm32g4xx_hal_spi.c ****        |    X    |----------------|----------|----------|-----------|----------|-----------|-------
 182:Drivers/STM32G4xx_HAL_Driver/Src/stm32g4xx_hal_spi.c ****        |         |       DMA      | Fpclk/4  | Fpclk/2  | Fpclk/2   | Fpclk/16 | Fpclk/2   | Fpclk/
 183:Drivers/STM32G4xx_HAL_Driver/Src/stm32g4xx_hal_spi.c ****        |=========|================|==========|==========|===========|==========|===========|=======
 184:Drivers/STM32G4xx_HAL_Driver/Src/stm32g4xx_hal_spi.c ****        |         |     Polling    | Fpclk/8  | Fpclk/2  |     NA    |    NA    | Fpclk/8   | Fpclk/
 185:Drivers/STM32G4xx_HAL_Driver/Src/stm32g4xx_hal_spi.c ****        |         |----------------|----------|----------|-----------|----------|-----------|-------
 186:Drivers/STM32G4xx_HAL_Driver/Src/stm32g4xx_hal_spi.c ****        |    T    |     Interrupt  | Fpclk/2  | Fpclk/4  |     NA    |    NA    | Fpclk/16  | Fpclk/
 187:Drivers/STM32G4xx_HAL_Driver/Src/stm32g4xx_hal_spi.c ****        |    X    |----------------|----------|----------|-----------|----------|-----------|-------
 188:Drivers/STM32G4xx_HAL_Driver/Src/stm32g4xx_hal_spi.c ****        |         |       DMA      | Fpclk/2  | Fpclk/2  |     NA    |    NA    | Fpclk/8   | Fpclk/
 189:Drivers/STM32G4xx_HAL_Driver/Src/stm32g4xx_hal_spi.c ****        +-------------------------------------------------------------------------------------------
 190:Drivers/STM32G4xx_HAL_Driver/Src/stm32g4xx_hal_spi.c ****        @note The max SPI frequency depend on SPI data size (4bits, 5bits,..., 8bits,...15bits, 16bi
 191:Drivers/STM32G4xx_HAL_Driver/Src/stm32g4xx_hal_spi.c ****              SPI mode(2 Lines fullduplex, 2 lines RxOnly, 1 line TX/RX) and Process mode (Polling, 
 192:Drivers/STM32G4xx_HAL_Driver/Src/stm32g4xx_hal_spi.c ****        @note
 193:Drivers/STM32G4xx_HAL_Driver/Src/stm32g4xx_hal_spi.c ****             (#) TX/RX processes are HAL_SPI_TransmitReceive(), HAL_SPI_TransmitReceive_IT() and HAL
 194:Drivers/STM32G4xx_HAL_Driver/Src/stm32g4xx_hal_spi.c ****             (#) RX processes are HAL_SPI_Receive(), HAL_SPI_Receive_IT() and HAL_SPI_Receive_DMA()
 195:Drivers/STM32G4xx_HAL_Driver/Src/stm32g4xx_hal_spi.c ****             (#) TX processes are HAL_SPI_Transmit(), HAL_SPI_Transmit_IT() and HAL_SPI_Transmit_DMA
 196:Drivers/STM32G4xx_HAL_Driver/Src/stm32g4xx_hal_spi.c **** 
 197:Drivers/STM32G4xx_HAL_Driver/Src/stm32g4xx_hal_spi.c ****   */
 198:Drivers/STM32G4xx_HAL_Driver/Src/stm32g4xx_hal_spi.c **** 
 199:Drivers/STM32G4xx_HAL_Driver/Src/stm32g4xx_hal_spi.c **** /* Includes ------------------------------------------------------------------*/
 200:Drivers/STM32G4xx_HAL_Driver/Src/stm32g4xx_hal_spi.c **** #include "stm32g4xx_hal.h"
 201:Drivers/STM32G4xx_HAL_Driver/Src/stm32g4xx_hal_spi.c **** 
ARM GAS  C:\Users\Booster\AppData\Local\Temp\ccQdKe81.s 			page 5


 202:Drivers/STM32G4xx_HAL_Driver/Src/stm32g4xx_hal_spi.c **** /** @addtogroup STM32G4xx_HAL_Driver
 203:Drivers/STM32G4xx_HAL_Driver/Src/stm32g4xx_hal_spi.c ****   * @{
 204:Drivers/STM32G4xx_HAL_Driver/Src/stm32g4xx_hal_spi.c ****   */
 205:Drivers/STM32G4xx_HAL_Driver/Src/stm32g4xx_hal_spi.c **** 
 206:Drivers/STM32G4xx_HAL_Driver/Src/stm32g4xx_hal_spi.c **** /** @defgroup SPI SPI
 207:Drivers/STM32G4xx_HAL_Driver/Src/stm32g4xx_hal_spi.c ****   * @brief SPI HAL module driver
 208:Drivers/STM32G4xx_HAL_Driver/Src/stm32g4xx_hal_spi.c ****   * @{
 209:Drivers/STM32G4xx_HAL_Driver/Src/stm32g4xx_hal_spi.c ****   */
 210:Drivers/STM32G4xx_HAL_Driver/Src/stm32g4xx_hal_spi.c **** #ifdef HAL_SPI_MODULE_ENABLED
 211:Drivers/STM32G4xx_HAL_Driver/Src/stm32g4xx_hal_spi.c **** 
 212:Drivers/STM32G4xx_HAL_Driver/Src/stm32g4xx_hal_spi.c **** /* Private typedef -----------------------------------------------------------*/
 213:Drivers/STM32G4xx_HAL_Driver/Src/stm32g4xx_hal_spi.c **** /* Private defines -----------------------------------------------------------*/
 214:Drivers/STM32G4xx_HAL_Driver/Src/stm32g4xx_hal_spi.c **** /** @defgroup SPI_Private_Constants SPI Private Constants
 215:Drivers/STM32G4xx_HAL_Driver/Src/stm32g4xx_hal_spi.c ****   * @{
 216:Drivers/STM32G4xx_HAL_Driver/Src/stm32g4xx_hal_spi.c ****   */
 217:Drivers/STM32G4xx_HAL_Driver/Src/stm32g4xx_hal_spi.c **** #define SPI_DEFAULT_TIMEOUT 100U
 218:Drivers/STM32G4xx_HAL_Driver/Src/stm32g4xx_hal_spi.c **** /**
 219:Drivers/STM32G4xx_HAL_Driver/Src/stm32g4xx_hal_spi.c ****   * @}
 220:Drivers/STM32G4xx_HAL_Driver/Src/stm32g4xx_hal_spi.c ****   */
 221:Drivers/STM32G4xx_HAL_Driver/Src/stm32g4xx_hal_spi.c **** 
 222:Drivers/STM32G4xx_HAL_Driver/Src/stm32g4xx_hal_spi.c **** /* Private macros ------------------------------------------------------------*/
 223:Drivers/STM32G4xx_HAL_Driver/Src/stm32g4xx_hal_spi.c **** /* Private variables ---------------------------------------------------------*/
 224:Drivers/STM32G4xx_HAL_Driver/Src/stm32g4xx_hal_spi.c **** /* Private function prototypes -----------------------------------------------*/
 225:Drivers/STM32G4xx_HAL_Driver/Src/stm32g4xx_hal_spi.c **** /** @defgroup SPI_Private_Functions SPI Private Functions
 226:Drivers/STM32G4xx_HAL_Driver/Src/stm32g4xx_hal_spi.c ****   * @{
 227:Drivers/STM32G4xx_HAL_Driver/Src/stm32g4xx_hal_spi.c ****   */
 228:Drivers/STM32G4xx_HAL_Driver/Src/stm32g4xx_hal_spi.c **** static void SPI_DMATransmitCplt(DMA_HandleTypeDef *hdma);
 229:Drivers/STM32G4xx_HAL_Driver/Src/stm32g4xx_hal_spi.c **** static void SPI_DMAReceiveCplt(DMA_HandleTypeDef *hdma);
 230:Drivers/STM32G4xx_HAL_Driver/Src/stm32g4xx_hal_spi.c **** static void SPI_DMATransmitReceiveCplt(DMA_HandleTypeDef *hdma);
 231:Drivers/STM32G4xx_HAL_Driver/Src/stm32g4xx_hal_spi.c **** static void SPI_DMAHalfTransmitCplt(DMA_HandleTypeDef *hdma);
 232:Drivers/STM32G4xx_HAL_Driver/Src/stm32g4xx_hal_spi.c **** static void SPI_DMAHalfReceiveCplt(DMA_HandleTypeDef *hdma);
 233:Drivers/STM32G4xx_HAL_Driver/Src/stm32g4xx_hal_spi.c **** static void SPI_DMAHalfTransmitReceiveCplt(DMA_HandleTypeDef *hdma);
 234:Drivers/STM32G4xx_HAL_Driver/Src/stm32g4xx_hal_spi.c **** static void SPI_DMAError(DMA_HandleTypeDef *hdma);
 235:Drivers/STM32G4xx_HAL_Driver/Src/stm32g4xx_hal_spi.c **** static void SPI_DMAAbortOnError(DMA_HandleTypeDef *hdma);
 236:Drivers/STM32G4xx_HAL_Driver/Src/stm32g4xx_hal_spi.c **** static void SPI_DMATxAbortCallback(DMA_HandleTypeDef *hdma);
 237:Drivers/STM32G4xx_HAL_Driver/Src/stm32g4xx_hal_spi.c **** static void SPI_DMARxAbortCallback(DMA_HandleTypeDef *hdma);
 238:Drivers/STM32G4xx_HAL_Driver/Src/stm32g4xx_hal_spi.c **** static HAL_StatusTypeDef SPI_WaitFlagStateUntilTimeout(SPI_HandleTypeDef *hspi, uint32_t Flag, Flag
 239:Drivers/STM32G4xx_HAL_Driver/Src/stm32g4xx_hal_spi.c ****                                                        uint32_t Timeout, uint32_t Tickstart);
 240:Drivers/STM32G4xx_HAL_Driver/Src/stm32g4xx_hal_spi.c **** static HAL_StatusTypeDef SPI_WaitFifoStateUntilTimeout(SPI_HandleTypeDef *hspi, uint32_t Fifo, uint
 241:Drivers/STM32G4xx_HAL_Driver/Src/stm32g4xx_hal_spi.c ****                                                        uint32_t Timeout, uint32_t Tickstart);
 242:Drivers/STM32G4xx_HAL_Driver/Src/stm32g4xx_hal_spi.c **** static void SPI_TxISR_8BIT(struct __SPI_HandleTypeDef *hspi);
 243:Drivers/STM32G4xx_HAL_Driver/Src/stm32g4xx_hal_spi.c **** static void SPI_TxISR_16BIT(struct __SPI_HandleTypeDef *hspi);
 244:Drivers/STM32G4xx_HAL_Driver/Src/stm32g4xx_hal_spi.c **** static void SPI_RxISR_8BIT(struct __SPI_HandleTypeDef *hspi);
 245:Drivers/STM32G4xx_HAL_Driver/Src/stm32g4xx_hal_spi.c **** static void SPI_RxISR_16BIT(struct __SPI_HandleTypeDef *hspi);
 246:Drivers/STM32G4xx_HAL_Driver/Src/stm32g4xx_hal_spi.c **** static void SPI_2linesRxISR_8BIT(struct __SPI_HandleTypeDef *hspi);
 247:Drivers/STM32G4xx_HAL_Driver/Src/stm32g4xx_hal_spi.c **** static void SPI_2linesTxISR_8BIT(struct __SPI_HandleTypeDef *hspi);
 248:Drivers/STM32G4xx_HAL_Driver/Src/stm32g4xx_hal_spi.c **** static void SPI_2linesTxISR_16BIT(struct __SPI_HandleTypeDef *hspi);
 249:Drivers/STM32G4xx_HAL_Driver/Src/stm32g4xx_hal_spi.c **** static void SPI_2linesRxISR_16BIT(struct __SPI_HandleTypeDef *hspi);
 250:Drivers/STM32G4xx_HAL_Driver/Src/stm32g4xx_hal_spi.c **** #if (USE_SPI_CRC != 0U)
 251:Drivers/STM32G4xx_HAL_Driver/Src/stm32g4xx_hal_spi.c **** static void SPI_RxISR_8BITCRC(struct __SPI_HandleTypeDef *hspi);
 252:Drivers/STM32G4xx_HAL_Driver/Src/stm32g4xx_hal_spi.c **** static void SPI_RxISR_16BITCRC(struct __SPI_HandleTypeDef *hspi);
 253:Drivers/STM32G4xx_HAL_Driver/Src/stm32g4xx_hal_spi.c **** static void SPI_2linesRxISR_8BITCRC(struct __SPI_HandleTypeDef *hspi);
 254:Drivers/STM32G4xx_HAL_Driver/Src/stm32g4xx_hal_spi.c **** static void SPI_2linesRxISR_16BITCRC(struct __SPI_HandleTypeDef *hspi);
 255:Drivers/STM32G4xx_HAL_Driver/Src/stm32g4xx_hal_spi.c **** #endif /* USE_SPI_CRC */
 256:Drivers/STM32G4xx_HAL_Driver/Src/stm32g4xx_hal_spi.c **** static void SPI_AbortRx_ISR(SPI_HandleTypeDef *hspi);
 257:Drivers/STM32G4xx_HAL_Driver/Src/stm32g4xx_hal_spi.c **** static void SPI_AbortTx_ISR(SPI_HandleTypeDef *hspi);
 258:Drivers/STM32G4xx_HAL_Driver/Src/stm32g4xx_hal_spi.c **** static void SPI_CloseRxTx_ISR(SPI_HandleTypeDef *hspi);
ARM GAS  C:\Users\Booster\AppData\Local\Temp\ccQdKe81.s 			page 6


 259:Drivers/STM32G4xx_HAL_Driver/Src/stm32g4xx_hal_spi.c **** static void SPI_CloseRx_ISR(SPI_HandleTypeDef *hspi);
 260:Drivers/STM32G4xx_HAL_Driver/Src/stm32g4xx_hal_spi.c **** static void SPI_CloseTx_ISR(SPI_HandleTypeDef *hspi);
 261:Drivers/STM32G4xx_HAL_Driver/Src/stm32g4xx_hal_spi.c **** static HAL_StatusTypeDef SPI_EndRxTransaction(SPI_HandleTypeDef *hspi, uint32_t Timeout, uint32_t T
 262:Drivers/STM32G4xx_HAL_Driver/Src/stm32g4xx_hal_spi.c **** static HAL_StatusTypeDef SPI_EndRxTxTransaction(SPI_HandleTypeDef *hspi, uint32_t Timeout, uint32_t
 263:Drivers/STM32G4xx_HAL_Driver/Src/stm32g4xx_hal_spi.c **** /**
 264:Drivers/STM32G4xx_HAL_Driver/Src/stm32g4xx_hal_spi.c ****   * @}
 265:Drivers/STM32G4xx_HAL_Driver/Src/stm32g4xx_hal_spi.c ****   */
 266:Drivers/STM32G4xx_HAL_Driver/Src/stm32g4xx_hal_spi.c **** 
 267:Drivers/STM32G4xx_HAL_Driver/Src/stm32g4xx_hal_spi.c **** /* Exported functions --------------------------------------------------------*/
 268:Drivers/STM32G4xx_HAL_Driver/Src/stm32g4xx_hal_spi.c **** /** @defgroup SPI_Exported_Functions SPI Exported Functions
 269:Drivers/STM32G4xx_HAL_Driver/Src/stm32g4xx_hal_spi.c ****   * @{
 270:Drivers/STM32G4xx_HAL_Driver/Src/stm32g4xx_hal_spi.c ****   */
 271:Drivers/STM32G4xx_HAL_Driver/Src/stm32g4xx_hal_spi.c **** 
 272:Drivers/STM32G4xx_HAL_Driver/Src/stm32g4xx_hal_spi.c **** /** @defgroup SPI_Exported_Functions_Group1 Initialization and de-initialization functions
 273:Drivers/STM32G4xx_HAL_Driver/Src/stm32g4xx_hal_spi.c ****   *  @brief    Initialization and Configuration functions
 274:Drivers/STM32G4xx_HAL_Driver/Src/stm32g4xx_hal_spi.c ****   *
 275:Drivers/STM32G4xx_HAL_Driver/Src/stm32g4xx_hal_spi.c **** @verbatim
 276:Drivers/STM32G4xx_HAL_Driver/Src/stm32g4xx_hal_spi.c ****  ===============================================================================
 277:Drivers/STM32G4xx_HAL_Driver/Src/stm32g4xx_hal_spi.c ****               ##### Initialization and de-initialization functions #####
 278:Drivers/STM32G4xx_HAL_Driver/Src/stm32g4xx_hal_spi.c ****  ===============================================================================
 279:Drivers/STM32G4xx_HAL_Driver/Src/stm32g4xx_hal_spi.c ****     [..]  This subsection provides a set of functions allowing to initialize and
 280:Drivers/STM32G4xx_HAL_Driver/Src/stm32g4xx_hal_spi.c ****           de-initialize the SPIx peripheral:
 281:Drivers/STM32G4xx_HAL_Driver/Src/stm32g4xx_hal_spi.c **** 
 282:Drivers/STM32G4xx_HAL_Driver/Src/stm32g4xx_hal_spi.c ****       (+) User must implement HAL_SPI_MspInit() function in which he configures
 283:Drivers/STM32G4xx_HAL_Driver/Src/stm32g4xx_hal_spi.c ****           all related peripherals resources (CLOCK, GPIO, DMA, IT and NVIC ).
 284:Drivers/STM32G4xx_HAL_Driver/Src/stm32g4xx_hal_spi.c **** 
 285:Drivers/STM32G4xx_HAL_Driver/Src/stm32g4xx_hal_spi.c ****       (+) Call the function HAL_SPI_Init() to configure the selected device with
 286:Drivers/STM32G4xx_HAL_Driver/Src/stm32g4xx_hal_spi.c ****           the selected configuration:
 287:Drivers/STM32G4xx_HAL_Driver/Src/stm32g4xx_hal_spi.c ****         (++) Mode
 288:Drivers/STM32G4xx_HAL_Driver/Src/stm32g4xx_hal_spi.c ****         (++) Direction
 289:Drivers/STM32G4xx_HAL_Driver/Src/stm32g4xx_hal_spi.c ****         (++) Data Size
 290:Drivers/STM32G4xx_HAL_Driver/Src/stm32g4xx_hal_spi.c ****         (++) Clock Polarity and Phase
 291:Drivers/STM32G4xx_HAL_Driver/Src/stm32g4xx_hal_spi.c ****         (++) NSS Management
 292:Drivers/STM32G4xx_HAL_Driver/Src/stm32g4xx_hal_spi.c ****         (++) BaudRate Prescaler
 293:Drivers/STM32G4xx_HAL_Driver/Src/stm32g4xx_hal_spi.c ****         (++) FirstBit
 294:Drivers/STM32G4xx_HAL_Driver/Src/stm32g4xx_hal_spi.c ****         (++) TIMode
 295:Drivers/STM32G4xx_HAL_Driver/Src/stm32g4xx_hal_spi.c ****         (++) CRC Calculation
 296:Drivers/STM32G4xx_HAL_Driver/Src/stm32g4xx_hal_spi.c ****         (++) CRC Polynomial if CRC enabled
 297:Drivers/STM32G4xx_HAL_Driver/Src/stm32g4xx_hal_spi.c ****         (++) CRC Length, used only with Data8 and Data16
 298:Drivers/STM32G4xx_HAL_Driver/Src/stm32g4xx_hal_spi.c ****         (++) FIFO reception threshold
 299:Drivers/STM32G4xx_HAL_Driver/Src/stm32g4xx_hal_spi.c **** 
 300:Drivers/STM32G4xx_HAL_Driver/Src/stm32g4xx_hal_spi.c ****       (+) Call the function HAL_SPI_DeInit() to restore the default configuration
 301:Drivers/STM32G4xx_HAL_Driver/Src/stm32g4xx_hal_spi.c ****           of the selected SPIx peripheral.
 302:Drivers/STM32G4xx_HAL_Driver/Src/stm32g4xx_hal_spi.c **** 
 303:Drivers/STM32G4xx_HAL_Driver/Src/stm32g4xx_hal_spi.c **** @endverbatim
 304:Drivers/STM32G4xx_HAL_Driver/Src/stm32g4xx_hal_spi.c ****   * @{
 305:Drivers/STM32G4xx_HAL_Driver/Src/stm32g4xx_hal_spi.c ****   */
 306:Drivers/STM32G4xx_HAL_Driver/Src/stm32g4xx_hal_spi.c **** 
 307:Drivers/STM32G4xx_HAL_Driver/Src/stm32g4xx_hal_spi.c **** /**
 308:Drivers/STM32G4xx_HAL_Driver/Src/stm32g4xx_hal_spi.c ****   * @brief  Initialize the SPI according to the specified parameters
 309:Drivers/STM32G4xx_HAL_Driver/Src/stm32g4xx_hal_spi.c ****   *         in the SPI_InitTypeDef and initialize the associated handle.
 310:Drivers/STM32G4xx_HAL_Driver/Src/stm32g4xx_hal_spi.c ****   * @param  hspi pointer to a SPI_HandleTypeDef structure that contains
 311:Drivers/STM32G4xx_HAL_Driver/Src/stm32g4xx_hal_spi.c ****   *               the configuration information for SPI module.
 312:Drivers/STM32G4xx_HAL_Driver/Src/stm32g4xx_hal_spi.c ****   * @retval HAL status
 313:Drivers/STM32G4xx_HAL_Driver/Src/stm32g4xx_hal_spi.c ****   */
 314:Drivers/STM32G4xx_HAL_Driver/Src/stm32g4xx_hal_spi.c **** HAL_StatusTypeDef HAL_SPI_Init(SPI_HandleTypeDef *hspi)
 315:Drivers/STM32G4xx_HAL_Driver/Src/stm32g4xx_hal_spi.c **** {
ARM GAS  C:\Users\Booster\AppData\Local\Temp\ccQdKe81.s 			page 7


 316:Drivers/STM32G4xx_HAL_Driver/Src/stm32g4xx_hal_spi.c ****   uint32_t frxth;
 317:Drivers/STM32G4xx_HAL_Driver/Src/stm32g4xx_hal_spi.c **** 
 318:Drivers/STM32G4xx_HAL_Driver/Src/stm32g4xx_hal_spi.c ****   /* Check the SPI handle allocation */
 319:Drivers/STM32G4xx_HAL_Driver/Src/stm32g4xx_hal_spi.c ****   if (hspi == NULL)
 320:Drivers/STM32G4xx_HAL_Driver/Src/stm32g4xx_hal_spi.c ****   {
 321:Drivers/STM32G4xx_HAL_Driver/Src/stm32g4xx_hal_spi.c ****     return HAL_ERROR;
 322:Drivers/STM32G4xx_HAL_Driver/Src/stm32g4xx_hal_spi.c ****   }
 323:Drivers/STM32G4xx_HAL_Driver/Src/stm32g4xx_hal_spi.c **** 
 324:Drivers/STM32G4xx_HAL_Driver/Src/stm32g4xx_hal_spi.c ****   /* Check the parameters */
 325:Drivers/STM32G4xx_HAL_Driver/Src/stm32g4xx_hal_spi.c ****   assert_param(IS_SPI_ALL_INSTANCE(hspi->Instance));
 326:Drivers/STM32G4xx_HAL_Driver/Src/stm32g4xx_hal_spi.c ****   assert_param(IS_SPI_MODE(hspi->Init.Mode));
 327:Drivers/STM32G4xx_HAL_Driver/Src/stm32g4xx_hal_spi.c ****   assert_param(IS_SPI_DIRECTION(hspi->Init.Direction));
 328:Drivers/STM32G4xx_HAL_Driver/Src/stm32g4xx_hal_spi.c ****   assert_param(IS_SPI_DATASIZE(hspi->Init.DataSize));
 329:Drivers/STM32G4xx_HAL_Driver/Src/stm32g4xx_hal_spi.c ****   assert_param(IS_SPI_NSS(hspi->Init.NSS));
 330:Drivers/STM32G4xx_HAL_Driver/Src/stm32g4xx_hal_spi.c ****   assert_param(IS_SPI_NSSP(hspi->Init.NSSPMode));
 331:Drivers/STM32G4xx_HAL_Driver/Src/stm32g4xx_hal_spi.c ****   assert_param(IS_SPI_BAUDRATE_PRESCALER(hspi->Init.BaudRatePrescaler));
 332:Drivers/STM32G4xx_HAL_Driver/Src/stm32g4xx_hal_spi.c ****   assert_param(IS_SPI_FIRST_BIT(hspi->Init.FirstBit));
 333:Drivers/STM32G4xx_HAL_Driver/Src/stm32g4xx_hal_spi.c ****   assert_param(IS_SPI_TIMODE(hspi->Init.TIMode));
 334:Drivers/STM32G4xx_HAL_Driver/Src/stm32g4xx_hal_spi.c ****   if (hspi->Init.TIMode == SPI_TIMODE_DISABLE)
 335:Drivers/STM32G4xx_HAL_Driver/Src/stm32g4xx_hal_spi.c ****   {
 336:Drivers/STM32G4xx_HAL_Driver/Src/stm32g4xx_hal_spi.c ****     assert_param(IS_SPI_CPOL(hspi->Init.CLKPolarity));
 337:Drivers/STM32G4xx_HAL_Driver/Src/stm32g4xx_hal_spi.c ****     assert_param(IS_SPI_CPHA(hspi->Init.CLKPhase));
 338:Drivers/STM32G4xx_HAL_Driver/Src/stm32g4xx_hal_spi.c **** 
 339:Drivers/STM32G4xx_HAL_Driver/Src/stm32g4xx_hal_spi.c ****     if (hspi->Init.Mode == SPI_MODE_MASTER)
 340:Drivers/STM32G4xx_HAL_Driver/Src/stm32g4xx_hal_spi.c ****     {
 341:Drivers/STM32G4xx_HAL_Driver/Src/stm32g4xx_hal_spi.c ****       assert_param(IS_SPI_BAUDRATE_PRESCALER(hspi->Init.BaudRatePrescaler));
 342:Drivers/STM32G4xx_HAL_Driver/Src/stm32g4xx_hal_spi.c ****     }
 343:Drivers/STM32G4xx_HAL_Driver/Src/stm32g4xx_hal_spi.c ****     else
 344:Drivers/STM32G4xx_HAL_Driver/Src/stm32g4xx_hal_spi.c ****     {
 345:Drivers/STM32G4xx_HAL_Driver/Src/stm32g4xx_hal_spi.c ****       /* Baudrate prescaler not use in Motoraola Slave mode. force to default value */
 346:Drivers/STM32G4xx_HAL_Driver/Src/stm32g4xx_hal_spi.c ****       hspi->Init.BaudRatePrescaler = SPI_BAUDRATEPRESCALER_2;
 347:Drivers/STM32G4xx_HAL_Driver/Src/stm32g4xx_hal_spi.c ****     }
 348:Drivers/STM32G4xx_HAL_Driver/Src/stm32g4xx_hal_spi.c ****   }
 349:Drivers/STM32G4xx_HAL_Driver/Src/stm32g4xx_hal_spi.c ****   else
 350:Drivers/STM32G4xx_HAL_Driver/Src/stm32g4xx_hal_spi.c ****   {
 351:Drivers/STM32G4xx_HAL_Driver/Src/stm32g4xx_hal_spi.c ****     assert_param(IS_SPI_BAUDRATE_PRESCALER(hspi->Init.BaudRatePrescaler));
 352:Drivers/STM32G4xx_HAL_Driver/Src/stm32g4xx_hal_spi.c **** 
 353:Drivers/STM32G4xx_HAL_Driver/Src/stm32g4xx_hal_spi.c ****     /* Force polarity and phase to TI protocaol requirements */
 354:Drivers/STM32G4xx_HAL_Driver/Src/stm32g4xx_hal_spi.c ****     hspi->Init.CLKPolarity = SPI_POLARITY_LOW;
 355:Drivers/STM32G4xx_HAL_Driver/Src/stm32g4xx_hal_spi.c ****     hspi->Init.CLKPhase    = SPI_PHASE_1EDGE;
 356:Drivers/STM32G4xx_HAL_Driver/Src/stm32g4xx_hal_spi.c ****   }
 357:Drivers/STM32G4xx_HAL_Driver/Src/stm32g4xx_hal_spi.c **** #if (USE_SPI_CRC != 0U)
 358:Drivers/STM32G4xx_HAL_Driver/Src/stm32g4xx_hal_spi.c ****   assert_param(IS_SPI_CRC_CALCULATION(hspi->Init.CRCCalculation));
 359:Drivers/STM32G4xx_HAL_Driver/Src/stm32g4xx_hal_spi.c ****   if (hspi->Init.CRCCalculation == SPI_CRCCALCULATION_ENABLE)
 360:Drivers/STM32G4xx_HAL_Driver/Src/stm32g4xx_hal_spi.c ****   {
 361:Drivers/STM32G4xx_HAL_Driver/Src/stm32g4xx_hal_spi.c ****     assert_param(IS_SPI_CRC_POLYNOMIAL(hspi->Init.CRCPolynomial));
 362:Drivers/STM32G4xx_HAL_Driver/Src/stm32g4xx_hal_spi.c ****     assert_param(IS_SPI_CRC_LENGTH(hspi->Init.CRCLength));
 363:Drivers/STM32G4xx_HAL_Driver/Src/stm32g4xx_hal_spi.c ****   }
 364:Drivers/STM32G4xx_HAL_Driver/Src/stm32g4xx_hal_spi.c **** #else
 365:Drivers/STM32G4xx_HAL_Driver/Src/stm32g4xx_hal_spi.c ****   hspi->Init.CRCCalculation = SPI_CRCCALCULATION_DISABLE;
 366:Drivers/STM32G4xx_HAL_Driver/Src/stm32g4xx_hal_spi.c **** #endif /* USE_SPI_CRC */
 367:Drivers/STM32G4xx_HAL_Driver/Src/stm32g4xx_hal_spi.c **** 
 368:Drivers/STM32G4xx_HAL_Driver/Src/stm32g4xx_hal_spi.c ****   if (hspi->State == HAL_SPI_STATE_RESET)
 369:Drivers/STM32G4xx_HAL_Driver/Src/stm32g4xx_hal_spi.c ****   {
 370:Drivers/STM32G4xx_HAL_Driver/Src/stm32g4xx_hal_spi.c ****     /* Allocate lock resource and initialize it */
 371:Drivers/STM32G4xx_HAL_Driver/Src/stm32g4xx_hal_spi.c ****     hspi->Lock = HAL_UNLOCKED;
 372:Drivers/STM32G4xx_HAL_Driver/Src/stm32g4xx_hal_spi.c **** 
ARM GAS  C:\Users\Booster\AppData\Local\Temp\ccQdKe81.s 			page 8


 373:Drivers/STM32G4xx_HAL_Driver/Src/stm32g4xx_hal_spi.c **** #if (USE_HAL_SPI_REGISTER_CALLBACKS == 1U)
 374:Drivers/STM32G4xx_HAL_Driver/Src/stm32g4xx_hal_spi.c ****     /* Init the SPI Callback settings */
 375:Drivers/STM32G4xx_HAL_Driver/Src/stm32g4xx_hal_spi.c ****     hspi->TxCpltCallback       = HAL_SPI_TxCpltCallback;       /* Legacy weak TxCpltCallback       
 376:Drivers/STM32G4xx_HAL_Driver/Src/stm32g4xx_hal_spi.c ****     hspi->RxCpltCallback       = HAL_SPI_RxCpltCallback;       /* Legacy weak RxCpltCallback       
 377:Drivers/STM32G4xx_HAL_Driver/Src/stm32g4xx_hal_spi.c ****     hspi->TxRxCpltCallback     = HAL_SPI_TxRxCpltCallback;     /* Legacy weak TxRxCpltCallback     
 378:Drivers/STM32G4xx_HAL_Driver/Src/stm32g4xx_hal_spi.c ****     hspi->TxHalfCpltCallback   = HAL_SPI_TxHalfCpltCallback;   /* Legacy weak TxHalfCpltCallback   
 379:Drivers/STM32G4xx_HAL_Driver/Src/stm32g4xx_hal_spi.c ****     hspi->RxHalfCpltCallback   = HAL_SPI_RxHalfCpltCallback;   /* Legacy weak RxHalfCpltCallback   
 380:Drivers/STM32G4xx_HAL_Driver/Src/stm32g4xx_hal_spi.c ****     hspi->TxRxHalfCpltCallback = HAL_SPI_TxRxHalfCpltCallback; /* Legacy weak TxRxHalfCpltCallback 
 381:Drivers/STM32G4xx_HAL_Driver/Src/stm32g4xx_hal_spi.c ****     hspi->ErrorCallback        = HAL_SPI_ErrorCallback;        /* Legacy weak ErrorCallback        
 382:Drivers/STM32G4xx_HAL_Driver/Src/stm32g4xx_hal_spi.c ****     hspi->AbortCpltCallback    = HAL_SPI_AbortCpltCallback;    /* Legacy weak AbortCpltCallback    
 383:Drivers/STM32G4xx_HAL_Driver/Src/stm32g4xx_hal_spi.c **** 
 384:Drivers/STM32G4xx_HAL_Driver/Src/stm32g4xx_hal_spi.c ****     if (hspi->MspInitCallback == NULL)
 385:Drivers/STM32G4xx_HAL_Driver/Src/stm32g4xx_hal_spi.c ****     {
 386:Drivers/STM32G4xx_HAL_Driver/Src/stm32g4xx_hal_spi.c ****       hspi->MspInitCallback = HAL_SPI_MspInit; /* Legacy weak MspInit  */
 387:Drivers/STM32G4xx_HAL_Driver/Src/stm32g4xx_hal_spi.c ****     }
 388:Drivers/STM32G4xx_HAL_Driver/Src/stm32g4xx_hal_spi.c **** 
 389:Drivers/STM32G4xx_HAL_Driver/Src/stm32g4xx_hal_spi.c ****     /* Init the low level hardware : GPIO, CLOCK, NVIC... */
 390:Drivers/STM32G4xx_HAL_Driver/Src/stm32g4xx_hal_spi.c ****     hspi->MspInitCallback(hspi);
 391:Drivers/STM32G4xx_HAL_Driver/Src/stm32g4xx_hal_spi.c **** #else
 392:Drivers/STM32G4xx_HAL_Driver/Src/stm32g4xx_hal_spi.c ****     /* Init the low level hardware : GPIO, CLOCK, NVIC... */
 393:Drivers/STM32G4xx_HAL_Driver/Src/stm32g4xx_hal_spi.c ****     HAL_SPI_MspInit(hspi);
 394:Drivers/STM32G4xx_HAL_Driver/Src/stm32g4xx_hal_spi.c **** #endif /* USE_HAL_SPI_REGISTER_CALLBACKS */
 395:Drivers/STM32G4xx_HAL_Driver/Src/stm32g4xx_hal_spi.c ****   }
 396:Drivers/STM32G4xx_HAL_Driver/Src/stm32g4xx_hal_spi.c **** 
 397:Drivers/STM32G4xx_HAL_Driver/Src/stm32g4xx_hal_spi.c ****   hspi->State = HAL_SPI_STATE_BUSY;
 398:Drivers/STM32G4xx_HAL_Driver/Src/stm32g4xx_hal_spi.c **** 
 399:Drivers/STM32G4xx_HAL_Driver/Src/stm32g4xx_hal_spi.c ****   /* Disable the selected SPI peripheral */
 400:Drivers/STM32G4xx_HAL_Driver/Src/stm32g4xx_hal_spi.c ****   __HAL_SPI_DISABLE(hspi);
 401:Drivers/STM32G4xx_HAL_Driver/Src/stm32g4xx_hal_spi.c **** 
 402:Drivers/STM32G4xx_HAL_Driver/Src/stm32g4xx_hal_spi.c ****   /* Align by default the rs fifo threshold on the data size */
 403:Drivers/STM32G4xx_HAL_Driver/Src/stm32g4xx_hal_spi.c ****   if (hspi->Init.DataSize > SPI_DATASIZE_8BIT)
 404:Drivers/STM32G4xx_HAL_Driver/Src/stm32g4xx_hal_spi.c ****   {
 405:Drivers/STM32G4xx_HAL_Driver/Src/stm32g4xx_hal_spi.c ****     frxth = SPI_RXFIFO_THRESHOLD_HF;
 406:Drivers/STM32G4xx_HAL_Driver/Src/stm32g4xx_hal_spi.c ****   }
 407:Drivers/STM32G4xx_HAL_Driver/Src/stm32g4xx_hal_spi.c ****   else
 408:Drivers/STM32G4xx_HAL_Driver/Src/stm32g4xx_hal_spi.c ****   {
 409:Drivers/STM32G4xx_HAL_Driver/Src/stm32g4xx_hal_spi.c ****     frxth = SPI_RXFIFO_THRESHOLD_QF;
 410:Drivers/STM32G4xx_HAL_Driver/Src/stm32g4xx_hal_spi.c ****   }
 411:Drivers/STM32G4xx_HAL_Driver/Src/stm32g4xx_hal_spi.c **** 
 412:Drivers/STM32G4xx_HAL_Driver/Src/stm32g4xx_hal_spi.c ****   /* CRC calculation is valid only for 16Bit and 8 Bit */
 413:Drivers/STM32G4xx_HAL_Driver/Src/stm32g4xx_hal_spi.c ****   if ((hspi->Init.DataSize != SPI_DATASIZE_16BIT) && (hspi->Init.DataSize != SPI_DATASIZE_8BIT))
 414:Drivers/STM32G4xx_HAL_Driver/Src/stm32g4xx_hal_spi.c ****   {
 415:Drivers/STM32G4xx_HAL_Driver/Src/stm32g4xx_hal_spi.c ****     /* CRC must be disabled */
 416:Drivers/STM32G4xx_HAL_Driver/Src/stm32g4xx_hal_spi.c ****     hspi->Init.CRCCalculation = SPI_CRCCALCULATION_DISABLE;
 417:Drivers/STM32G4xx_HAL_Driver/Src/stm32g4xx_hal_spi.c ****   }
 418:Drivers/STM32G4xx_HAL_Driver/Src/stm32g4xx_hal_spi.c **** 
 419:Drivers/STM32G4xx_HAL_Driver/Src/stm32g4xx_hal_spi.c ****   /*----------------------- SPIx CR1 & CR2 Configuration ---------------------*/
 420:Drivers/STM32G4xx_HAL_Driver/Src/stm32g4xx_hal_spi.c ****   /* Configure : SPI Mode, Communication Mode, Clock polarity and phase, NSS management,
 421:Drivers/STM32G4xx_HAL_Driver/Src/stm32g4xx_hal_spi.c ****   Communication speed, First bit and CRC calculation state */
 422:Drivers/STM32G4xx_HAL_Driver/Src/stm32g4xx_hal_spi.c ****   WRITE_REG(hspi->Instance->CR1, ((hspi->Init.Mode & (SPI_CR1_MSTR | SPI_CR1_SSI)) |
 423:Drivers/STM32G4xx_HAL_Driver/Src/stm32g4xx_hal_spi.c ****                                   (hspi->Init.Direction & (SPI_CR1_RXONLY | SPI_CR1_BIDIMODE)) |
 424:Drivers/STM32G4xx_HAL_Driver/Src/stm32g4xx_hal_spi.c ****                                   (hspi->Init.CLKPolarity & SPI_CR1_CPOL) |
 425:Drivers/STM32G4xx_HAL_Driver/Src/stm32g4xx_hal_spi.c ****                                   (hspi->Init.CLKPhase & SPI_CR1_CPHA) |
 426:Drivers/STM32G4xx_HAL_Driver/Src/stm32g4xx_hal_spi.c ****                                   (hspi->Init.NSS & SPI_CR1_SSM) |
 427:Drivers/STM32G4xx_HAL_Driver/Src/stm32g4xx_hal_spi.c ****                                   (hspi->Init.BaudRatePrescaler & SPI_CR1_BR_Msk) |
 428:Drivers/STM32G4xx_HAL_Driver/Src/stm32g4xx_hal_spi.c ****                                   (hspi->Init.FirstBit  & SPI_CR1_LSBFIRST) |
 429:Drivers/STM32G4xx_HAL_Driver/Src/stm32g4xx_hal_spi.c ****                                   (hspi->Init.CRCCalculation & SPI_CR1_CRCEN)));
ARM GAS  C:\Users\Booster\AppData\Local\Temp\ccQdKe81.s 			page 9


 430:Drivers/STM32G4xx_HAL_Driver/Src/stm32g4xx_hal_spi.c **** #if (USE_SPI_CRC != 0U)
 431:Drivers/STM32G4xx_HAL_Driver/Src/stm32g4xx_hal_spi.c ****   /*---------------------------- SPIx CRCL Configuration -------------------*/
 432:Drivers/STM32G4xx_HAL_Driver/Src/stm32g4xx_hal_spi.c ****   if (hspi->Init.CRCCalculation == SPI_CRCCALCULATION_ENABLE)
 433:Drivers/STM32G4xx_HAL_Driver/Src/stm32g4xx_hal_spi.c ****   {
 434:Drivers/STM32G4xx_HAL_Driver/Src/stm32g4xx_hal_spi.c ****     /* Align the CRC Length on the data size */
 435:Drivers/STM32G4xx_HAL_Driver/Src/stm32g4xx_hal_spi.c ****     if (hspi->Init.CRCLength == SPI_CRC_LENGTH_DATASIZE)
 436:Drivers/STM32G4xx_HAL_Driver/Src/stm32g4xx_hal_spi.c ****     {
 437:Drivers/STM32G4xx_HAL_Driver/Src/stm32g4xx_hal_spi.c ****       /* CRC Length aligned on the data size : value set by default */
 438:Drivers/STM32G4xx_HAL_Driver/Src/stm32g4xx_hal_spi.c ****       if (hspi->Init.DataSize > SPI_DATASIZE_8BIT)
 439:Drivers/STM32G4xx_HAL_Driver/Src/stm32g4xx_hal_spi.c ****       {
 440:Drivers/STM32G4xx_HAL_Driver/Src/stm32g4xx_hal_spi.c ****         hspi->Init.CRCLength = SPI_CRC_LENGTH_16BIT;
 441:Drivers/STM32G4xx_HAL_Driver/Src/stm32g4xx_hal_spi.c ****       }
 442:Drivers/STM32G4xx_HAL_Driver/Src/stm32g4xx_hal_spi.c ****       else
 443:Drivers/STM32G4xx_HAL_Driver/Src/stm32g4xx_hal_spi.c ****       {
 444:Drivers/STM32G4xx_HAL_Driver/Src/stm32g4xx_hal_spi.c ****         hspi->Init.CRCLength = SPI_CRC_LENGTH_8BIT;
 445:Drivers/STM32G4xx_HAL_Driver/Src/stm32g4xx_hal_spi.c ****       }
 446:Drivers/STM32G4xx_HAL_Driver/Src/stm32g4xx_hal_spi.c ****     }
 447:Drivers/STM32G4xx_HAL_Driver/Src/stm32g4xx_hal_spi.c **** 
 448:Drivers/STM32G4xx_HAL_Driver/Src/stm32g4xx_hal_spi.c ****     /* Configure : CRC Length */
 449:Drivers/STM32G4xx_HAL_Driver/Src/stm32g4xx_hal_spi.c ****     if (hspi->Init.CRCLength == SPI_CRC_LENGTH_16BIT)
 450:Drivers/STM32G4xx_HAL_Driver/Src/stm32g4xx_hal_spi.c ****     {
 451:Drivers/STM32G4xx_HAL_Driver/Src/stm32g4xx_hal_spi.c ****       SET_BIT(hspi->Instance->CR1, SPI_CR1_CRCL);
 452:Drivers/STM32G4xx_HAL_Driver/Src/stm32g4xx_hal_spi.c ****     }
 453:Drivers/STM32G4xx_HAL_Driver/Src/stm32g4xx_hal_spi.c ****   }
 454:Drivers/STM32G4xx_HAL_Driver/Src/stm32g4xx_hal_spi.c **** #endif /* USE_SPI_CRC */
 455:Drivers/STM32G4xx_HAL_Driver/Src/stm32g4xx_hal_spi.c **** 
 456:Drivers/STM32G4xx_HAL_Driver/Src/stm32g4xx_hal_spi.c ****   /* Configure : NSS management, TI Mode, NSS Pulse, Data size and Rx Fifo threshold */
 457:Drivers/STM32G4xx_HAL_Driver/Src/stm32g4xx_hal_spi.c ****   WRITE_REG(hspi->Instance->CR2, (((hspi->Init.NSS >> 16U) & SPI_CR2_SSOE) |
 458:Drivers/STM32G4xx_HAL_Driver/Src/stm32g4xx_hal_spi.c ****                                   (hspi->Init.TIMode & SPI_CR2_FRF) |
 459:Drivers/STM32G4xx_HAL_Driver/Src/stm32g4xx_hal_spi.c ****                                   (hspi->Init.NSSPMode & SPI_CR2_NSSP) |
 460:Drivers/STM32G4xx_HAL_Driver/Src/stm32g4xx_hal_spi.c ****                                   (hspi->Init.DataSize & SPI_CR2_DS_Msk) |
 461:Drivers/STM32G4xx_HAL_Driver/Src/stm32g4xx_hal_spi.c ****                                   (frxth & SPI_CR2_FRXTH)));
 462:Drivers/STM32G4xx_HAL_Driver/Src/stm32g4xx_hal_spi.c **** 
 463:Drivers/STM32G4xx_HAL_Driver/Src/stm32g4xx_hal_spi.c **** #if (USE_SPI_CRC != 0U)
 464:Drivers/STM32G4xx_HAL_Driver/Src/stm32g4xx_hal_spi.c ****   /*---------------------------- SPIx CRCPOLY Configuration ------------------*/
 465:Drivers/STM32G4xx_HAL_Driver/Src/stm32g4xx_hal_spi.c ****   /* Configure : CRC Polynomial */
 466:Drivers/STM32G4xx_HAL_Driver/Src/stm32g4xx_hal_spi.c ****   if (hspi->Init.CRCCalculation == SPI_CRCCALCULATION_ENABLE)
 467:Drivers/STM32G4xx_HAL_Driver/Src/stm32g4xx_hal_spi.c ****   {
 468:Drivers/STM32G4xx_HAL_Driver/Src/stm32g4xx_hal_spi.c ****     WRITE_REG(hspi->Instance->CRCPR, (hspi->Init.CRCPolynomial & SPI_CRCPR_CRCPOLY_Msk));
 469:Drivers/STM32G4xx_HAL_Driver/Src/stm32g4xx_hal_spi.c ****   }
 470:Drivers/STM32G4xx_HAL_Driver/Src/stm32g4xx_hal_spi.c **** #endif /* USE_SPI_CRC */
 471:Drivers/STM32G4xx_HAL_Driver/Src/stm32g4xx_hal_spi.c **** 
 472:Drivers/STM32G4xx_HAL_Driver/Src/stm32g4xx_hal_spi.c **** #if defined(SPI_I2SCFGR_I2SMOD)
 473:Drivers/STM32G4xx_HAL_Driver/Src/stm32g4xx_hal_spi.c ****   /* Activate the SPI mode (Make sure that I2SMOD bit in I2SCFGR register is reset) */
 474:Drivers/STM32G4xx_HAL_Driver/Src/stm32g4xx_hal_spi.c ****   CLEAR_BIT(hspi->Instance->I2SCFGR, SPI_I2SCFGR_I2SMOD);
 475:Drivers/STM32G4xx_HAL_Driver/Src/stm32g4xx_hal_spi.c **** #endif /* SPI_I2SCFGR_I2SMOD */
 476:Drivers/STM32G4xx_HAL_Driver/Src/stm32g4xx_hal_spi.c **** 
 477:Drivers/STM32G4xx_HAL_Driver/Src/stm32g4xx_hal_spi.c ****   hspi->ErrorCode = HAL_SPI_ERROR_NONE;
 478:Drivers/STM32G4xx_HAL_Driver/Src/stm32g4xx_hal_spi.c ****   hspi->State     = HAL_SPI_STATE_READY;
 479:Drivers/STM32G4xx_HAL_Driver/Src/stm32g4xx_hal_spi.c **** 
 480:Drivers/STM32G4xx_HAL_Driver/Src/stm32g4xx_hal_spi.c ****   return HAL_OK;
 481:Drivers/STM32G4xx_HAL_Driver/Src/stm32g4xx_hal_spi.c **** }
 482:Drivers/STM32G4xx_HAL_Driver/Src/stm32g4xx_hal_spi.c **** 
 483:Drivers/STM32G4xx_HAL_Driver/Src/stm32g4xx_hal_spi.c **** /**
 484:Drivers/STM32G4xx_HAL_Driver/Src/stm32g4xx_hal_spi.c ****   * @brief  De-Initialize the SPI peripheral.
 485:Drivers/STM32G4xx_HAL_Driver/Src/stm32g4xx_hal_spi.c ****   * @param  hspi pointer to a SPI_HandleTypeDef structure that contains
 486:Drivers/STM32G4xx_HAL_Driver/Src/stm32g4xx_hal_spi.c ****   *               the configuration information for SPI module.
ARM GAS  C:\Users\Booster\AppData\Local\Temp\ccQdKe81.s 			page 10


 487:Drivers/STM32G4xx_HAL_Driver/Src/stm32g4xx_hal_spi.c ****   * @retval HAL status
 488:Drivers/STM32G4xx_HAL_Driver/Src/stm32g4xx_hal_spi.c ****   */
 489:Drivers/STM32G4xx_HAL_Driver/Src/stm32g4xx_hal_spi.c **** HAL_StatusTypeDef HAL_SPI_DeInit(SPI_HandleTypeDef *hspi)
 490:Drivers/STM32G4xx_HAL_Driver/Src/stm32g4xx_hal_spi.c **** {
 491:Drivers/STM32G4xx_HAL_Driver/Src/stm32g4xx_hal_spi.c ****   /* Check the SPI handle allocation */
 492:Drivers/STM32G4xx_HAL_Driver/Src/stm32g4xx_hal_spi.c ****   if (hspi == NULL)
 493:Drivers/STM32G4xx_HAL_Driver/Src/stm32g4xx_hal_spi.c ****   {
 494:Drivers/STM32G4xx_HAL_Driver/Src/stm32g4xx_hal_spi.c ****     return HAL_ERROR;
 495:Drivers/STM32G4xx_HAL_Driver/Src/stm32g4xx_hal_spi.c ****   }
 496:Drivers/STM32G4xx_HAL_Driver/Src/stm32g4xx_hal_spi.c **** 
 497:Drivers/STM32G4xx_HAL_Driver/Src/stm32g4xx_hal_spi.c ****   /* Check SPI Instance parameter */
 498:Drivers/STM32G4xx_HAL_Driver/Src/stm32g4xx_hal_spi.c ****   assert_param(IS_SPI_ALL_INSTANCE(hspi->Instance));
 499:Drivers/STM32G4xx_HAL_Driver/Src/stm32g4xx_hal_spi.c **** 
 500:Drivers/STM32G4xx_HAL_Driver/Src/stm32g4xx_hal_spi.c ****   hspi->State = HAL_SPI_STATE_BUSY;
 501:Drivers/STM32G4xx_HAL_Driver/Src/stm32g4xx_hal_spi.c **** 
 502:Drivers/STM32G4xx_HAL_Driver/Src/stm32g4xx_hal_spi.c ****   /* Disable the SPI Peripheral Clock */
 503:Drivers/STM32G4xx_HAL_Driver/Src/stm32g4xx_hal_spi.c ****   __HAL_SPI_DISABLE(hspi);
 504:Drivers/STM32G4xx_HAL_Driver/Src/stm32g4xx_hal_spi.c **** 
 505:Drivers/STM32G4xx_HAL_Driver/Src/stm32g4xx_hal_spi.c **** #if (USE_HAL_SPI_REGISTER_CALLBACKS == 1U)
 506:Drivers/STM32G4xx_HAL_Driver/Src/stm32g4xx_hal_spi.c ****   if (hspi->MspDeInitCallback == NULL)
 507:Drivers/STM32G4xx_HAL_Driver/Src/stm32g4xx_hal_spi.c ****   {
 508:Drivers/STM32G4xx_HAL_Driver/Src/stm32g4xx_hal_spi.c ****     hspi->MspDeInitCallback = HAL_SPI_MspDeInit; /* Legacy weak MspDeInit  */
 509:Drivers/STM32G4xx_HAL_Driver/Src/stm32g4xx_hal_spi.c ****   }
 510:Drivers/STM32G4xx_HAL_Driver/Src/stm32g4xx_hal_spi.c **** 
 511:Drivers/STM32G4xx_HAL_Driver/Src/stm32g4xx_hal_spi.c ****   /* DeInit the low level hardware: GPIO, CLOCK, NVIC... */
 512:Drivers/STM32G4xx_HAL_Driver/Src/stm32g4xx_hal_spi.c ****   hspi->MspDeInitCallback(hspi);
 513:Drivers/STM32G4xx_HAL_Driver/Src/stm32g4xx_hal_spi.c **** #else
 514:Drivers/STM32G4xx_HAL_Driver/Src/stm32g4xx_hal_spi.c ****   /* DeInit the low level hardware: GPIO, CLOCK, NVIC... */
 515:Drivers/STM32G4xx_HAL_Driver/Src/stm32g4xx_hal_spi.c ****   HAL_SPI_MspDeInit(hspi);
 516:Drivers/STM32G4xx_HAL_Driver/Src/stm32g4xx_hal_spi.c **** #endif /* USE_HAL_SPI_REGISTER_CALLBACKS */
 517:Drivers/STM32G4xx_HAL_Driver/Src/stm32g4xx_hal_spi.c **** 
 518:Drivers/STM32G4xx_HAL_Driver/Src/stm32g4xx_hal_spi.c ****   hspi->ErrorCode = HAL_SPI_ERROR_NONE;
 519:Drivers/STM32G4xx_HAL_Driver/Src/stm32g4xx_hal_spi.c ****   hspi->State = HAL_SPI_STATE_RESET;
 520:Drivers/STM32G4xx_HAL_Driver/Src/stm32g4xx_hal_spi.c **** 
 521:Drivers/STM32G4xx_HAL_Driver/Src/stm32g4xx_hal_spi.c ****   /* Release Lock */
 522:Drivers/STM32G4xx_HAL_Driver/Src/stm32g4xx_hal_spi.c ****   __HAL_UNLOCK(hspi);
 523:Drivers/STM32G4xx_HAL_Driver/Src/stm32g4xx_hal_spi.c **** 
 524:Drivers/STM32G4xx_HAL_Driver/Src/stm32g4xx_hal_spi.c ****   return HAL_OK;
 525:Drivers/STM32G4xx_HAL_Driver/Src/stm32g4xx_hal_spi.c **** }
 526:Drivers/STM32G4xx_HAL_Driver/Src/stm32g4xx_hal_spi.c **** 
 527:Drivers/STM32G4xx_HAL_Driver/Src/stm32g4xx_hal_spi.c **** /**
 528:Drivers/STM32G4xx_HAL_Driver/Src/stm32g4xx_hal_spi.c ****   * @brief  Initialize the SPI MSP.
 529:Drivers/STM32G4xx_HAL_Driver/Src/stm32g4xx_hal_spi.c ****   * @param  hspi pointer to a SPI_HandleTypeDef structure that contains
 530:Drivers/STM32G4xx_HAL_Driver/Src/stm32g4xx_hal_spi.c ****   *               the configuration information for SPI module.
 531:Drivers/STM32G4xx_HAL_Driver/Src/stm32g4xx_hal_spi.c ****   * @retval None
 532:Drivers/STM32G4xx_HAL_Driver/Src/stm32g4xx_hal_spi.c ****   */
 533:Drivers/STM32G4xx_HAL_Driver/Src/stm32g4xx_hal_spi.c **** __weak void HAL_SPI_MspInit(SPI_HandleTypeDef *hspi)
 534:Drivers/STM32G4xx_HAL_Driver/Src/stm32g4xx_hal_spi.c **** {
 535:Drivers/STM32G4xx_HAL_Driver/Src/stm32g4xx_hal_spi.c ****   /* Prevent unused argument(s) compilation warning */
 536:Drivers/STM32G4xx_HAL_Driver/Src/stm32g4xx_hal_spi.c ****   UNUSED(hspi);
 537:Drivers/STM32G4xx_HAL_Driver/Src/stm32g4xx_hal_spi.c **** 
 538:Drivers/STM32G4xx_HAL_Driver/Src/stm32g4xx_hal_spi.c ****   /* NOTE : This function should not be modified, when the callback is needed,
 539:Drivers/STM32G4xx_HAL_Driver/Src/stm32g4xx_hal_spi.c ****             the HAL_SPI_MspInit should be implemented in the user file
 540:Drivers/STM32G4xx_HAL_Driver/Src/stm32g4xx_hal_spi.c ****    */
 541:Drivers/STM32G4xx_HAL_Driver/Src/stm32g4xx_hal_spi.c **** }
 542:Drivers/STM32G4xx_HAL_Driver/Src/stm32g4xx_hal_spi.c **** 
 543:Drivers/STM32G4xx_HAL_Driver/Src/stm32g4xx_hal_spi.c **** /**
ARM GAS  C:\Users\Booster\AppData\Local\Temp\ccQdKe81.s 			page 11


 544:Drivers/STM32G4xx_HAL_Driver/Src/stm32g4xx_hal_spi.c ****   * @brief  De-Initialize the SPI MSP.
 545:Drivers/STM32G4xx_HAL_Driver/Src/stm32g4xx_hal_spi.c ****   * @param  hspi pointer to a SPI_HandleTypeDef structure that contains
 546:Drivers/STM32G4xx_HAL_Driver/Src/stm32g4xx_hal_spi.c ****   *               the configuration information for SPI module.
 547:Drivers/STM32G4xx_HAL_Driver/Src/stm32g4xx_hal_spi.c ****   * @retval None
 548:Drivers/STM32G4xx_HAL_Driver/Src/stm32g4xx_hal_spi.c ****   */
 549:Drivers/STM32G4xx_HAL_Driver/Src/stm32g4xx_hal_spi.c **** __weak void HAL_SPI_MspDeInit(SPI_HandleTypeDef *hspi)
 550:Drivers/STM32G4xx_HAL_Driver/Src/stm32g4xx_hal_spi.c **** {
 551:Drivers/STM32G4xx_HAL_Driver/Src/stm32g4xx_hal_spi.c ****   /* Prevent unused argument(s) compilation warning */
 552:Drivers/STM32G4xx_HAL_Driver/Src/stm32g4xx_hal_spi.c ****   UNUSED(hspi);
 553:Drivers/STM32G4xx_HAL_Driver/Src/stm32g4xx_hal_spi.c **** 
 554:Drivers/STM32G4xx_HAL_Driver/Src/stm32g4xx_hal_spi.c ****   /* NOTE : This function should not be modified, when the callback is needed,
 555:Drivers/STM32G4xx_HAL_Driver/Src/stm32g4xx_hal_spi.c ****             the HAL_SPI_MspDeInit should be implemented in the user file
 556:Drivers/STM32G4xx_HAL_Driver/Src/stm32g4xx_hal_spi.c ****    */
 557:Drivers/STM32G4xx_HAL_Driver/Src/stm32g4xx_hal_spi.c **** }
 558:Drivers/STM32G4xx_HAL_Driver/Src/stm32g4xx_hal_spi.c **** 
 559:Drivers/STM32G4xx_HAL_Driver/Src/stm32g4xx_hal_spi.c **** #if (USE_HAL_SPI_REGISTER_CALLBACKS == 1U)
 560:Drivers/STM32G4xx_HAL_Driver/Src/stm32g4xx_hal_spi.c **** /**
 561:Drivers/STM32G4xx_HAL_Driver/Src/stm32g4xx_hal_spi.c ****   * @brief  Register a User SPI Callback
 562:Drivers/STM32G4xx_HAL_Driver/Src/stm32g4xx_hal_spi.c ****   *         To be used instead of the weak predefined callback
 563:Drivers/STM32G4xx_HAL_Driver/Src/stm32g4xx_hal_spi.c ****   * @param  hspi Pointer to a SPI_HandleTypeDef structure that contains
 564:Drivers/STM32G4xx_HAL_Driver/Src/stm32g4xx_hal_spi.c ****   *                the configuration information for the specified SPI.
 565:Drivers/STM32G4xx_HAL_Driver/Src/stm32g4xx_hal_spi.c ****   * @param  CallbackID ID of the callback to be registered
 566:Drivers/STM32G4xx_HAL_Driver/Src/stm32g4xx_hal_spi.c ****   * @param  pCallback pointer to the Callback function
 567:Drivers/STM32G4xx_HAL_Driver/Src/stm32g4xx_hal_spi.c ****   * @retval HAL status
 568:Drivers/STM32G4xx_HAL_Driver/Src/stm32g4xx_hal_spi.c ****   */
 569:Drivers/STM32G4xx_HAL_Driver/Src/stm32g4xx_hal_spi.c **** HAL_StatusTypeDef HAL_SPI_RegisterCallback(SPI_HandleTypeDef *hspi, HAL_SPI_CallbackIDTypeDef Callb
 570:Drivers/STM32G4xx_HAL_Driver/Src/stm32g4xx_hal_spi.c ****                                            pSPI_CallbackTypeDef pCallback)
 571:Drivers/STM32G4xx_HAL_Driver/Src/stm32g4xx_hal_spi.c **** {
 572:Drivers/STM32G4xx_HAL_Driver/Src/stm32g4xx_hal_spi.c ****   HAL_StatusTypeDef status = HAL_OK;
 573:Drivers/STM32G4xx_HAL_Driver/Src/stm32g4xx_hal_spi.c **** 
 574:Drivers/STM32G4xx_HAL_Driver/Src/stm32g4xx_hal_spi.c ****   if (pCallback == NULL)
 575:Drivers/STM32G4xx_HAL_Driver/Src/stm32g4xx_hal_spi.c ****   {
 576:Drivers/STM32G4xx_HAL_Driver/Src/stm32g4xx_hal_spi.c ****     /* Update the error code */
 577:Drivers/STM32G4xx_HAL_Driver/Src/stm32g4xx_hal_spi.c ****     hspi->ErrorCode |= HAL_SPI_ERROR_INVALID_CALLBACK;
 578:Drivers/STM32G4xx_HAL_Driver/Src/stm32g4xx_hal_spi.c **** 
 579:Drivers/STM32G4xx_HAL_Driver/Src/stm32g4xx_hal_spi.c ****     return HAL_ERROR;
 580:Drivers/STM32G4xx_HAL_Driver/Src/stm32g4xx_hal_spi.c ****   }
 581:Drivers/STM32G4xx_HAL_Driver/Src/stm32g4xx_hal_spi.c ****   /* Process locked */
 582:Drivers/STM32G4xx_HAL_Driver/Src/stm32g4xx_hal_spi.c ****   __HAL_LOCK(hspi);
 583:Drivers/STM32G4xx_HAL_Driver/Src/stm32g4xx_hal_spi.c **** 
 584:Drivers/STM32G4xx_HAL_Driver/Src/stm32g4xx_hal_spi.c ****   if (HAL_SPI_STATE_READY == hspi->State)
 585:Drivers/STM32G4xx_HAL_Driver/Src/stm32g4xx_hal_spi.c ****   {
 586:Drivers/STM32G4xx_HAL_Driver/Src/stm32g4xx_hal_spi.c ****     switch (CallbackID)
 587:Drivers/STM32G4xx_HAL_Driver/Src/stm32g4xx_hal_spi.c ****     {
 588:Drivers/STM32G4xx_HAL_Driver/Src/stm32g4xx_hal_spi.c ****       case HAL_SPI_TX_COMPLETE_CB_ID :
 589:Drivers/STM32G4xx_HAL_Driver/Src/stm32g4xx_hal_spi.c ****         hspi->TxCpltCallback = pCallback;
 590:Drivers/STM32G4xx_HAL_Driver/Src/stm32g4xx_hal_spi.c ****         break;
 591:Drivers/STM32G4xx_HAL_Driver/Src/stm32g4xx_hal_spi.c **** 
 592:Drivers/STM32G4xx_HAL_Driver/Src/stm32g4xx_hal_spi.c ****       case HAL_SPI_RX_COMPLETE_CB_ID :
 593:Drivers/STM32G4xx_HAL_Driver/Src/stm32g4xx_hal_spi.c ****         hspi->RxCpltCallback = pCallback;
 594:Drivers/STM32G4xx_HAL_Driver/Src/stm32g4xx_hal_spi.c ****         break;
 595:Drivers/STM32G4xx_HAL_Driver/Src/stm32g4xx_hal_spi.c **** 
 596:Drivers/STM32G4xx_HAL_Driver/Src/stm32g4xx_hal_spi.c ****       case HAL_SPI_TX_RX_COMPLETE_CB_ID :
 597:Drivers/STM32G4xx_HAL_Driver/Src/stm32g4xx_hal_spi.c ****         hspi->TxRxCpltCallback = pCallback;
 598:Drivers/STM32G4xx_HAL_Driver/Src/stm32g4xx_hal_spi.c ****         break;
 599:Drivers/STM32G4xx_HAL_Driver/Src/stm32g4xx_hal_spi.c **** 
 600:Drivers/STM32G4xx_HAL_Driver/Src/stm32g4xx_hal_spi.c ****       case HAL_SPI_TX_HALF_COMPLETE_CB_ID :
ARM GAS  C:\Users\Booster\AppData\Local\Temp\ccQdKe81.s 			page 12


 601:Drivers/STM32G4xx_HAL_Driver/Src/stm32g4xx_hal_spi.c ****         hspi->TxHalfCpltCallback = pCallback;
 602:Drivers/STM32G4xx_HAL_Driver/Src/stm32g4xx_hal_spi.c ****         break;
 603:Drivers/STM32G4xx_HAL_Driver/Src/stm32g4xx_hal_spi.c **** 
 604:Drivers/STM32G4xx_HAL_Driver/Src/stm32g4xx_hal_spi.c ****       case HAL_SPI_RX_HALF_COMPLETE_CB_ID :
 605:Drivers/STM32G4xx_HAL_Driver/Src/stm32g4xx_hal_spi.c ****         hspi->RxHalfCpltCallback = pCallback;
 606:Drivers/STM32G4xx_HAL_Driver/Src/stm32g4xx_hal_spi.c ****         break;
 607:Drivers/STM32G4xx_HAL_Driver/Src/stm32g4xx_hal_spi.c **** 
 608:Drivers/STM32G4xx_HAL_Driver/Src/stm32g4xx_hal_spi.c ****       case HAL_SPI_TX_RX_HALF_COMPLETE_CB_ID :
 609:Drivers/STM32G4xx_HAL_Driver/Src/stm32g4xx_hal_spi.c ****         hspi->TxRxHalfCpltCallback = pCallback;
 610:Drivers/STM32G4xx_HAL_Driver/Src/stm32g4xx_hal_spi.c ****         break;
 611:Drivers/STM32G4xx_HAL_Driver/Src/stm32g4xx_hal_spi.c **** 
 612:Drivers/STM32G4xx_HAL_Driver/Src/stm32g4xx_hal_spi.c ****       case HAL_SPI_ERROR_CB_ID :
 613:Drivers/STM32G4xx_HAL_Driver/Src/stm32g4xx_hal_spi.c ****         hspi->ErrorCallback = pCallback;
 614:Drivers/STM32G4xx_HAL_Driver/Src/stm32g4xx_hal_spi.c ****         break;
 615:Drivers/STM32G4xx_HAL_Driver/Src/stm32g4xx_hal_spi.c **** 
 616:Drivers/STM32G4xx_HAL_Driver/Src/stm32g4xx_hal_spi.c ****       case HAL_SPI_ABORT_CB_ID :
 617:Drivers/STM32G4xx_HAL_Driver/Src/stm32g4xx_hal_spi.c ****         hspi->AbortCpltCallback = pCallback;
 618:Drivers/STM32G4xx_HAL_Driver/Src/stm32g4xx_hal_spi.c ****         break;
 619:Drivers/STM32G4xx_HAL_Driver/Src/stm32g4xx_hal_spi.c **** 
 620:Drivers/STM32G4xx_HAL_Driver/Src/stm32g4xx_hal_spi.c ****       case HAL_SPI_MSPINIT_CB_ID :
 621:Drivers/STM32G4xx_HAL_Driver/Src/stm32g4xx_hal_spi.c ****         hspi->MspInitCallback = pCallback;
 622:Drivers/STM32G4xx_HAL_Driver/Src/stm32g4xx_hal_spi.c ****         break;
 623:Drivers/STM32G4xx_HAL_Driver/Src/stm32g4xx_hal_spi.c **** 
 624:Drivers/STM32G4xx_HAL_Driver/Src/stm32g4xx_hal_spi.c ****       case HAL_SPI_MSPDEINIT_CB_ID :
 625:Drivers/STM32G4xx_HAL_Driver/Src/stm32g4xx_hal_spi.c ****         hspi->MspDeInitCallback = pCallback;
 626:Drivers/STM32G4xx_HAL_Driver/Src/stm32g4xx_hal_spi.c ****         break;
 627:Drivers/STM32G4xx_HAL_Driver/Src/stm32g4xx_hal_spi.c **** 
 628:Drivers/STM32G4xx_HAL_Driver/Src/stm32g4xx_hal_spi.c ****       default :
 629:Drivers/STM32G4xx_HAL_Driver/Src/stm32g4xx_hal_spi.c ****         /* Update the error code */
 630:Drivers/STM32G4xx_HAL_Driver/Src/stm32g4xx_hal_spi.c ****         SET_BIT(hspi->ErrorCode, HAL_SPI_ERROR_INVALID_CALLBACK);
 631:Drivers/STM32G4xx_HAL_Driver/Src/stm32g4xx_hal_spi.c **** 
 632:Drivers/STM32G4xx_HAL_Driver/Src/stm32g4xx_hal_spi.c ****         /* Return error status */
 633:Drivers/STM32G4xx_HAL_Driver/Src/stm32g4xx_hal_spi.c ****         status =  HAL_ERROR;
 634:Drivers/STM32G4xx_HAL_Driver/Src/stm32g4xx_hal_spi.c ****         break;
 635:Drivers/STM32G4xx_HAL_Driver/Src/stm32g4xx_hal_spi.c ****     }
 636:Drivers/STM32G4xx_HAL_Driver/Src/stm32g4xx_hal_spi.c ****   }
 637:Drivers/STM32G4xx_HAL_Driver/Src/stm32g4xx_hal_spi.c ****   else if (HAL_SPI_STATE_RESET == hspi->State)
 638:Drivers/STM32G4xx_HAL_Driver/Src/stm32g4xx_hal_spi.c ****   {
 639:Drivers/STM32G4xx_HAL_Driver/Src/stm32g4xx_hal_spi.c ****     switch (CallbackID)
 640:Drivers/STM32G4xx_HAL_Driver/Src/stm32g4xx_hal_spi.c ****     {
 641:Drivers/STM32G4xx_HAL_Driver/Src/stm32g4xx_hal_spi.c ****       case HAL_SPI_MSPINIT_CB_ID :
 642:Drivers/STM32G4xx_HAL_Driver/Src/stm32g4xx_hal_spi.c ****         hspi->MspInitCallback = pCallback;
 643:Drivers/STM32G4xx_HAL_Driver/Src/stm32g4xx_hal_spi.c ****         break;
 644:Drivers/STM32G4xx_HAL_Driver/Src/stm32g4xx_hal_spi.c **** 
 645:Drivers/STM32G4xx_HAL_Driver/Src/stm32g4xx_hal_spi.c ****       case HAL_SPI_MSPDEINIT_CB_ID :
 646:Drivers/STM32G4xx_HAL_Driver/Src/stm32g4xx_hal_spi.c ****         hspi->MspDeInitCallback = pCallback;
 647:Drivers/STM32G4xx_HAL_Driver/Src/stm32g4xx_hal_spi.c ****         break;
 648:Drivers/STM32G4xx_HAL_Driver/Src/stm32g4xx_hal_spi.c **** 
 649:Drivers/STM32G4xx_HAL_Driver/Src/stm32g4xx_hal_spi.c ****       default :
 650:Drivers/STM32G4xx_HAL_Driver/Src/stm32g4xx_hal_spi.c ****         /* Update the error code */
 651:Drivers/STM32G4xx_HAL_Driver/Src/stm32g4xx_hal_spi.c ****         SET_BIT(hspi->ErrorCode, HAL_SPI_ERROR_INVALID_CALLBACK);
 652:Drivers/STM32G4xx_HAL_Driver/Src/stm32g4xx_hal_spi.c **** 
 653:Drivers/STM32G4xx_HAL_Driver/Src/stm32g4xx_hal_spi.c ****         /* Return error status */
 654:Drivers/STM32G4xx_HAL_Driver/Src/stm32g4xx_hal_spi.c ****         status =  HAL_ERROR;
 655:Drivers/STM32G4xx_HAL_Driver/Src/stm32g4xx_hal_spi.c ****         break;
 656:Drivers/STM32G4xx_HAL_Driver/Src/stm32g4xx_hal_spi.c ****     }
 657:Drivers/STM32G4xx_HAL_Driver/Src/stm32g4xx_hal_spi.c ****   }
ARM GAS  C:\Users\Booster\AppData\Local\Temp\ccQdKe81.s 			page 13


 658:Drivers/STM32G4xx_HAL_Driver/Src/stm32g4xx_hal_spi.c ****   else
 659:Drivers/STM32G4xx_HAL_Driver/Src/stm32g4xx_hal_spi.c ****   {
 660:Drivers/STM32G4xx_HAL_Driver/Src/stm32g4xx_hal_spi.c ****     /* Update the error code */
 661:Drivers/STM32G4xx_HAL_Driver/Src/stm32g4xx_hal_spi.c ****     SET_BIT(hspi->ErrorCode, HAL_SPI_ERROR_INVALID_CALLBACK);
 662:Drivers/STM32G4xx_HAL_Driver/Src/stm32g4xx_hal_spi.c **** 
 663:Drivers/STM32G4xx_HAL_Driver/Src/stm32g4xx_hal_spi.c ****     /* Return error status */
 664:Drivers/STM32G4xx_HAL_Driver/Src/stm32g4xx_hal_spi.c ****     status =  HAL_ERROR;
 665:Drivers/STM32G4xx_HAL_Driver/Src/stm32g4xx_hal_spi.c ****   }
 666:Drivers/STM32G4xx_HAL_Driver/Src/stm32g4xx_hal_spi.c **** 
 667:Drivers/STM32G4xx_HAL_Driver/Src/stm32g4xx_hal_spi.c ****   /* Release Lock */
 668:Drivers/STM32G4xx_HAL_Driver/Src/stm32g4xx_hal_spi.c ****   __HAL_UNLOCK(hspi);
 669:Drivers/STM32G4xx_HAL_Driver/Src/stm32g4xx_hal_spi.c ****   return status;
 670:Drivers/STM32G4xx_HAL_Driver/Src/stm32g4xx_hal_spi.c **** }
 671:Drivers/STM32G4xx_HAL_Driver/Src/stm32g4xx_hal_spi.c **** 
 672:Drivers/STM32G4xx_HAL_Driver/Src/stm32g4xx_hal_spi.c **** /**
 673:Drivers/STM32G4xx_HAL_Driver/Src/stm32g4xx_hal_spi.c ****   * @brief  Unregister an SPI Callback
 674:Drivers/STM32G4xx_HAL_Driver/Src/stm32g4xx_hal_spi.c ****   *         SPI callback is redirected to the weak predefined callback
 675:Drivers/STM32G4xx_HAL_Driver/Src/stm32g4xx_hal_spi.c ****   * @param  hspi Pointer to a SPI_HandleTypeDef structure that contains
 676:Drivers/STM32G4xx_HAL_Driver/Src/stm32g4xx_hal_spi.c ****   *                the configuration information for the specified SPI.
 677:Drivers/STM32G4xx_HAL_Driver/Src/stm32g4xx_hal_spi.c ****   * @param  CallbackID ID of the callback to be unregistered
 678:Drivers/STM32G4xx_HAL_Driver/Src/stm32g4xx_hal_spi.c ****   * @retval HAL status
 679:Drivers/STM32G4xx_HAL_Driver/Src/stm32g4xx_hal_spi.c ****   */
 680:Drivers/STM32G4xx_HAL_Driver/Src/stm32g4xx_hal_spi.c **** HAL_StatusTypeDef HAL_SPI_UnRegisterCallback(SPI_HandleTypeDef *hspi, HAL_SPI_CallbackIDTypeDef Cal
 681:Drivers/STM32G4xx_HAL_Driver/Src/stm32g4xx_hal_spi.c **** {
 682:Drivers/STM32G4xx_HAL_Driver/Src/stm32g4xx_hal_spi.c ****   HAL_StatusTypeDef status = HAL_OK;
 683:Drivers/STM32G4xx_HAL_Driver/Src/stm32g4xx_hal_spi.c **** 
 684:Drivers/STM32G4xx_HAL_Driver/Src/stm32g4xx_hal_spi.c ****   /* Process locked */
 685:Drivers/STM32G4xx_HAL_Driver/Src/stm32g4xx_hal_spi.c ****   __HAL_LOCK(hspi);
 686:Drivers/STM32G4xx_HAL_Driver/Src/stm32g4xx_hal_spi.c **** 
 687:Drivers/STM32G4xx_HAL_Driver/Src/stm32g4xx_hal_spi.c ****   if (HAL_SPI_STATE_READY == hspi->State)
 688:Drivers/STM32G4xx_HAL_Driver/Src/stm32g4xx_hal_spi.c ****   {
 689:Drivers/STM32G4xx_HAL_Driver/Src/stm32g4xx_hal_spi.c ****     switch (CallbackID)
 690:Drivers/STM32G4xx_HAL_Driver/Src/stm32g4xx_hal_spi.c ****     {
 691:Drivers/STM32G4xx_HAL_Driver/Src/stm32g4xx_hal_spi.c ****       case HAL_SPI_TX_COMPLETE_CB_ID :
 692:Drivers/STM32G4xx_HAL_Driver/Src/stm32g4xx_hal_spi.c ****         hspi->TxCpltCallback = HAL_SPI_TxCpltCallback;             /* Legacy weak TxCpltCallback   
 693:Drivers/STM32G4xx_HAL_Driver/Src/stm32g4xx_hal_spi.c ****         break;
 694:Drivers/STM32G4xx_HAL_Driver/Src/stm32g4xx_hal_spi.c **** 
 695:Drivers/STM32G4xx_HAL_Driver/Src/stm32g4xx_hal_spi.c ****       case HAL_SPI_RX_COMPLETE_CB_ID :
 696:Drivers/STM32G4xx_HAL_Driver/Src/stm32g4xx_hal_spi.c ****         hspi->RxCpltCallback = HAL_SPI_RxCpltCallback;             /* Legacy weak RxCpltCallback   
 697:Drivers/STM32G4xx_HAL_Driver/Src/stm32g4xx_hal_spi.c ****         break;
 698:Drivers/STM32G4xx_HAL_Driver/Src/stm32g4xx_hal_spi.c **** 
 699:Drivers/STM32G4xx_HAL_Driver/Src/stm32g4xx_hal_spi.c ****       case HAL_SPI_TX_RX_COMPLETE_CB_ID :
 700:Drivers/STM32G4xx_HAL_Driver/Src/stm32g4xx_hal_spi.c ****         hspi->TxRxCpltCallback = HAL_SPI_TxRxCpltCallback;         /* Legacy weak TxRxCpltCallback 
 701:Drivers/STM32G4xx_HAL_Driver/Src/stm32g4xx_hal_spi.c ****         break;
 702:Drivers/STM32G4xx_HAL_Driver/Src/stm32g4xx_hal_spi.c **** 
 703:Drivers/STM32G4xx_HAL_Driver/Src/stm32g4xx_hal_spi.c ****       case HAL_SPI_TX_HALF_COMPLETE_CB_ID :
 704:Drivers/STM32G4xx_HAL_Driver/Src/stm32g4xx_hal_spi.c ****         hspi->TxHalfCpltCallback = HAL_SPI_TxHalfCpltCallback;     /* Legacy weak TxHalfCpltCallbac
 705:Drivers/STM32G4xx_HAL_Driver/Src/stm32g4xx_hal_spi.c ****         break;
 706:Drivers/STM32G4xx_HAL_Driver/Src/stm32g4xx_hal_spi.c **** 
 707:Drivers/STM32G4xx_HAL_Driver/Src/stm32g4xx_hal_spi.c ****       case HAL_SPI_RX_HALF_COMPLETE_CB_ID :
 708:Drivers/STM32G4xx_HAL_Driver/Src/stm32g4xx_hal_spi.c ****         hspi->RxHalfCpltCallback = HAL_SPI_RxHalfCpltCallback;     /* Legacy weak RxHalfCpltCallbac
 709:Drivers/STM32G4xx_HAL_Driver/Src/stm32g4xx_hal_spi.c ****         break;
 710:Drivers/STM32G4xx_HAL_Driver/Src/stm32g4xx_hal_spi.c **** 
 711:Drivers/STM32G4xx_HAL_Driver/Src/stm32g4xx_hal_spi.c ****       case HAL_SPI_TX_RX_HALF_COMPLETE_CB_ID :
 712:Drivers/STM32G4xx_HAL_Driver/Src/stm32g4xx_hal_spi.c ****         hspi->TxRxHalfCpltCallback = HAL_SPI_TxRxHalfCpltCallback; /* Legacy weak TxRxHalfCpltCallb
 713:Drivers/STM32G4xx_HAL_Driver/Src/stm32g4xx_hal_spi.c ****         break;
 714:Drivers/STM32G4xx_HAL_Driver/Src/stm32g4xx_hal_spi.c **** 
ARM GAS  C:\Users\Booster\AppData\Local\Temp\ccQdKe81.s 			page 14


 715:Drivers/STM32G4xx_HAL_Driver/Src/stm32g4xx_hal_spi.c ****       case HAL_SPI_ERROR_CB_ID :
 716:Drivers/STM32G4xx_HAL_Driver/Src/stm32g4xx_hal_spi.c ****         hspi->ErrorCallback = HAL_SPI_ErrorCallback;               /* Legacy weak ErrorCallback    
 717:Drivers/STM32G4xx_HAL_Driver/Src/stm32g4xx_hal_spi.c ****         break;
 718:Drivers/STM32G4xx_HAL_Driver/Src/stm32g4xx_hal_spi.c **** 
 719:Drivers/STM32G4xx_HAL_Driver/Src/stm32g4xx_hal_spi.c ****       case HAL_SPI_ABORT_CB_ID :
 720:Drivers/STM32G4xx_HAL_Driver/Src/stm32g4xx_hal_spi.c ****         hspi->AbortCpltCallback = HAL_SPI_AbortCpltCallback;       /* Legacy weak AbortCpltCallback
 721:Drivers/STM32G4xx_HAL_Driver/Src/stm32g4xx_hal_spi.c ****         break;
 722:Drivers/STM32G4xx_HAL_Driver/Src/stm32g4xx_hal_spi.c **** 
 723:Drivers/STM32G4xx_HAL_Driver/Src/stm32g4xx_hal_spi.c ****       case HAL_SPI_MSPINIT_CB_ID :
 724:Drivers/STM32G4xx_HAL_Driver/Src/stm32g4xx_hal_spi.c ****         hspi->MspInitCallback = HAL_SPI_MspInit;                   /* Legacy weak MspInit          
 725:Drivers/STM32G4xx_HAL_Driver/Src/stm32g4xx_hal_spi.c ****         break;
 726:Drivers/STM32G4xx_HAL_Driver/Src/stm32g4xx_hal_spi.c **** 
 727:Drivers/STM32G4xx_HAL_Driver/Src/stm32g4xx_hal_spi.c ****       case HAL_SPI_MSPDEINIT_CB_ID :
 728:Drivers/STM32G4xx_HAL_Driver/Src/stm32g4xx_hal_spi.c ****         hspi->MspDeInitCallback = HAL_SPI_MspDeInit;               /* Legacy weak MspDeInit        
 729:Drivers/STM32G4xx_HAL_Driver/Src/stm32g4xx_hal_spi.c ****         break;
 730:Drivers/STM32G4xx_HAL_Driver/Src/stm32g4xx_hal_spi.c **** 
 731:Drivers/STM32G4xx_HAL_Driver/Src/stm32g4xx_hal_spi.c ****       default :
 732:Drivers/STM32G4xx_HAL_Driver/Src/stm32g4xx_hal_spi.c ****         /* Update the error code */
 733:Drivers/STM32G4xx_HAL_Driver/Src/stm32g4xx_hal_spi.c ****         SET_BIT(hspi->ErrorCode, HAL_SPI_ERROR_INVALID_CALLBACK);
 734:Drivers/STM32G4xx_HAL_Driver/Src/stm32g4xx_hal_spi.c **** 
 735:Drivers/STM32G4xx_HAL_Driver/Src/stm32g4xx_hal_spi.c ****         /* Return error status */
 736:Drivers/STM32G4xx_HAL_Driver/Src/stm32g4xx_hal_spi.c ****         status =  HAL_ERROR;
 737:Drivers/STM32G4xx_HAL_Driver/Src/stm32g4xx_hal_spi.c ****         break;
 738:Drivers/STM32G4xx_HAL_Driver/Src/stm32g4xx_hal_spi.c ****     }
 739:Drivers/STM32G4xx_HAL_Driver/Src/stm32g4xx_hal_spi.c ****   }
 740:Drivers/STM32G4xx_HAL_Driver/Src/stm32g4xx_hal_spi.c ****   else if (HAL_SPI_STATE_RESET == hspi->State)
 741:Drivers/STM32G4xx_HAL_Driver/Src/stm32g4xx_hal_spi.c ****   {
 742:Drivers/STM32G4xx_HAL_Driver/Src/stm32g4xx_hal_spi.c ****     switch (CallbackID)
 743:Drivers/STM32G4xx_HAL_Driver/Src/stm32g4xx_hal_spi.c ****     {
 744:Drivers/STM32G4xx_HAL_Driver/Src/stm32g4xx_hal_spi.c ****       case HAL_SPI_MSPINIT_CB_ID :
 745:Drivers/STM32G4xx_HAL_Driver/Src/stm32g4xx_hal_spi.c ****         hspi->MspInitCallback = HAL_SPI_MspInit;                   /* Legacy weak MspInit          
 746:Drivers/STM32G4xx_HAL_Driver/Src/stm32g4xx_hal_spi.c ****         break;
 747:Drivers/STM32G4xx_HAL_Driver/Src/stm32g4xx_hal_spi.c **** 
 748:Drivers/STM32G4xx_HAL_Driver/Src/stm32g4xx_hal_spi.c ****       case HAL_SPI_MSPDEINIT_CB_ID :
 749:Drivers/STM32G4xx_HAL_Driver/Src/stm32g4xx_hal_spi.c ****         hspi->MspDeInitCallback = HAL_SPI_MspDeInit;               /* Legacy weak MspDeInit        
 750:Drivers/STM32G4xx_HAL_Driver/Src/stm32g4xx_hal_spi.c ****         break;
 751:Drivers/STM32G4xx_HAL_Driver/Src/stm32g4xx_hal_spi.c **** 
 752:Drivers/STM32G4xx_HAL_Driver/Src/stm32g4xx_hal_spi.c ****       default :
 753:Drivers/STM32G4xx_HAL_Driver/Src/stm32g4xx_hal_spi.c ****         /* Update the error code */
 754:Drivers/STM32G4xx_HAL_Driver/Src/stm32g4xx_hal_spi.c ****         SET_BIT(hspi->ErrorCode, HAL_SPI_ERROR_INVALID_CALLBACK);
 755:Drivers/STM32G4xx_HAL_Driver/Src/stm32g4xx_hal_spi.c **** 
 756:Drivers/STM32G4xx_HAL_Driver/Src/stm32g4xx_hal_spi.c ****         /* Return error status */
 757:Drivers/STM32G4xx_HAL_Driver/Src/stm32g4xx_hal_spi.c ****         status =  HAL_ERROR;
 758:Drivers/STM32G4xx_HAL_Driver/Src/stm32g4xx_hal_spi.c ****         break;
 759:Drivers/STM32G4xx_HAL_Driver/Src/stm32g4xx_hal_spi.c ****     }
 760:Drivers/STM32G4xx_HAL_Driver/Src/stm32g4xx_hal_spi.c ****   }
 761:Drivers/STM32G4xx_HAL_Driver/Src/stm32g4xx_hal_spi.c ****   else
 762:Drivers/STM32G4xx_HAL_Driver/Src/stm32g4xx_hal_spi.c ****   {
 763:Drivers/STM32G4xx_HAL_Driver/Src/stm32g4xx_hal_spi.c ****     /* Update the error code */
 764:Drivers/STM32G4xx_HAL_Driver/Src/stm32g4xx_hal_spi.c ****     SET_BIT(hspi->ErrorCode, HAL_SPI_ERROR_INVALID_CALLBACK);
 765:Drivers/STM32G4xx_HAL_Driver/Src/stm32g4xx_hal_spi.c **** 
 766:Drivers/STM32G4xx_HAL_Driver/Src/stm32g4xx_hal_spi.c ****     /* Return error status */
 767:Drivers/STM32G4xx_HAL_Driver/Src/stm32g4xx_hal_spi.c ****     status =  HAL_ERROR;
 768:Drivers/STM32G4xx_HAL_Driver/Src/stm32g4xx_hal_spi.c ****   }
 769:Drivers/STM32G4xx_HAL_Driver/Src/stm32g4xx_hal_spi.c **** 
 770:Drivers/STM32G4xx_HAL_Driver/Src/stm32g4xx_hal_spi.c ****   /* Release Lock */
 771:Drivers/STM32G4xx_HAL_Driver/Src/stm32g4xx_hal_spi.c ****   __HAL_UNLOCK(hspi);
ARM GAS  C:\Users\Booster\AppData\Local\Temp\ccQdKe81.s 			page 15


 772:Drivers/STM32G4xx_HAL_Driver/Src/stm32g4xx_hal_spi.c ****   return status;
 773:Drivers/STM32G4xx_HAL_Driver/Src/stm32g4xx_hal_spi.c **** }
 774:Drivers/STM32G4xx_HAL_Driver/Src/stm32g4xx_hal_spi.c **** #endif /* USE_HAL_SPI_REGISTER_CALLBACKS */
 775:Drivers/STM32G4xx_HAL_Driver/Src/stm32g4xx_hal_spi.c **** /**
 776:Drivers/STM32G4xx_HAL_Driver/Src/stm32g4xx_hal_spi.c ****   * @}
 777:Drivers/STM32G4xx_HAL_Driver/Src/stm32g4xx_hal_spi.c ****   */
 778:Drivers/STM32G4xx_HAL_Driver/Src/stm32g4xx_hal_spi.c **** 
 779:Drivers/STM32G4xx_HAL_Driver/Src/stm32g4xx_hal_spi.c **** /** @defgroup SPI_Exported_Functions_Group2 IO operation functions
 780:Drivers/STM32G4xx_HAL_Driver/Src/stm32g4xx_hal_spi.c ****   *  @brief   Data transfers functions
 781:Drivers/STM32G4xx_HAL_Driver/Src/stm32g4xx_hal_spi.c ****   *
 782:Drivers/STM32G4xx_HAL_Driver/Src/stm32g4xx_hal_spi.c **** @verbatim
 783:Drivers/STM32G4xx_HAL_Driver/Src/stm32g4xx_hal_spi.c ****   ==============================================================================
 784:Drivers/STM32G4xx_HAL_Driver/Src/stm32g4xx_hal_spi.c ****                       ##### IO operation functions #####
 785:Drivers/STM32G4xx_HAL_Driver/Src/stm32g4xx_hal_spi.c ****  ===============================================================================
 786:Drivers/STM32G4xx_HAL_Driver/Src/stm32g4xx_hal_spi.c ****  [..]
 787:Drivers/STM32G4xx_HAL_Driver/Src/stm32g4xx_hal_spi.c ****     This subsection provides a set of functions allowing to manage the SPI
 788:Drivers/STM32G4xx_HAL_Driver/Src/stm32g4xx_hal_spi.c ****     data transfers.
 789:Drivers/STM32G4xx_HAL_Driver/Src/stm32g4xx_hal_spi.c **** 
 790:Drivers/STM32G4xx_HAL_Driver/Src/stm32g4xx_hal_spi.c ****     [..] The SPI supports master and slave mode :
 791:Drivers/STM32G4xx_HAL_Driver/Src/stm32g4xx_hal_spi.c **** 
 792:Drivers/STM32G4xx_HAL_Driver/Src/stm32g4xx_hal_spi.c ****     (#) There are two modes of transfer:
 793:Drivers/STM32G4xx_HAL_Driver/Src/stm32g4xx_hal_spi.c ****        (++) Blocking mode: The communication is performed in polling mode.
 794:Drivers/STM32G4xx_HAL_Driver/Src/stm32g4xx_hal_spi.c ****             The HAL status of all data processing is returned by the same function
 795:Drivers/STM32G4xx_HAL_Driver/Src/stm32g4xx_hal_spi.c ****             after finishing transfer.
 796:Drivers/STM32G4xx_HAL_Driver/Src/stm32g4xx_hal_spi.c ****        (++) No-Blocking mode: The communication is performed using Interrupts
 797:Drivers/STM32G4xx_HAL_Driver/Src/stm32g4xx_hal_spi.c ****             or DMA, These APIs return the HAL status.
 798:Drivers/STM32G4xx_HAL_Driver/Src/stm32g4xx_hal_spi.c ****             The end of the data processing will be indicated through the
 799:Drivers/STM32G4xx_HAL_Driver/Src/stm32g4xx_hal_spi.c ****             dedicated SPI IRQ when using Interrupt mode or the DMA IRQ when
 800:Drivers/STM32G4xx_HAL_Driver/Src/stm32g4xx_hal_spi.c ****             using DMA mode.
 801:Drivers/STM32G4xx_HAL_Driver/Src/stm32g4xx_hal_spi.c ****             The HAL_SPI_TxCpltCallback(), HAL_SPI_RxCpltCallback() and HAL_SPI_TxRxCpltCallback() u
 802:Drivers/STM32G4xx_HAL_Driver/Src/stm32g4xx_hal_spi.c ****             will be executed respectively at the end of the transmit or Receive process
 803:Drivers/STM32G4xx_HAL_Driver/Src/stm32g4xx_hal_spi.c ****             The HAL_SPI_ErrorCallback()user callback will be executed when a communication error is
 804:Drivers/STM32G4xx_HAL_Driver/Src/stm32g4xx_hal_spi.c **** 
 805:Drivers/STM32G4xx_HAL_Driver/Src/stm32g4xx_hal_spi.c ****     (#) APIs provided for these 2 transfer modes (Blocking mode or Non blocking mode using either I
 806:Drivers/STM32G4xx_HAL_Driver/Src/stm32g4xx_hal_spi.c ****         exist for 1Line (simplex) and 2Lines (full duplex) modes.
 807:Drivers/STM32G4xx_HAL_Driver/Src/stm32g4xx_hal_spi.c **** 
 808:Drivers/STM32G4xx_HAL_Driver/Src/stm32g4xx_hal_spi.c **** @endverbatim
 809:Drivers/STM32G4xx_HAL_Driver/Src/stm32g4xx_hal_spi.c ****   * @{
 810:Drivers/STM32G4xx_HAL_Driver/Src/stm32g4xx_hal_spi.c ****   */
 811:Drivers/STM32G4xx_HAL_Driver/Src/stm32g4xx_hal_spi.c **** 
 812:Drivers/STM32G4xx_HAL_Driver/Src/stm32g4xx_hal_spi.c **** /**
 813:Drivers/STM32G4xx_HAL_Driver/Src/stm32g4xx_hal_spi.c ****   * @brief  Transmit an amount of data in blocking mode.
 814:Drivers/STM32G4xx_HAL_Driver/Src/stm32g4xx_hal_spi.c ****   * @param  hspi pointer to a SPI_HandleTypeDef structure that contains
 815:Drivers/STM32G4xx_HAL_Driver/Src/stm32g4xx_hal_spi.c ****   *               the configuration information for SPI module.
 816:Drivers/STM32G4xx_HAL_Driver/Src/stm32g4xx_hal_spi.c ****   * @param  pData pointer to data buffer
 817:Drivers/STM32G4xx_HAL_Driver/Src/stm32g4xx_hal_spi.c ****   * @param  Size amount of data to be sent
 818:Drivers/STM32G4xx_HAL_Driver/Src/stm32g4xx_hal_spi.c ****   * @param  Timeout Timeout duration
 819:Drivers/STM32G4xx_HAL_Driver/Src/stm32g4xx_hal_spi.c ****   * @retval HAL status
 820:Drivers/STM32G4xx_HAL_Driver/Src/stm32g4xx_hal_spi.c ****   */
 821:Drivers/STM32G4xx_HAL_Driver/Src/stm32g4xx_hal_spi.c **** HAL_StatusTypeDef HAL_SPI_Transmit(SPI_HandleTypeDef *hspi, uint8_t *pData, uint16_t Size, uint32_t
 822:Drivers/STM32G4xx_HAL_Driver/Src/stm32g4xx_hal_spi.c **** {
 823:Drivers/STM32G4xx_HAL_Driver/Src/stm32g4xx_hal_spi.c ****   uint32_t tickstart;
 824:Drivers/STM32G4xx_HAL_Driver/Src/stm32g4xx_hal_spi.c ****   HAL_StatusTypeDef errorcode = HAL_OK;
 825:Drivers/STM32G4xx_HAL_Driver/Src/stm32g4xx_hal_spi.c ****   uint16_t initial_TxXferCount;
 826:Drivers/STM32G4xx_HAL_Driver/Src/stm32g4xx_hal_spi.c **** 
 827:Drivers/STM32G4xx_HAL_Driver/Src/stm32g4xx_hal_spi.c ****   /* Check Direction parameter */
 828:Drivers/STM32G4xx_HAL_Driver/Src/stm32g4xx_hal_spi.c ****   assert_param(IS_SPI_DIRECTION_2LINES_OR_1LINE(hspi->Init.Direction));
ARM GAS  C:\Users\Booster\AppData\Local\Temp\ccQdKe81.s 			page 16


 829:Drivers/STM32G4xx_HAL_Driver/Src/stm32g4xx_hal_spi.c **** 
 830:Drivers/STM32G4xx_HAL_Driver/Src/stm32g4xx_hal_spi.c ****   /* Process Locked */
 831:Drivers/STM32G4xx_HAL_Driver/Src/stm32g4xx_hal_spi.c ****   __HAL_LOCK(hspi);
 832:Drivers/STM32G4xx_HAL_Driver/Src/stm32g4xx_hal_spi.c **** 
 833:Drivers/STM32G4xx_HAL_Driver/Src/stm32g4xx_hal_spi.c ****   /* Init tickstart for timeout management*/
 834:Drivers/STM32G4xx_HAL_Driver/Src/stm32g4xx_hal_spi.c ****   tickstart = HAL_GetTick();
 835:Drivers/STM32G4xx_HAL_Driver/Src/stm32g4xx_hal_spi.c ****   initial_TxXferCount = Size;
 836:Drivers/STM32G4xx_HAL_Driver/Src/stm32g4xx_hal_spi.c **** 
 837:Drivers/STM32G4xx_HAL_Driver/Src/stm32g4xx_hal_spi.c ****   if (hspi->State != HAL_SPI_STATE_READY)
 838:Drivers/STM32G4xx_HAL_Driver/Src/stm32g4xx_hal_spi.c ****   {
 839:Drivers/STM32G4xx_HAL_Driver/Src/stm32g4xx_hal_spi.c ****     errorcode = HAL_BUSY;
 840:Drivers/STM32G4xx_HAL_Driver/Src/stm32g4xx_hal_spi.c ****     goto error;
 841:Drivers/STM32G4xx_HAL_Driver/Src/stm32g4xx_hal_spi.c ****   }
 842:Drivers/STM32G4xx_HAL_Driver/Src/stm32g4xx_hal_spi.c **** 
 843:Drivers/STM32G4xx_HAL_Driver/Src/stm32g4xx_hal_spi.c ****   if ((pData == NULL) || (Size == 0U))
 844:Drivers/STM32G4xx_HAL_Driver/Src/stm32g4xx_hal_spi.c ****   {
 845:Drivers/STM32G4xx_HAL_Driver/Src/stm32g4xx_hal_spi.c ****     errorcode = HAL_ERROR;
 846:Drivers/STM32G4xx_HAL_Driver/Src/stm32g4xx_hal_spi.c ****     goto error;
 847:Drivers/STM32G4xx_HAL_Driver/Src/stm32g4xx_hal_spi.c ****   }
 848:Drivers/STM32G4xx_HAL_Driver/Src/stm32g4xx_hal_spi.c **** 
 849:Drivers/STM32G4xx_HAL_Driver/Src/stm32g4xx_hal_spi.c ****   /* Set the transaction information */
 850:Drivers/STM32G4xx_HAL_Driver/Src/stm32g4xx_hal_spi.c ****   hspi->State       = HAL_SPI_STATE_BUSY_TX;
 851:Drivers/STM32G4xx_HAL_Driver/Src/stm32g4xx_hal_spi.c ****   hspi->ErrorCode   = HAL_SPI_ERROR_NONE;
 852:Drivers/STM32G4xx_HAL_Driver/Src/stm32g4xx_hal_spi.c ****   hspi->pTxBuffPtr  = (uint8_t *)pData;
 853:Drivers/STM32G4xx_HAL_Driver/Src/stm32g4xx_hal_spi.c ****   hspi->TxXferSize  = Size;
 854:Drivers/STM32G4xx_HAL_Driver/Src/stm32g4xx_hal_spi.c ****   hspi->TxXferCount = Size;
 855:Drivers/STM32G4xx_HAL_Driver/Src/stm32g4xx_hal_spi.c **** 
 856:Drivers/STM32G4xx_HAL_Driver/Src/stm32g4xx_hal_spi.c ****   /*Init field not used in handle to zero */
 857:Drivers/STM32G4xx_HAL_Driver/Src/stm32g4xx_hal_spi.c ****   hspi->pRxBuffPtr  = (uint8_t *)NULL;
 858:Drivers/STM32G4xx_HAL_Driver/Src/stm32g4xx_hal_spi.c ****   hspi->RxXferSize  = 0U;
 859:Drivers/STM32G4xx_HAL_Driver/Src/stm32g4xx_hal_spi.c ****   hspi->RxXferCount = 0U;
 860:Drivers/STM32G4xx_HAL_Driver/Src/stm32g4xx_hal_spi.c ****   hspi->TxISR       = NULL;
 861:Drivers/STM32G4xx_HAL_Driver/Src/stm32g4xx_hal_spi.c ****   hspi->RxISR       = NULL;
 862:Drivers/STM32G4xx_HAL_Driver/Src/stm32g4xx_hal_spi.c **** 
 863:Drivers/STM32G4xx_HAL_Driver/Src/stm32g4xx_hal_spi.c ****   /* Configure communication direction : 1Line */
 864:Drivers/STM32G4xx_HAL_Driver/Src/stm32g4xx_hal_spi.c ****   if (hspi->Init.Direction == SPI_DIRECTION_1LINE)
 865:Drivers/STM32G4xx_HAL_Driver/Src/stm32g4xx_hal_spi.c ****   {
 866:Drivers/STM32G4xx_HAL_Driver/Src/stm32g4xx_hal_spi.c ****     /* Disable SPI Peripheral before set 1Line direction (BIDIOE bit) */
 867:Drivers/STM32G4xx_HAL_Driver/Src/stm32g4xx_hal_spi.c ****     __HAL_SPI_DISABLE(hspi);
 868:Drivers/STM32G4xx_HAL_Driver/Src/stm32g4xx_hal_spi.c ****     SPI_1LINE_TX(hspi);
 869:Drivers/STM32G4xx_HAL_Driver/Src/stm32g4xx_hal_spi.c ****   }
 870:Drivers/STM32G4xx_HAL_Driver/Src/stm32g4xx_hal_spi.c **** 
 871:Drivers/STM32G4xx_HAL_Driver/Src/stm32g4xx_hal_spi.c **** #if (USE_SPI_CRC != 0U)
 872:Drivers/STM32G4xx_HAL_Driver/Src/stm32g4xx_hal_spi.c ****   /* Reset CRC Calculation */
 873:Drivers/STM32G4xx_HAL_Driver/Src/stm32g4xx_hal_spi.c ****   if (hspi->Init.CRCCalculation == SPI_CRCCALCULATION_ENABLE)
 874:Drivers/STM32G4xx_HAL_Driver/Src/stm32g4xx_hal_spi.c ****   {
 875:Drivers/STM32G4xx_HAL_Driver/Src/stm32g4xx_hal_spi.c ****     SPI_RESET_CRC(hspi);
 876:Drivers/STM32G4xx_HAL_Driver/Src/stm32g4xx_hal_spi.c ****   }
 877:Drivers/STM32G4xx_HAL_Driver/Src/stm32g4xx_hal_spi.c **** #endif /* USE_SPI_CRC */
 878:Drivers/STM32G4xx_HAL_Driver/Src/stm32g4xx_hal_spi.c **** 
 879:Drivers/STM32G4xx_HAL_Driver/Src/stm32g4xx_hal_spi.c ****   /* Check if the SPI is already enabled */
 880:Drivers/STM32G4xx_HAL_Driver/Src/stm32g4xx_hal_spi.c ****   if ((hspi->Instance->CR1 & SPI_CR1_SPE) != SPI_CR1_SPE)
 881:Drivers/STM32G4xx_HAL_Driver/Src/stm32g4xx_hal_spi.c ****   {
 882:Drivers/STM32G4xx_HAL_Driver/Src/stm32g4xx_hal_spi.c ****     /* Enable SPI peripheral */
 883:Drivers/STM32G4xx_HAL_Driver/Src/stm32g4xx_hal_spi.c ****     __HAL_SPI_ENABLE(hspi);
 884:Drivers/STM32G4xx_HAL_Driver/Src/stm32g4xx_hal_spi.c ****   }
 885:Drivers/STM32G4xx_HAL_Driver/Src/stm32g4xx_hal_spi.c **** 
ARM GAS  C:\Users\Booster\AppData\Local\Temp\ccQdKe81.s 			page 17


 886:Drivers/STM32G4xx_HAL_Driver/Src/stm32g4xx_hal_spi.c ****   /* Transmit data in 16 Bit mode */
 887:Drivers/STM32G4xx_HAL_Driver/Src/stm32g4xx_hal_spi.c ****   if (hspi->Init.DataSize > SPI_DATASIZE_8BIT)
 888:Drivers/STM32G4xx_HAL_Driver/Src/stm32g4xx_hal_spi.c ****   {
 889:Drivers/STM32G4xx_HAL_Driver/Src/stm32g4xx_hal_spi.c ****     if ((hspi->Init.Mode == SPI_MODE_SLAVE) || (initial_TxXferCount == 0x01U))
 890:Drivers/STM32G4xx_HAL_Driver/Src/stm32g4xx_hal_spi.c ****     {
 891:Drivers/STM32G4xx_HAL_Driver/Src/stm32g4xx_hal_spi.c ****       hspi->Instance->DR = *((uint16_t *)hspi->pTxBuffPtr);
 892:Drivers/STM32G4xx_HAL_Driver/Src/stm32g4xx_hal_spi.c ****       hspi->pTxBuffPtr += sizeof(uint16_t);
 893:Drivers/STM32G4xx_HAL_Driver/Src/stm32g4xx_hal_spi.c ****       hspi->TxXferCount--;
 894:Drivers/STM32G4xx_HAL_Driver/Src/stm32g4xx_hal_spi.c ****     }
 895:Drivers/STM32G4xx_HAL_Driver/Src/stm32g4xx_hal_spi.c ****     /* Transmit data in 16 Bit mode */
 896:Drivers/STM32G4xx_HAL_Driver/Src/stm32g4xx_hal_spi.c ****     while (hspi->TxXferCount > 0U)
 897:Drivers/STM32G4xx_HAL_Driver/Src/stm32g4xx_hal_spi.c ****     {
 898:Drivers/STM32G4xx_HAL_Driver/Src/stm32g4xx_hal_spi.c ****       /* Wait until TXE flag is set to send data */
 899:Drivers/STM32G4xx_HAL_Driver/Src/stm32g4xx_hal_spi.c ****       if (__HAL_SPI_GET_FLAG(hspi, SPI_FLAG_TXE))
 900:Drivers/STM32G4xx_HAL_Driver/Src/stm32g4xx_hal_spi.c ****       {
 901:Drivers/STM32G4xx_HAL_Driver/Src/stm32g4xx_hal_spi.c ****         hspi->Instance->DR = *((uint16_t *)hspi->pTxBuffPtr);
 902:Drivers/STM32G4xx_HAL_Driver/Src/stm32g4xx_hal_spi.c ****         hspi->pTxBuffPtr += sizeof(uint16_t);
 903:Drivers/STM32G4xx_HAL_Driver/Src/stm32g4xx_hal_spi.c ****         hspi->TxXferCount--;
 904:Drivers/STM32G4xx_HAL_Driver/Src/stm32g4xx_hal_spi.c ****       }
 905:Drivers/STM32G4xx_HAL_Driver/Src/stm32g4xx_hal_spi.c ****       else
 906:Drivers/STM32G4xx_HAL_Driver/Src/stm32g4xx_hal_spi.c ****       {
 907:Drivers/STM32G4xx_HAL_Driver/Src/stm32g4xx_hal_spi.c ****         /* Timeout management */
 908:Drivers/STM32G4xx_HAL_Driver/Src/stm32g4xx_hal_spi.c ****         if ((((HAL_GetTick() - tickstart) >=  Timeout) && (Timeout != HAL_MAX_DELAY)) || (Timeout =
 909:Drivers/STM32G4xx_HAL_Driver/Src/stm32g4xx_hal_spi.c ****         {
 910:Drivers/STM32G4xx_HAL_Driver/Src/stm32g4xx_hal_spi.c ****           errorcode = HAL_TIMEOUT;
 911:Drivers/STM32G4xx_HAL_Driver/Src/stm32g4xx_hal_spi.c ****           hspi->State = HAL_SPI_STATE_READY;
 912:Drivers/STM32G4xx_HAL_Driver/Src/stm32g4xx_hal_spi.c ****           goto error;
 913:Drivers/STM32G4xx_HAL_Driver/Src/stm32g4xx_hal_spi.c ****         }
 914:Drivers/STM32G4xx_HAL_Driver/Src/stm32g4xx_hal_spi.c ****       }
 915:Drivers/STM32G4xx_HAL_Driver/Src/stm32g4xx_hal_spi.c ****     }
 916:Drivers/STM32G4xx_HAL_Driver/Src/stm32g4xx_hal_spi.c ****   }
 917:Drivers/STM32G4xx_HAL_Driver/Src/stm32g4xx_hal_spi.c ****   /* Transmit data in 8 Bit mode */
 918:Drivers/STM32G4xx_HAL_Driver/Src/stm32g4xx_hal_spi.c ****   else
 919:Drivers/STM32G4xx_HAL_Driver/Src/stm32g4xx_hal_spi.c ****   {
 920:Drivers/STM32G4xx_HAL_Driver/Src/stm32g4xx_hal_spi.c ****     if ((hspi->Init.Mode == SPI_MODE_SLAVE) || (initial_TxXferCount == 0x01U))
 921:Drivers/STM32G4xx_HAL_Driver/Src/stm32g4xx_hal_spi.c ****     {
 922:Drivers/STM32G4xx_HAL_Driver/Src/stm32g4xx_hal_spi.c ****       if (hspi->TxXferCount > 1U)
 923:Drivers/STM32G4xx_HAL_Driver/Src/stm32g4xx_hal_spi.c ****       {
 924:Drivers/STM32G4xx_HAL_Driver/Src/stm32g4xx_hal_spi.c ****         /* write on the data register in packing mode */
 925:Drivers/STM32G4xx_HAL_Driver/Src/stm32g4xx_hal_spi.c ****         hspi->Instance->DR = *((uint16_t *)hspi->pTxBuffPtr);
 926:Drivers/STM32G4xx_HAL_Driver/Src/stm32g4xx_hal_spi.c ****         hspi->pTxBuffPtr += sizeof(uint16_t);
 927:Drivers/STM32G4xx_HAL_Driver/Src/stm32g4xx_hal_spi.c ****         hspi->TxXferCount -= 2U;
 928:Drivers/STM32G4xx_HAL_Driver/Src/stm32g4xx_hal_spi.c ****       }
 929:Drivers/STM32G4xx_HAL_Driver/Src/stm32g4xx_hal_spi.c ****       else
 930:Drivers/STM32G4xx_HAL_Driver/Src/stm32g4xx_hal_spi.c ****       {
 931:Drivers/STM32G4xx_HAL_Driver/Src/stm32g4xx_hal_spi.c ****         *((__IO uint8_t *)&hspi->Instance->DR) = (*hspi->pTxBuffPtr);
 932:Drivers/STM32G4xx_HAL_Driver/Src/stm32g4xx_hal_spi.c ****         hspi->pTxBuffPtr ++;
 933:Drivers/STM32G4xx_HAL_Driver/Src/stm32g4xx_hal_spi.c ****         hspi->TxXferCount--;
 934:Drivers/STM32G4xx_HAL_Driver/Src/stm32g4xx_hal_spi.c ****       }
 935:Drivers/STM32G4xx_HAL_Driver/Src/stm32g4xx_hal_spi.c ****     }
 936:Drivers/STM32G4xx_HAL_Driver/Src/stm32g4xx_hal_spi.c ****     while (hspi->TxXferCount > 0U)
 937:Drivers/STM32G4xx_HAL_Driver/Src/stm32g4xx_hal_spi.c ****     {
 938:Drivers/STM32G4xx_HAL_Driver/Src/stm32g4xx_hal_spi.c ****       /* Wait until TXE flag is set to send data */
 939:Drivers/STM32G4xx_HAL_Driver/Src/stm32g4xx_hal_spi.c ****       if (__HAL_SPI_GET_FLAG(hspi, SPI_FLAG_TXE))
 940:Drivers/STM32G4xx_HAL_Driver/Src/stm32g4xx_hal_spi.c ****       {
 941:Drivers/STM32G4xx_HAL_Driver/Src/stm32g4xx_hal_spi.c ****         if (hspi->TxXferCount > 1U)
 942:Drivers/STM32G4xx_HAL_Driver/Src/stm32g4xx_hal_spi.c ****         {
ARM GAS  C:\Users\Booster\AppData\Local\Temp\ccQdKe81.s 			page 18


 943:Drivers/STM32G4xx_HAL_Driver/Src/stm32g4xx_hal_spi.c ****           /* write on the data register in packing mode */
 944:Drivers/STM32G4xx_HAL_Driver/Src/stm32g4xx_hal_spi.c ****           hspi->Instance->DR = *((uint16_t *)hspi->pTxBuffPtr);
 945:Drivers/STM32G4xx_HAL_Driver/Src/stm32g4xx_hal_spi.c ****           hspi->pTxBuffPtr += sizeof(uint16_t);
 946:Drivers/STM32G4xx_HAL_Driver/Src/stm32g4xx_hal_spi.c ****           hspi->TxXferCount -= 2U;
 947:Drivers/STM32G4xx_HAL_Driver/Src/stm32g4xx_hal_spi.c ****         }
 948:Drivers/STM32G4xx_HAL_Driver/Src/stm32g4xx_hal_spi.c ****         else
 949:Drivers/STM32G4xx_HAL_Driver/Src/stm32g4xx_hal_spi.c ****         {
 950:Drivers/STM32G4xx_HAL_Driver/Src/stm32g4xx_hal_spi.c ****           *((__IO uint8_t *)&hspi->Instance->DR) = (*hspi->pTxBuffPtr);
 951:Drivers/STM32G4xx_HAL_Driver/Src/stm32g4xx_hal_spi.c ****           hspi->pTxBuffPtr++;
 952:Drivers/STM32G4xx_HAL_Driver/Src/stm32g4xx_hal_spi.c ****           hspi->TxXferCount--;
 953:Drivers/STM32G4xx_HAL_Driver/Src/stm32g4xx_hal_spi.c ****         }
 954:Drivers/STM32G4xx_HAL_Driver/Src/stm32g4xx_hal_spi.c ****       }
 955:Drivers/STM32G4xx_HAL_Driver/Src/stm32g4xx_hal_spi.c ****       else
 956:Drivers/STM32G4xx_HAL_Driver/Src/stm32g4xx_hal_spi.c ****       {
 957:Drivers/STM32G4xx_HAL_Driver/Src/stm32g4xx_hal_spi.c ****         /* Timeout management */
 958:Drivers/STM32G4xx_HAL_Driver/Src/stm32g4xx_hal_spi.c ****         if ((((HAL_GetTick() - tickstart) >=  Timeout) && (Timeout != HAL_MAX_DELAY)) || (Timeout =
 959:Drivers/STM32G4xx_HAL_Driver/Src/stm32g4xx_hal_spi.c ****         {
 960:Drivers/STM32G4xx_HAL_Driver/Src/stm32g4xx_hal_spi.c ****           errorcode = HAL_TIMEOUT;
 961:Drivers/STM32G4xx_HAL_Driver/Src/stm32g4xx_hal_spi.c ****           hspi->State = HAL_SPI_STATE_READY;
 962:Drivers/STM32G4xx_HAL_Driver/Src/stm32g4xx_hal_spi.c ****           goto error;
 963:Drivers/STM32G4xx_HAL_Driver/Src/stm32g4xx_hal_spi.c ****         }
 964:Drivers/STM32G4xx_HAL_Driver/Src/stm32g4xx_hal_spi.c ****       }
 965:Drivers/STM32G4xx_HAL_Driver/Src/stm32g4xx_hal_spi.c ****     }
 966:Drivers/STM32G4xx_HAL_Driver/Src/stm32g4xx_hal_spi.c ****   }
 967:Drivers/STM32G4xx_HAL_Driver/Src/stm32g4xx_hal_spi.c **** #if (USE_SPI_CRC != 0U)
 968:Drivers/STM32G4xx_HAL_Driver/Src/stm32g4xx_hal_spi.c ****   /* Enable CRC Transmission */
 969:Drivers/STM32G4xx_HAL_Driver/Src/stm32g4xx_hal_spi.c ****   if (hspi->Init.CRCCalculation == SPI_CRCCALCULATION_ENABLE)
 970:Drivers/STM32G4xx_HAL_Driver/Src/stm32g4xx_hal_spi.c ****   {
 971:Drivers/STM32G4xx_HAL_Driver/Src/stm32g4xx_hal_spi.c ****     SET_BIT(hspi->Instance->CR1, SPI_CR1_CRCNEXT);
 972:Drivers/STM32G4xx_HAL_Driver/Src/stm32g4xx_hal_spi.c ****   }
 973:Drivers/STM32G4xx_HAL_Driver/Src/stm32g4xx_hal_spi.c **** #endif /* USE_SPI_CRC */
 974:Drivers/STM32G4xx_HAL_Driver/Src/stm32g4xx_hal_spi.c **** 
 975:Drivers/STM32G4xx_HAL_Driver/Src/stm32g4xx_hal_spi.c ****   /* Check the end of the transaction */
 976:Drivers/STM32G4xx_HAL_Driver/Src/stm32g4xx_hal_spi.c ****   if (SPI_EndRxTxTransaction(hspi, Timeout, tickstart) != HAL_OK)
 977:Drivers/STM32G4xx_HAL_Driver/Src/stm32g4xx_hal_spi.c ****   {
 978:Drivers/STM32G4xx_HAL_Driver/Src/stm32g4xx_hal_spi.c ****     hspi->ErrorCode = HAL_SPI_ERROR_FLAG;
 979:Drivers/STM32G4xx_HAL_Driver/Src/stm32g4xx_hal_spi.c ****   }
 980:Drivers/STM32G4xx_HAL_Driver/Src/stm32g4xx_hal_spi.c **** 
 981:Drivers/STM32G4xx_HAL_Driver/Src/stm32g4xx_hal_spi.c ****   /* Clear overrun flag in 2 Lines communication mode because received is not read */
 982:Drivers/STM32G4xx_HAL_Driver/Src/stm32g4xx_hal_spi.c ****   if (hspi->Init.Direction == SPI_DIRECTION_2LINES)
 983:Drivers/STM32G4xx_HAL_Driver/Src/stm32g4xx_hal_spi.c ****   {
 984:Drivers/STM32G4xx_HAL_Driver/Src/stm32g4xx_hal_spi.c ****     __HAL_SPI_CLEAR_OVRFLAG(hspi);
 985:Drivers/STM32G4xx_HAL_Driver/Src/stm32g4xx_hal_spi.c ****   }
 986:Drivers/STM32G4xx_HAL_Driver/Src/stm32g4xx_hal_spi.c **** 
 987:Drivers/STM32G4xx_HAL_Driver/Src/stm32g4xx_hal_spi.c ****   if (hspi->ErrorCode != HAL_SPI_ERROR_NONE)
 988:Drivers/STM32G4xx_HAL_Driver/Src/stm32g4xx_hal_spi.c ****   {
 989:Drivers/STM32G4xx_HAL_Driver/Src/stm32g4xx_hal_spi.c ****     errorcode = HAL_ERROR;
 990:Drivers/STM32G4xx_HAL_Driver/Src/stm32g4xx_hal_spi.c ****   }
 991:Drivers/STM32G4xx_HAL_Driver/Src/stm32g4xx_hal_spi.c ****   else
 992:Drivers/STM32G4xx_HAL_Driver/Src/stm32g4xx_hal_spi.c ****   {
 993:Drivers/STM32G4xx_HAL_Driver/Src/stm32g4xx_hal_spi.c ****     hspi->State = HAL_SPI_STATE_READY;
 994:Drivers/STM32G4xx_HAL_Driver/Src/stm32g4xx_hal_spi.c ****   }
 995:Drivers/STM32G4xx_HAL_Driver/Src/stm32g4xx_hal_spi.c **** 
 996:Drivers/STM32G4xx_HAL_Driver/Src/stm32g4xx_hal_spi.c **** error:
 997:Drivers/STM32G4xx_HAL_Driver/Src/stm32g4xx_hal_spi.c ****   /* Process Unlocked */
 998:Drivers/STM32G4xx_HAL_Driver/Src/stm32g4xx_hal_spi.c ****   __HAL_UNLOCK(hspi);
 999:Drivers/STM32G4xx_HAL_Driver/Src/stm32g4xx_hal_spi.c ****   return errorcode;
ARM GAS  C:\Users\Booster\AppData\Local\Temp\ccQdKe81.s 			page 19


1000:Drivers/STM32G4xx_HAL_Driver/Src/stm32g4xx_hal_spi.c **** }
1001:Drivers/STM32G4xx_HAL_Driver/Src/stm32g4xx_hal_spi.c **** 
1002:Drivers/STM32G4xx_HAL_Driver/Src/stm32g4xx_hal_spi.c **** /**
1003:Drivers/STM32G4xx_HAL_Driver/Src/stm32g4xx_hal_spi.c ****   * @brief  Receive an amount of data in blocking mode.
1004:Drivers/STM32G4xx_HAL_Driver/Src/stm32g4xx_hal_spi.c ****   * @param  hspi pointer to a SPI_HandleTypeDef structure that contains
1005:Drivers/STM32G4xx_HAL_Driver/Src/stm32g4xx_hal_spi.c ****   *               the configuration information for SPI module.
1006:Drivers/STM32G4xx_HAL_Driver/Src/stm32g4xx_hal_spi.c ****   * @param  pData pointer to data buffer
1007:Drivers/STM32G4xx_HAL_Driver/Src/stm32g4xx_hal_spi.c ****   * @param  Size amount of data to be received
1008:Drivers/STM32G4xx_HAL_Driver/Src/stm32g4xx_hal_spi.c ****   * @param  Timeout Timeout duration
1009:Drivers/STM32G4xx_HAL_Driver/Src/stm32g4xx_hal_spi.c ****   * @retval HAL status
1010:Drivers/STM32G4xx_HAL_Driver/Src/stm32g4xx_hal_spi.c ****   */
1011:Drivers/STM32G4xx_HAL_Driver/Src/stm32g4xx_hal_spi.c **** HAL_StatusTypeDef HAL_SPI_Receive(SPI_HandleTypeDef *hspi, uint8_t *pData, uint16_t Size, uint32_t 
1012:Drivers/STM32G4xx_HAL_Driver/Src/stm32g4xx_hal_spi.c **** {
1013:Drivers/STM32G4xx_HAL_Driver/Src/stm32g4xx_hal_spi.c **** #if (USE_SPI_CRC != 0U)
1014:Drivers/STM32G4xx_HAL_Driver/Src/stm32g4xx_hal_spi.c ****   __IO uint32_t tmpreg = 0U;
1015:Drivers/STM32G4xx_HAL_Driver/Src/stm32g4xx_hal_spi.c ****   __IO uint8_t  *ptmpreg8;
1016:Drivers/STM32G4xx_HAL_Driver/Src/stm32g4xx_hal_spi.c ****   __IO uint8_t  tmpreg8 = 0;
1017:Drivers/STM32G4xx_HAL_Driver/Src/stm32g4xx_hal_spi.c **** #endif /* USE_SPI_CRC */
1018:Drivers/STM32G4xx_HAL_Driver/Src/stm32g4xx_hal_spi.c ****   uint32_t tickstart;
1019:Drivers/STM32G4xx_HAL_Driver/Src/stm32g4xx_hal_spi.c ****   HAL_StatusTypeDef errorcode = HAL_OK;
1020:Drivers/STM32G4xx_HAL_Driver/Src/stm32g4xx_hal_spi.c **** 
1021:Drivers/STM32G4xx_HAL_Driver/Src/stm32g4xx_hal_spi.c ****   if (hspi->State != HAL_SPI_STATE_READY)
1022:Drivers/STM32G4xx_HAL_Driver/Src/stm32g4xx_hal_spi.c ****   {
1023:Drivers/STM32G4xx_HAL_Driver/Src/stm32g4xx_hal_spi.c ****     errorcode = HAL_BUSY;
1024:Drivers/STM32G4xx_HAL_Driver/Src/stm32g4xx_hal_spi.c ****     goto error;
1025:Drivers/STM32G4xx_HAL_Driver/Src/stm32g4xx_hal_spi.c ****   }
1026:Drivers/STM32G4xx_HAL_Driver/Src/stm32g4xx_hal_spi.c **** 
1027:Drivers/STM32G4xx_HAL_Driver/Src/stm32g4xx_hal_spi.c ****   if ((hspi->Init.Mode == SPI_MODE_MASTER) && (hspi->Init.Direction == SPI_DIRECTION_2LINES))
1028:Drivers/STM32G4xx_HAL_Driver/Src/stm32g4xx_hal_spi.c ****   {
1029:Drivers/STM32G4xx_HAL_Driver/Src/stm32g4xx_hal_spi.c ****     hspi->State = HAL_SPI_STATE_BUSY_RX;
1030:Drivers/STM32G4xx_HAL_Driver/Src/stm32g4xx_hal_spi.c ****     /* Call transmit-receive function to send Dummy data on Tx line and generate clock on CLK line 
1031:Drivers/STM32G4xx_HAL_Driver/Src/stm32g4xx_hal_spi.c ****     return HAL_SPI_TransmitReceive(hspi, pData, pData, Size, Timeout);
1032:Drivers/STM32G4xx_HAL_Driver/Src/stm32g4xx_hal_spi.c ****   }
1033:Drivers/STM32G4xx_HAL_Driver/Src/stm32g4xx_hal_spi.c **** 
1034:Drivers/STM32G4xx_HAL_Driver/Src/stm32g4xx_hal_spi.c ****   /* Process Locked */
1035:Drivers/STM32G4xx_HAL_Driver/Src/stm32g4xx_hal_spi.c ****   __HAL_LOCK(hspi);
1036:Drivers/STM32G4xx_HAL_Driver/Src/stm32g4xx_hal_spi.c **** 
1037:Drivers/STM32G4xx_HAL_Driver/Src/stm32g4xx_hal_spi.c ****   /* Init tickstart for timeout management*/
1038:Drivers/STM32G4xx_HAL_Driver/Src/stm32g4xx_hal_spi.c ****   tickstart = HAL_GetTick();
1039:Drivers/STM32G4xx_HAL_Driver/Src/stm32g4xx_hal_spi.c **** 
1040:Drivers/STM32G4xx_HAL_Driver/Src/stm32g4xx_hal_spi.c ****   if ((pData == NULL) || (Size == 0U))
1041:Drivers/STM32G4xx_HAL_Driver/Src/stm32g4xx_hal_spi.c ****   {
1042:Drivers/STM32G4xx_HAL_Driver/Src/stm32g4xx_hal_spi.c ****     errorcode = HAL_ERROR;
1043:Drivers/STM32G4xx_HAL_Driver/Src/stm32g4xx_hal_spi.c ****     goto error;
1044:Drivers/STM32G4xx_HAL_Driver/Src/stm32g4xx_hal_spi.c ****   }
1045:Drivers/STM32G4xx_HAL_Driver/Src/stm32g4xx_hal_spi.c **** 
1046:Drivers/STM32G4xx_HAL_Driver/Src/stm32g4xx_hal_spi.c ****   /* Set the transaction information */
1047:Drivers/STM32G4xx_HAL_Driver/Src/stm32g4xx_hal_spi.c ****   hspi->State       = HAL_SPI_STATE_BUSY_RX;
1048:Drivers/STM32G4xx_HAL_Driver/Src/stm32g4xx_hal_spi.c ****   hspi->ErrorCode   = HAL_SPI_ERROR_NONE;
1049:Drivers/STM32G4xx_HAL_Driver/Src/stm32g4xx_hal_spi.c ****   hspi->pRxBuffPtr  = (uint8_t *)pData;
1050:Drivers/STM32G4xx_HAL_Driver/Src/stm32g4xx_hal_spi.c ****   hspi->RxXferSize  = Size;
1051:Drivers/STM32G4xx_HAL_Driver/Src/stm32g4xx_hal_spi.c ****   hspi->RxXferCount = Size;
1052:Drivers/STM32G4xx_HAL_Driver/Src/stm32g4xx_hal_spi.c **** 
1053:Drivers/STM32G4xx_HAL_Driver/Src/stm32g4xx_hal_spi.c ****   /*Init field not used in handle to zero */
1054:Drivers/STM32G4xx_HAL_Driver/Src/stm32g4xx_hal_spi.c ****   hspi->pTxBuffPtr  = (uint8_t *)NULL;
1055:Drivers/STM32G4xx_HAL_Driver/Src/stm32g4xx_hal_spi.c ****   hspi->TxXferSize  = 0U;
1056:Drivers/STM32G4xx_HAL_Driver/Src/stm32g4xx_hal_spi.c ****   hspi->TxXferCount = 0U;
ARM GAS  C:\Users\Booster\AppData\Local\Temp\ccQdKe81.s 			page 20


1057:Drivers/STM32G4xx_HAL_Driver/Src/stm32g4xx_hal_spi.c ****   hspi->RxISR       = NULL;
1058:Drivers/STM32G4xx_HAL_Driver/Src/stm32g4xx_hal_spi.c ****   hspi->TxISR       = NULL;
1059:Drivers/STM32G4xx_HAL_Driver/Src/stm32g4xx_hal_spi.c **** 
1060:Drivers/STM32G4xx_HAL_Driver/Src/stm32g4xx_hal_spi.c **** #if (USE_SPI_CRC != 0U)
1061:Drivers/STM32G4xx_HAL_Driver/Src/stm32g4xx_hal_spi.c ****   /* Reset CRC Calculation */
1062:Drivers/STM32G4xx_HAL_Driver/Src/stm32g4xx_hal_spi.c ****   if (hspi->Init.CRCCalculation == SPI_CRCCALCULATION_ENABLE)
1063:Drivers/STM32G4xx_HAL_Driver/Src/stm32g4xx_hal_spi.c ****   {
1064:Drivers/STM32G4xx_HAL_Driver/Src/stm32g4xx_hal_spi.c ****     SPI_RESET_CRC(hspi);
1065:Drivers/STM32G4xx_HAL_Driver/Src/stm32g4xx_hal_spi.c ****     /* this is done to handle the CRCNEXT before the latest data */
1066:Drivers/STM32G4xx_HAL_Driver/Src/stm32g4xx_hal_spi.c ****     hspi->RxXferCount--;
1067:Drivers/STM32G4xx_HAL_Driver/Src/stm32g4xx_hal_spi.c ****   }
1068:Drivers/STM32G4xx_HAL_Driver/Src/stm32g4xx_hal_spi.c **** #endif /* USE_SPI_CRC */
1069:Drivers/STM32G4xx_HAL_Driver/Src/stm32g4xx_hal_spi.c **** 
1070:Drivers/STM32G4xx_HAL_Driver/Src/stm32g4xx_hal_spi.c ****   /* Set the Rx Fifo threshold */
1071:Drivers/STM32G4xx_HAL_Driver/Src/stm32g4xx_hal_spi.c ****   if (hspi->Init.DataSize > SPI_DATASIZE_8BIT)
1072:Drivers/STM32G4xx_HAL_Driver/Src/stm32g4xx_hal_spi.c ****   {
1073:Drivers/STM32G4xx_HAL_Driver/Src/stm32g4xx_hal_spi.c ****     /* Set RX Fifo threshold according the reception data length: 16bit */
1074:Drivers/STM32G4xx_HAL_Driver/Src/stm32g4xx_hal_spi.c ****     CLEAR_BIT(hspi->Instance->CR2, SPI_RXFIFO_THRESHOLD);
1075:Drivers/STM32G4xx_HAL_Driver/Src/stm32g4xx_hal_spi.c ****   }
1076:Drivers/STM32G4xx_HAL_Driver/Src/stm32g4xx_hal_spi.c ****   else
1077:Drivers/STM32G4xx_HAL_Driver/Src/stm32g4xx_hal_spi.c ****   {
1078:Drivers/STM32G4xx_HAL_Driver/Src/stm32g4xx_hal_spi.c ****     /* Set RX Fifo threshold according the reception data length: 8bit */
1079:Drivers/STM32G4xx_HAL_Driver/Src/stm32g4xx_hal_spi.c ****     SET_BIT(hspi->Instance->CR2, SPI_RXFIFO_THRESHOLD);
1080:Drivers/STM32G4xx_HAL_Driver/Src/stm32g4xx_hal_spi.c ****   }
1081:Drivers/STM32G4xx_HAL_Driver/Src/stm32g4xx_hal_spi.c **** 
1082:Drivers/STM32G4xx_HAL_Driver/Src/stm32g4xx_hal_spi.c ****   /* Configure communication direction: 1Line */
1083:Drivers/STM32G4xx_HAL_Driver/Src/stm32g4xx_hal_spi.c ****   if (hspi->Init.Direction == SPI_DIRECTION_1LINE)
1084:Drivers/STM32G4xx_HAL_Driver/Src/stm32g4xx_hal_spi.c ****   {
1085:Drivers/STM32G4xx_HAL_Driver/Src/stm32g4xx_hal_spi.c ****     /* Disable SPI Peripheral before set 1Line direction (BIDIOE bit) */
1086:Drivers/STM32G4xx_HAL_Driver/Src/stm32g4xx_hal_spi.c ****     __HAL_SPI_DISABLE(hspi);
1087:Drivers/STM32G4xx_HAL_Driver/Src/stm32g4xx_hal_spi.c ****     SPI_1LINE_RX(hspi);
1088:Drivers/STM32G4xx_HAL_Driver/Src/stm32g4xx_hal_spi.c ****   }
1089:Drivers/STM32G4xx_HAL_Driver/Src/stm32g4xx_hal_spi.c **** 
1090:Drivers/STM32G4xx_HAL_Driver/Src/stm32g4xx_hal_spi.c ****   /* Check if the SPI is already enabled */
1091:Drivers/STM32G4xx_HAL_Driver/Src/stm32g4xx_hal_spi.c ****   if ((hspi->Instance->CR1 & SPI_CR1_SPE) != SPI_CR1_SPE)
1092:Drivers/STM32G4xx_HAL_Driver/Src/stm32g4xx_hal_spi.c ****   {
1093:Drivers/STM32G4xx_HAL_Driver/Src/stm32g4xx_hal_spi.c ****     /* Enable SPI peripheral */
1094:Drivers/STM32G4xx_HAL_Driver/Src/stm32g4xx_hal_spi.c ****     __HAL_SPI_ENABLE(hspi);
1095:Drivers/STM32G4xx_HAL_Driver/Src/stm32g4xx_hal_spi.c ****   }
1096:Drivers/STM32G4xx_HAL_Driver/Src/stm32g4xx_hal_spi.c **** 
1097:Drivers/STM32G4xx_HAL_Driver/Src/stm32g4xx_hal_spi.c ****   /* Receive data in 8 Bit mode */
1098:Drivers/STM32G4xx_HAL_Driver/Src/stm32g4xx_hal_spi.c ****   if (hspi->Init.DataSize <= SPI_DATASIZE_8BIT)
1099:Drivers/STM32G4xx_HAL_Driver/Src/stm32g4xx_hal_spi.c ****   {
1100:Drivers/STM32G4xx_HAL_Driver/Src/stm32g4xx_hal_spi.c ****     /* Transfer loop */
1101:Drivers/STM32G4xx_HAL_Driver/Src/stm32g4xx_hal_spi.c ****     while (hspi->RxXferCount > 0U)
1102:Drivers/STM32G4xx_HAL_Driver/Src/stm32g4xx_hal_spi.c ****     {
1103:Drivers/STM32G4xx_HAL_Driver/Src/stm32g4xx_hal_spi.c ****       /* Check the RXNE flag */
1104:Drivers/STM32G4xx_HAL_Driver/Src/stm32g4xx_hal_spi.c ****       if (__HAL_SPI_GET_FLAG(hspi, SPI_FLAG_RXNE))
1105:Drivers/STM32G4xx_HAL_Driver/Src/stm32g4xx_hal_spi.c ****       {
1106:Drivers/STM32G4xx_HAL_Driver/Src/stm32g4xx_hal_spi.c ****         /* read the received data */
1107:Drivers/STM32G4xx_HAL_Driver/Src/stm32g4xx_hal_spi.c ****         (* (uint8_t *)hspi->pRxBuffPtr) = *(__IO uint8_t *)&hspi->Instance->DR;
1108:Drivers/STM32G4xx_HAL_Driver/Src/stm32g4xx_hal_spi.c ****         hspi->pRxBuffPtr += sizeof(uint8_t);
1109:Drivers/STM32G4xx_HAL_Driver/Src/stm32g4xx_hal_spi.c ****         hspi->RxXferCount--;
1110:Drivers/STM32G4xx_HAL_Driver/Src/stm32g4xx_hal_spi.c ****       }
1111:Drivers/STM32G4xx_HAL_Driver/Src/stm32g4xx_hal_spi.c ****       else
1112:Drivers/STM32G4xx_HAL_Driver/Src/stm32g4xx_hal_spi.c ****       {
1113:Drivers/STM32G4xx_HAL_Driver/Src/stm32g4xx_hal_spi.c ****         /* Timeout management */
ARM GAS  C:\Users\Booster\AppData\Local\Temp\ccQdKe81.s 			page 21


1114:Drivers/STM32G4xx_HAL_Driver/Src/stm32g4xx_hal_spi.c ****         if ((((HAL_GetTick() - tickstart) >=  Timeout) && (Timeout != HAL_MAX_DELAY)) || (Timeout =
1115:Drivers/STM32G4xx_HAL_Driver/Src/stm32g4xx_hal_spi.c ****         {
1116:Drivers/STM32G4xx_HAL_Driver/Src/stm32g4xx_hal_spi.c ****           errorcode = HAL_TIMEOUT;
1117:Drivers/STM32G4xx_HAL_Driver/Src/stm32g4xx_hal_spi.c ****           hspi->State = HAL_SPI_STATE_READY;
1118:Drivers/STM32G4xx_HAL_Driver/Src/stm32g4xx_hal_spi.c ****           goto error;
1119:Drivers/STM32G4xx_HAL_Driver/Src/stm32g4xx_hal_spi.c ****         }
1120:Drivers/STM32G4xx_HAL_Driver/Src/stm32g4xx_hal_spi.c ****       }
1121:Drivers/STM32G4xx_HAL_Driver/Src/stm32g4xx_hal_spi.c ****     }
1122:Drivers/STM32G4xx_HAL_Driver/Src/stm32g4xx_hal_spi.c ****   }
1123:Drivers/STM32G4xx_HAL_Driver/Src/stm32g4xx_hal_spi.c ****   else
1124:Drivers/STM32G4xx_HAL_Driver/Src/stm32g4xx_hal_spi.c ****   {
1125:Drivers/STM32G4xx_HAL_Driver/Src/stm32g4xx_hal_spi.c ****     /* Transfer loop */
1126:Drivers/STM32G4xx_HAL_Driver/Src/stm32g4xx_hal_spi.c ****     while (hspi->RxXferCount > 0U)
1127:Drivers/STM32G4xx_HAL_Driver/Src/stm32g4xx_hal_spi.c ****     {
1128:Drivers/STM32G4xx_HAL_Driver/Src/stm32g4xx_hal_spi.c ****       /* Check the RXNE flag */
1129:Drivers/STM32G4xx_HAL_Driver/Src/stm32g4xx_hal_spi.c ****       if (__HAL_SPI_GET_FLAG(hspi, SPI_FLAG_RXNE))
1130:Drivers/STM32G4xx_HAL_Driver/Src/stm32g4xx_hal_spi.c ****       {
1131:Drivers/STM32G4xx_HAL_Driver/Src/stm32g4xx_hal_spi.c ****         *((uint16_t *)hspi->pRxBuffPtr) = (uint16_t)hspi->Instance->DR;
1132:Drivers/STM32G4xx_HAL_Driver/Src/stm32g4xx_hal_spi.c ****         hspi->pRxBuffPtr += sizeof(uint16_t);
1133:Drivers/STM32G4xx_HAL_Driver/Src/stm32g4xx_hal_spi.c ****         hspi->RxXferCount--;
1134:Drivers/STM32G4xx_HAL_Driver/Src/stm32g4xx_hal_spi.c ****       }
1135:Drivers/STM32G4xx_HAL_Driver/Src/stm32g4xx_hal_spi.c ****       else
1136:Drivers/STM32G4xx_HAL_Driver/Src/stm32g4xx_hal_spi.c ****       {
1137:Drivers/STM32G4xx_HAL_Driver/Src/stm32g4xx_hal_spi.c ****         /* Timeout management */
1138:Drivers/STM32G4xx_HAL_Driver/Src/stm32g4xx_hal_spi.c ****         if ((((HAL_GetTick() - tickstart) >=  Timeout) && (Timeout != HAL_MAX_DELAY)) || (Timeout =
1139:Drivers/STM32G4xx_HAL_Driver/Src/stm32g4xx_hal_spi.c ****         {
1140:Drivers/STM32G4xx_HAL_Driver/Src/stm32g4xx_hal_spi.c ****           errorcode = HAL_TIMEOUT;
1141:Drivers/STM32G4xx_HAL_Driver/Src/stm32g4xx_hal_spi.c ****           hspi->State = HAL_SPI_STATE_READY;
1142:Drivers/STM32G4xx_HAL_Driver/Src/stm32g4xx_hal_spi.c ****           goto error;
1143:Drivers/STM32G4xx_HAL_Driver/Src/stm32g4xx_hal_spi.c ****         }
1144:Drivers/STM32G4xx_HAL_Driver/Src/stm32g4xx_hal_spi.c ****       }
1145:Drivers/STM32G4xx_HAL_Driver/Src/stm32g4xx_hal_spi.c ****     }
1146:Drivers/STM32G4xx_HAL_Driver/Src/stm32g4xx_hal_spi.c ****   }
1147:Drivers/STM32G4xx_HAL_Driver/Src/stm32g4xx_hal_spi.c **** 
1148:Drivers/STM32G4xx_HAL_Driver/Src/stm32g4xx_hal_spi.c **** #if (USE_SPI_CRC != 0U)
1149:Drivers/STM32G4xx_HAL_Driver/Src/stm32g4xx_hal_spi.c ****   /* Handle the CRC Transmission */
1150:Drivers/STM32G4xx_HAL_Driver/Src/stm32g4xx_hal_spi.c ****   if (hspi->Init.CRCCalculation == SPI_CRCCALCULATION_ENABLE)
1151:Drivers/STM32G4xx_HAL_Driver/Src/stm32g4xx_hal_spi.c ****   {
1152:Drivers/STM32G4xx_HAL_Driver/Src/stm32g4xx_hal_spi.c ****     /* freeze the CRC before the latest data */
1153:Drivers/STM32G4xx_HAL_Driver/Src/stm32g4xx_hal_spi.c ****     SET_BIT(hspi->Instance->CR1, SPI_CR1_CRCNEXT);
1154:Drivers/STM32G4xx_HAL_Driver/Src/stm32g4xx_hal_spi.c **** 
1155:Drivers/STM32G4xx_HAL_Driver/Src/stm32g4xx_hal_spi.c ****     /* Read the latest data */
1156:Drivers/STM32G4xx_HAL_Driver/Src/stm32g4xx_hal_spi.c ****     if (SPI_WaitFlagStateUntilTimeout(hspi, SPI_FLAG_RXNE, SET, Timeout, tickstart) != HAL_OK)
1157:Drivers/STM32G4xx_HAL_Driver/Src/stm32g4xx_hal_spi.c ****     {
1158:Drivers/STM32G4xx_HAL_Driver/Src/stm32g4xx_hal_spi.c ****       /* the latest data has not been received */
1159:Drivers/STM32G4xx_HAL_Driver/Src/stm32g4xx_hal_spi.c ****       errorcode = HAL_TIMEOUT;
1160:Drivers/STM32G4xx_HAL_Driver/Src/stm32g4xx_hal_spi.c ****       goto error;
1161:Drivers/STM32G4xx_HAL_Driver/Src/stm32g4xx_hal_spi.c ****     }
1162:Drivers/STM32G4xx_HAL_Driver/Src/stm32g4xx_hal_spi.c **** 
1163:Drivers/STM32G4xx_HAL_Driver/Src/stm32g4xx_hal_spi.c ****     /* Receive last data in 16 Bit mode */
1164:Drivers/STM32G4xx_HAL_Driver/Src/stm32g4xx_hal_spi.c ****     if (hspi->Init.DataSize > SPI_DATASIZE_8BIT)
1165:Drivers/STM32G4xx_HAL_Driver/Src/stm32g4xx_hal_spi.c ****     {
1166:Drivers/STM32G4xx_HAL_Driver/Src/stm32g4xx_hal_spi.c ****       *((uint16_t *)hspi->pRxBuffPtr) = (uint16_t)hspi->Instance->DR;
1167:Drivers/STM32G4xx_HAL_Driver/Src/stm32g4xx_hal_spi.c ****     }
1168:Drivers/STM32G4xx_HAL_Driver/Src/stm32g4xx_hal_spi.c ****     /* Receive last data in 8 Bit mode */
1169:Drivers/STM32G4xx_HAL_Driver/Src/stm32g4xx_hal_spi.c ****     else
1170:Drivers/STM32G4xx_HAL_Driver/Src/stm32g4xx_hal_spi.c ****     {
ARM GAS  C:\Users\Booster\AppData\Local\Temp\ccQdKe81.s 			page 22


1171:Drivers/STM32G4xx_HAL_Driver/Src/stm32g4xx_hal_spi.c ****       (*(uint8_t *)hspi->pRxBuffPtr) = *(__IO uint8_t *)&hspi->Instance->DR;
1172:Drivers/STM32G4xx_HAL_Driver/Src/stm32g4xx_hal_spi.c ****     }
1173:Drivers/STM32G4xx_HAL_Driver/Src/stm32g4xx_hal_spi.c **** 
1174:Drivers/STM32G4xx_HAL_Driver/Src/stm32g4xx_hal_spi.c ****     /* Wait the CRC data */
1175:Drivers/STM32G4xx_HAL_Driver/Src/stm32g4xx_hal_spi.c ****     if (SPI_WaitFlagStateUntilTimeout(hspi, SPI_FLAG_RXNE, SET, Timeout, tickstart) != HAL_OK)
1176:Drivers/STM32G4xx_HAL_Driver/Src/stm32g4xx_hal_spi.c ****     {
1177:Drivers/STM32G4xx_HAL_Driver/Src/stm32g4xx_hal_spi.c ****       SET_BIT(hspi->ErrorCode, HAL_SPI_ERROR_CRC);
1178:Drivers/STM32G4xx_HAL_Driver/Src/stm32g4xx_hal_spi.c ****       errorcode = HAL_TIMEOUT;
1179:Drivers/STM32G4xx_HAL_Driver/Src/stm32g4xx_hal_spi.c ****       goto error;
1180:Drivers/STM32G4xx_HAL_Driver/Src/stm32g4xx_hal_spi.c ****     }
1181:Drivers/STM32G4xx_HAL_Driver/Src/stm32g4xx_hal_spi.c **** 
1182:Drivers/STM32G4xx_HAL_Driver/Src/stm32g4xx_hal_spi.c ****     /* Read CRC to Flush DR and RXNE flag */
1183:Drivers/STM32G4xx_HAL_Driver/Src/stm32g4xx_hal_spi.c ****     if (hspi->Init.DataSize == SPI_DATASIZE_16BIT)
1184:Drivers/STM32G4xx_HAL_Driver/Src/stm32g4xx_hal_spi.c ****     {
1185:Drivers/STM32G4xx_HAL_Driver/Src/stm32g4xx_hal_spi.c ****       /* Read 16bit CRC */
1186:Drivers/STM32G4xx_HAL_Driver/Src/stm32g4xx_hal_spi.c ****       tmpreg = READ_REG(hspi->Instance->DR);
1187:Drivers/STM32G4xx_HAL_Driver/Src/stm32g4xx_hal_spi.c ****       /* To avoid GCC warning */
1188:Drivers/STM32G4xx_HAL_Driver/Src/stm32g4xx_hal_spi.c ****       UNUSED(tmpreg);
1189:Drivers/STM32G4xx_HAL_Driver/Src/stm32g4xx_hal_spi.c ****     }
1190:Drivers/STM32G4xx_HAL_Driver/Src/stm32g4xx_hal_spi.c ****     else
1191:Drivers/STM32G4xx_HAL_Driver/Src/stm32g4xx_hal_spi.c ****     {
1192:Drivers/STM32G4xx_HAL_Driver/Src/stm32g4xx_hal_spi.c ****       /* Initialize the 8bit temporary pointer */
1193:Drivers/STM32G4xx_HAL_Driver/Src/stm32g4xx_hal_spi.c ****       ptmpreg8 = (__IO uint8_t *)&hspi->Instance->DR;
1194:Drivers/STM32G4xx_HAL_Driver/Src/stm32g4xx_hal_spi.c ****       /* Read 8bit CRC */
1195:Drivers/STM32G4xx_HAL_Driver/Src/stm32g4xx_hal_spi.c ****       tmpreg8 = *ptmpreg8;
1196:Drivers/STM32G4xx_HAL_Driver/Src/stm32g4xx_hal_spi.c ****       /* To avoid GCC warning */
1197:Drivers/STM32G4xx_HAL_Driver/Src/stm32g4xx_hal_spi.c ****       UNUSED(tmpreg8);
1198:Drivers/STM32G4xx_HAL_Driver/Src/stm32g4xx_hal_spi.c **** 
1199:Drivers/STM32G4xx_HAL_Driver/Src/stm32g4xx_hal_spi.c ****       if ((hspi->Init.DataSize == SPI_DATASIZE_8BIT) && (hspi->Init.CRCLength == SPI_CRC_LENGTH_16B
1200:Drivers/STM32G4xx_HAL_Driver/Src/stm32g4xx_hal_spi.c ****       {
1201:Drivers/STM32G4xx_HAL_Driver/Src/stm32g4xx_hal_spi.c ****         if (SPI_WaitFlagStateUntilTimeout(hspi, SPI_FLAG_RXNE, SET, Timeout, tickstart) != HAL_OK)
1202:Drivers/STM32G4xx_HAL_Driver/Src/stm32g4xx_hal_spi.c ****         {
1203:Drivers/STM32G4xx_HAL_Driver/Src/stm32g4xx_hal_spi.c ****           /* Error on the CRC reception */
1204:Drivers/STM32G4xx_HAL_Driver/Src/stm32g4xx_hal_spi.c ****           SET_BIT(hspi->ErrorCode, HAL_SPI_ERROR_CRC);
1205:Drivers/STM32G4xx_HAL_Driver/Src/stm32g4xx_hal_spi.c ****           errorcode = HAL_TIMEOUT;
1206:Drivers/STM32G4xx_HAL_Driver/Src/stm32g4xx_hal_spi.c ****           goto error;
1207:Drivers/STM32G4xx_HAL_Driver/Src/stm32g4xx_hal_spi.c ****         }
1208:Drivers/STM32G4xx_HAL_Driver/Src/stm32g4xx_hal_spi.c ****         /* Read 8bit CRC again in case of 16bit CRC in 8bit Data mode */
1209:Drivers/STM32G4xx_HAL_Driver/Src/stm32g4xx_hal_spi.c ****         tmpreg8 = *ptmpreg8;
1210:Drivers/STM32G4xx_HAL_Driver/Src/stm32g4xx_hal_spi.c ****         /* To avoid GCC warning */
1211:Drivers/STM32G4xx_HAL_Driver/Src/stm32g4xx_hal_spi.c ****         UNUSED(tmpreg8);
1212:Drivers/STM32G4xx_HAL_Driver/Src/stm32g4xx_hal_spi.c ****       }
1213:Drivers/STM32G4xx_HAL_Driver/Src/stm32g4xx_hal_spi.c ****     }
1214:Drivers/STM32G4xx_HAL_Driver/Src/stm32g4xx_hal_spi.c ****   }
1215:Drivers/STM32G4xx_HAL_Driver/Src/stm32g4xx_hal_spi.c **** #endif /* USE_SPI_CRC */
1216:Drivers/STM32G4xx_HAL_Driver/Src/stm32g4xx_hal_spi.c **** 
1217:Drivers/STM32G4xx_HAL_Driver/Src/stm32g4xx_hal_spi.c ****   /* Check the end of the transaction */
1218:Drivers/STM32G4xx_HAL_Driver/Src/stm32g4xx_hal_spi.c ****   if (SPI_EndRxTransaction(hspi, Timeout, tickstart) != HAL_OK)
1219:Drivers/STM32G4xx_HAL_Driver/Src/stm32g4xx_hal_spi.c ****   {
1220:Drivers/STM32G4xx_HAL_Driver/Src/stm32g4xx_hal_spi.c ****     hspi->ErrorCode = HAL_SPI_ERROR_FLAG;
1221:Drivers/STM32G4xx_HAL_Driver/Src/stm32g4xx_hal_spi.c ****   }
1222:Drivers/STM32G4xx_HAL_Driver/Src/stm32g4xx_hal_spi.c **** 
1223:Drivers/STM32G4xx_HAL_Driver/Src/stm32g4xx_hal_spi.c **** #if (USE_SPI_CRC != 0U)
1224:Drivers/STM32G4xx_HAL_Driver/Src/stm32g4xx_hal_spi.c ****   /* Check if CRC error occurred */
1225:Drivers/STM32G4xx_HAL_Driver/Src/stm32g4xx_hal_spi.c ****   if (__HAL_SPI_GET_FLAG(hspi, SPI_FLAG_CRCERR))
1226:Drivers/STM32G4xx_HAL_Driver/Src/stm32g4xx_hal_spi.c ****   {
1227:Drivers/STM32G4xx_HAL_Driver/Src/stm32g4xx_hal_spi.c ****     SET_BIT(hspi->ErrorCode, HAL_SPI_ERROR_CRC);
ARM GAS  C:\Users\Booster\AppData\Local\Temp\ccQdKe81.s 			page 23


1228:Drivers/STM32G4xx_HAL_Driver/Src/stm32g4xx_hal_spi.c ****     __HAL_SPI_CLEAR_CRCERRFLAG(hspi);
1229:Drivers/STM32G4xx_HAL_Driver/Src/stm32g4xx_hal_spi.c ****   }
1230:Drivers/STM32G4xx_HAL_Driver/Src/stm32g4xx_hal_spi.c **** #endif /* USE_SPI_CRC */
1231:Drivers/STM32G4xx_HAL_Driver/Src/stm32g4xx_hal_spi.c **** 
1232:Drivers/STM32G4xx_HAL_Driver/Src/stm32g4xx_hal_spi.c ****   if (hspi->ErrorCode != HAL_SPI_ERROR_NONE)
1233:Drivers/STM32G4xx_HAL_Driver/Src/stm32g4xx_hal_spi.c ****   {
1234:Drivers/STM32G4xx_HAL_Driver/Src/stm32g4xx_hal_spi.c ****     errorcode = HAL_ERROR;
1235:Drivers/STM32G4xx_HAL_Driver/Src/stm32g4xx_hal_spi.c ****   }
1236:Drivers/STM32G4xx_HAL_Driver/Src/stm32g4xx_hal_spi.c ****   else
1237:Drivers/STM32G4xx_HAL_Driver/Src/stm32g4xx_hal_spi.c ****   {
1238:Drivers/STM32G4xx_HAL_Driver/Src/stm32g4xx_hal_spi.c ****     hspi->State = HAL_SPI_STATE_READY;
1239:Drivers/STM32G4xx_HAL_Driver/Src/stm32g4xx_hal_spi.c ****   }
1240:Drivers/STM32G4xx_HAL_Driver/Src/stm32g4xx_hal_spi.c **** 
1241:Drivers/STM32G4xx_HAL_Driver/Src/stm32g4xx_hal_spi.c **** error :
1242:Drivers/STM32G4xx_HAL_Driver/Src/stm32g4xx_hal_spi.c ****   __HAL_UNLOCK(hspi);
1243:Drivers/STM32G4xx_HAL_Driver/Src/stm32g4xx_hal_spi.c ****   return errorcode;
1244:Drivers/STM32G4xx_HAL_Driver/Src/stm32g4xx_hal_spi.c **** }
1245:Drivers/STM32G4xx_HAL_Driver/Src/stm32g4xx_hal_spi.c **** 
1246:Drivers/STM32G4xx_HAL_Driver/Src/stm32g4xx_hal_spi.c **** /**
1247:Drivers/STM32G4xx_HAL_Driver/Src/stm32g4xx_hal_spi.c ****   * @brief  Transmit and Receive an amount of data in blocking mode.
1248:Drivers/STM32G4xx_HAL_Driver/Src/stm32g4xx_hal_spi.c ****   * @param  hspi pointer to a SPI_HandleTypeDef structure that contains
1249:Drivers/STM32G4xx_HAL_Driver/Src/stm32g4xx_hal_spi.c ****   *               the configuration information for SPI module.
1250:Drivers/STM32G4xx_HAL_Driver/Src/stm32g4xx_hal_spi.c ****   * @param  pTxData pointer to transmission data buffer
1251:Drivers/STM32G4xx_HAL_Driver/Src/stm32g4xx_hal_spi.c ****   * @param  pRxData pointer to reception data buffer
1252:Drivers/STM32G4xx_HAL_Driver/Src/stm32g4xx_hal_spi.c ****   * @param  Size amount of data to be sent and received
1253:Drivers/STM32G4xx_HAL_Driver/Src/stm32g4xx_hal_spi.c ****   * @param  Timeout Timeout duration
1254:Drivers/STM32G4xx_HAL_Driver/Src/stm32g4xx_hal_spi.c ****   * @retval HAL status
1255:Drivers/STM32G4xx_HAL_Driver/Src/stm32g4xx_hal_spi.c ****   */
1256:Drivers/STM32G4xx_HAL_Driver/Src/stm32g4xx_hal_spi.c **** HAL_StatusTypeDef HAL_SPI_TransmitReceive(SPI_HandleTypeDef *hspi, uint8_t *pTxData, uint8_t *pRxDa
1257:Drivers/STM32G4xx_HAL_Driver/Src/stm32g4xx_hal_spi.c ****                                           uint32_t Timeout)
1258:Drivers/STM32G4xx_HAL_Driver/Src/stm32g4xx_hal_spi.c **** {
1259:Drivers/STM32G4xx_HAL_Driver/Src/stm32g4xx_hal_spi.c ****   uint16_t             initial_TxXferCount;
1260:Drivers/STM32G4xx_HAL_Driver/Src/stm32g4xx_hal_spi.c ****   uint16_t             initial_RxXferCount;
1261:Drivers/STM32G4xx_HAL_Driver/Src/stm32g4xx_hal_spi.c ****   uint32_t             tmp_mode;
1262:Drivers/STM32G4xx_HAL_Driver/Src/stm32g4xx_hal_spi.c ****   HAL_SPI_StateTypeDef tmp_state;
1263:Drivers/STM32G4xx_HAL_Driver/Src/stm32g4xx_hal_spi.c ****   uint32_t             tickstart;
1264:Drivers/STM32G4xx_HAL_Driver/Src/stm32g4xx_hal_spi.c **** #if (USE_SPI_CRC != 0U)
1265:Drivers/STM32G4xx_HAL_Driver/Src/stm32g4xx_hal_spi.c ****   __IO uint32_t tmpreg = 0U;
1266:Drivers/STM32G4xx_HAL_Driver/Src/stm32g4xx_hal_spi.c ****   uint32_t             spi_cr1;
1267:Drivers/STM32G4xx_HAL_Driver/Src/stm32g4xx_hal_spi.c ****   uint32_t             spi_cr2;
1268:Drivers/STM32G4xx_HAL_Driver/Src/stm32g4xx_hal_spi.c ****   __IO uint8_t  *ptmpreg8;
1269:Drivers/STM32G4xx_HAL_Driver/Src/stm32g4xx_hal_spi.c ****   __IO uint8_t  tmpreg8 = 0;
1270:Drivers/STM32G4xx_HAL_Driver/Src/stm32g4xx_hal_spi.c **** #endif /* USE_SPI_CRC */
1271:Drivers/STM32G4xx_HAL_Driver/Src/stm32g4xx_hal_spi.c **** 
1272:Drivers/STM32G4xx_HAL_Driver/Src/stm32g4xx_hal_spi.c ****   /* Variable used to alternate Rx and Tx during transfer */
1273:Drivers/STM32G4xx_HAL_Driver/Src/stm32g4xx_hal_spi.c ****   uint32_t             txallowed = 1U;
1274:Drivers/STM32G4xx_HAL_Driver/Src/stm32g4xx_hal_spi.c ****   HAL_StatusTypeDef    errorcode = HAL_OK;
1275:Drivers/STM32G4xx_HAL_Driver/Src/stm32g4xx_hal_spi.c **** 
1276:Drivers/STM32G4xx_HAL_Driver/Src/stm32g4xx_hal_spi.c ****   /* Check Direction parameter */
1277:Drivers/STM32G4xx_HAL_Driver/Src/stm32g4xx_hal_spi.c ****   assert_param(IS_SPI_DIRECTION_2LINES(hspi->Init.Direction));
1278:Drivers/STM32G4xx_HAL_Driver/Src/stm32g4xx_hal_spi.c **** 
1279:Drivers/STM32G4xx_HAL_Driver/Src/stm32g4xx_hal_spi.c ****   /* Process Locked */
1280:Drivers/STM32G4xx_HAL_Driver/Src/stm32g4xx_hal_spi.c ****   __HAL_LOCK(hspi);
1281:Drivers/STM32G4xx_HAL_Driver/Src/stm32g4xx_hal_spi.c **** 
1282:Drivers/STM32G4xx_HAL_Driver/Src/stm32g4xx_hal_spi.c ****   /* Init tickstart for timeout management*/
1283:Drivers/STM32G4xx_HAL_Driver/Src/stm32g4xx_hal_spi.c ****   tickstart = HAL_GetTick();
1284:Drivers/STM32G4xx_HAL_Driver/Src/stm32g4xx_hal_spi.c **** 
ARM GAS  C:\Users\Booster\AppData\Local\Temp\ccQdKe81.s 			page 24


1285:Drivers/STM32G4xx_HAL_Driver/Src/stm32g4xx_hal_spi.c ****   /* Init temporary variables */
1286:Drivers/STM32G4xx_HAL_Driver/Src/stm32g4xx_hal_spi.c ****   tmp_state           = hspi->State;
1287:Drivers/STM32G4xx_HAL_Driver/Src/stm32g4xx_hal_spi.c ****   tmp_mode            = hspi->Init.Mode;
1288:Drivers/STM32G4xx_HAL_Driver/Src/stm32g4xx_hal_spi.c ****   initial_TxXferCount = Size;
1289:Drivers/STM32G4xx_HAL_Driver/Src/stm32g4xx_hal_spi.c ****   initial_RxXferCount = Size;
1290:Drivers/STM32G4xx_HAL_Driver/Src/stm32g4xx_hal_spi.c **** #if (USE_SPI_CRC != 0U)
1291:Drivers/STM32G4xx_HAL_Driver/Src/stm32g4xx_hal_spi.c ****   spi_cr1             = READ_REG(hspi->Instance->CR1);
1292:Drivers/STM32G4xx_HAL_Driver/Src/stm32g4xx_hal_spi.c ****   spi_cr2             = READ_REG(hspi->Instance->CR2);
1293:Drivers/STM32G4xx_HAL_Driver/Src/stm32g4xx_hal_spi.c **** #endif /* USE_SPI_CRC */
1294:Drivers/STM32G4xx_HAL_Driver/Src/stm32g4xx_hal_spi.c **** 
1295:Drivers/STM32G4xx_HAL_Driver/Src/stm32g4xx_hal_spi.c ****   if (!((tmp_state == HAL_SPI_STATE_READY) || \
1296:Drivers/STM32G4xx_HAL_Driver/Src/stm32g4xx_hal_spi.c ****         ((tmp_mode == SPI_MODE_MASTER) && (hspi->Init.Direction == SPI_DIRECTION_2LINES) && (tmp_st
1297:Drivers/STM32G4xx_HAL_Driver/Src/stm32g4xx_hal_spi.c ****   {
1298:Drivers/STM32G4xx_HAL_Driver/Src/stm32g4xx_hal_spi.c ****     errorcode = HAL_BUSY;
1299:Drivers/STM32G4xx_HAL_Driver/Src/stm32g4xx_hal_spi.c ****     goto error;
1300:Drivers/STM32G4xx_HAL_Driver/Src/stm32g4xx_hal_spi.c ****   }
1301:Drivers/STM32G4xx_HAL_Driver/Src/stm32g4xx_hal_spi.c **** 
1302:Drivers/STM32G4xx_HAL_Driver/Src/stm32g4xx_hal_spi.c ****   if ((pTxData == NULL) || (pRxData == NULL) || (Size == 0U))
1303:Drivers/STM32G4xx_HAL_Driver/Src/stm32g4xx_hal_spi.c ****   {
1304:Drivers/STM32G4xx_HAL_Driver/Src/stm32g4xx_hal_spi.c ****     errorcode = HAL_ERROR;
1305:Drivers/STM32G4xx_HAL_Driver/Src/stm32g4xx_hal_spi.c ****     goto error;
1306:Drivers/STM32G4xx_HAL_Driver/Src/stm32g4xx_hal_spi.c ****   }
1307:Drivers/STM32G4xx_HAL_Driver/Src/stm32g4xx_hal_spi.c **** 
1308:Drivers/STM32G4xx_HAL_Driver/Src/stm32g4xx_hal_spi.c ****   /* Don't overwrite in case of HAL_SPI_STATE_BUSY_RX */
1309:Drivers/STM32G4xx_HAL_Driver/Src/stm32g4xx_hal_spi.c ****   if (hspi->State != HAL_SPI_STATE_BUSY_RX)
1310:Drivers/STM32G4xx_HAL_Driver/Src/stm32g4xx_hal_spi.c ****   {
1311:Drivers/STM32G4xx_HAL_Driver/Src/stm32g4xx_hal_spi.c ****     hspi->State = HAL_SPI_STATE_BUSY_TX_RX;
1312:Drivers/STM32G4xx_HAL_Driver/Src/stm32g4xx_hal_spi.c ****   }
1313:Drivers/STM32G4xx_HAL_Driver/Src/stm32g4xx_hal_spi.c **** 
1314:Drivers/STM32G4xx_HAL_Driver/Src/stm32g4xx_hal_spi.c ****   /* Set the transaction information */
1315:Drivers/STM32G4xx_HAL_Driver/Src/stm32g4xx_hal_spi.c ****   hspi->ErrorCode   = HAL_SPI_ERROR_NONE;
1316:Drivers/STM32G4xx_HAL_Driver/Src/stm32g4xx_hal_spi.c ****   hspi->pRxBuffPtr  = (uint8_t *)pRxData;
1317:Drivers/STM32G4xx_HAL_Driver/Src/stm32g4xx_hal_spi.c ****   hspi->RxXferCount = Size;
1318:Drivers/STM32G4xx_HAL_Driver/Src/stm32g4xx_hal_spi.c ****   hspi->RxXferSize  = Size;
1319:Drivers/STM32G4xx_HAL_Driver/Src/stm32g4xx_hal_spi.c ****   hspi->pTxBuffPtr  = (uint8_t *)pTxData;
1320:Drivers/STM32G4xx_HAL_Driver/Src/stm32g4xx_hal_spi.c ****   hspi->TxXferCount = Size;
1321:Drivers/STM32G4xx_HAL_Driver/Src/stm32g4xx_hal_spi.c ****   hspi->TxXferSize  = Size;
1322:Drivers/STM32G4xx_HAL_Driver/Src/stm32g4xx_hal_spi.c **** 
1323:Drivers/STM32G4xx_HAL_Driver/Src/stm32g4xx_hal_spi.c ****   /*Init field not used in handle to zero */
1324:Drivers/STM32G4xx_HAL_Driver/Src/stm32g4xx_hal_spi.c ****   hspi->RxISR       = NULL;
1325:Drivers/STM32G4xx_HAL_Driver/Src/stm32g4xx_hal_spi.c ****   hspi->TxISR       = NULL;
1326:Drivers/STM32G4xx_HAL_Driver/Src/stm32g4xx_hal_spi.c **** 
1327:Drivers/STM32G4xx_HAL_Driver/Src/stm32g4xx_hal_spi.c **** #if (USE_SPI_CRC != 0U)
1328:Drivers/STM32G4xx_HAL_Driver/Src/stm32g4xx_hal_spi.c ****   /* Reset CRC Calculation */
1329:Drivers/STM32G4xx_HAL_Driver/Src/stm32g4xx_hal_spi.c ****   if (hspi->Init.CRCCalculation == SPI_CRCCALCULATION_ENABLE)
1330:Drivers/STM32G4xx_HAL_Driver/Src/stm32g4xx_hal_spi.c ****   {
1331:Drivers/STM32G4xx_HAL_Driver/Src/stm32g4xx_hal_spi.c ****     SPI_RESET_CRC(hspi);
1332:Drivers/STM32G4xx_HAL_Driver/Src/stm32g4xx_hal_spi.c ****   }
1333:Drivers/STM32G4xx_HAL_Driver/Src/stm32g4xx_hal_spi.c **** #endif /* USE_SPI_CRC */
1334:Drivers/STM32G4xx_HAL_Driver/Src/stm32g4xx_hal_spi.c **** 
1335:Drivers/STM32G4xx_HAL_Driver/Src/stm32g4xx_hal_spi.c ****   /* Set the Rx Fifo threshold */
1336:Drivers/STM32G4xx_HAL_Driver/Src/stm32g4xx_hal_spi.c ****   if ((hspi->Init.DataSize > SPI_DATASIZE_8BIT) || (initial_RxXferCount > 1U))
1337:Drivers/STM32G4xx_HAL_Driver/Src/stm32g4xx_hal_spi.c ****   {
1338:Drivers/STM32G4xx_HAL_Driver/Src/stm32g4xx_hal_spi.c ****     /* Set fiforxthreshold according the reception data length: 16bit */
1339:Drivers/STM32G4xx_HAL_Driver/Src/stm32g4xx_hal_spi.c ****     CLEAR_BIT(hspi->Instance->CR2, SPI_RXFIFO_THRESHOLD);
1340:Drivers/STM32G4xx_HAL_Driver/Src/stm32g4xx_hal_spi.c ****   }
1341:Drivers/STM32G4xx_HAL_Driver/Src/stm32g4xx_hal_spi.c ****   else
ARM GAS  C:\Users\Booster\AppData\Local\Temp\ccQdKe81.s 			page 25


1342:Drivers/STM32G4xx_HAL_Driver/Src/stm32g4xx_hal_spi.c ****   {
1343:Drivers/STM32G4xx_HAL_Driver/Src/stm32g4xx_hal_spi.c ****     /* Set fiforxthreshold according the reception data length: 8bit */
1344:Drivers/STM32G4xx_HAL_Driver/Src/stm32g4xx_hal_spi.c ****     SET_BIT(hspi->Instance->CR2, SPI_RXFIFO_THRESHOLD);
1345:Drivers/STM32G4xx_HAL_Driver/Src/stm32g4xx_hal_spi.c ****   }
1346:Drivers/STM32G4xx_HAL_Driver/Src/stm32g4xx_hal_spi.c **** 
1347:Drivers/STM32G4xx_HAL_Driver/Src/stm32g4xx_hal_spi.c ****   /* Check if the SPI is already enabled */
1348:Drivers/STM32G4xx_HAL_Driver/Src/stm32g4xx_hal_spi.c ****   if ((hspi->Instance->CR1 & SPI_CR1_SPE) != SPI_CR1_SPE)
1349:Drivers/STM32G4xx_HAL_Driver/Src/stm32g4xx_hal_spi.c ****   {
1350:Drivers/STM32G4xx_HAL_Driver/Src/stm32g4xx_hal_spi.c ****     /* Enable SPI peripheral */
1351:Drivers/STM32G4xx_HAL_Driver/Src/stm32g4xx_hal_spi.c ****     __HAL_SPI_ENABLE(hspi);
1352:Drivers/STM32G4xx_HAL_Driver/Src/stm32g4xx_hal_spi.c ****   }
1353:Drivers/STM32G4xx_HAL_Driver/Src/stm32g4xx_hal_spi.c **** 
1354:Drivers/STM32G4xx_HAL_Driver/Src/stm32g4xx_hal_spi.c ****   /* Transmit and Receive data in 16 Bit mode */
1355:Drivers/STM32G4xx_HAL_Driver/Src/stm32g4xx_hal_spi.c ****   if (hspi->Init.DataSize > SPI_DATASIZE_8BIT)
1356:Drivers/STM32G4xx_HAL_Driver/Src/stm32g4xx_hal_spi.c ****   {
1357:Drivers/STM32G4xx_HAL_Driver/Src/stm32g4xx_hal_spi.c ****     if ((hspi->Init.Mode == SPI_MODE_SLAVE) || (initial_TxXferCount == 0x01U))
1358:Drivers/STM32G4xx_HAL_Driver/Src/stm32g4xx_hal_spi.c ****     {
1359:Drivers/STM32G4xx_HAL_Driver/Src/stm32g4xx_hal_spi.c ****       hspi->Instance->DR = *((uint16_t *)hspi->pTxBuffPtr);
1360:Drivers/STM32G4xx_HAL_Driver/Src/stm32g4xx_hal_spi.c ****       hspi->pTxBuffPtr += sizeof(uint16_t);
1361:Drivers/STM32G4xx_HAL_Driver/Src/stm32g4xx_hal_spi.c ****       hspi->TxXferCount--;
1362:Drivers/STM32G4xx_HAL_Driver/Src/stm32g4xx_hal_spi.c **** 
1363:Drivers/STM32G4xx_HAL_Driver/Src/stm32g4xx_hal_spi.c **** #if (USE_SPI_CRC != 0U)
1364:Drivers/STM32G4xx_HAL_Driver/Src/stm32g4xx_hal_spi.c ****       /* Enable CRC Transmission */
1365:Drivers/STM32G4xx_HAL_Driver/Src/stm32g4xx_hal_spi.c ****       if ((hspi->TxXferCount == 0U) && (hspi->Init.CRCCalculation == SPI_CRCCALCULATION_ENABLE))
1366:Drivers/STM32G4xx_HAL_Driver/Src/stm32g4xx_hal_spi.c ****       {
1367:Drivers/STM32G4xx_HAL_Driver/Src/stm32g4xx_hal_spi.c ****         /* Set NSS Soft to received correctly the CRC on slave mode with NSS pulse activated */
1368:Drivers/STM32G4xx_HAL_Driver/Src/stm32g4xx_hal_spi.c ****         if ((READ_BIT(spi_cr1, SPI_CR1_MSTR) == 0U) && (READ_BIT(spi_cr2, SPI_CR2_NSSP) == SPI_CR2_
1369:Drivers/STM32G4xx_HAL_Driver/Src/stm32g4xx_hal_spi.c ****         {
1370:Drivers/STM32G4xx_HAL_Driver/Src/stm32g4xx_hal_spi.c ****           SET_BIT(hspi->Instance->CR1, SPI_CR1_SSM);
1371:Drivers/STM32G4xx_HAL_Driver/Src/stm32g4xx_hal_spi.c ****         }
1372:Drivers/STM32G4xx_HAL_Driver/Src/stm32g4xx_hal_spi.c ****         SET_BIT(hspi->Instance->CR1, SPI_CR1_CRCNEXT);
1373:Drivers/STM32G4xx_HAL_Driver/Src/stm32g4xx_hal_spi.c ****       }
1374:Drivers/STM32G4xx_HAL_Driver/Src/stm32g4xx_hal_spi.c **** #endif /* USE_SPI_CRC */
1375:Drivers/STM32G4xx_HAL_Driver/Src/stm32g4xx_hal_spi.c **** 
1376:Drivers/STM32G4xx_HAL_Driver/Src/stm32g4xx_hal_spi.c ****     }
1377:Drivers/STM32G4xx_HAL_Driver/Src/stm32g4xx_hal_spi.c ****     while ((hspi->TxXferCount > 0U) || (hspi->RxXferCount > 0U))
1378:Drivers/STM32G4xx_HAL_Driver/Src/stm32g4xx_hal_spi.c ****     {
1379:Drivers/STM32G4xx_HAL_Driver/Src/stm32g4xx_hal_spi.c ****       /* Check TXE flag */
1380:Drivers/STM32G4xx_HAL_Driver/Src/stm32g4xx_hal_spi.c ****       if ((__HAL_SPI_GET_FLAG(hspi, SPI_FLAG_TXE)) && (hspi->TxXferCount > 0U) && (txallowed == 1U)
1381:Drivers/STM32G4xx_HAL_Driver/Src/stm32g4xx_hal_spi.c ****       {
1382:Drivers/STM32G4xx_HAL_Driver/Src/stm32g4xx_hal_spi.c ****         hspi->Instance->DR = *((uint16_t *)hspi->pTxBuffPtr);
1383:Drivers/STM32G4xx_HAL_Driver/Src/stm32g4xx_hal_spi.c ****         hspi->pTxBuffPtr += sizeof(uint16_t);
1384:Drivers/STM32G4xx_HAL_Driver/Src/stm32g4xx_hal_spi.c ****         hspi->TxXferCount--;
1385:Drivers/STM32G4xx_HAL_Driver/Src/stm32g4xx_hal_spi.c ****         /* Next Data is a reception (Rx). Tx not allowed */
1386:Drivers/STM32G4xx_HAL_Driver/Src/stm32g4xx_hal_spi.c ****         txallowed = 0U;
1387:Drivers/STM32G4xx_HAL_Driver/Src/stm32g4xx_hal_spi.c **** 
1388:Drivers/STM32G4xx_HAL_Driver/Src/stm32g4xx_hal_spi.c **** #if (USE_SPI_CRC != 0U)
1389:Drivers/STM32G4xx_HAL_Driver/Src/stm32g4xx_hal_spi.c ****         /* Enable CRC Transmission */
1390:Drivers/STM32G4xx_HAL_Driver/Src/stm32g4xx_hal_spi.c ****         if ((hspi->TxXferCount == 0U) && (hspi->Init.CRCCalculation == SPI_CRCCALCULATION_ENABLE))
1391:Drivers/STM32G4xx_HAL_Driver/Src/stm32g4xx_hal_spi.c ****         {
1392:Drivers/STM32G4xx_HAL_Driver/Src/stm32g4xx_hal_spi.c ****           /* Set NSS Soft to received correctly the CRC on slave mode with NSS pulse activated */
1393:Drivers/STM32G4xx_HAL_Driver/Src/stm32g4xx_hal_spi.c ****           if ((READ_BIT(spi_cr1, SPI_CR1_MSTR) == 0U) && (READ_BIT(spi_cr2, SPI_CR2_NSSP) == SPI_CR
1394:Drivers/STM32G4xx_HAL_Driver/Src/stm32g4xx_hal_spi.c ****           {
1395:Drivers/STM32G4xx_HAL_Driver/Src/stm32g4xx_hal_spi.c ****             SET_BIT(hspi->Instance->CR1, SPI_CR1_SSM);
1396:Drivers/STM32G4xx_HAL_Driver/Src/stm32g4xx_hal_spi.c ****           }
1397:Drivers/STM32G4xx_HAL_Driver/Src/stm32g4xx_hal_spi.c ****           SET_BIT(hspi->Instance->CR1, SPI_CR1_CRCNEXT);
1398:Drivers/STM32G4xx_HAL_Driver/Src/stm32g4xx_hal_spi.c ****         }
ARM GAS  C:\Users\Booster\AppData\Local\Temp\ccQdKe81.s 			page 26


1399:Drivers/STM32G4xx_HAL_Driver/Src/stm32g4xx_hal_spi.c **** #endif /* USE_SPI_CRC */
1400:Drivers/STM32G4xx_HAL_Driver/Src/stm32g4xx_hal_spi.c ****       }
1401:Drivers/STM32G4xx_HAL_Driver/Src/stm32g4xx_hal_spi.c **** 
1402:Drivers/STM32G4xx_HAL_Driver/Src/stm32g4xx_hal_spi.c ****       /* Check RXNE flag */
1403:Drivers/STM32G4xx_HAL_Driver/Src/stm32g4xx_hal_spi.c ****       if ((__HAL_SPI_GET_FLAG(hspi, SPI_FLAG_RXNE)) && (hspi->RxXferCount > 0U))
1404:Drivers/STM32G4xx_HAL_Driver/Src/stm32g4xx_hal_spi.c ****       {
1405:Drivers/STM32G4xx_HAL_Driver/Src/stm32g4xx_hal_spi.c ****         *((uint16_t *)hspi->pRxBuffPtr) = (uint16_t)hspi->Instance->DR;
1406:Drivers/STM32G4xx_HAL_Driver/Src/stm32g4xx_hal_spi.c ****         hspi->pRxBuffPtr += sizeof(uint16_t);
1407:Drivers/STM32G4xx_HAL_Driver/Src/stm32g4xx_hal_spi.c ****         hspi->RxXferCount--;
1408:Drivers/STM32G4xx_HAL_Driver/Src/stm32g4xx_hal_spi.c ****         /* Next Data is a Transmission (Tx). Tx is allowed */
1409:Drivers/STM32G4xx_HAL_Driver/Src/stm32g4xx_hal_spi.c ****         txallowed = 1U;
1410:Drivers/STM32G4xx_HAL_Driver/Src/stm32g4xx_hal_spi.c ****       }
1411:Drivers/STM32G4xx_HAL_Driver/Src/stm32g4xx_hal_spi.c ****       if (((HAL_GetTick() - tickstart) >=  Timeout) && (Timeout != HAL_MAX_DELAY))
1412:Drivers/STM32G4xx_HAL_Driver/Src/stm32g4xx_hal_spi.c ****       {
1413:Drivers/STM32G4xx_HAL_Driver/Src/stm32g4xx_hal_spi.c ****         errorcode = HAL_TIMEOUT;
1414:Drivers/STM32G4xx_HAL_Driver/Src/stm32g4xx_hal_spi.c ****         hspi->State = HAL_SPI_STATE_READY;
1415:Drivers/STM32G4xx_HAL_Driver/Src/stm32g4xx_hal_spi.c ****         goto error;
1416:Drivers/STM32G4xx_HAL_Driver/Src/stm32g4xx_hal_spi.c ****       }
1417:Drivers/STM32G4xx_HAL_Driver/Src/stm32g4xx_hal_spi.c ****     }
1418:Drivers/STM32G4xx_HAL_Driver/Src/stm32g4xx_hal_spi.c ****   }
1419:Drivers/STM32G4xx_HAL_Driver/Src/stm32g4xx_hal_spi.c ****   /* Transmit and Receive data in 8 Bit mode */
1420:Drivers/STM32G4xx_HAL_Driver/Src/stm32g4xx_hal_spi.c ****   else
1421:Drivers/STM32G4xx_HAL_Driver/Src/stm32g4xx_hal_spi.c ****   {
1422:Drivers/STM32G4xx_HAL_Driver/Src/stm32g4xx_hal_spi.c ****     if ((hspi->Init.Mode == SPI_MODE_SLAVE) || (initial_TxXferCount == 0x01U))
1423:Drivers/STM32G4xx_HAL_Driver/Src/stm32g4xx_hal_spi.c ****     {
1424:Drivers/STM32G4xx_HAL_Driver/Src/stm32g4xx_hal_spi.c ****       if (hspi->TxXferCount > 1U)
1425:Drivers/STM32G4xx_HAL_Driver/Src/stm32g4xx_hal_spi.c ****       {
1426:Drivers/STM32G4xx_HAL_Driver/Src/stm32g4xx_hal_spi.c ****         hspi->Instance->DR = *((uint16_t *)hspi->pTxBuffPtr);
1427:Drivers/STM32G4xx_HAL_Driver/Src/stm32g4xx_hal_spi.c ****         hspi->pTxBuffPtr += sizeof(uint16_t);
1428:Drivers/STM32G4xx_HAL_Driver/Src/stm32g4xx_hal_spi.c ****         hspi->TxXferCount -= 2U;
1429:Drivers/STM32G4xx_HAL_Driver/Src/stm32g4xx_hal_spi.c ****       }
1430:Drivers/STM32G4xx_HAL_Driver/Src/stm32g4xx_hal_spi.c ****       else
1431:Drivers/STM32G4xx_HAL_Driver/Src/stm32g4xx_hal_spi.c ****       {
1432:Drivers/STM32G4xx_HAL_Driver/Src/stm32g4xx_hal_spi.c ****         *(__IO uint8_t *)&hspi->Instance->DR = (*hspi->pTxBuffPtr);
1433:Drivers/STM32G4xx_HAL_Driver/Src/stm32g4xx_hal_spi.c ****         hspi->pTxBuffPtr++;
1434:Drivers/STM32G4xx_HAL_Driver/Src/stm32g4xx_hal_spi.c ****         hspi->TxXferCount--;
1435:Drivers/STM32G4xx_HAL_Driver/Src/stm32g4xx_hal_spi.c **** 
1436:Drivers/STM32G4xx_HAL_Driver/Src/stm32g4xx_hal_spi.c **** #if (USE_SPI_CRC != 0U)
1437:Drivers/STM32G4xx_HAL_Driver/Src/stm32g4xx_hal_spi.c ****         /* Enable CRC Transmission */
1438:Drivers/STM32G4xx_HAL_Driver/Src/stm32g4xx_hal_spi.c ****         if ((hspi->TxXferCount == 0U) && (hspi->Init.CRCCalculation == SPI_CRCCALCULATION_ENABLE))
1439:Drivers/STM32G4xx_HAL_Driver/Src/stm32g4xx_hal_spi.c ****         {
1440:Drivers/STM32G4xx_HAL_Driver/Src/stm32g4xx_hal_spi.c ****           /* Set NSS Soft to received correctly the CRC on slave mode with NSS pulse activated */
1441:Drivers/STM32G4xx_HAL_Driver/Src/stm32g4xx_hal_spi.c ****           if ((READ_BIT(spi_cr1, SPI_CR1_MSTR) == 0U) && (READ_BIT(spi_cr2, SPI_CR2_NSSP) == SPI_CR
1442:Drivers/STM32G4xx_HAL_Driver/Src/stm32g4xx_hal_spi.c ****           {
1443:Drivers/STM32G4xx_HAL_Driver/Src/stm32g4xx_hal_spi.c ****             SET_BIT(hspi->Instance->CR1, SPI_CR1_SSM);
1444:Drivers/STM32G4xx_HAL_Driver/Src/stm32g4xx_hal_spi.c ****           }
1445:Drivers/STM32G4xx_HAL_Driver/Src/stm32g4xx_hal_spi.c ****           SET_BIT(hspi->Instance->CR1, SPI_CR1_CRCNEXT);
1446:Drivers/STM32G4xx_HAL_Driver/Src/stm32g4xx_hal_spi.c ****         }
1447:Drivers/STM32G4xx_HAL_Driver/Src/stm32g4xx_hal_spi.c **** #endif /* USE_SPI_CRC */
1448:Drivers/STM32G4xx_HAL_Driver/Src/stm32g4xx_hal_spi.c ****       }
1449:Drivers/STM32G4xx_HAL_Driver/Src/stm32g4xx_hal_spi.c ****     }
1450:Drivers/STM32G4xx_HAL_Driver/Src/stm32g4xx_hal_spi.c ****     while ((hspi->TxXferCount > 0U) || (hspi->RxXferCount > 0U))
1451:Drivers/STM32G4xx_HAL_Driver/Src/stm32g4xx_hal_spi.c ****     {
1452:Drivers/STM32G4xx_HAL_Driver/Src/stm32g4xx_hal_spi.c ****       /* Check TXE flag */
1453:Drivers/STM32G4xx_HAL_Driver/Src/stm32g4xx_hal_spi.c ****       if ((__HAL_SPI_GET_FLAG(hspi, SPI_FLAG_TXE)) && (hspi->TxXferCount > 0U) && (txallowed == 1U)
1454:Drivers/STM32G4xx_HAL_Driver/Src/stm32g4xx_hal_spi.c ****       {
1455:Drivers/STM32G4xx_HAL_Driver/Src/stm32g4xx_hal_spi.c ****         if (hspi->TxXferCount > 1U)
ARM GAS  C:\Users\Booster\AppData\Local\Temp\ccQdKe81.s 			page 27


1456:Drivers/STM32G4xx_HAL_Driver/Src/stm32g4xx_hal_spi.c ****         {
1457:Drivers/STM32G4xx_HAL_Driver/Src/stm32g4xx_hal_spi.c ****           hspi->Instance->DR = *((uint16_t *)hspi->pTxBuffPtr);
1458:Drivers/STM32G4xx_HAL_Driver/Src/stm32g4xx_hal_spi.c ****           hspi->pTxBuffPtr += sizeof(uint16_t);
1459:Drivers/STM32G4xx_HAL_Driver/Src/stm32g4xx_hal_spi.c ****           hspi->TxXferCount -= 2U;
1460:Drivers/STM32G4xx_HAL_Driver/Src/stm32g4xx_hal_spi.c ****         }
1461:Drivers/STM32G4xx_HAL_Driver/Src/stm32g4xx_hal_spi.c ****         else
1462:Drivers/STM32G4xx_HAL_Driver/Src/stm32g4xx_hal_spi.c ****         {
1463:Drivers/STM32G4xx_HAL_Driver/Src/stm32g4xx_hal_spi.c ****           *(__IO uint8_t *)&hspi->Instance->DR = (*hspi->pTxBuffPtr);
1464:Drivers/STM32G4xx_HAL_Driver/Src/stm32g4xx_hal_spi.c ****           hspi->pTxBuffPtr++;
1465:Drivers/STM32G4xx_HAL_Driver/Src/stm32g4xx_hal_spi.c ****           hspi->TxXferCount--;
1466:Drivers/STM32G4xx_HAL_Driver/Src/stm32g4xx_hal_spi.c ****         }
1467:Drivers/STM32G4xx_HAL_Driver/Src/stm32g4xx_hal_spi.c ****         /* Next Data is a reception (Rx). Tx not allowed */
1468:Drivers/STM32G4xx_HAL_Driver/Src/stm32g4xx_hal_spi.c ****         txallowed = 0U;
1469:Drivers/STM32G4xx_HAL_Driver/Src/stm32g4xx_hal_spi.c **** 
1470:Drivers/STM32G4xx_HAL_Driver/Src/stm32g4xx_hal_spi.c **** #if (USE_SPI_CRC != 0U)
1471:Drivers/STM32G4xx_HAL_Driver/Src/stm32g4xx_hal_spi.c ****         /* Enable CRC Transmission */
1472:Drivers/STM32G4xx_HAL_Driver/Src/stm32g4xx_hal_spi.c ****         if ((hspi->TxXferCount == 0U) && (hspi->Init.CRCCalculation == SPI_CRCCALCULATION_ENABLE))
1473:Drivers/STM32G4xx_HAL_Driver/Src/stm32g4xx_hal_spi.c ****         {
1474:Drivers/STM32G4xx_HAL_Driver/Src/stm32g4xx_hal_spi.c ****           /* Set NSS Soft to received correctly the CRC on slave mode with NSS pulse activated */
1475:Drivers/STM32G4xx_HAL_Driver/Src/stm32g4xx_hal_spi.c ****           if ((READ_BIT(spi_cr1, SPI_CR1_MSTR) == 0U) && (READ_BIT(spi_cr2, SPI_CR2_NSSP) == SPI_CR
1476:Drivers/STM32G4xx_HAL_Driver/Src/stm32g4xx_hal_spi.c ****           {
1477:Drivers/STM32G4xx_HAL_Driver/Src/stm32g4xx_hal_spi.c ****             SET_BIT(hspi->Instance->CR1, SPI_CR1_SSM);
1478:Drivers/STM32G4xx_HAL_Driver/Src/stm32g4xx_hal_spi.c ****           }
1479:Drivers/STM32G4xx_HAL_Driver/Src/stm32g4xx_hal_spi.c ****           SET_BIT(hspi->Instance->CR1, SPI_CR1_CRCNEXT);
1480:Drivers/STM32G4xx_HAL_Driver/Src/stm32g4xx_hal_spi.c ****         }
1481:Drivers/STM32G4xx_HAL_Driver/Src/stm32g4xx_hal_spi.c **** #endif /* USE_SPI_CRC */
1482:Drivers/STM32G4xx_HAL_Driver/Src/stm32g4xx_hal_spi.c ****       }
1483:Drivers/STM32G4xx_HAL_Driver/Src/stm32g4xx_hal_spi.c **** 
1484:Drivers/STM32G4xx_HAL_Driver/Src/stm32g4xx_hal_spi.c ****       /* Wait until RXNE flag is reset */
1485:Drivers/STM32G4xx_HAL_Driver/Src/stm32g4xx_hal_spi.c ****       if ((__HAL_SPI_GET_FLAG(hspi, SPI_FLAG_RXNE)) && (hspi->RxXferCount > 0U))
1486:Drivers/STM32G4xx_HAL_Driver/Src/stm32g4xx_hal_spi.c ****       {
1487:Drivers/STM32G4xx_HAL_Driver/Src/stm32g4xx_hal_spi.c ****         if (hspi->RxXferCount > 1U)
1488:Drivers/STM32G4xx_HAL_Driver/Src/stm32g4xx_hal_spi.c ****         {
1489:Drivers/STM32G4xx_HAL_Driver/Src/stm32g4xx_hal_spi.c ****           *((uint16_t *)hspi->pRxBuffPtr) = (uint16_t)hspi->Instance->DR;
1490:Drivers/STM32G4xx_HAL_Driver/Src/stm32g4xx_hal_spi.c ****           hspi->pRxBuffPtr += sizeof(uint16_t);
1491:Drivers/STM32G4xx_HAL_Driver/Src/stm32g4xx_hal_spi.c ****           hspi->RxXferCount -= 2U;
1492:Drivers/STM32G4xx_HAL_Driver/Src/stm32g4xx_hal_spi.c ****           if (hspi->RxXferCount <= 1U)
1493:Drivers/STM32G4xx_HAL_Driver/Src/stm32g4xx_hal_spi.c ****           {
1494:Drivers/STM32G4xx_HAL_Driver/Src/stm32g4xx_hal_spi.c ****             /* Set RX Fifo threshold before to switch on 8 bit data size */
1495:Drivers/STM32G4xx_HAL_Driver/Src/stm32g4xx_hal_spi.c ****             SET_BIT(hspi->Instance->CR2, SPI_RXFIFO_THRESHOLD);
1496:Drivers/STM32G4xx_HAL_Driver/Src/stm32g4xx_hal_spi.c ****           }
1497:Drivers/STM32G4xx_HAL_Driver/Src/stm32g4xx_hal_spi.c ****         }
1498:Drivers/STM32G4xx_HAL_Driver/Src/stm32g4xx_hal_spi.c ****         else
1499:Drivers/STM32G4xx_HAL_Driver/Src/stm32g4xx_hal_spi.c ****         {
1500:Drivers/STM32G4xx_HAL_Driver/Src/stm32g4xx_hal_spi.c ****           (*(uint8_t *)hspi->pRxBuffPtr) = *(__IO uint8_t *)&hspi->Instance->DR;
1501:Drivers/STM32G4xx_HAL_Driver/Src/stm32g4xx_hal_spi.c ****           hspi->pRxBuffPtr++;
1502:Drivers/STM32G4xx_HAL_Driver/Src/stm32g4xx_hal_spi.c ****           hspi->RxXferCount--;
1503:Drivers/STM32G4xx_HAL_Driver/Src/stm32g4xx_hal_spi.c ****         }
1504:Drivers/STM32G4xx_HAL_Driver/Src/stm32g4xx_hal_spi.c ****         /* Next Data is a Transmission (Tx). Tx is allowed */
1505:Drivers/STM32G4xx_HAL_Driver/Src/stm32g4xx_hal_spi.c ****         txallowed = 1U;
1506:Drivers/STM32G4xx_HAL_Driver/Src/stm32g4xx_hal_spi.c ****       }
1507:Drivers/STM32G4xx_HAL_Driver/Src/stm32g4xx_hal_spi.c ****       if ((((HAL_GetTick() - tickstart) >=  Timeout) && ((Timeout != HAL_MAX_DELAY))) || (Timeout =
1508:Drivers/STM32G4xx_HAL_Driver/Src/stm32g4xx_hal_spi.c ****       {
1509:Drivers/STM32G4xx_HAL_Driver/Src/stm32g4xx_hal_spi.c ****         errorcode = HAL_TIMEOUT;
1510:Drivers/STM32G4xx_HAL_Driver/Src/stm32g4xx_hal_spi.c ****         hspi->State = HAL_SPI_STATE_READY;
1511:Drivers/STM32G4xx_HAL_Driver/Src/stm32g4xx_hal_spi.c ****         goto error;
1512:Drivers/STM32G4xx_HAL_Driver/Src/stm32g4xx_hal_spi.c ****       }
ARM GAS  C:\Users\Booster\AppData\Local\Temp\ccQdKe81.s 			page 28


1513:Drivers/STM32G4xx_HAL_Driver/Src/stm32g4xx_hal_spi.c ****     }
1514:Drivers/STM32G4xx_HAL_Driver/Src/stm32g4xx_hal_spi.c ****   }
1515:Drivers/STM32G4xx_HAL_Driver/Src/stm32g4xx_hal_spi.c **** 
1516:Drivers/STM32G4xx_HAL_Driver/Src/stm32g4xx_hal_spi.c **** #if (USE_SPI_CRC != 0U)
1517:Drivers/STM32G4xx_HAL_Driver/Src/stm32g4xx_hal_spi.c ****   /* Read CRC from DR to close CRC calculation process */
1518:Drivers/STM32G4xx_HAL_Driver/Src/stm32g4xx_hal_spi.c ****   if (hspi->Init.CRCCalculation == SPI_CRCCALCULATION_ENABLE)
1519:Drivers/STM32G4xx_HAL_Driver/Src/stm32g4xx_hal_spi.c ****   {
1520:Drivers/STM32G4xx_HAL_Driver/Src/stm32g4xx_hal_spi.c ****     /* Wait until TXE flag */
1521:Drivers/STM32G4xx_HAL_Driver/Src/stm32g4xx_hal_spi.c ****     if (SPI_WaitFlagStateUntilTimeout(hspi, SPI_FLAG_RXNE, SET, Timeout, tickstart) != HAL_OK)
1522:Drivers/STM32G4xx_HAL_Driver/Src/stm32g4xx_hal_spi.c ****     {
1523:Drivers/STM32G4xx_HAL_Driver/Src/stm32g4xx_hal_spi.c ****       /* Error on the CRC reception */
1524:Drivers/STM32G4xx_HAL_Driver/Src/stm32g4xx_hal_spi.c ****       SET_BIT(hspi->ErrorCode, HAL_SPI_ERROR_CRC);
1525:Drivers/STM32G4xx_HAL_Driver/Src/stm32g4xx_hal_spi.c ****       errorcode = HAL_TIMEOUT;
1526:Drivers/STM32G4xx_HAL_Driver/Src/stm32g4xx_hal_spi.c ****       goto error;
1527:Drivers/STM32G4xx_HAL_Driver/Src/stm32g4xx_hal_spi.c ****     }
1528:Drivers/STM32G4xx_HAL_Driver/Src/stm32g4xx_hal_spi.c ****     /* Read CRC */
1529:Drivers/STM32G4xx_HAL_Driver/Src/stm32g4xx_hal_spi.c ****     if (hspi->Init.DataSize == SPI_DATASIZE_16BIT)
1530:Drivers/STM32G4xx_HAL_Driver/Src/stm32g4xx_hal_spi.c ****     {
1531:Drivers/STM32G4xx_HAL_Driver/Src/stm32g4xx_hal_spi.c ****       /* Read 16bit CRC */
1532:Drivers/STM32G4xx_HAL_Driver/Src/stm32g4xx_hal_spi.c ****       tmpreg = READ_REG(hspi->Instance->DR);
1533:Drivers/STM32G4xx_HAL_Driver/Src/stm32g4xx_hal_spi.c ****       /* To avoid GCC warning */
1534:Drivers/STM32G4xx_HAL_Driver/Src/stm32g4xx_hal_spi.c ****       UNUSED(tmpreg);
1535:Drivers/STM32G4xx_HAL_Driver/Src/stm32g4xx_hal_spi.c ****     }
1536:Drivers/STM32G4xx_HAL_Driver/Src/stm32g4xx_hal_spi.c ****     else
1537:Drivers/STM32G4xx_HAL_Driver/Src/stm32g4xx_hal_spi.c ****     {
1538:Drivers/STM32G4xx_HAL_Driver/Src/stm32g4xx_hal_spi.c ****       /* Initialize the 8bit temporary pointer */
1539:Drivers/STM32G4xx_HAL_Driver/Src/stm32g4xx_hal_spi.c ****       ptmpreg8 = (__IO uint8_t *)&hspi->Instance->DR;
1540:Drivers/STM32G4xx_HAL_Driver/Src/stm32g4xx_hal_spi.c ****       /* Read 8bit CRC */
1541:Drivers/STM32G4xx_HAL_Driver/Src/stm32g4xx_hal_spi.c ****       tmpreg8 = *ptmpreg8;
1542:Drivers/STM32G4xx_HAL_Driver/Src/stm32g4xx_hal_spi.c ****       /* To avoid GCC warning */
1543:Drivers/STM32G4xx_HAL_Driver/Src/stm32g4xx_hal_spi.c ****       UNUSED(tmpreg8);
1544:Drivers/STM32G4xx_HAL_Driver/Src/stm32g4xx_hal_spi.c **** 
1545:Drivers/STM32G4xx_HAL_Driver/Src/stm32g4xx_hal_spi.c ****       if (hspi->Init.CRCLength == SPI_CRC_LENGTH_16BIT)
1546:Drivers/STM32G4xx_HAL_Driver/Src/stm32g4xx_hal_spi.c ****       {
1547:Drivers/STM32G4xx_HAL_Driver/Src/stm32g4xx_hal_spi.c ****         if (SPI_WaitFlagStateUntilTimeout(hspi, SPI_FLAG_RXNE, SET, Timeout, tickstart) != HAL_OK)
1548:Drivers/STM32G4xx_HAL_Driver/Src/stm32g4xx_hal_spi.c ****         {
1549:Drivers/STM32G4xx_HAL_Driver/Src/stm32g4xx_hal_spi.c ****           /* Error on the CRC reception */
1550:Drivers/STM32G4xx_HAL_Driver/Src/stm32g4xx_hal_spi.c ****           SET_BIT(hspi->ErrorCode, HAL_SPI_ERROR_CRC);
1551:Drivers/STM32G4xx_HAL_Driver/Src/stm32g4xx_hal_spi.c ****           errorcode = HAL_TIMEOUT;
1552:Drivers/STM32G4xx_HAL_Driver/Src/stm32g4xx_hal_spi.c ****           goto error;
1553:Drivers/STM32G4xx_HAL_Driver/Src/stm32g4xx_hal_spi.c ****         }
1554:Drivers/STM32G4xx_HAL_Driver/Src/stm32g4xx_hal_spi.c ****         /* Read 8bit CRC again in case of 16bit CRC in 8bit Data mode */
1555:Drivers/STM32G4xx_HAL_Driver/Src/stm32g4xx_hal_spi.c ****         tmpreg8 = *ptmpreg8;
1556:Drivers/STM32G4xx_HAL_Driver/Src/stm32g4xx_hal_spi.c ****         /* To avoid GCC warning */
1557:Drivers/STM32G4xx_HAL_Driver/Src/stm32g4xx_hal_spi.c ****         UNUSED(tmpreg8);
1558:Drivers/STM32G4xx_HAL_Driver/Src/stm32g4xx_hal_spi.c ****       }
1559:Drivers/STM32G4xx_HAL_Driver/Src/stm32g4xx_hal_spi.c ****     }
1560:Drivers/STM32G4xx_HAL_Driver/Src/stm32g4xx_hal_spi.c ****   }
1561:Drivers/STM32G4xx_HAL_Driver/Src/stm32g4xx_hal_spi.c **** 
1562:Drivers/STM32G4xx_HAL_Driver/Src/stm32g4xx_hal_spi.c ****   /* Check if CRC error occurred */
1563:Drivers/STM32G4xx_HAL_Driver/Src/stm32g4xx_hal_spi.c ****   if (__HAL_SPI_GET_FLAG(hspi, SPI_FLAG_CRCERR))
1564:Drivers/STM32G4xx_HAL_Driver/Src/stm32g4xx_hal_spi.c ****   {
1565:Drivers/STM32G4xx_HAL_Driver/Src/stm32g4xx_hal_spi.c ****     SET_BIT(hspi->ErrorCode, HAL_SPI_ERROR_CRC);
1566:Drivers/STM32G4xx_HAL_Driver/Src/stm32g4xx_hal_spi.c ****     /* Clear CRC Flag */
1567:Drivers/STM32G4xx_HAL_Driver/Src/stm32g4xx_hal_spi.c ****     __HAL_SPI_CLEAR_CRCERRFLAG(hspi);
1568:Drivers/STM32G4xx_HAL_Driver/Src/stm32g4xx_hal_spi.c **** 
1569:Drivers/STM32G4xx_HAL_Driver/Src/stm32g4xx_hal_spi.c ****     errorcode = HAL_ERROR;
ARM GAS  C:\Users\Booster\AppData\Local\Temp\ccQdKe81.s 			page 29


1570:Drivers/STM32G4xx_HAL_Driver/Src/stm32g4xx_hal_spi.c ****   }
1571:Drivers/STM32G4xx_HAL_Driver/Src/stm32g4xx_hal_spi.c **** #endif /* USE_SPI_CRC */
1572:Drivers/STM32G4xx_HAL_Driver/Src/stm32g4xx_hal_spi.c **** 
1573:Drivers/STM32G4xx_HAL_Driver/Src/stm32g4xx_hal_spi.c ****   /* Check the end of the transaction */
1574:Drivers/STM32G4xx_HAL_Driver/Src/stm32g4xx_hal_spi.c ****   if (SPI_EndRxTxTransaction(hspi, Timeout, tickstart) != HAL_OK)
1575:Drivers/STM32G4xx_HAL_Driver/Src/stm32g4xx_hal_spi.c ****   {
1576:Drivers/STM32G4xx_HAL_Driver/Src/stm32g4xx_hal_spi.c ****     errorcode = HAL_ERROR;
1577:Drivers/STM32G4xx_HAL_Driver/Src/stm32g4xx_hal_spi.c ****     hspi->ErrorCode = HAL_SPI_ERROR_FLAG;
1578:Drivers/STM32G4xx_HAL_Driver/Src/stm32g4xx_hal_spi.c ****   }
1579:Drivers/STM32G4xx_HAL_Driver/Src/stm32g4xx_hal_spi.c **** 
1580:Drivers/STM32G4xx_HAL_Driver/Src/stm32g4xx_hal_spi.c ****   if (hspi->ErrorCode != HAL_SPI_ERROR_NONE)
1581:Drivers/STM32G4xx_HAL_Driver/Src/stm32g4xx_hal_spi.c ****   {
1582:Drivers/STM32G4xx_HAL_Driver/Src/stm32g4xx_hal_spi.c ****     errorcode = HAL_ERROR;
1583:Drivers/STM32G4xx_HAL_Driver/Src/stm32g4xx_hal_spi.c ****   }
1584:Drivers/STM32G4xx_HAL_Driver/Src/stm32g4xx_hal_spi.c ****   else
1585:Drivers/STM32G4xx_HAL_Driver/Src/stm32g4xx_hal_spi.c ****   {
1586:Drivers/STM32G4xx_HAL_Driver/Src/stm32g4xx_hal_spi.c ****     hspi->State = HAL_SPI_STATE_READY;
1587:Drivers/STM32G4xx_HAL_Driver/Src/stm32g4xx_hal_spi.c ****   }
1588:Drivers/STM32G4xx_HAL_Driver/Src/stm32g4xx_hal_spi.c ****   
1589:Drivers/STM32G4xx_HAL_Driver/Src/stm32g4xx_hal_spi.c **** error :
1590:Drivers/STM32G4xx_HAL_Driver/Src/stm32g4xx_hal_spi.c ****   __HAL_UNLOCK(hspi);
1591:Drivers/STM32G4xx_HAL_Driver/Src/stm32g4xx_hal_spi.c ****   return errorcode;
1592:Drivers/STM32G4xx_HAL_Driver/Src/stm32g4xx_hal_spi.c **** }
1593:Drivers/STM32G4xx_HAL_Driver/Src/stm32g4xx_hal_spi.c **** 
1594:Drivers/STM32G4xx_HAL_Driver/Src/stm32g4xx_hal_spi.c **** /**
1595:Drivers/STM32G4xx_HAL_Driver/Src/stm32g4xx_hal_spi.c ****   * @brief  Transmit an amount of data in non-blocking mode with Interrupt.
1596:Drivers/STM32G4xx_HAL_Driver/Src/stm32g4xx_hal_spi.c ****   * @param  hspi pointer to a SPI_HandleTypeDef structure that contains
1597:Drivers/STM32G4xx_HAL_Driver/Src/stm32g4xx_hal_spi.c ****   *               the configuration information for SPI module.
1598:Drivers/STM32G4xx_HAL_Driver/Src/stm32g4xx_hal_spi.c ****   * @param  pData pointer to data buffer
1599:Drivers/STM32G4xx_HAL_Driver/Src/stm32g4xx_hal_spi.c ****   * @param  Size amount of data to be sent
1600:Drivers/STM32G4xx_HAL_Driver/Src/stm32g4xx_hal_spi.c ****   * @retval HAL status
1601:Drivers/STM32G4xx_HAL_Driver/Src/stm32g4xx_hal_spi.c ****   */
1602:Drivers/STM32G4xx_HAL_Driver/Src/stm32g4xx_hal_spi.c **** HAL_StatusTypeDef HAL_SPI_Transmit_IT(SPI_HandleTypeDef *hspi, uint8_t *pData, uint16_t Size)
1603:Drivers/STM32G4xx_HAL_Driver/Src/stm32g4xx_hal_spi.c **** {
1604:Drivers/STM32G4xx_HAL_Driver/Src/stm32g4xx_hal_spi.c ****   HAL_StatusTypeDef errorcode = HAL_OK;
1605:Drivers/STM32G4xx_HAL_Driver/Src/stm32g4xx_hal_spi.c **** 
1606:Drivers/STM32G4xx_HAL_Driver/Src/stm32g4xx_hal_spi.c ****   /* Check Direction parameter */
1607:Drivers/STM32G4xx_HAL_Driver/Src/stm32g4xx_hal_spi.c ****   assert_param(IS_SPI_DIRECTION_2LINES_OR_1LINE(hspi->Init.Direction));
1608:Drivers/STM32G4xx_HAL_Driver/Src/stm32g4xx_hal_spi.c **** 
1609:Drivers/STM32G4xx_HAL_Driver/Src/stm32g4xx_hal_spi.c **** 
1610:Drivers/STM32G4xx_HAL_Driver/Src/stm32g4xx_hal_spi.c ****   if ((pData == NULL) || (Size == 0U))
1611:Drivers/STM32G4xx_HAL_Driver/Src/stm32g4xx_hal_spi.c ****   {
1612:Drivers/STM32G4xx_HAL_Driver/Src/stm32g4xx_hal_spi.c ****     errorcode = HAL_ERROR;
1613:Drivers/STM32G4xx_HAL_Driver/Src/stm32g4xx_hal_spi.c ****     goto error;
1614:Drivers/STM32G4xx_HAL_Driver/Src/stm32g4xx_hal_spi.c ****   }
1615:Drivers/STM32G4xx_HAL_Driver/Src/stm32g4xx_hal_spi.c **** 
1616:Drivers/STM32G4xx_HAL_Driver/Src/stm32g4xx_hal_spi.c ****   if (hspi->State != HAL_SPI_STATE_READY)
1617:Drivers/STM32G4xx_HAL_Driver/Src/stm32g4xx_hal_spi.c ****   {
1618:Drivers/STM32G4xx_HAL_Driver/Src/stm32g4xx_hal_spi.c ****     errorcode = HAL_BUSY;
1619:Drivers/STM32G4xx_HAL_Driver/Src/stm32g4xx_hal_spi.c ****     goto error;
1620:Drivers/STM32G4xx_HAL_Driver/Src/stm32g4xx_hal_spi.c ****   }
1621:Drivers/STM32G4xx_HAL_Driver/Src/stm32g4xx_hal_spi.c **** 
1622:Drivers/STM32G4xx_HAL_Driver/Src/stm32g4xx_hal_spi.c ****   /* Process Locked */
1623:Drivers/STM32G4xx_HAL_Driver/Src/stm32g4xx_hal_spi.c ****   __HAL_LOCK(hspi);
1624:Drivers/STM32G4xx_HAL_Driver/Src/stm32g4xx_hal_spi.c **** 
1625:Drivers/STM32G4xx_HAL_Driver/Src/stm32g4xx_hal_spi.c ****   /* Set the transaction information */
1626:Drivers/STM32G4xx_HAL_Driver/Src/stm32g4xx_hal_spi.c ****   hspi->State       = HAL_SPI_STATE_BUSY_TX;
ARM GAS  C:\Users\Booster\AppData\Local\Temp\ccQdKe81.s 			page 30


1627:Drivers/STM32G4xx_HAL_Driver/Src/stm32g4xx_hal_spi.c ****   hspi->ErrorCode   = HAL_SPI_ERROR_NONE;
1628:Drivers/STM32G4xx_HAL_Driver/Src/stm32g4xx_hal_spi.c ****   hspi->pTxBuffPtr  = (uint8_t *)pData;
1629:Drivers/STM32G4xx_HAL_Driver/Src/stm32g4xx_hal_spi.c ****   hspi->TxXferSize  = Size;
1630:Drivers/STM32G4xx_HAL_Driver/Src/stm32g4xx_hal_spi.c ****   hspi->TxXferCount = Size;
1631:Drivers/STM32G4xx_HAL_Driver/Src/stm32g4xx_hal_spi.c **** 
1632:Drivers/STM32G4xx_HAL_Driver/Src/stm32g4xx_hal_spi.c ****   /* Init field not used in handle to zero */
1633:Drivers/STM32G4xx_HAL_Driver/Src/stm32g4xx_hal_spi.c ****   hspi->pRxBuffPtr  = (uint8_t *)NULL;
1634:Drivers/STM32G4xx_HAL_Driver/Src/stm32g4xx_hal_spi.c ****   hspi->RxXferSize  = 0U;
1635:Drivers/STM32G4xx_HAL_Driver/Src/stm32g4xx_hal_spi.c ****   hspi->RxXferCount = 0U;
1636:Drivers/STM32G4xx_HAL_Driver/Src/stm32g4xx_hal_spi.c ****   hspi->RxISR       = NULL;
1637:Drivers/STM32G4xx_HAL_Driver/Src/stm32g4xx_hal_spi.c **** 
1638:Drivers/STM32G4xx_HAL_Driver/Src/stm32g4xx_hal_spi.c ****   /* Set the function for IT treatment */
1639:Drivers/STM32G4xx_HAL_Driver/Src/stm32g4xx_hal_spi.c ****   if (hspi->Init.DataSize > SPI_DATASIZE_8BIT)
1640:Drivers/STM32G4xx_HAL_Driver/Src/stm32g4xx_hal_spi.c ****   {
1641:Drivers/STM32G4xx_HAL_Driver/Src/stm32g4xx_hal_spi.c ****     hspi->TxISR = SPI_TxISR_16BIT;
1642:Drivers/STM32G4xx_HAL_Driver/Src/stm32g4xx_hal_spi.c ****   }
1643:Drivers/STM32G4xx_HAL_Driver/Src/stm32g4xx_hal_spi.c ****   else
1644:Drivers/STM32G4xx_HAL_Driver/Src/stm32g4xx_hal_spi.c ****   {
1645:Drivers/STM32G4xx_HAL_Driver/Src/stm32g4xx_hal_spi.c ****     hspi->TxISR = SPI_TxISR_8BIT;
1646:Drivers/STM32G4xx_HAL_Driver/Src/stm32g4xx_hal_spi.c ****   }
1647:Drivers/STM32G4xx_HAL_Driver/Src/stm32g4xx_hal_spi.c **** 
1648:Drivers/STM32G4xx_HAL_Driver/Src/stm32g4xx_hal_spi.c ****   /* Configure communication direction : 1Line */
1649:Drivers/STM32G4xx_HAL_Driver/Src/stm32g4xx_hal_spi.c ****   if (hspi->Init.Direction == SPI_DIRECTION_1LINE)
1650:Drivers/STM32G4xx_HAL_Driver/Src/stm32g4xx_hal_spi.c ****   {
1651:Drivers/STM32G4xx_HAL_Driver/Src/stm32g4xx_hal_spi.c ****     /* Disable SPI Peripheral before set 1Line direction (BIDIOE bit) */
1652:Drivers/STM32G4xx_HAL_Driver/Src/stm32g4xx_hal_spi.c ****     __HAL_SPI_DISABLE(hspi);
1653:Drivers/STM32G4xx_HAL_Driver/Src/stm32g4xx_hal_spi.c ****     SPI_1LINE_TX(hspi);
1654:Drivers/STM32G4xx_HAL_Driver/Src/stm32g4xx_hal_spi.c ****   }
1655:Drivers/STM32G4xx_HAL_Driver/Src/stm32g4xx_hal_spi.c **** 
1656:Drivers/STM32G4xx_HAL_Driver/Src/stm32g4xx_hal_spi.c **** #if (USE_SPI_CRC != 0U)
1657:Drivers/STM32G4xx_HAL_Driver/Src/stm32g4xx_hal_spi.c ****   /* Reset CRC Calculation */
1658:Drivers/STM32G4xx_HAL_Driver/Src/stm32g4xx_hal_spi.c ****   if (hspi->Init.CRCCalculation == SPI_CRCCALCULATION_ENABLE)
1659:Drivers/STM32G4xx_HAL_Driver/Src/stm32g4xx_hal_spi.c ****   {
1660:Drivers/STM32G4xx_HAL_Driver/Src/stm32g4xx_hal_spi.c ****     SPI_RESET_CRC(hspi);
1661:Drivers/STM32G4xx_HAL_Driver/Src/stm32g4xx_hal_spi.c ****   }
1662:Drivers/STM32G4xx_HAL_Driver/Src/stm32g4xx_hal_spi.c **** #endif /* USE_SPI_CRC */
1663:Drivers/STM32G4xx_HAL_Driver/Src/stm32g4xx_hal_spi.c **** 
1664:Drivers/STM32G4xx_HAL_Driver/Src/stm32g4xx_hal_spi.c ****   /* Check if the SPI is already enabled */
1665:Drivers/STM32G4xx_HAL_Driver/Src/stm32g4xx_hal_spi.c ****   if ((hspi->Instance->CR1 & SPI_CR1_SPE) != SPI_CR1_SPE)
1666:Drivers/STM32G4xx_HAL_Driver/Src/stm32g4xx_hal_spi.c ****   {
1667:Drivers/STM32G4xx_HAL_Driver/Src/stm32g4xx_hal_spi.c ****     /* Enable SPI peripheral */
1668:Drivers/STM32G4xx_HAL_Driver/Src/stm32g4xx_hal_spi.c ****     __HAL_SPI_ENABLE(hspi);
1669:Drivers/STM32G4xx_HAL_Driver/Src/stm32g4xx_hal_spi.c ****   }
1670:Drivers/STM32G4xx_HAL_Driver/Src/stm32g4xx_hal_spi.c **** 
1671:Drivers/STM32G4xx_HAL_Driver/Src/stm32g4xx_hal_spi.c ****   /* Process Unlocked */
1672:Drivers/STM32G4xx_HAL_Driver/Src/stm32g4xx_hal_spi.c ****   __HAL_UNLOCK(hspi);
1673:Drivers/STM32G4xx_HAL_Driver/Src/stm32g4xx_hal_spi.c ****   /* Enable TXE and ERR interrupt */
1674:Drivers/STM32G4xx_HAL_Driver/Src/stm32g4xx_hal_spi.c ****   __HAL_SPI_ENABLE_IT(hspi, (SPI_IT_TXE | SPI_IT_ERR));
1675:Drivers/STM32G4xx_HAL_Driver/Src/stm32g4xx_hal_spi.c **** 
1676:Drivers/STM32G4xx_HAL_Driver/Src/stm32g4xx_hal_spi.c **** error :
1677:Drivers/STM32G4xx_HAL_Driver/Src/stm32g4xx_hal_spi.c ****   return errorcode;
1678:Drivers/STM32G4xx_HAL_Driver/Src/stm32g4xx_hal_spi.c **** }
1679:Drivers/STM32G4xx_HAL_Driver/Src/stm32g4xx_hal_spi.c **** 
1680:Drivers/STM32G4xx_HAL_Driver/Src/stm32g4xx_hal_spi.c **** /**
1681:Drivers/STM32G4xx_HAL_Driver/Src/stm32g4xx_hal_spi.c ****   * @brief  Receive an amount of data in non-blocking mode with Interrupt.
1682:Drivers/STM32G4xx_HAL_Driver/Src/stm32g4xx_hal_spi.c ****   * @param  hspi pointer to a SPI_HandleTypeDef structure that contains
1683:Drivers/STM32G4xx_HAL_Driver/Src/stm32g4xx_hal_spi.c ****   *               the configuration information for SPI module.
ARM GAS  C:\Users\Booster\AppData\Local\Temp\ccQdKe81.s 			page 31


1684:Drivers/STM32G4xx_HAL_Driver/Src/stm32g4xx_hal_spi.c ****   * @param  pData pointer to data buffer
1685:Drivers/STM32G4xx_HAL_Driver/Src/stm32g4xx_hal_spi.c ****   * @param  Size amount of data to be sent
1686:Drivers/STM32G4xx_HAL_Driver/Src/stm32g4xx_hal_spi.c ****   * @retval HAL status
1687:Drivers/STM32G4xx_HAL_Driver/Src/stm32g4xx_hal_spi.c ****   */
1688:Drivers/STM32G4xx_HAL_Driver/Src/stm32g4xx_hal_spi.c **** HAL_StatusTypeDef HAL_SPI_Receive_IT(SPI_HandleTypeDef *hspi, uint8_t *pData, uint16_t Size)
1689:Drivers/STM32G4xx_HAL_Driver/Src/stm32g4xx_hal_spi.c **** {
1690:Drivers/STM32G4xx_HAL_Driver/Src/stm32g4xx_hal_spi.c ****   HAL_StatusTypeDef errorcode = HAL_OK;
1691:Drivers/STM32G4xx_HAL_Driver/Src/stm32g4xx_hal_spi.c **** 
1692:Drivers/STM32G4xx_HAL_Driver/Src/stm32g4xx_hal_spi.c **** 
1693:Drivers/STM32G4xx_HAL_Driver/Src/stm32g4xx_hal_spi.c ****   if (hspi->State != HAL_SPI_STATE_READY)
1694:Drivers/STM32G4xx_HAL_Driver/Src/stm32g4xx_hal_spi.c ****   {
1695:Drivers/STM32G4xx_HAL_Driver/Src/stm32g4xx_hal_spi.c ****     errorcode = HAL_BUSY;
1696:Drivers/STM32G4xx_HAL_Driver/Src/stm32g4xx_hal_spi.c ****     goto error;
1697:Drivers/STM32G4xx_HAL_Driver/Src/stm32g4xx_hal_spi.c ****   }
1698:Drivers/STM32G4xx_HAL_Driver/Src/stm32g4xx_hal_spi.c **** 
1699:Drivers/STM32G4xx_HAL_Driver/Src/stm32g4xx_hal_spi.c ****   if ((hspi->Init.Direction == SPI_DIRECTION_2LINES) && (hspi->Init.Mode == SPI_MODE_MASTER))
1700:Drivers/STM32G4xx_HAL_Driver/Src/stm32g4xx_hal_spi.c ****   {
1701:Drivers/STM32G4xx_HAL_Driver/Src/stm32g4xx_hal_spi.c ****     hspi->State = HAL_SPI_STATE_BUSY_RX;
1702:Drivers/STM32G4xx_HAL_Driver/Src/stm32g4xx_hal_spi.c ****     /* Call transmit-receive function to send Dummy data on Tx line and generate clock on CLK line 
1703:Drivers/STM32G4xx_HAL_Driver/Src/stm32g4xx_hal_spi.c ****     return HAL_SPI_TransmitReceive_IT(hspi, pData, pData, Size);
1704:Drivers/STM32G4xx_HAL_Driver/Src/stm32g4xx_hal_spi.c ****   }
1705:Drivers/STM32G4xx_HAL_Driver/Src/stm32g4xx_hal_spi.c **** 
1706:Drivers/STM32G4xx_HAL_Driver/Src/stm32g4xx_hal_spi.c **** 
1707:Drivers/STM32G4xx_HAL_Driver/Src/stm32g4xx_hal_spi.c ****   if ((pData == NULL) || (Size == 0U))
1708:Drivers/STM32G4xx_HAL_Driver/Src/stm32g4xx_hal_spi.c ****   {
1709:Drivers/STM32G4xx_HAL_Driver/Src/stm32g4xx_hal_spi.c ****     errorcode = HAL_ERROR;
1710:Drivers/STM32G4xx_HAL_Driver/Src/stm32g4xx_hal_spi.c ****     goto error;
1711:Drivers/STM32G4xx_HAL_Driver/Src/stm32g4xx_hal_spi.c ****   }
1712:Drivers/STM32G4xx_HAL_Driver/Src/stm32g4xx_hal_spi.c **** 
1713:Drivers/STM32G4xx_HAL_Driver/Src/stm32g4xx_hal_spi.c ****   /* Process Locked */
1714:Drivers/STM32G4xx_HAL_Driver/Src/stm32g4xx_hal_spi.c ****   __HAL_LOCK(hspi);
1715:Drivers/STM32G4xx_HAL_Driver/Src/stm32g4xx_hal_spi.c **** 
1716:Drivers/STM32G4xx_HAL_Driver/Src/stm32g4xx_hal_spi.c ****   /* Set the transaction information */
1717:Drivers/STM32G4xx_HAL_Driver/Src/stm32g4xx_hal_spi.c ****   hspi->State       = HAL_SPI_STATE_BUSY_RX;
1718:Drivers/STM32G4xx_HAL_Driver/Src/stm32g4xx_hal_spi.c ****   hspi->ErrorCode   = HAL_SPI_ERROR_NONE;
1719:Drivers/STM32G4xx_HAL_Driver/Src/stm32g4xx_hal_spi.c ****   hspi->pRxBuffPtr  = (uint8_t *)pData;
1720:Drivers/STM32G4xx_HAL_Driver/Src/stm32g4xx_hal_spi.c ****   hspi->RxXferSize  = Size;
1721:Drivers/STM32G4xx_HAL_Driver/Src/stm32g4xx_hal_spi.c ****   hspi->RxXferCount = Size;
1722:Drivers/STM32G4xx_HAL_Driver/Src/stm32g4xx_hal_spi.c **** 
1723:Drivers/STM32G4xx_HAL_Driver/Src/stm32g4xx_hal_spi.c ****   /* Init field not used in handle to zero */
1724:Drivers/STM32G4xx_HAL_Driver/Src/stm32g4xx_hal_spi.c ****   hspi->pTxBuffPtr  = (uint8_t *)NULL;
1725:Drivers/STM32G4xx_HAL_Driver/Src/stm32g4xx_hal_spi.c ****   hspi->TxXferSize  = 0U;
1726:Drivers/STM32G4xx_HAL_Driver/Src/stm32g4xx_hal_spi.c ****   hspi->TxXferCount = 0U;
1727:Drivers/STM32G4xx_HAL_Driver/Src/stm32g4xx_hal_spi.c ****   hspi->TxISR       = NULL;
1728:Drivers/STM32G4xx_HAL_Driver/Src/stm32g4xx_hal_spi.c **** 
1729:Drivers/STM32G4xx_HAL_Driver/Src/stm32g4xx_hal_spi.c ****   /* Check the data size to adapt Rx threshold and the set the function for IT treatment */
1730:Drivers/STM32G4xx_HAL_Driver/Src/stm32g4xx_hal_spi.c ****   if (hspi->Init.DataSize > SPI_DATASIZE_8BIT)
1731:Drivers/STM32G4xx_HAL_Driver/Src/stm32g4xx_hal_spi.c ****   {
1732:Drivers/STM32G4xx_HAL_Driver/Src/stm32g4xx_hal_spi.c ****     /* Set RX Fifo threshold according the reception data length: 16 bit */
1733:Drivers/STM32G4xx_HAL_Driver/Src/stm32g4xx_hal_spi.c ****     CLEAR_BIT(hspi->Instance->CR2, SPI_RXFIFO_THRESHOLD);
1734:Drivers/STM32G4xx_HAL_Driver/Src/stm32g4xx_hal_spi.c ****     hspi->RxISR = SPI_RxISR_16BIT;
1735:Drivers/STM32G4xx_HAL_Driver/Src/stm32g4xx_hal_spi.c ****   }
1736:Drivers/STM32G4xx_HAL_Driver/Src/stm32g4xx_hal_spi.c ****   else
1737:Drivers/STM32G4xx_HAL_Driver/Src/stm32g4xx_hal_spi.c ****   {
1738:Drivers/STM32G4xx_HAL_Driver/Src/stm32g4xx_hal_spi.c ****     /* Set RX Fifo threshold according the reception data length: 8 bit */
1739:Drivers/STM32G4xx_HAL_Driver/Src/stm32g4xx_hal_spi.c ****     SET_BIT(hspi->Instance->CR2, SPI_RXFIFO_THRESHOLD);
1740:Drivers/STM32G4xx_HAL_Driver/Src/stm32g4xx_hal_spi.c ****     hspi->RxISR = SPI_RxISR_8BIT;
ARM GAS  C:\Users\Booster\AppData\Local\Temp\ccQdKe81.s 			page 32


1741:Drivers/STM32G4xx_HAL_Driver/Src/stm32g4xx_hal_spi.c ****   }
1742:Drivers/STM32G4xx_HAL_Driver/Src/stm32g4xx_hal_spi.c **** 
1743:Drivers/STM32G4xx_HAL_Driver/Src/stm32g4xx_hal_spi.c ****   /* Configure communication direction : 1Line */
1744:Drivers/STM32G4xx_HAL_Driver/Src/stm32g4xx_hal_spi.c ****   if (hspi->Init.Direction == SPI_DIRECTION_1LINE)
1745:Drivers/STM32G4xx_HAL_Driver/Src/stm32g4xx_hal_spi.c ****   {
1746:Drivers/STM32G4xx_HAL_Driver/Src/stm32g4xx_hal_spi.c ****     /* Disable SPI Peripheral before set 1Line direction (BIDIOE bit) */
1747:Drivers/STM32G4xx_HAL_Driver/Src/stm32g4xx_hal_spi.c ****     __HAL_SPI_DISABLE(hspi);
1748:Drivers/STM32G4xx_HAL_Driver/Src/stm32g4xx_hal_spi.c ****     SPI_1LINE_RX(hspi);
1749:Drivers/STM32G4xx_HAL_Driver/Src/stm32g4xx_hal_spi.c ****   }
1750:Drivers/STM32G4xx_HAL_Driver/Src/stm32g4xx_hal_spi.c **** 
1751:Drivers/STM32G4xx_HAL_Driver/Src/stm32g4xx_hal_spi.c **** #if (USE_SPI_CRC != 0U)
1752:Drivers/STM32G4xx_HAL_Driver/Src/stm32g4xx_hal_spi.c ****   /* Reset CRC Calculation */
1753:Drivers/STM32G4xx_HAL_Driver/Src/stm32g4xx_hal_spi.c ****   if (hspi->Init.CRCCalculation == SPI_CRCCALCULATION_ENABLE)
1754:Drivers/STM32G4xx_HAL_Driver/Src/stm32g4xx_hal_spi.c ****   {
1755:Drivers/STM32G4xx_HAL_Driver/Src/stm32g4xx_hal_spi.c ****     hspi->CRCSize = 1U;
1756:Drivers/STM32G4xx_HAL_Driver/Src/stm32g4xx_hal_spi.c ****     if ((hspi->Init.DataSize <= SPI_DATASIZE_8BIT) && (hspi->Init.CRCLength == SPI_CRC_LENGTH_16BIT
1757:Drivers/STM32G4xx_HAL_Driver/Src/stm32g4xx_hal_spi.c ****     {
1758:Drivers/STM32G4xx_HAL_Driver/Src/stm32g4xx_hal_spi.c ****       hspi->CRCSize = 2U;
1759:Drivers/STM32G4xx_HAL_Driver/Src/stm32g4xx_hal_spi.c ****     }
1760:Drivers/STM32G4xx_HAL_Driver/Src/stm32g4xx_hal_spi.c ****     SPI_RESET_CRC(hspi);
1761:Drivers/STM32G4xx_HAL_Driver/Src/stm32g4xx_hal_spi.c ****   }
1762:Drivers/STM32G4xx_HAL_Driver/Src/stm32g4xx_hal_spi.c ****   else
1763:Drivers/STM32G4xx_HAL_Driver/Src/stm32g4xx_hal_spi.c ****   {
1764:Drivers/STM32G4xx_HAL_Driver/Src/stm32g4xx_hal_spi.c ****     hspi->CRCSize = 0U;
1765:Drivers/STM32G4xx_HAL_Driver/Src/stm32g4xx_hal_spi.c ****   }
1766:Drivers/STM32G4xx_HAL_Driver/Src/stm32g4xx_hal_spi.c **** #endif /* USE_SPI_CRC */
1767:Drivers/STM32G4xx_HAL_Driver/Src/stm32g4xx_hal_spi.c **** 
1768:Drivers/STM32G4xx_HAL_Driver/Src/stm32g4xx_hal_spi.c ****   /* Note : The SPI must be enabled after unlocking current process
1769:Drivers/STM32G4xx_HAL_Driver/Src/stm32g4xx_hal_spi.c ****             to avoid the risk of SPI interrupt handle execution before current
1770:Drivers/STM32G4xx_HAL_Driver/Src/stm32g4xx_hal_spi.c ****             process unlock */
1771:Drivers/STM32G4xx_HAL_Driver/Src/stm32g4xx_hal_spi.c **** 
1772:Drivers/STM32G4xx_HAL_Driver/Src/stm32g4xx_hal_spi.c ****   /* Check if the SPI is already enabled */
1773:Drivers/STM32G4xx_HAL_Driver/Src/stm32g4xx_hal_spi.c ****   if ((hspi->Instance->CR1 & SPI_CR1_SPE) != SPI_CR1_SPE)
1774:Drivers/STM32G4xx_HAL_Driver/Src/stm32g4xx_hal_spi.c ****   {
1775:Drivers/STM32G4xx_HAL_Driver/Src/stm32g4xx_hal_spi.c ****     /* Enable SPI peripheral */
1776:Drivers/STM32G4xx_HAL_Driver/Src/stm32g4xx_hal_spi.c ****     __HAL_SPI_ENABLE(hspi);
1777:Drivers/STM32G4xx_HAL_Driver/Src/stm32g4xx_hal_spi.c ****   }
1778:Drivers/STM32G4xx_HAL_Driver/Src/stm32g4xx_hal_spi.c **** 
1779:Drivers/STM32G4xx_HAL_Driver/Src/stm32g4xx_hal_spi.c ****   /* Process Unlocked */
1780:Drivers/STM32G4xx_HAL_Driver/Src/stm32g4xx_hal_spi.c ****   __HAL_UNLOCK(hspi);
1781:Drivers/STM32G4xx_HAL_Driver/Src/stm32g4xx_hal_spi.c ****   /* Enable RXNE and ERR interrupt */
1782:Drivers/STM32G4xx_HAL_Driver/Src/stm32g4xx_hal_spi.c ****   __HAL_SPI_ENABLE_IT(hspi, (SPI_IT_RXNE | SPI_IT_ERR));
1783:Drivers/STM32G4xx_HAL_Driver/Src/stm32g4xx_hal_spi.c **** 
1784:Drivers/STM32G4xx_HAL_Driver/Src/stm32g4xx_hal_spi.c **** error :
1785:Drivers/STM32G4xx_HAL_Driver/Src/stm32g4xx_hal_spi.c ****   return errorcode;
1786:Drivers/STM32G4xx_HAL_Driver/Src/stm32g4xx_hal_spi.c **** }
1787:Drivers/STM32G4xx_HAL_Driver/Src/stm32g4xx_hal_spi.c **** 
1788:Drivers/STM32G4xx_HAL_Driver/Src/stm32g4xx_hal_spi.c **** /**
1789:Drivers/STM32G4xx_HAL_Driver/Src/stm32g4xx_hal_spi.c ****   * @brief  Transmit and Receive an amount of data in non-blocking mode with Interrupt.
1790:Drivers/STM32G4xx_HAL_Driver/Src/stm32g4xx_hal_spi.c ****   * @param  hspi pointer to a SPI_HandleTypeDef structure that contains
1791:Drivers/STM32G4xx_HAL_Driver/Src/stm32g4xx_hal_spi.c ****   *               the configuration information for SPI module.
1792:Drivers/STM32G4xx_HAL_Driver/Src/stm32g4xx_hal_spi.c ****   * @param  pTxData pointer to transmission data buffer
1793:Drivers/STM32G4xx_HAL_Driver/Src/stm32g4xx_hal_spi.c ****   * @param  pRxData pointer to reception data buffer
1794:Drivers/STM32G4xx_HAL_Driver/Src/stm32g4xx_hal_spi.c ****   * @param  Size amount of data to be sent and received
1795:Drivers/STM32G4xx_HAL_Driver/Src/stm32g4xx_hal_spi.c ****   * @retval HAL status
1796:Drivers/STM32G4xx_HAL_Driver/Src/stm32g4xx_hal_spi.c ****   */
1797:Drivers/STM32G4xx_HAL_Driver/Src/stm32g4xx_hal_spi.c **** HAL_StatusTypeDef HAL_SPI_TransmitReceive_IT(SPI_HandleTypeDef *hspi, uint8_t *pTxData, uint8_t *pR
ARM GAS  C:\Users\Booster\AppData\Local\Temp\ccQdKe81.s 			page 33


1798:Drivers/STM32G4xx_HAL_Driver/Src/stm32g4xx_hal_spi.c **** {
1799:Drivers/STM32G4xx_HAL_Driver/Src/stm32g4xx_hal_spi.c ****   uint32_t             tmp_mode;
1800:Drivers/STM32G4xx_HAL_Driver/Src/stm32g4xx_hal_spi.c ****   HAL_SPI_StateTypeDef tmp_state;
1801:Drivers/STM32G4xx_HAL_Driver/Src/stm32g4xx_hal_spi.c ****   HAL_StatusTypeDef    errorcode = HAL_OK;
1802:Drivers/STM32G4xx_HAL_Driver/Src/stm32g4xx_hal_spi.c **** 
1803:Drivers/STM32G4xx_HAL_Driver/Src/stm32g4xx_hal_spi.c ****   /* Check Direction parameter */
1804:Drivers/STM32G4xx_HAL_Driver/Src/stm32g4xx_hal_spi.c ****   assert_param(IS_SPI_DIRECTION_2LINES(hspi->Init.Direction));
1805:Drivers/STM32G4xx_HAL_Driver/Src/stm32g4xx_hal_spi.c **** 
1806:Drivers/STM32G4xx_HAL_Driver/Src/stm32g4xx_hal_spi.c ****   /* Init temporary variables */
1807:Drivers/STM32G4xx_HAL_Driver/Src/stm32g4xx_hal_spi.c ****   tmp_state           = hspi->State;
1808:Drivers/STM32G4xx_HAL_Driver/Src/stm32g4xx_hal_spi.c ****   tmp_mode            = hspi->Init.Mode;
1809:Drivers/STM32G4xx_HAL_Driver/Src/stm32g4xx_hal_spi.c **** 
1810:Drivers/STM32G4xx_HAL_Driver/Src/stm32g4xx_hal_spi.c ****   if (!((tmp_state == HAL_SPI_STATE_READY) || \
1811:Drivers/STM32G4xx_HAL_Driver/Src/stm32g4xx_hal_spi.c ****         ((tmp_mode == SPI_MODE_MASTER) && (hspi->Init.Direction == SPI_DIRECTION_2LINES) && (tmp_st
1812:Drivers/STM32G4xx_HAL_Driver/Src/stm32g4xx_hal_spi.c ****   {
1813:Drivers/STM32G4xx_HAL_Driver/Src/stm32g4xx_hal_spi.c ****     errorcode = HAL_BUSY;
1814:Drivers/STM32G4xx_HAL_Driver/Src/stm32g4xx_hal_spi.c ****     goto error;
1815:Drivers/STM32G4xx_HAL_Driver/Src/stm32g4xx_hal_spi.c ****   }
1816:Drivers/STM32G4xx_HAL_Driver/Src/stm32g4xx_hal_spi.c **** 
1817:Drivers/STM32G4xx_HAL_Driver/Src/stm32g4xx_hal_spi.c ****   if ((pTxData == NULL) || (pRxData == NULL) || (Size == 0U))
1818:Drivers/STM32G4xx_HAL_Driver/Src/stm32g4xx_hal_spi.c ****   {
1819:Drivers/STM32G4xx_HAL_Driver/Src/stm32g4xx_hal_spi.c ****     errorcode = HAL_ERROR;
1820:Drivers/STM32G4xx_HAL_Driver/Src/stm32g4xx_hal_spi.c ****     goto error;
1821:Drivers/STM32G4xx_HAL_Driver/Src/stm32g4xx_hal_spi.c ****   }
1822:Drivers/STM32G4xx_HAL_Driver/Src/stm32g4xx_hal_spi.c **** 
1823:Drivers/STM32G4xx_HAL_Driver/Src/stm32g4xx_hal_spi.c ****   /* Process locked */
1824:Drivers/STM32G4xx_HAL_Driver/Src/stm32g4xx_hal_spi.c ****   __HAL_LOCK(hspi);
1825:Drivers/STM32G4xx_HAL_Driver/Src/stm32g4xx_hal_spi.c **** 
1826:Drivers/STM32G4xx_HAL_Driver/Src/stm32g4xx_hal_spi.c ****   /* Don't overwrite in case of HAL_SPI_STATE_BUSY_RX */
1827:Drivers/STM32G4xx_HAL_Driver/Src/stm32g4xx_hal_spi.c ****   if (hspi->State != HAL_SPI_STATE_BUSY_RX)
1828:Drivers/STM32G4xx_HAL_Driver/Src/stm32g4xx_hal_spi.c ****   {
1829:Drivers/STM32G4xx_HAL_Driver/Src/stm32g4xx_hal_spi.c ****     hspi->State = HAL_SPI_STATE_BUSY_TX_RX;
1830:Drivers/STM32G4xx_HAL_Driver/Src/stm32g4xx_hal_spi.c ****   }
1831:Drivers/STM32G4xx_HAL_Driver/Src/stm32g4xx_hal_spi.c **** 
1832:Drivers/STM32G4xx_HAL_Driver/Src/stm32g4xx_hal_spi.c ****   /* Set the transaction information */
1833:Drivers/STM32G4xx_HAL_Driver/Src/stm32g4xx_hal_spi.c ****   hspi->ErrorCode   = HAL_SPI_ERROR_NONE;
1834:Drivers/STM32G4xx_HAL_Driver/Src/stm32g4xx_hal_spi.c ****   hspi->pTxBuffPtr  = (uint8_t *)pTxData;
1835:Drivers/STM32G4xx_HAL_Driver/Src/stm32g4xx_hal_spi.c ****   hspi->TxXferSize  = Size;
1836:Drivers/STM32G4xx_HAL_Driver/Src/stm32g4xx_hal_spi.c ****   hspi->TxXferCount = Size;
1837:Drivers/STM32G4xx_HAL_Driver/Src/stm32g4xx_hal_spi.c ****   hspi->pRxBuffPtr  = (uint8_t *)pRxData;
1838:Drivers/STM32G4xx_HAL_Driver/Src/stm32g4xx_hal_spi.c ****   hspi->RxXferSize  = Size;
1839:Drivers/STM32G4xx_HAL_Driver/Src/stm32g4xx_hal_spi.c ****   hspi->RxXferCount = Size;
1840:Drivers/STM32G4xx_HAL_Driver/Src/stm32g4xx_hal_spi.c **** 
1841:Drivers/STM32G4xx_HAL_Driver/Src/stm32g4xx_hal_spi.c ****   /* Set the function for IT treatment */
1842:Drivers/STM32G4xx_HAL_Driver/Src/stm32g4xx_hal_spi.c ****   if (hspi->Init.DataSize > SPI_DATASIZE_8BIT)
1843:Drivers/STM32G4xx_HAL_Driver/Src/stm32g4xx_hal_spi.c ****   {
1844:Drivers/STM32G4xx_HAL_Driver/Src/stm32g4xx_hal_spi.c ****     hspi->RxISR     = SPI_2linesRxISR_16BIT;
1845:Drivers/STM32G4xx_HAL_Driver/Src/stm32g4xx_hal_spi.c ****     hspi->TxISR     = SPI_2linesTxISR_16BIT;
1846:Drivers/STM32G4xx_HAL_Driver/Src/stm32g4xx_hal_spi.c ****   }
1847:Drivers/STM32G4xx_HAL_Driver/Src/stm32g4xx_hal_spi.c ****   else
1848:Drivers/STM32G4xx_HAL_Driver/Src/stm32g4xx_hal_spi.c ****   {
1849:Drivers/STM32G4xx_HAL_Driver/Src/stm32g4xx_hal_spi.c ****     hspi->RxISR     = SPI_2linesRxISR_8BIT;
1850:Drivers/STM32G4xx_HAL_Driver/Src/stm32g4xx_hal_spi.c ****     hspi->TxISR     = SPI_2linesTxISR_8BIT;
1851:Drivers/STM32G4xx_HAL_Driver/Src/stm32g4xx_hal_spi.c ****   }
1852:Drivers/STM32G4xx_HAL_Driver/Src/stm32g4xx_hal_spi.c **** 
1853:Drivers/STM32G4xx_HAL_Driver/Src/stm32g4xx_hal_spi.c **** #if (USE_SPI_CRC != 0U)
1854:Drivers/STM32G4xx_HAL_Driver/Src/stm32g4xx_hal_spi.c ****   /* Reset CRC Calculation */
ARM GAS  C:\Users\Booster\AppData\Local\Temp\ccQdKe81.s 			page 34


1855:Drivers/STM32G4xx_HAL_Driver/Src/stm32g4xx_hal_spi.c ****   if (hspi->Init.CRCCalculation == SPI_CRCCALCULATION_ENABLE)
1856:Drivers/STM32G4xx_HAL_Driver/Src/stm32g4xx_hal_spi.c ****   {
1857:Drivers/STM32G4xx_HAL_Driver/Src/stm32g4xx_hal_spi.c ****     hspi->CRCSize = 1U;
1858:Drivers/STM32G4xx_HAL_Driver/Src/stm32g4xx_hal_spi.c ****     if ((hspi->Init.DataSize <= SPI_DATASIZE_8BIT) && (hspi->Init.CRCLength == SPI_CRC_LENGTH_16BIT
1859:Drivers/STM32G4xx_HAL_Driver/Src/stm32g4xx_hal_spi.c ****     {
1860:Drivers/STM32G4xx_HAL_Driver/Src/stm32g4xx_hal_spi.c ****       hspi->CRCSize = 2U;
1861:Drivers/STM32G4xx_HAL_Driver/Src/stm32g4xx_hal_spi.c ****     }
1862:Drivers/STM32G4xx_HAL_Driver/Src/stm32g4xx_hal_spi.c ****     SPI_RESET_CRC(hspi);
1863:Drivers/STM32G4xx_HAL_Driver/Src/stm32g4xx_hal_spi.c ****   }
1864:Drivers/STM32G4xx_HAL_Driver/Src/stm32g4xx_hal_spi.c ****   else
1865:Drivers/STM32G4xx_HAL_Driver/Src/stm32g4xx_hal_spi.c ****   {
1866:Drivers/STM32G4xx_HAL_Driver/Src/stm32g4xx_hal_spi.c ****     hspi->CRCSize = 0U;
1867:Drivers/STM32G4xx_HAL_Driver/Src/stm32g4xx_hal_spi.c ****   }
1868:Drivers/STM32G4xx_HAL_Driver/Src/stm32g4xx_hal_spi.c **** #endif /* USE_SPI_CRC */
1869:Drivers/STM32G4xx_HAL_Driver/Src/stm32g4xx_hal_spi.c **** 
1870:Drivers/STM32G4xx_HAL_Driver/Src/stm32g4xx_hal_spi.c ****   /* Check if packing mode is enabled and if there is more than 2 data to receive */
1871:Drivers/STM32G4xx_HAL_Driver/Src/stm32g4xx_hal_spi.c ****   if ((hspi->Init.DataSize > SPI_DATASIZE_8BIT) || (Size >= 2U))
1872:Drivers/STM32G4xx_HAL_Driver/Src/stm32g4xx_hal_spi.c ****   {
1873:Drivers/STM32G4xx_HAL_Driver/Src/stm32g4xx_hal_spi.c ****     /* Set RX Fifo threshold according the reception data length: 16 bit */
1874:Drivers/STM32G4xx_HAL_Driver/Src/stm32g4xx_hal_spi.c ****     CLEAR_BIT(hspi->Instance->CR2, SPI_RXFIFO_THRESHOLD);
1875:Drivers/STM32G4xx_HAL_Driver/Src/stm32g4xx_hal_spi.c ****   }
1876:Drivers/STM32G4xx_HAL_Driver/Src/stm32g4xx_hal_spi.c ****   else
1877:Drivers/STM32G4xx_HAL_Driver/Src/stm32g4xx_hal_spi.c ****   {
1878:Drivers/STM32G4xx_HAL_Driver/Src/stm32g4xx_hal_spi.c ****     /* Set RX Fifo threshold according the reception data length: 8 bit */
1879:Drivers/STM32G4xx_HAL_Driver/Src/stm32g4xx_hal_spi.c ****     SET_BIT(hspi->Instance->CR2, SPI_RXFIFO_THRESHOLD);
1880:Drivers/STM32G4xx_HAL_Driver/Src/stm32g4xx_hal_spi.c ****   }
1881:Drivers/STM32G4xx_HAL_Driver/Src/stm32g4xx_hal_spi.c **** 
1882:Drivers/STM32G4xx_HAL_Driver/Src/stm32g4xx_hal_spi.c **** 
1883:Drivers/STM32G4xx_HAL_Driver/Src/stm32g4xx_hal_spi.c ****   /* Check if the SPI is already enabled */
1884:Drivers/STM32G4xx_HAL_Driver/Src/stm32g4xx_hal_spi.c ****   if ((hspi->Instance->CR1 & SPI_CR1_SPE) != SPI_CR1_SPE)
1885:Drivers/STM32G4xx_HAL_Driver/Src/stm32g4xx_hal_spi.c ****   {
1886:Drivers/STM32G4xx_HAL_Driver/Src/stm32g4xx_hal_spi.c ****     /* Enable SPI peripheral */
1887:Drivers/STM32G4xx_HAL_Driver/Src/stm32g4xx_hal_spi.c ****     __HAL_SPI_ENABLE(hspi);
1888:Drivers/STM32G4xx_HAL_Driver/Src/stm32g4xx_hal_spi.c ****   }
1889:Drivers/STM32G4xx_HAL_Driver/Src/stm32g4xx_hal_spi.c **** 
1890:Drivers/STM32G4xx_HAL_Driver/Src/stm32g4xx_hal_spi.c ****   /* Process Unlocked */
1891:Drivers/STM32G4xx_HAL_Driver/Src/stm32g4xx_hal_spi.c ****   __HAL_UNLOCK(hspi);
1892:Drivers/STM32G4xx_HAL_Driver/Src/stm32g4xx_hal_spi.c ****   /* Enable TXE, RXNE and ERR interrupt */
1893:Drivers/STM32G4xx_HAL_Driver/Src/stm32g4xx_hal_spi.c ****   __HAL_SPI_ENABLE_IT(hspi, (SPI_IT_TXE | SPI_IT_RXNE | SPI_IT_ERR));
1894:Drivers/STM32G4xx_HAL_Driver/Src/stm32g4xx_hal_spi.c **** 
1895:Drivers/STM32G4xx_HAL_Driver/Src/stm32g4xx_hal_spi.c **** error :
1896:Drivers/STM32G4xx_HAL_Driver/Src/stm32g4xx_hal_spi.c ****   return errorcode;
1897:Drivers/STM32G4xx_HAL_Driver/Src/stm32g4xx_hal_spi.c **** }
1898:Drivers/STM32G4xx_HAL_Driver/Src/stm32g4xx_hal_spi.c **** 
1899:Drivers/STM32G4xx_HAL_Driver/Src/stm32g4xx_hal_spi.c **** /**
1900:Drivers/STM32G4xx_HAL_Driver/Src/stm32g4xx_hal_spi.c ****   * @brief  Transmit an amount of data in non-blocking mode with DMA.
1901:Drivers/STM32G4xx_HAL_Driver/Src/stm32g4xx_hal_spi.c ****   * @param  hspi pointer to a SPI_HandleTypeDef structure that contains
1902:Drivers/STM32G4xx_HAL_Driver/Src/stm32g4xx_hal_spi.c ****   *               the configuration information for SPI module.
1903:Drivers/STM32G4xx_HAL_Driver/Src/stm32g4xx_hal_spi.c ****   * @param  pData pointer to data buffer
1904:Drivers/STM32G4xx_HAL_Driver/Src/stm32g4xx_hal_spi.c ****   * @param  Size amount of data to be sent
1905:Drivers/STM32G4xx_HAL_Driver/Src/stm32g4xx_hal_spi.c ****   * @retval HAL status
1906:Drivers/STM32G4xx_HAL_Driver/Src/stm32g4xx_hal_spi.c ****   */
1907:Drivers/STM32G4xx_HAL_Driver/Src/stm32g4xx_hal_spi.c **** HAL_StatusTypeDef HAL_SPI_Transmit_DMA(SPI_HandleTypeDef *hspi, uint8_t *pData, uint16_t Size)
1908:Drivers/STM32G4xx_HAL_Driver/Src/stm32g4xx_hal_spi.c **** {
1909:Drivers/STM32G4xx_HAL_Driver/Src/stm32g4xx_hal_spi.c ****   HAL_StatusTypeDef errorcode = HAL_OK;
1910:Drivers/STM32G4xx_HAL_Driver/Src/stm32g4xx_hal_spi.c **** 
1911:Drivers/STM32G4xx_HAL_Driver/Src/stm32g4xx_hal_spi.c ****   /* Check tx dma handle */
ARM GAS  C:\Users\Booster\AppData\Local\Temp\ccQdKe81.s 			page 35


1912:Drivers/STM32G4xx_HAL_Driver/Src/stm32g4xx_hal_spi.c ****   assert_param(IS_SPI_DMA_HANDLE(hspi->hdmatx));
1913:Drivers/STM32G4xx_HAL_Driver/Src/stm32g4xx_hal_spi.c **** 
1914:Drivers/STM32G4xx_HAL_Driver/Src/stm32g4xx_hal_spi.c ****   /* Check Direction parameter */
1915:Drivers/STM32G4xx_HAL_Driver/Src/stm32g4xx_hal_spi.c ****   assert_param(IS_SPI_DIRECTION_2LINES_OR_1LINE(hspi->Init.Direction));
1916:Drivers/STM32G4xx_HAL_Driver/Src/stm32g4xx_hal_spi.c **** 
1917:Drivers/STM32G4xx_HAL_Driver/Src/stm32g4xx_hal_spi.c ****   /* Process Locked */
1918:Drivers/STM32G4xx_HAL_Driver/Src/stm32g4xx_hal_spi.c ****   __HAL_LOCK(hspi);
1919:Drivers/STM32G4xx_HAL_Driver/Src/stm32g4xx_hal_spi.c **** 
1920:Drivers/STM32G4xx_HAL_Driver/Src/stm32g4xx_hal_spi.c ****   if (hspi->State != HAL_SPI_STATE_READY)
1921:Drivers/STM32G4xx_HAL_Driver/Src/stm32g4xx_hal_spi.c ****   {
1922:Drivers/STM32G4xx_HAL_Driver/Src/stm32g4xx_hal_spi.c ****     errorcode = HAL_BUSY;
1923:Drivers/STM32G4xx_HAL_Driver/Src/stm32g4xx_hal_spi.c ****     goto error;
1924:Drivers/STM32G4xx_HAL_Driver/Src/stm32g4xx_hal_spi.c ****   }
1925:Drivers/STM32G4xx_HAL_Driver/Src/stm32g4xx_hal_spi.c **** 
1926:Drivers/STM32G4xx_HAL_Driver/Src/stm32g4xx_hal_spi.c ****   if ((pData == NULL) || (Size == 0U))
1927:Drivers/STM32G4xx_HAL_Driver/Src/stm32g4xx_hal_spi.c ****   {
1928:Drivers/STM32G4xx_HAL_Driver/Src/stm32g4xx_hal_spi.c ****     errorcode = HAL_ERROR;
1929:Drivers/STM32G4xx_HAL_Driver/Src/stm32g4xx_hal_spi.c ****     goto error;
1930:Drivers/STM32G4xx_HAL_Driver/Src/stm32g4xx_hal_spi.c ****   }
1931:Drivers/STM32G4xx_HAL_Driver/Src/stm32g4xx_hal_spi.c **** 
1932:Drivers/STM32G4xx_HAL_Driver/Src/stm32g4xx_hal_spi.c ****   /* Set the transaction information */
1933:Drivers/STM32G4xx_HAL_Driver/Src/stm32g4xx_hal_spi.c ****   hspi->State       = HAL_SPI_STATE_BUSY_TX;
1934:Drivers/STM32G4xx_HAL_Driver/Src/stm32g4xx_hal_spi.c ****   hspi->ErrorCode   = HAL_SPI_ERROR_NONE;
1935:Drivers/STM32G4xx_HAL_Driver/Src/stm32g4xx_hal_spi.c ****   hspi->pTxBuffPtr  = (uint8_t *)pData;
1936:Drivers/STM32G4xx_HAL_Driver/Src/stm32g4xx_hal_spi.c ****   hspi->TxXferSize  = Size;
1937:Drivers/STM32G4xx_HAL_Driver/Src/stm32g4xx_hal_spi.c ****   hspi->TxXferCount = Size;
1938:Drivers/STM32G4xx_HAL_Driver/Src/stm32g4xx_hal_spi.c **** 
1939:Drivers/STM32G4xx_HAL_Driver/Src/stm32g4xx_hal_spi.c ****   /* Init field not used in handle to zero */
1940:Drivers/STM32G4xx_HAL_Driver/Src/stm32g4xx_hal_spi.c ****   hspi->pRxBuffPtr  = (uint8_t *)NULL;
1941:Drivers/STM32G4xx_HAL_Driver/Src/stm32g4xx_hal_spi.c ****   hspi->TxISR       = NULL;
1942:Drivers/STM32G4xx_HAL_Driver/Src/stm32g4xx_hal_spi.c ****   hspi->RxISR       = NULL;
1943:Drivers/STM32G4xx_HAL_Driver/Src/stm32g4xx_hal_spi.c ****   hspi->RxXferSize  = 0U;
1944:Drivers/STM32G4xx_HAL_Driver/Src/stm32g4xx_hal_spi.c ****   hspi->RxXferCount = 0U;
1945:Drivers/STM32G4xx_HAL_Driver/Src/stm32g4xx_hal_spi.c **** 
1946:Drivers/STM32G4xx_HAL_Driver/Src/stm32g4xx_hal_spi.c ****   /* Configure communication direction : 1Line */
1947:Drivers/STM32G4xx_HAL_Driver/Src/stm32g4xx_hal_spi.c ****   if (hspi->Init.Direction == SPI_DIRECTION_1LINE)
1948:Drivers/STM32G4xx_HAL_Driver/Src/stm32g4xx_hal_spi.c ****   {
1949:Drivers/STM32G4xx_HAL_Driver/Src/stm32g4xx_hal_spi.c ****     /* Disable SPI Peripheral before set 1Line direction (BIDIOE bit) */
1950:Drivers/STM32G4xx_HAL_Driver/Src/stm32g4xx_hal_spi.c ****     __HAL_SPI_DISABLE(hspi);
1951:Drivers/STM32G4xx_HAL_Driver/Src/stm32g4xx_hal_spi.c ****     SPI_1LINE_TX(hspi);
1952:Drivers/STM32G4xx_HAL_Driver/Src/stm32g4xx_hal_spi.c ****   }
1953:Drivers/STM32G4xx_HAL_Driver/Src/stm32g4xx_hal_spi.c **** 
1954:Drivers/STM32G4xx_HAL_Driver/Src/stm32g4xx_hal_spi.c **** #if (USE_SPI_CRC != 0U)
1955:Drivers/STM32G4xx_HAL_Driver/Src/stm32g4xx_hal_spi.c ****   /* Reset CRC Calculation */
1956:Drivers/STM32G4xx_HAL_Driver/Src/stm32g4xx_hal_spi.c ****   if (hspi->Init.CRCCalculation == SPI_CRCCALCULATION_ENABLE)
1957:Drivers/STM32G4xx_HAL_Driver/Src/stm32g4xx_hal_spi.c ****   {
1958:Drivers/STM32G4xx_HAL_Driver/Src/stm32g4xx_hal_spi.c ****     SPI_RESET_CRC(hspi);
1959:Drivers/STM32G4xx_HAL_Driver/Src/stm32g4xx_hal_spi.c ****   }
1960:Drivers/STM32G4xx_HAL_Driver/Src/stm32g4xx_hal_spi.c **** #endif /* USE_SPI_CRC */
1961:Drivers/STM32G4xx_HAL_Driver/Src/stm32g4xx_hal_spi.c **** 
1962:Drivers/STM32G4xx_HAL_Driver/Src/stm32g4xx_hal_spi.c ****   /* Set the SPI TxDMA Half transfer complete callback */
1963:Drivers/STM32G4xx_HAL_Driver/Src/stm32g4xx_hal_spi.c ****   hspi->hdmatx->XferHalfCpltCallback = SPI_DMAHalfTransmitCplt;
1964:Drivers/STM32G4xx_HAL_Driver/Src/stm32g4xx_hal_spi.c **** 
1965:Drivers/STM32G4xx_HAL_Driver/Src/stm32g4xx_hal_spi.c ****   /* Set the SPI TxDMA transfer complete callback */
1966:Drivers/STM32G4xx_HAL_Driver/Src/stm32g4xx_hal_spi.c ****   hspi->hdmatx->XferCpltCallback = SPI_DMATransmitCplt;
1967:Drivers/STM32G4xx_HAL_Driver/Src/stm32g4xx_hal_spi.c **** 
1968:Drivers/STM32G4xx_HAL_Driver/Src/stm32g4xx_hal_spi.c ****   /* Set the DMA error callback */
ARM GAS  C:\Users\Booster\AppData\Local\Temp\ccQdKe81.s 			page 36


1969:Drivers/STM32G4xx_HAL_Driver/Src/stm32g4xx_hal_spi.c ****   hspi->hdmatx->XferErrorCallback = SPI_DMAError;
1970:Drivers/STM32G4xx_HAL_Driver/Src/stm32g4xx_hal_spi.c **** 
1971:Drivers/STM32G4xx_HAL_Driver/Src/stm32g4xx_hal_spi.c ****   /* Set the DMA AbortCpltCallback */
1972:Drivers/STM32G4xx_HAL_Driver/Src/stm32g4xx_hal_spi.c ****   hspi->hdmatx->XferAbortCallback = NULL;
1973:Drivers/STM32G4xx_HAL_Driver/Src/stm32g4xx_hal_spi.c **** 
1974:Drivers/STM32G4xx_HAL_Driver/Src/stm32g4xx_hal_spi.c ****   CLEAR_BIT(hspi->Instance->CR2, SPI_CR2_LDMATX);
1975:Drivers/STM32G4xx_HAL_Driver/Src/stm32g4xx_hal_spi.c ****   /* Packing mode is enabled only if the DMA setting is HALWORD */
1976:Drivers/STM32G4xx_HAL_Driver/Src/stm32g4xx_hal_spi.c ****   if ((hspi->Init.DataSize <= SPI_DATASIZE_8BIT) && (hspi->hdmatx->Init.MemDataAlignment == DMA_MDA
1977:Drivers/STM32G4xx_HAL_Driver/Src/stm32g4xx_hal_spi.c ****   {
1978:Drivers/STM32G4xx_HAL_Driver/Src/stm32g4xx_hal_spi.c ****     /* Check the even/odd of the data size + crc if enabled */
1979:Drivers/STM32G4xx_HAL_Driver/Src/stm32g4xx_hal_spi.c ****     if ((hspi->TxXferCount & 0x1U) == 0U)
1980:Drivers/STM32G4xx_HAL_Driver/Src/stm32g4xx_hal_spi.c ****     {
1981:Drivers/STM32G4xx_HAL_Driver/Src/stm32g4xx_hal_spi.c ****       CLEAR_BIT(hspi->Instance->CR2, SPI_CR2_LDMATX);
1982:Drivers/STM32G4xx_HAL_Driver/Src/stm32g4xx_hal_spi.c ****       hspi->TxXferCount = (hspi->TxXferCount >> 1U);
1983:Drivers/STM32G4xx_HAL_Driver/Src/stm32g4xx_hal_spi.c ****     }
1984:Drivers/STM32G4xx_HAL_Driver/Src/stm32g4xx_hal_spi.c ****     else
1985:Drivers/STM32G4xx_HAL_Driver/Src/stm32g4xx_hal_spi.c ****     {
1986:Drivers/STM32G4xx_HAL_Driver/Src/stm32g4xx_hal_spi.c ****       SET_BIT(hspi->Instance->CR2, SPI_CR2_LDMATX);
1987:Drivers/STM32G4xx_HAL_Driver/Src/stm32g4xx_hal_spi.c ****       hspi->TxXferCount = (hspi->TxXferCount >> 1U) + 1U;
1988:Drivers/STM32G4xx_HAL_Driver/Src/stm32g4xx_hal_spi.c ****     }
1989:Drivers/STM32G4xx_HAL_Driver/Src/stm32g4xx_hal_spi.c ****   }
1990:Drivers/STM32G4xx_HAL_Driver/Src/stm32g4xx_hal_spi.c **** 
1991:Drivers/STM32G4xx_HAL_Driver/Src/stm32g4xx_hal_spi.c ****   /* Enable the Tx DMA Stream/Channel */
1992:Drivers/STM32G4xx_HAL_Driver/Src/stm32g4xx_hal_spi.c ****   if (HAL_OK != HAL_DMA_Start_IT(hspi->hdmatx, (uint32_t)hspi->pTxBuffPtr, (uint32_t)&hspi->Instanc
1993:Drivers/STM32G4xx_HAL_Driver/Src/stm32g4xx_hal_spi.c ****                                  hspi->TxXferCount))
1994:Drivers/STM32G4xx_HAL_Driver/Src/stm32g4xx_hal_spi.c ****   {
1995:Drivers/STM32G4xx_HAL_Driver/Src/stm32g4xx_hal_spi.c ****     /* Update SPI error code */
1996:Drivers/STM32G4xx_HAL_Driver/Src/stm32g4xx_hal_spi.c ****     SET_BIT(hspi->ErrorCode, HAL_SPI_ERROR_DMA);
1997:Drivers/STM32G4xx_HAL_Driver/Src/stm32g4xx_hal_spi.c ****     errorcode = HAL_ERROR;
1998:Drivers/STM32G4xx_HAL_Driver/Src/stm32g4xx_hal_spi.c **** 
1999:Drivers/STM32G4xx_HAL_Driver/Src/stm32g4xx_hal_spi.c ****     goto error;
2000:Drivers/STM32G4xx_HAL_Driver/Src/stm32g4xx_hal_spi.c ****   }
2001:Drivers/STM32G4xx_HAL_Driver/Src/stm32g4xx_hal_spi.c **** 
2002:Drivers/STM32G4xx_HAL_Driver/Src/stm32g4xx_hal_spi.c ****   /* Check if the SPI is already enabled */
2003:Drivers/STM32G4xx_HAL_Driver/Src/stm32g4xx_hal_spi.c ****   if ((hspi->Instance->CR1 & SPI_CR1_SPE) != SPI_CR1_SPE)
2004:Drivers/STM32G4xx_HAL_Driver/Src/stm32g4xx_hal_spi.c ****   {
2005:Drivers/STM32G4xx_HAL_Driver/Src/stm32g4xx_hal_spi.c ****     /* Enable SPI peripheral */
2006:Drivers/STM32G4xx_HAL_Driver/Src/stm32g4xx_hal_spi.c ****     __HAL_SPI_ENABLE(hspi);
2007:Drivers/STM32G4xx_HAL_Driver/Src/stm32g4xx_hal_spi.c ****   }
2008:Drivers/STM32G4xx_HAL_Driver/Src/stm32g4xx_hal_spi.c **** 
2009:Drivers/STM32G4xx_HAL_Driver/Src/stm32g4xx_hal_spi.c ****   /* Enable the SPI Error Interrupt Bit */
2010:Drivers/STM32G4xx_HAL_Driver/Src/stm32g4xx_hal_spi.c ****   __HAL_SPI_ENABLE_IT(hspi, (SPI_IT_ERR));
2011:Drivers/STM32G4xx_HAL_Driver/Src/stm32g4xx_hal_spi.c **** 
2012:Drivers/STM32G4xx_HAL_Driver/Src/stm32g4xx_hal_spi.c ****   /* Enable Tx DMA Request */
2013:Drivers/STM32G4xx_HAL_Driver/Src/stm32g4xx_hal_spi.c ****   SET_BIT(hspi->Instance->CR2, SPI_CR2_TXDMAEN);
2014:Drivers/STM32G4xx_HAL_Driver/Src/stm32g4xx_hal_spi.c **** 
2015:Drivers/STM32G4xx_HAL_Driver/Src/stm32g4xx_hal_spi.c **** error :
2016:Drivers/STM32G4xx_HAL_Driver/Src/stm32g4xx_hal_spi.c ****   /* Process Unlocked */
2017:Drivers/STM32G4xx_HAL_Driver/Src/stm32g4xx_hal_spi.c ****   __HAL_UNLOCK(hspi);
2018:Drivers/STM32G4xx_HAL_Driver/Src/stm32g4xx_hal_spi.c ****   return errorcode;
2019:Drivers/STM32G4xx_HAL_Driver/Src/stm32g4xx_hal_spi.c **** }
2020:Drivers/STM32G4xx_HAL_Driver/Src/stm32g4xx_hal_spi.c **** 
2021:Drivers/STM32G4xx_HAL_Driver/Src/stm32g4xx_hal_spi.c **** /**
2022:Drivers/STM32G4xx_HAL_Driver/Src/stm32g4xx_hal_spi.c ****   * @brief  Receive an amount of data in non-blocking mode with DMA.
2023:Drivers/STM32G4xx_HAL_Driver/Src/stm32g4xx_hal_spi.c ****   * @note   In case of MASTER mode and SPI_DIRECTION_2LINES direction, hdmatx shall be defined.
2024:Drivers/STM32G4xx_HAL_Driver/Src/stm32g4xx_hal_spi.c ****   * @param  hspi pointer to a SPI_HandleTypeDef structure that contains
2025:Drivers/STM32G4xx_HAL_Driver/Src/stm32g4xx_hal_spi.c ****   *               the configuration information for SPI module.
ARM GAS  C:\Users\Booster\AppData\Local\Temp\ccQdKe81.s 			page 37


2026:Drivers/STM32G4xx_HAL_Driver/Src/stm32g4xx_hal_spi.c ****   * @param  pData pointer to data buffer
2027:Drivers/STM32G4xx_HAL_Driver/Src/stm32g4xx_hal_spi.c ****   * @note   When the CRC feature is enabled the pData Length must be Size + 1.
2028:Drivers/STM32G4xx_HAL_Driver/Src/stm32g4xx_hal_spi.c ****   * @param  Size amount of data to be sent
2029:Drivers/STM32G4xx_HAL_Driver/Src/stm32g4xx_hal_spi.c ****   * @retval HAL status
2030:Drivers/STM32G4xx_HAL_Driver/Src/stm32g4xx_hal_spi.c ****   */
2031:Drivers/STM32G4xx_HAL_Driver/Src/stm32g4xx_hal_spi.c **** HAL_StatusTypeDef HAL_SPI_Receive_DMA(SPI_HandleTypeDef *hspi, uint8_t *pData, uint16_t Size)
2032:Drivers/STM32G4xx_HAL_Driver/Src/stm32g4xx_hal_spi.c **** {
2033:Drivers/STM32G4xx_HAL_Driver/Src/stm32g4xx_hal_spi.c ****   HAL_StatusTypeDef errorcode = HAL_OK;
2034:Drivers/STM32G4xx_HAL_Driver/Src/stm32g4xx_hal_spi.c **** 
2035:Drivers/STM32G4xx_HAL_Driver/Src/stm32g4xx_hal_spi.c ****   /* Check rx dma handle */
2036:Drivers/STM32G4xx_HAL_Driver/Src/stm32g4xx_hal_spi.c ****   assert_param(IS_SPI_DMA_HANDLE(hspi->hdmarx));
2037:Drivers/STM32G4xx_HAL_Driver/Src/stm32g4xx_hal_spi.c **** 
2038:Drivers/STM32G4xx_HAL_Driver/Src/stm32g4xx_hal_spi.c ****   if (hspi->State != HAL_SPI_STATE_READY)
2039:Drivers/STM32G4xx_HAL_Driver/Src/stm32g4xx_hal_spi.c ****   {
2040:Drivers/STM32G4xx_HAL_Driver/Src/stm32g4xx_hal_spi.c ****     errorcode = HAL_BUSY;
2041:Drivers/STM32G4xx_HAL_Driver/Src/stm32g4xx_hal_spi.c ****     goto error;
2042:Drivers/STM32G4xx_HAL_Driver/Src/stm32g4xx_hal_spi.c ****   }
2043:Drivers/STM32G4xx_HAL_Driver/Src/stm32g4xx_hal_spi.c **** 
2044:Drivers/STM32G4xx_HAL_Driver/Src/stm32g4xx_hal_spi.c ****   if ((hspi->Init.Direction == SPI_DIRECTION_2LINES) && (hspi->Init.Mode == SPI_MODE_MASTER))
2045:Drivers/STM32G4xx_HAL_Driver/Src/stm32g4xx_hal_spi.c ****   {
2046:Drivers/STM32G4xx_HAL_Driver/Src/stm32g4xx_hal_spi.c ****     hspi->State = HAL_SPI_STATE_BUSY_RX;
2047:Drivers/STM32G4xx_HAL_Driver/Src/stm32g4xx_hal_spi.c **** 
2048:Drivers/STM32G4xx_HAL_Driver/Src/stm32g4xx_hal_spi.c ****     /* Check tx dma handle */
2049:Drivers/STM32G4xx_HAL_Driver/Src/stm32g4xx_hal_spi.c ****     assert_param(IS_SPI_DMA_HANDLE(hspi->hdmatx));
2050:Drivers/STM32G4xx_HAL_Driver/Src/stm32g4xx_hal_spi.c **** 
2051:Drivers/STM32G4xx_HAL_Driver/Src/stm32g4xx_hal_spi.c ****     /* Call transmit-receive function to send Dummy data on Tx line and generate clock on CLK line 
2052:Drivers/STM32G4xx_HAL_Driver/Src/stm32g4xx_hal_spi.c ****     return HAL_SPI_TransmitReceive_DMA(hspi, pData, pData, Size);
2053:Drivers/STM32G4xx_HAL_Driver/Src/stm32g4xx_hal_spi.c ****   }
2054:Drivers/STM32G4xx_HAL_Driver/Src/stm32g4xx_hal_spi.c **** 
2055:Drivers/STM32G4xx_HAL_Driver/Src/stm32g4xx_hal_spi.c ****   /* Process Locked */
2056:Drivers/STM32G4xx_HAL_Driver/Src/stm32g4xx_hal_spi.c ****   __HAL_LOCK(hspi);
2057:Drivers/STM32G4xx_HAL_Driver/Src/stm32g4xx_hal_spi.c **** 
2058:Drivers/STM32G4xx_HAL_Driver/Src/stm32g4xx_hal_spi.c ****   if ((pData == NULL) || (Size == 0U))
2059:Drivers/STM32G4xx_HAL_Driver/Src/stm32g4xx_hal_spi.c ****   {
2060:Drivers/STM32G4xx_HAL_Driver/Src/stm32g4xx_hal_spi.c ****     errorcode = HAL_ERROR;
2061:Drivers/STM32G4xx_HAL_Driver/Src/stm32g4xx_hal_spi.c ****     goto error;
2062:Drivers/STM32G4xx_HAL_Driver/Src/stm32g4xx_hal_spi.c ****   }
2063:Drivers/STM32G4xx_HAL_Driver/Src/stm32g4xx_hal_spi.c **** 
2064:Drivers/STM32G4xx_HAL_Driver/Src/stm32g4xx_hal_spi.c ****   /* Set the transaction information */
2065:Drivers/STM32G4xx_HAL_Driver/Src/stm32g4xx_hal_spi.c ****   hspi->State       = HAL_SPI_STATE_BUSY_RX;
2066:Drivers/STM32G4xx_HAL_Driver/Src/stm32g4xx_hal_spi.c ****   hspi->ErrorCode   = HAL_SPI_ERROR_NONE;
2067:Drivers/STM32G4xx_HAL_Driver/Src/stm32g4xx_hal_spi.c ****   hspi->pRxBuffPtr  = (uint8_t *)pData;
2068:Drivers/STM32G4xx_HAL_Driver/Src/stm32g4xx_hal_spi.c ****   hspi->RxXferSize  = Size;
2069:Drivers/STM32G4xx_HAL_Driver/Src/stm32g4xx_hal_spi.c ****   hspi->RxXferCount = Size;
2070:Drivers/STM32G4xx_HAL_Driver/Src/stm32g4xx_hal_spi.c **** 
2071:Drivers/STM32G4xx_HAL_Driver/Src/stm32g4xx_hal_spi.c ****   /*Init field not used in handle to zero */
2072:Drivers/STM32G4xx_HAL_Driver/Src/stm32g4xx_hal_spi.c ****   hspi->RxISR       = NULL;
2073:Drivers/STM32G4xx_HAL_Driver/Src/stm32g4xx_hal_spi.c ****   hspi->TxISR       = NULL;
2074:Drivers/STM32G4xx_HAL_Driver/Src/stm32g4xx_hal_spi.c ****   hspi->TxXferSize  = 0U;
2075:Drivers/STM32G4xx_HAL_Driver/Src/stm32g4xx_hal_spi.c ****   hspi->TxXferCount = 0U;
2076:Drivers/STM32G4xx_HAL_Driver/Src/stm32g4xx_hal_spi.c **** 
2077:Drivers/STM32G4xx_HAL_Driver/Src/stm32g4xx_hal_spi.c ****   /* Configure communication direction : 1Line */
2078:Drivers/STM32G4xx_HAL_Driver/Src/stm32g4xx_hal_spi.c ****   if (hspi->Init.Direction == SPI_DIRECTION_1LINE)
2079:Drivers/STM32G4xx_HAL_Driver/Src/stm32g4xx_hal_spi.c ****   {
2080:Drivers/STM32G4xx_HAL_Driver/Src/stm32g4xx_hal_spi.c ****     /* Disable SPI Peripheral before set 1Line direction (BIDIOE bit) */
2081:Drivers/STM32G4xx_HAL_Driver/Src/stm32g4xx_hal_spi.c ****     __HAL_SPI_DISABLE(hspi);
2082:Drivers/STM32G4xx_HAL_Driver/Src/stm32g4xx_hal_spi.c ****     SPI_1LINE_RX(hspi);
ARM GAS  C:\Users\Booster\AppData\Local\Temp\ccQdKe81.s 			page 38


2083:Drivers/STM32G4xx_HAL_Driver/Src/stm32g4xx_hal_spi.c ****   }
2084:Drivers/STM32G4xx_HAL_Driver/Src/stm32g4xx_hal_spi.c **** 
2085:Drivers/STM32G4xx_HAL_Driver/Src/stm32g4xx_hal_spi.c **** #if (USE_SPI_CRC != 0U)
2086:Drivers/STM32G4xx_HAL_Driver/Src/stm32g4xx_hal_spi.c ****   /* Reset CRC Calculation */
2087:Drivers/STM32G4xx_HAL_Driver/Src/stm32g4xx_hal_spi.c ****   if (hspi->Init.CRCCalculation == SPI_CRCCALCULATION_ENABLE)
2088:Drivers/STM32G4xx_HAL_Driver/Src/stm32g4xx_hal_spi.c ****   {
2089:Drivers/STM32G4xx_HAL_Driver/Src/stm32g4xx_hal_spi.c ****     SPI_RESET_CRC(hspi);
2090:Drivers/STM32G4xx_HAL_Driver/Src/stm32g4xx_hal_spi.c ****   }
2091:Drivers/STM32G4xx_HAL_Driver/Src/stm32g4xx_hal_spi.c **** #endif /* USE_SPI_CRC */
2092:Drivers/STM32G4xx_HAL_Driver/Src/stm32g4xx_hal_spi.c **** 
2093:Drivers/STM32G4xx_HAL_Driver/Src/stm32g4xx_hal_spi.c **** 
2094:Drivers/STM32G4xx_HAL_Driver/Src/stm32g4xx_hal_spi.c ****   CLEAR_BIT(hspi->Instance->CR2, SPI_CR2_LDMARX);
2095:Drivers/STM32G4xx_HAL_Driver/Src/stm32g4xx_hal_spi.c ****   if (hspi->Init.DataSize > SPI_DATASIZE_8BIT)
2096:Drivers/STM32G4xx_HAL_Driver/Src/stm32g4xx_hal_spi.c ****   {
2097:Drivers/STM32G4xx_HAL_Driver/Src/stm32g4xx_hal_spi.c ****     /* Set RX Fifo threshold according the reception data length: 16bit */
2098:Drivers/STM32G4xx_HAL_Driver/Src/stm32g4xx_hal_spi.c ****     CLEAR_BIT(hspi->Instance->CR2, SPI_RXFIFO_THRESHOLD);
2099:Drivers/STM32G4xx_HAL_Driver/Src/stm32g4xx_hal_spi.c ****   }
2100:Drivers/STM32G4xx_HAL_Driver/Src/stm32g4xx_hal_spi.c ****   else
2101:Drivers/STM32G4xx_HAL_Driver/Src/stm32g4xx_hal_spi.c ****   {
2102:Drivers/STM32G4xx_HAL_Driver/Src/stm32g4xx_hal_spi.c ****     /* Set RX Fifo threshold according the reception data length: 8bit */
2103:Drivers/STM32G4xx_HAL_Driver/Src/stm32g4xx_hal_spi.c ****     SET_BIT(hspi->Instance->CR2, SPI_RXFIFO_THRESHOLD);
2104:Drivers/STM32G4xx_HAL_Driver/Src/stm32g4xx_hal_spi.c **** 
2105:Drivers/STM32G4xx_HAL_Driver/Src/stm32g4xx_hal_spi.c ****     if (hspi->hdmarx->Init.MemDataAlignment == DMA_MDATAALIGN_HALFWORD)
2106:Drivers/STM32G4xx_HAL_Driver/Src/stm32g4xx_hal_spi.c ****     {
2107:Drivers/STM32G4xx_HAL_Driver/Src/stm32g4xx_hal_spi.c ****       /* Set RX Fifo threshold according the reception data length: 16bit */
2108:Drivers/STM32G4xx_HAL_Driver/Src/stm32g4xx_hal_spi.c ****       CLEAR_BIT(hspi->Instance->CR2, SPI_RXFIFO_THRESHOLD);
2109:Drivers/STM32G4xx_HAL_Driver/Src/stm32g4xx_hal_spi.c **** 
2110:Drivers/STM32G4xx_HAL_Driver/Src/stm32g4xx_hal_spi.c ****       if ((hspi->RxXferCount & 0x1U) == 0x0U)
2111:Drivers/STM32G4xx_HAL_Driver/Src/stm32g4xx_hal_spi.c ****       {
2112:Drivers/STM32G4xx_HAL_Driver/Src/stm32g4xx_hal_spi.c ****         CLEAR_BIT(hspi->Instance->CR2, SPI_CR2_LDMARX);
2113:Drivers/STM32G4xx_HAL_Driver/Src/stm32g4xx_hal_spi.c ****         hspi->RxXferCount = hspi->RxXferCount >> 1U;
2114:Drivers/STM32G4xx_HAL_Driver/Src/stm32g4xx_hal_spi.c ****       }
2115:Drivers/STM32G4xx_HAL_Driver/Src/stm32g4xx_hal_spi.c ****       else
2116:Drivers/STM32G4xx_HAL_Driver/Src/stm32g4xx_hal_spi.c ****       {
2117:Drivers/STM32G4xx_HAL_Driver/Src/stm32g4xx_hal_spi.c ****         SET_BIT(hspi->Instance->CR2, SPI_CR2_LDMARX);
2118:Drivers/STM32G4xx_HAL_Driver/Src/stm32g4xx_hal_spi.c ****         hspi->RxXferCount = (hspi->RxXferCount >> 1U) + 1U;
2119:Drivers/STM32G4xx_HAL_Driver/Src/stm32g4xx_hal_spi.c ****       }
2120:Drivers/STM32G4xx_HAL_Driver/Src/stm32g4xx_hal_spi.c ****     }
2121:Drivers/STM32G4xx_HAL_Driver/Src/stm32g4xx_hal_spi.c ****   }
2122:Drivers/STM32G4xx_HAL_Driver/Src/stm32g4xx_hal_spi.c **** 
2123:Drivers/STM32G4xx_HAL_Driver/Src/stm32g4xx_hal_spi.c ****   /* Set the SPI RxDMA Half transfer complete callback */
2124:Drivers/STM32G4xx_HAL_Driver/Src/stm32g4xx_hal_spi.c ****   hspi->hdmarx->XferHalfCpltCallback = SPI_DMAHalfReceiveCplt;
2125:Drivers/STM32G4xx_HAL_Driver/Src/stm32g4xx_hal_spi.c **** 
2126:Drivers/STM32G4xx_HAL_Driver/Src/stm32g4xx_hal_spi.c ****   /* Set the SPI Rx DMA transfer complete callback */
2127:Drivers/STM32G4xx_HAL_Driver/Src/stm32g4xx_hal_spi.c ****   hspi->hdmarx->XferCpltCallback = SPI_DMAReceiveCplt;
2128:Drivers/STM32G4xx_HAL_Driver/Src/stm32g4xx_hal_spi.c **** 
2129:Drivers/STM32G4xx_HAL_Driver/Src/stm32g4xx_hal_spi.c ****   /* Set the DMA error callback */
2130:Drivers/STM32G4xx_HAL_Driver/Src/stm32g4xx_hal_spi.c ****   hspi->hdmarx->XferErrorCallback = SPI_DMAError;
2131:Drivers/STM32G4xx_HAL_Driver/Src/stm32g4xx_hal_spi.c **** 
2132:Drivers/STM32G4xx_HAL_Driver/Src/stm32g4xx_hal_spi.c ****   /* Set the DMA AbortCpltCallback */
2133:Drivers/STM32G4xx_HAL_Driver/Src/stm32g4xx_hal_spi.c ****   hspi->hdmarx->XferAbortCallback = NULL;
2134:Drivers/STM32G4xx_HAL_Driver/Src/stm32g4xx_hal_spi.c **** 
2135:Drivers/STM32G4xx_HAL_Driver/Src/stm32g4xx_hal_spi.c ****   /* Enable the Rx DMA Stream/Channel  */
2136:Drivers/STM32G4xx_HAL_Driver/Src/stm32g4xx_hal_spi.c ****   if (HAL_OK != HAL_DMA_Start_IT(hspi->hdmarx, (uint32_t)&hspi->Instance->DR, (uint32_t)hspi->pRxBu
2137:Drivers/STM32G4xx_HAL_Driver/Src/stm32g4xx_hal_spi.c ****                                  hspi->RxXferCount))
2138:Drivers/STM32G4xx_HAL_Driver/Src/stm32g4xx_hal_spi.c ****   {
2139:Drivers/STM32G4xx_HAL_Driver/Src/stm32g4xx_hal_spi.c ****     /* Update SPI error code */
ARM GAS  C:\Users\Booster\AppData\Local\Temp\ccQdKe81.s 			page 39


2140:Drivers/STM32G4xx_HAL_Driver/Src/stm32g4xx_hal_spi.c ****     SET_BIT(hspi->ErrorCode, HAL_SPI_ERROR_DMA);
2141:Drivers/STM32G4xx_HAL_Driver/Src/stm32g4xx_hal_spi.c ****     errorcode = HAL_ERROR;
2142:Drivers/STM32G4xx_HAL_Driver/Src/stm32g4xx_hal_spi.c **** 
2143:Drivers/STM32G4xx_HAL_Driver/Src/stm32g4xx_hal_spi.c ****     goto error;
2144:Drivers/STM32G4xx_HAL_Driver/Src/stm32g4xx_hal_spi.c ****   }
2145:Drivers/STM32G4xx_HAL_Driver/Src/stm32g4xx_hal_spi.c **** 
2146:Drivers/STM32G4xx_HAL_Driver/Src/stm32g4xx_hal_spi.c ****   /* Check if the SPI is already enabled */
2147:Drivers/STM32G4xx_HAL_Driver/Src/stm32g4xx_hal_spi.c ****   if ((hspi->Instance->CR1 & SPI_CR1_SPE) != SPI_CR1_SPE)
2148:Drivers/STM32G4xx_HAL_Driver/Src/stm32g4xx_hal_spi.c ****   {
2149:Drivers/STM32G4xx_HAL_Driver/Src/stm32g4xx_hal_spi.c ****     /* Enable SPI peripheral */
2150:Drivers/STM32G4xx_HAL_Driver/Src/stm32g4xx_hal_spi.c ****     __HAL_SPI_ENABLE(hspi);
2151:Drivers/STM32G4xx_HAL_Driver/Src/stm32g4xx_hal_spi.c ****   }
2152:Drivers/STM32G4xx_HAL_Driver/Src/stm32g4xx_hal_spi.c **** 
2153:Drivers/STM32G4xx_HAL_Driver/Src/stm32g4xx_hal_spi.c ****   /* Enable the SPI Error Interrupt Bit */
2154:Drivers/STM32G4xx_HAL_Driver/Src/stm32g4xx_hal_spi.c ****   __HAL_SPI_ENABLE_IT(hspi, (SPI_IT_ERR));
2155:Drivers/STM32G4xx_HAL_Driver/Src/stm32g4xx_hal_spi.c **** 
2156:Drivers/STM32G4xx_HAL_Driver/Src/stm32g4xx_hal_spi.c ****   /* Enable Rx DMA Request */
2157:Drivers/STM32G4xx_HAL_Driver/Src/stm32g4xx_hal_spi.c ****   SET_BIT(hspi->Instance->CR2, SPI_CR2_RXDMAEN);
2158:Drivers/STM32G4xx_HAL_Driver/Src/stm32g4xx_hal_spi.c **** 
2159:Drivers/STM32G4xx_HAL_Driver/Src/stm32g4xx_hal_spi.c **** error:
2160:Drivers/STM32G4xx_HAL_Driver/Src/stm32g4xx_hal_spi.c ****   /* Process Unlocked */
2161:Drivers/STM32G4xx_HAL_Driver/Src/stm32g4xx_hal_spi.c ****   __HAL_UNLOCK(hspi);
2162:Drivers/STM32G4xx_HAL_Driver/Src/stm32g4xx_hal_spi.c ****   return errorcode;
2163:Drivers/STM32G4xx_HAL_Driver/Src/stm32g4xx_hal_spi.c **** }
2164:Drivers/STM32G4xx_HAL_Driver/Src/stm32g4xx_hal_spi.c **** 
2165:Drivers/STM32G4xx_HAL_Driver/Src/stm32g4xx_hal_spi.c **** /**
2166:Drivers/STM32G4xx_HAL_Driver/Src/stm32g4xx_hal_spi.c ****   * @brief  Transmit and Receive an amount of data in non-blocking mode with DMA.
2167:Drivers/STM32G4xx_HAL_Driver/Src/stm32g4xx_hal_spi.c ****   * @param  hspi pointer to a SPI_HandleTypeDef structure that contains
2168:Drivers/STM32G4xx_HAL_Driver/Src/stm32g4xx_hal_spi.c ****   *               the configuration information for SPI module.
2169:Drivers/STM32G4xx_HAL_Driver/Src/stm32g4xx_hal_spi.c ****   * @param  pTxData pointer to transmission data buffer
2170:Drivers/STM32G4xx_HAL_Driver/Src/stm32g4xx_hal_spi.c ****   * @param  pRxData pointer to reception data buffer
2171:Drivers/STM32G4xx_HAL_Driver/Src/stm32g4xx_hal_spi.c ****   * @note   When the CRC feature is enabled the pRxData Length must be Size + 1
2172:Drivers/STM32G4xx_HAL_Driver/Src/stm32g4xx_hal_spi.c ****   * @param  Size amount of data to be sent
2173:Drivers/STM32G4xx_HAL_Driver/Src/stm32g4xx_hal_spi.c ****   * @retval HAL status
2174:Drivers/STM32G4xx_HAL_Driver/Src/stm32g4xx_hal_spi.c ****   */
2175:Drivers/STM32G4xx_HAL_Driver/Src/stm32g4xx_hal_spi.c **** HAL_StatusTypeDef HAL_SPI_TransmitReceive_DMA(SPI_HandleTypeDef *hspi, uint8_t *pTxData, uint8_t *p
2176:Drivers/STM32G4xx_HAL_Driver/Src/stm32g4xx_hal_spi.c ****                                               uint16_t Size)
2177:Drivers/STM32G4xx_HAL_Driver/Src/stm32g4xx_hal_spi.c **** {
2178:Drivers/STM32G4xx_HAL_Driver/Src/stm32g4xx_hal_spi.c ****   uint32_t             tmp_mode;
2179:Drivers/STM32G4xx_HAL_Driver/Src/stm32g4xx_hal_spi.c ****   HAL_SPI_StateTypeDef tmp_state;
2180:Drivers/STM32G4xx_HAL_Driver/Src/stm32g4xx_hal_spi.c ****   HAL_StatusTypeDef errorcode = HAL_OK;
2181:Drivers/STM32G4xx_HAL_Driver/Src/stm32g4xx_hal_spi.c **** 
2182:Drivers/STM32G4xx_HAL_Driver/Src/stm32g4xx_hal_spi.c ****   /* Check rx & tx dma handles */
2183:Drivers/STM32G4xx_HAL_Driver/Src/stm32g4xx_hal_spi.c ****   assert_param(IS_SPI_DMA_HANDLE(hspi->hdmarx));
2184:Drivers/STM32G4xx_HAL_Driver/Src/stm32g4xx_hal_spi.c ****   assert_param(IS_SPI_DMA_HANDLE(hspi->hdmatx));
2185:Drivers/STM32G4xx_HAL_Driver/Src/stm32g4xx_hal_spi.c **** 
2186:Drivers/STM32G4xx_HAL_Driver/Src/stm32g4xx_hal_spi.c ****   /* Check Direction parameter */
2187:Drivers/STM32G4xx_HAL_Driver/Src/stm32g4xx_hal_spi.c ****   assert_param(IS_SPI_DIRECTION_2LINES(hspi->Init.Direction));
2188:Drivers/STM32G4xx_HAL_Driver/Src/stm32g4xx_hal_spi.c **** 
2189:Drivers/STM32G4xx_HAL_Driver/Src/stm32g4xx_hal_spi.c ****   /* Process locked */
2190:Drivers/STM32G4xx_HAL_Driver/Src/stm32g4xx_hal_spi.c ****   __HAL_LOCK(hspi);
2191:Drivers/STM32G4xx_HAL_Driver/Src/stm32g4xx_hal_spi.c **** 
2192:Drivers/STM32G4xx_HAL_Driver/Src/stm32g4xx_hal_spi.c ****   /* Init temporary variables */
2193:Drivers/STM32G4xx_HAL_Driver/Src/stm32g4xx_hal_spi.c ****   tmp_state           = hspi->State;
2194:Drivers/STM32G4xx_HAL_Driver/Src/stm32g4xx_hal_spi.c ****   tmp_mode            = hspi->Init.Mode;
2195:Drivers/STM32G4xx_HAL_Driver/Src/stm32g4xx_hal_spi.c **** 
2196:Drivers/STM32G4xx_HAL_Driver/Src/stm32g4xx_hal_spi.c ****   if (!((tmp_state == HAL_SPI_STATE_READY) ||
ARM GAS  C:\Users\Booster\AppData\Local\Temp\ccQdKe81.s 			page 40


2197:Drivers/STM32G4xx_HAL_Driver/Src/stm32g4xx_hal_spi.c ****         ((tmp_mode == SPI_MODE_MASTER) && (hspi->Init.Direction == SPI_DIRECTION_2LINES) && (tmp_st
2198:Drivers/STM32G4xx_HAL_Driver/Src/stm32g4xx_hal_spi.c ****   {
2199:Drivers/STM32G4xx_HAL_Driver/Src/stm32g4xx_hal_spi.c ****     errorcode = HAL_BUSY;
2200:Drivers/STM32G4xx_HAL_Driver/Src/stm32g4xx_hal_spi.c ****     goto error;
2201:Drivers/STM32G4xx_HAL_Driver/Src/stm32g4xx_hal_spi.c ****   }
2202:Drivers/STM32G4xx_HAL_Driver/Src/stm32g4xx_hal_spi.c **** 
2203:Drivers/STM32G4xx_HAL_Driver/Src/stm32g4xx_hal_spi.c ****   if ((pTxData == NULL) || (pRxData == NULL) || (Size == 0U))
2204:Drivers/STM32G4xx_HAL_Driver/Src/stm32g4xx_hal_spi.c ****   {
2205:Drivers/STM32G4xx_HAL_Driver/Src/stm32g4xx_hal_spi.c ****     errorcode = HAL_ERROR;
2206:Drivers/STM32G4xx_HAL_Driver/Src/stm32g4xx_hal_spi.c ****     goto error;
2207:Drivers/STM32G4xx_HAL_Driver/Src/stm32g4xx_hal_spi.c ****   }
2208:Drivers/STM32G4xx_HAL_Driver/Src/stm32g4xx_hal_spi.c **** 
2209:Drivers/STM32G4xx_HAL_Driver/Src/stm32g4xx_hal_spi.c ****   /* Don't overwrite in case of HAL_SPI_STATE_BUSY_RX */
2210:Drivers/STM32G4xx_HAL_Driver/Src/stm32g4xx_hal_spi.c ****   if (hspi->State != HAL_SPI_STATE_BUSY_RX)
2211:Drivers/STM32G4xx_HAL_Driver/Src/stm32g4xx_hal_spi.c ****   {
2212:Drivers/STM32G4xx_HAL_Driver/Src/stm32g4xx_hal_spi.c ****     hspi->State = HAL_SPI_STATE_BUSY_TX_RX;
2213:Drivers/STM32G4xx_HAL_Driver/Src/stm32g4xx_hal_spi.c ****   }
2214:Drivers/STM32G4xx_HAL_Driver/Src/stm32g4xx_hal_spi.c **** 
2215:Drivers/STM32G4xx_HAL_Driver/Src/stm32g4xx_hal_spi.c ****   /* Set the transaction information */
2216:Drivers/STM32G4xx_HAL_Driver/Src/stm32g4xx_hal_spi.c ****   hspi->ErrorCode   = HAL_SPI_ERROR_NONE;
2217:Drivers/STM32G4xx_HAL_Driver/Src/stm32g4xx_hal_spi.c ****   hspi->pTxBuffPtr  = (uint8_t *)pTxData;
2218:Drivers/STM32G4xx_HAL_Driver/Src/stm32g4xx_hal_spi.c ****   hspi->TxXferSize  = Size;
2219:Drivers/STM32G4xx_HAL_Driver/Src/stm32g4xx_hal_spi.c ****   hspi->TxXferCount = Size;
2220:Drivers/STM32G4xx_HAL_Driver/Src/stm32g4xx_hal_spi.c ****   hspi->pRxBuffPtr  = (uint8_t *)pRxData;
2221:Drivers/STM32G4xx_HAL_Driver/Src/stm32g4xx_hal_spi.c ****   hspi->RxXferSize  = Size;
2222:Drivers/STM32G4xx_HAL_Driver/Src/stm32g4xx_hal_spi.c ****   hspi->RxXferCount = Size;
2223:Drivers/STM32G4xx_HAL_Driver/Src/stm32g4xx_hal_spi.c **** 
2224:Drivers/STM32G4xx_HAL_Driver/Src/stm32g4xx_hal_spi.c ****   /* Init field not used in handle to zero */
2225:Drivers/STM32G4xx_HAL_Driver/Src/stm32g4xx_hal_spi.c ****   hspi->RxISR       = NULL;
2226:Drivers/STM32G4xx_HAL_Driver/Src/stm32g4xx_hal_spi.c ****   hspi->TxISR       = NULL;
2227:Drivers/STM32G4xx_HAL_Driver/Src/stm32g4xx_hal_spi.c **** 
2228:Drivers/STM32G4xx_HAL_Driver/Src/stm32g4xx_hal_spi.c **** #if (USE_SPI_CRC != 0U)
2229:Drivers/STM32G4xx_HAL_Driver/Src/stm32g4xx_hal_spi.c ****   /* Reset CRC Calculation */
2230:Drivers/STM32G4xx_HAL_Driver/Src/stm32g4xx_hal_spi.c ****   if (hspi->Init.CRCCalculation == SPI_CRCCALCULATION_ENABLE)
2231:Drivers/STM32G4xx_HAL_Driver/Src/stm32g4xx_hal_spi.c ****   {
2232:Drivers/STM32G4xx_HAL_Driver/Src/stm32g4xx_hal_spi.c ****     SPI_RESET_CRC(hspi);
2233:Drivers/STM32G4xx_HAL_Driver/Src/stm32g4xx_hal_spi.c ****   }
2234:Drivers/STM32G4xx_HAL_Driver/Src/stm32g4xx_hal_spi.c **** #endif /* USE_SPI_CRC */
2235:Drivers/STM32G4xx_HAL_Driver/Src/stm32g4xx_hal_spi.c **** 
2236:Drivers/STM32G4xx_HAL_Driver/Src/stm32g4xx_hal_spi.c ****   /* Reset the threshold bit */
2237:Drivers/STM32G4xx_HAL_Driver/Src/stm32g4xx_hal_spi.c ****   CLEAR_BIT(hspi->Instance->CR2, SPI_CR2_LDMATX | SPI_CR2_LDMARX);
2238:Drivers/STM32G4xx_HAL_Driver/Src/stm32g4xx_hal_spi.c **** 
2239:Drivers/STM32G4xx_HAL_Driver/Src/stm32g4xx_hal_spi.c ****   /* The packing mode management is enabled by the DMA settings according the spi data size */
2240:Drivers/STM32G4xx_HAL_Driver/Src/stm32g4xx_hal_spi.c ****   if (hspi->Init.DataSize > SPI_DATASIZE_8BIT)
2241:Drivers/STM32G4xx_HAL_Driver/Src/stm32g4xx_hal_spi.c ****   {
2242:Drivers/STM32G4xx_HAL_Driver/Src/stm32g4xx_hal_spi.c ****     /* Set fiforxthreshold according the reception data length: 16bit */
2243:Drivers/STM32G4xx_HAL_Driver/Src/stm32g4xx_hal_spi.c ****     CLEAR_BIT(hspi->Instance->CR2, SPI_RXFIFO_THRESHOLD);
2244:Drivers/STM32G4xx_HAL_Driver/Src/stm32g4xx_hal_spi.c ****   }
2245:Drivers/STM32G4xx_HAL_Driver/Src/stm32g4xx_hal_spi.c ****   else
2246:Drivers/STM32G4xx_HAL_Driver/Src/stm32g4xx_hal_spi.c ****   {
2247:Drivers/STM32G4xx_HAL_Driver/Src/stm32g4xx_hal_spi.c ****     /* Set RX Fifo threshold according the reception data length: 8bit */
2248:Drivers/STM32G4xx_HAL_Driver/Src/stm32g4xx_hal_spi.c ****     SET_BIT(hspi->Instance->CR2, SPI_RXFIFO_THRESHOLD);
2249:Drivers/STM32G4xx_HAL_Driver/Src/stm32g4xx_hal_spi.c **** 
2250:Drivers/STM32G4xx_HAL_Driver/Src/stm32g4xx_hal_spi.c ****     if (hspi->hdmatx->Init.MemDataAlignment == DMA_MDATAALIGN_HALFWORD)
2251:Drivers/STM32G4xx_HAL_Driver/Src/stm32g4xx_hal_spi.c ****     {
2252:Drivers/STM32G4xx_HAL_Driver/Src/stm32g4xx_hal_spi.c ****       if ((hspi->TxXferSize & 0x1U) == 0x0U)
2253:Drivers/STM32G4xx_HAL_Driver/Src/stm32g4xx_hal_spi.c ****       {
ARM GAS  C:\Users\Booster\AppData\Local\Temp\ccQdKe81.s 			page 41


2254:Drivers/STM32G4xx_HAL_Driver/Src/stm32g4xx_hal_spi.c ****         CLEAR_BIT(hspi->Instance->CR2, SPI_CR2_LDMATX);
2255:Drivers/STM32G4xx_HAL_Driver/Src/stm32g4xx_hal_spi.c ****         hspi->TxXferCount = hspi->TxXferCount >> 1U;
2256:Drivers/STM32G4xx_HAL_Driver/Src/stm32g4xx_hal_spi.c ****       }
2257:Drivers/STM32G4xx_HAL_Driver/Src/stm32g4xx_hal_spi.c ****       else
2258:Drivers/STM32G4xx_HAL_Driver/Src/stm32g4xx_hal_spi.c ****       {
2259:Drivers/STM32G4xx_HAL_Driver/Src/stm32g4xx_hal_spi.c ****         SET_BIT(hspi->Instance->CR2, SPI_CR2_LDMATX);
2260:Drivers/STM32G4xx_HAL_Driver/Src/stm32g4xx_hal_spi.c ****         hspi->TxXferCount = (hspi->TxXferCount >> 1U) + 1U;
2261:Drivers/STM32G4xx_HAL_Driver/Src/stm32g4xx_hal_spi.c ****       }
2262:Drivers/STM32G4xx_HAL_Driver/Src/stm32g4xx_hal_spi.c ****     }
2263:Drivers/STM32G4xx_HAL_Driver/Src/stm32g4xx_hal_spi.c **** 
2264:Drivers/STM32G4xx_HAL_Driver/Src/stm32g4xx_hal_spi.c ****     if (hspi->hdmarx->Init.MemDataAlignment == DMA_MDATAALIGN_HALFWORD)
2265:Drivers/STM32G4xx_HAL_Driver/Src/stm32g4xx_hal_spi.c ****     {
2266:Drivers/STM32G4xx_HAL_Driver/Src/stm32g4xx_hal_spi.c ****       /* Set RX Fifo threshold according the reception data length: 16bit */
2267:Drivers/STM32G4xx_HAL_Driver/Src/stm32g4xx_hal_spi.c ****       CLEAR_BIT(hspi->Instance->CR2, SPI_RXFIFO_THRESHOLD);
2268:Drivers/STM32G4xx_HAL_Driver/Src/stm32g4xx_hal_spi.c **** 
2269:Drivers/STM32G4xx_HAL_Driver/Src/stm32g4xx_hal_spi.c ****       if ((hspi->RxXferCount & 0x1U) == 0x0U)
2270:Drivers/STM32G4xx_HAL_Driver/Src/stm32g4xx_hal_spi.c ****       {
2271:Drivers/STM32G4xx_HAL_Driver/Src/stm32g4xx_hal_spi.c ****         CLEAR_BIT(hspi->Instance->CR2, SPI_CR2_LDMARX);
2272:Drivers/STM32G4xx_HAL_Driver/Src/stm32g4xx_hal_spi.c ****         hspi->RxXferCount = hspi->RxXferCount >> 1U;
2273:Drivers/STM32G4xx_HAL_Driver/Src/stm32g4xx_hal_spi.c ****       }
2274:Drivers/STM32G4xx_HAL_Driver/Src/stm32g4xx_hal_spi.c ****       else
2275:Drivers/STM32G4xx_HAL_Driver/Src/stm32g4xx_hal_spi.c ****       {
2276:Drivers/STM32G4xx_HAL_Driver/Src/stm32g4xx_hal_spi.c ****         SET_BIT(hspi->Instance->CR2, SPI_CR2_LDMARX);
2277:Drivers/STM32G4xx_HAL_Driver/Src/stm32g4xx_hal_spi.c ****         hspi->RxXferCount = (hspi->RxXferCount >> 1U) + 1U;
2278:Drivers/STM32G4xx_HAL_Driver/Src/stm32g4xx_hal_spi.c ****       }
2279:Drivers/STM32G4xx_HAL_Driver/Src/stm32g4xx_hal_spi.c ****     }
2280:Drivers/STM32G4xx_HAL_Driver/Src/stm32g4xx_hal_spi.c ****   }
2281:Drivers/STM32G4xx_HAL_Driver/Src/stm32g4xx_hal_spi.c **** 
2282:Drivers/STM32G4xx_HAL_Driver/Src/stm32g4xx_hal_spi.c ****   /* Check if we are in Rx only or in Rx/Tx Mode and configure the DMA transfer complete callback *
2283:Drivers/STM32G4xx_HAL_Driver/Src/stm32g4xx_hal_spi.c ****   if (hspi->State == HAL_SPI_STATE_BUSY_RX)
2284:Drivers/STM32G4xx_HAL_Driver/Src/stm32g4xx_hal_spi.c ****   {
2285:Drivers/STM32G4xx_HAL_Driver/Src/stm32g4xx_hal_spi.c ****     /* Set the SPI Rx DMA Half transfer complete callback */
2286:Drivers/STM32G4xx_HAL_Driver/Src/stm32g4xx_hal_spi.c ****     hspi->hdmarx->XferHalfCpltCallback = SPI_DMAHalfReceiveCplt;
2287:Drivers/STM32G4xx_HAL_Driver/Src/stm32g4xx_hal_spi.c ****     hspi->hdmarx->XferCpltCallback     = SPI_DMAReceiveCplt;
2288:Drivers/STM32G4xx_HAL_Driver/Src/stm32g4xx_hal_spi.c ****   }
2289:Drivers/STM32G4xx_HAL_Driver/Src/stm32g4xx_hal_spi.c ****   else
2290:Drivers/STM32G4xx_HAL_Driver/Src/stm32g4xx_hal_spi.c ****   {
2291:Drivers/STM32G4xx_HAL_Driver/Src/stm32g4xx_hal_spi.c ****     /* Set the SPI Tx/Rx DMA Half transfer complete callback */
2292:Drivers/STM32G4xx_HAL_Driver/Src/stm32g4xx_hal_spi.c ****     hspi->hdmarx->XferHalfCpltCallback = SPI_DMAHalfTransmitReceiveCplt;
2293:Drivers/STM32G4xx_HAL_Driver/Src/stm32g4xx_hal_spi.c ****     hspi->hdmarx->XferCpltCallback     = SPI_DMATransmitReceiveCplt;
2294:Drivers/STM32G4xx_HAL_Driver/Src/stm32g4xx_hal_spi.c ****   }
2295:Drivers/STM32G4xx_HAL_Driver/Src/stm32g4xx_hal_spi.c **** 
2296:Drivers/STM32G4xx_HAL_Driver/Src/stm32g4xx_hal_spi.c ****   /* Set the DMA error callback */
2297:Drivers/STM32G4xx_HAL_Driver/Src/stm32g4xx_hal_spi.c ****   hspi->hdmarx->XferErrorCallback = SPI_DMAError;
2298:Drivers/STM32G4xx_HAL_Driver/Src/stm32g4xx_hal_spi.c **** 
2299:Drivers/STM32G4xx_HAL_Driver/Src/stm32g4xx_hal_spi.c ****   /* Set the DMA AbortCpltCallback */
2300:Drivers/STM32G4xx_HAL_Driver/Src/stm32g4xx_hal_spi.c ****   hspi->hdmarx->XferAbortCallback = NULL;
2301:Drivers/STM32G4xx_HAL_Driver/Src/stm32g4xx_hal_spi.c **** 
2302:Drivers/STM32G4xx_HAL_Driver/Src/stm32g4xx_hal_spi.c ****   /* Enable the Rx DMA Stream/Channel  */
2303:Drivers/STM32G4xx_HAL_Driver/Src/stm32g4xx_hal_spi.c ****   if (HAL_OK != HAL_DMA_Start_IT(hspi->hdmarx, (uint32_t)&hspi->Instance->DR, (uint32_t)hspi->pRxBu
2304:Drivers/STM32G4xx_HAL_Driver/Src/stm32g4xx_hal_spi.c ****                                  hspi->RxXferCount))
2305:Drivers/STM32G4xx_HAL_Driver/Src/stm32g4xx_hal_spi.c ****   {
2306:Drivers/STM32G4xx_HAL_Driver/Src/stm32g4xx_hal_spi.c ****     /* Update SPI error code */
2307:Drivers/STM32G4xx_HAL_Driver/Src/stm32g4xx_hal_spi.c ****     SET_BIT(hspi->ErrorCode, HAL_SPI_ERROR_DMA);
2308:Drivers/STM32G4xx_HAL_Driver/Src/stm32g4xx_hal_spi.c ****     errorcode = HAL_ERROR;
2309:Drivers/STM32G4xx_HAL_Driver/Src/stm32g4xx_hal_spi.c **** 
2310:Drivers/STM32G4xx_HAL_Driver/Src/stm32g4xx_hal_spi.c ****     goto error;
ARM GAS  C:\Users\Booster\AppData\Local\Temp\ccQdKe81.s 			page 42


2311:Drivers/STM32G4xx_HAL_Driver/Src/stm32g4xx_hal_spi.c ****   }
2312:Drivers/STM32G4xx_HAL_Driver/Src/stm32g4xx_hal_spi.c **** 
2313:Drivers/STM32G4xx_HAL_Driver/Src/stm32g4xx_hal_spi.c ****   /* Enable Rx DMA Request */
2314:Drivers/STM32G4xx_HAL_Driver/Src/stm32g4xx_hal_spi.c ****   SET_BIT(hspi->Instance->CR2, SPI_CR2_RXDMAEN);
2315:Drivers/STM32G4xx_HAL_Driver/Src/stm32g4xx_hal_spi.c **** 
2316:Drivers/STM32G4xx_HAL_Driver/Src/stm32g4xx_hal_spi.c ****   /* Set the SPI Tx DMA transfer complete callback as NULL because the communication closing
2317:Drivers/STM32G4xx_HAL_Driver/Src/stm32g4xx_hal_spi.c ****   is performed in DMA reception complete callback  */
2318:Drivers/STM32G4xx_HAL_Driver/Src/stm32g4xx_hal_spi.c ****   hspi->hdmatx->XferHalfCpltCallback = NULL;
2319:Drivers/STM32G4xx_HAL_Driver/Src/stm32g4xx_hal_spi.c ****   hspi->hdmatx->XferCpltCallback     = NULL;
2320:Drivers/STM32G4xx_HAL_Driver/Src/stm32g4xx_hal_spi.c ****   hspi->hdmatx->XferErrorCallback    = NULL;
2321:Drivers/STM32G4xx_HAL_Driver/Src/stm32g4xx_hal_spi.c ****   hspi->hdmatx->XferAbortCallback    = NULL;
2322:Drivers/STM32G4xx_HAL_Driver/Src/stm32g4xx_hal_spi.c **** 
2323:Drivers/STM32G4xx_HAL_Driver/Src/stm32g4xx_hal_spi.c ****   /* Enable the Tx DMA Stream/Channel  */
2324:Drivers/STM32G4xx_HAL_Driver/Src/stm32g4xx_hal_spi.c ****   if (HAL_OK != HAL_DMA_Start_IT(hspi->hdmatx, (uint32_t)hspi->pTxBuffPtr, (uint32_t)&hspi->Instanc
2325:Drivers/STM32G4xx_HAL_Driver/Src/stm32g4xx_hal_spi.c ****                                  hspi->TxXferCount))
2326:Drivers/STM32G4xx_HAL_Driver/Src/stm32g4xx_hal_spi.c ****   {
2327:Drivers/STM32G4xx_HAL_Driver/Src/stm32g4xx_hal_spi.c ****     /* Update SPI error code */
2328:Drivers/STM32G4xx_HAL_Driver/Src/stm32g4xx_hal_spi.c ****     SET_BIT(hspi->ErrorCode, HAL_SPI_ERROR_DMA);
2329:Drivers/STM32G4xx_HAL_Driver/Src/stm32g4xx_hal_spi.c ****     errorcode = HAL_ERROR;
2330:Drivers/STM32G4xx_HAL_Driver/Src/stm32g4xx_hal_spi.c **** 
2331:Drivers/STM32G4xx_HAL_Driver/Src/stm32g4xx_hal_spi.c ****     goto error;
2332:Drivers/STM32G4xx_HAL_Driver/Src/stm32g4xx_hal_spi.c ****   }
2333:Drivers/STM32G4xx_HAL_Driver/Src/stm32g4xx_hal_spi.c **** 
2334:Drivers/STM32G4xx_HAL_Driver/Src/stm32g4xx_hal_spi.c ****   /* Check if the SPI is already enabled */
2335:Drivers/STM32G4xx_HAL_Driver/Src/stm32g4xx_hal_spi.c ****   if ((hspi->Instance->CR1 & SPI_CR1_SPE) != SPI_CR1_SPE)
2336:Drivers/STM32G4xx_HAL_Driver/Src/stm32g4xx_hal_spi.c ****   {
2337:Drivers/STM32G4xx_HAL_Driver/Src/stm32g4xx_hal_spi.c ****     /* Enable SPI peripheral */
2338:Drivers/STM32G4xx_HAL_Driver/Src/stm32g4xx_hal_spi.c ****     __HAL_SPI_ENABLE(hspi);
2339:Drivers/STM32G4xx_HAL_Driver/Src/stm32g4xx_hal_spi.c ****   }
2340:Drivers/STM32G4xx_HAL_Driver/Src/stm32g4xx_hal_spi.c ****   /* Enable the SPI Error Interrupt Bit */
2341:Drivers/STM32G4xx_HAL_Driver/Src/stm32g4xx_hal_spi.c ****   __HAL_SPI_ENABLE_IT(hspi, (SPI_IT_ERR));
2342:Drivers/STM32G4xx_HAL_Driver/Src/stm32g4xx_hal_spi.c **** 
2343:Drivers/STM32G4xx_HAL_Driver/Src/stm32g4xx_hal_spi.c ****   /* Enable Tx DMA Request */
2344:Drivers/STM32G4xx_HAL_Driver/Src/stm32g4xx_hal_spi.c ****   SET_BIT(hspi->Instance->CR2, SPI_CR2_TXDMAEN);
2345:Drivers/STM32G4xx_HAL_Driver/Src/stm32g4xx_hal_spi.c **** 
2346:Drivers/STM32G4xx_HAL_Driver/Src/stm32g4xx_hal_spi.c **** error :
2347:Drivers/STM32G4xx_HAL_Driver/Src/stm32g4xx_hal_spi.c ****   /* Process Unlocked */
2348:Drivers/STM32G4xx_HAL_Driver/Src/stm32g4xx_hal_spi.c ****   __HAL_UNLOCK(hspi);
2349:Drivers/STM32G4xx_HAL_Driver/Src/stm32g4xx_hal_spi.c ****   return errorcode;
2350:Drivers/STM32G4xx_HAL_Driver/Src/stm32g4xx_hal_spi.c **** }
2351:Drivers/STM32G4xx_HAL_Driver/Src/stm32g4xx_hal_spi.c **** 
2352:Drivers/STM32G4xx_HAL_Driver/Src/stm32g4xx_hal_spi.c **** /**
2353:Drivers/STM32G4xx_HAL_Driver/Src/stm32g4xx_hal_spi.c ****   * @brief  Abort ongoing transfer (blocking mode).
2354:Drivers/STM32G4xx_HAL_Driver/Src/stm32g4xx_hal_spi.c ****   * @param  hspi SPI handle.
2355:Drivers/STM32G4xx_HAL_Driver/Src/stm32g4xx_hal_spi.c ****   * @note   This procedure could be used for aborting any ongoing transfer (Tx and Rx),
2356:Drivers/STM32G4xx_HAL_Driver/Src/stm32g4xx_hal_spi.c ****   *         started in Interrupt or DMA mode.
2357:Drivers/STM32G4xx_HAL_Driver/Src/stm32g4xx_hal_spi.c ****   *         This procedure performs following operations :
2358:Drivers/STM32G4xx_HAL_Driver/Src/stm32g4xx_hal_spi.c ****   *           - Disable SPI Interrupts (depending of transfer direction)
2359:Drivers/STM32G4xx_HAL_Driver/Src/stm32g4xx_hal_spi.c ****   *           - Disable the DMA transfer in the peripheral register (if enabled)
2360:Drivers/STM32G4xx_HAL_Driver/Src/stm32g4xx_hal_spi.c ****   *           - Abort DMA transfer by calling HAL_DMA_Abort (in case of transfer in DMA mode)
2361:Drivers/STM32G4xx_HAL_Driver/Src/stm32g4xx_hal_spi.c ****   *           - Set handle State to READY
2362:Drivers/STM32G4xx_HAL_Driver/Src/stm32g4xx_hal_spi.c ****   * @note   This procedure is executed in blocking mode : when exiting function, Abort is considere
2363:Drivers/STM32G4xx_HAL_Driver/Src/stm32g4xx_hal_spi.c ****   * @retval HAL status
2364:Drivers/STM32G4xx_HAL_Driver/Src/stm32g4xx_hal_spi.c ****   */
2365:Drivers/STM32G4xx_HAL_Driver/Src/stm32g4xx_hal_spi.c **** HAL_StatusTypeDef HAL_SPI_Abort(SPI_HandleTypeDef *hspi)
2366:Drivers/STM32G4xx_HAL_Driver/Src/stm32g4xx_hal_spi.c **** {
2367:Drivers/STM32G4xx_HAL_Driver/Src/stm32g4xx_hal_spi.c ****   HAL_StatusTypeDef errorcode;
ARM GAS  C:\Users\Booster\AppData\Local\Temp\ccQdKe81.s 			page 43


2368:Drivers/STM32G4xx_HAL_Driver/Src/stm32g4xx_hal_spi.c ****   __IO uint32_t count;
2369:Drivers/STM32G4xx_HAL_Driver/Src/stm32g4xx_hal_spi.c ****   __IO uint32_t resetcount;
2370:Drivers/STM32G4xx_HAL_Driver/Src/stm32g4xx_hal_spi.c **** 
2371:Drivers/STM32G4xx_HAL_Driver/Src/stm32g4xx_hal_spi.c ****   /* Initialized local variable  */
2372:Drivers/STM32G4xx_HAL_Driver/Src/stm32g4xx_hal_spi.c ****   errorcode = HAL_OK;
2373:Drivers/STM32G4xx_HAL_Driver/Src/stm32g4xx_hal_spi.c ****   resetcount = SPI_DEFAULT_TIMEOUT * (SystemCoreClock / 24U / 1000U);
2374:Drivers/STM32G4xx_HAL_Driver/Src/stm32g4xx_hal_spi.c ****   count = resetcount;
2375:Drivers/STM32G4xx_HAL_Driver/Src/stm32g4xx_hal_spi.c **** 
2376:Drivers/STM32G4xx_HAL_Driver/Src/stm32g4xx_hal_spi.c ****   /* Clear ERRIE interrupt to avoid error interrupts generation during Abort procedure */
2377:Drivers/STM32G4xx_HAL_Driver/Src/stm32g4xx_hal_spi.c ****   CLEAR_BIT(hspi->Instance->CR2, SPI_CR2_ERRIE);
2378:Drivers/STM32G4xx_HAL_Driver/Src/stm32g4xx_hal_spi.c **** 
2379:Drivers/STM32G4xx_HAL_Driver/Src/stm32g4xx_hal_spi.c ****   /* Disable TXEIE, RXNEIE and ERRIE(mode fault event, overrun error, TI frame error) interrupts */
2380:Drivers/STM32G4xx_HAL_Driver/Src/stm32g4xx_hal_spi.c ****   if (HAL_IS_BIT_SET(hspi->Instance->CR2, SPI_CR2_TXEIE))
2381:Drivers/STM32G4xx_HAL_Driver/Src/stm32g4xx_hal_spi.c ****   {
2382:Drivers/STM32G4xx_HAL_Driver/Src/stm32g4xx_hal_spi.c ****     hspi->TxISR = SPI_AbortTx_ISR;
2383:Drivers/STM32G4xx_HAL_Driver/Src/stm32g4xx_hal_spi.c ****     /* Wait HAL_SPI_STATE_ABORT state */
2384:Drivers/STM32G4xx_HAL_Driver/Src/stm32g4xx_hal_spi.c ****     do
2385:Drivers/STM32G4xx_HAL_Driver/Src/stm32g4xx_hal_spi.c ****     {
2386:Drivers/STM32G4xx_HAL_Driver/Src/stm32g4xx_hal_spi.c ****       if (count == 0U)
2387:Drivers/STM32G4xx_HAL_Driver/Src/stm32g4xx_hal_spi.c ****       {
2388:Drivers/STM32G4xx_HAL_Driver/Src/stm32g4xx_hal_spi.c ****         SET_BIT(hspi->ErrorCode, HAL_SPI_ERROR_ABORT);
2389:Drivers/STM32G4xx_HAL_Driver/Src/stm32g4xx_hal_spi.c ****         break;
2390:Drivers/STM32G4xx_HAL_Driver/Src/stm32g4xx_hal_spi.c ****       }
2391:Drivers/STM32G4xx_HAL_Driver/Src/stm32g4xx_hal_spi.c ****       count--;
2392:Drivers/STM32G4xx_HAL_Driver/Src/stm32g4xx_hal_spi.c ****     } while (hspi->State != HAL_SPI_STATE_ABORT);
2393:Drivers/STM32G4xx_HAL_Driver/Src/stm32g4xx_hal_spi.c ****     /* Reset Timeout Counter */
2394:Drivers/STM32G4xx_HAL_Driver/Src/stm32g4xx_hal_spi.c ****     count = resetcount;
2395:Drivers/STM32G4xx_HAL_Driver/Src/stm32g4xx_hal_spi.c ****   }
2396:Drivers/STM32G4xx_HAL_Driver/Src/stm32g4xx_hal_spi.c **** 
2397:Drivers/STM32G4xx_HAL_Driver/Src/stm32g4xx_hal_spi.c ****   if (HAL_IS_BIT_SET(hspi->Instance->CR2, SPI_CR2_RXNEIE))
2398:Drivers/STM32G4xx_HAL_Driver/Src/stm32g4xx_hal_spi.c ****   {
2399:Drivers/STM32G4xx_HAL_Driver/Src/stm32g4xx_hal_spi.c ****     hspi->RxISR = SPI_AbortRx_ISR;
2400:Drivers/STM32G4xx_HAL_Driver/Src/stm32g4xx_hal_spi.c ****     /* Wait HAL_SPI_STATE_ABORT state */
2401:Drivers/STM32G4xx_HAL_Driver/Src/stm32g4xx_hal_spi.c ****     do
2402:Drivers/STM32G4xx_HAL_Driver/Src/stm32g4xx_hal_spi.c ****     {
2403:Drivers/STM32G4xx_HAL_Driver/Src/stm32g4xx_hal_spi.c ****       if (count == 0U)
2404:Drivers/STM32G4xx_HAL_Driver/Src/stm32g4xx_hal_spi.c ****       {
2405:Drivers/STM32G4xx_HAL_Driver/Src/stm32g4xx_hal_spi.c ****         SET_BIT(hspi->ErrorCode, HAL_SPI_ERROR_ABORT);
2406:Drivers/STM32G4xx_HAL_Driver/Src/stm32g4xx_hal_spi.c ****         break;
2407:Drivers/STM32G4xx_HAL_Driver/Src/stm32g4xx_hal_spi.c ****       }
2408:Drivers/STM32G4xx_HAL_Driver/Src/stm32g4xx_hal_spi.c ****       count--;
2409:Drivers/STM32G4xx_HAL_Driver/Src/stm32g4xx_hal_spi.c ****     } while (hspi->State != HAL_SPI_STATE_ABORT);
2410:Drivers/STM32G4xx_HAL_Driver/Src/stm32g4xx_hal_spi.c ****     /* Reset Timeout Counter */
2411:Drivers/STM32G4xx_HAL_Driver/Src/stm32g4xx_hal_spi.c ****     count = resetcount;
2412:Drivers/STM32G4xx_HAL_Driver/Src/stm32g4xx_hal_spi.c ****   }
2413:Drivers/STM32G4xx_HAL_Driver/Src/stm32g4xx_hal_spi.c **** 
2414:Drivers/STM32G4xx_HAL_Driver/Src/stm32g4xx_hal_spi.c ****   /* Disable the SPI DMA Tx request if enabled */
2415:Drivers/STM32G4xx_HAL_Driver/Src/stm32g4xx_hal_spi.c ****   if (HAL_IS_BIT_SET(hspi->Instance->CR2, SPI_CR2_TXDMAEN))
2416:Drivers/STM32G4xx_HAL_Driver/Src/stm32g4xx_hal_spi.c ****   {
2417:Drivers/STM32G4xx_HAL_Driver/Src/stm32g4xx_hal_spi.c ****     /* Abort the SPI DMA Tx Stream/Channel : use blocking DMA Abort API (no callback) */
2418:Drivers/STM32G4xx_HAL_Driver/Src/stm32g4xx_hal_spi.c ****     if (hspi->hdmatx != NULL)
2419:Drivers/STM32G4xx_HAL_Driver/Src/stm32g4xx_hal_spi.c ****     {
2420:Drivers/STM32G4xx_HAL_Driver/Src/stm32g4xx_hal_spi.c ****       /* Set the SPI DMA Abort callback :
2421:Drivers/STM32G4xx_HAL_Driver/Src/stm32g4xx_hal_spi.c ****       will lead to call HAL_SPI_AbortCpltCallback() at end of DMA abort procedure */
2422:Drivers/STM32G4xx_HAL_Driver/Src/stm32g4xx_hal_spi.c ****       hspi->hdmatx->XferAbortCallback = NULL;
2423:Drivers/STM32G4xx_HAL_Driver/Src/stm32g4xx_hal_spi.c **** 
2424:Drivers/STM32G4xx_HAL_Driver/Src/stm32g4xx_hal_spi.c ****       /* Abort DMA Tx Handle linked to SPI Peripheral */
ARM GAS  C:\Users\Booster\AppData\Local\Temp\ccQdKe81.s 			page 44


2425:Drivers/STM32G4xx_HAL_Driver/Src/stm32g4xx_hal_spi.c ****       if (HAL_DMA_Abort(hspi->hdmatx) != HAL_OK)
2426:Drivers/STM32G4xx_HAL_Driver/Src/stm32g4xx_hal_spi.c ****       {
2427:Drivers/STM32G4xx_HAL_Driver/Src/stm32g4xx_hal_spi.c ****         hspi->ErrorCode = HAL_SPI_ERROR_ABORT;
2428:Drivers/STM32G4xx_HAL_Driver/Src/stm32g4xx_hal_spi.c ****       }
2429:Drivers/STM32G4xx_HAL_Driver/Src/stm32g4xx_hal_spi.c **** 
2430:Drivers/STM32G4xx_HAL_Driver/Src/stm32g4xx_hal_spi.c ****       /* Disable Tx DMA Request */
2431:Drivers/STM32G4xx_HAL_Driver/Src/stm32g4xx_hal_spi.c ****       CLEAR_BIT(hspi->Instance->CR2, (SPI_CR2_TXDMAEN));
2432:Drivers/STM32G4xx_HAL_Driver/Src/stm32g4xx_hal_spi.c **** 
2433:Drivers/STM32G4xx_HAL_Driver/Src/stm32g4xx_hal_spi.c ****       if (SPI_EndRxTxTransaction(hspi, SPI_DEFAULT_TIMEOUT, HAL_GetTick()) != HAL_OK)
2434:Drivers/STM32G4xx_HAL_Driver/Src/stm32g4xx_hal_spi.c ****       {
2435:Drivers/STM32G4xx_HAL_Driver/Src/stm32g4xx_hal_spi.c ****         hspi->ErrorCode = HAL_SPI_ERROR_ABORT;
2436:Drivers/STM32G4xx_HAL_Driver/Src/stm32g4xx_hal_spi.c ****       }
2437:Drivers/STM32G4xx_HAL_Driver/Src/stm32g4xx_hal_spi.c **** 
2438:Drivers/STM32G4xx_HAL_Driver/Src/stm32g4xx_hal_spi.c ****       /* Disable SPI Peripheral */
2439:Drivers/STM32G4xx_HAL_Driver/Src/stm32g4xx_hal_spi.c ****       __HAL_SPI_DISABLE(hspi);
2440:Drivers/STM32G4xx_HAL_Driver/Src/stm32g4xx_hal_spi.c **** 
2441:Drivers/STM32G4xx_HAL_Driver/Src/stm32g4xx_hal_spi.c ****       /* Empty the FRLVL fifo */
2442:Drivers/STM32G4xx_HAL_Driver/Src/stm32g4xx_hal_spi.c ****       if (SPI_WaitFifoStateUntilTimeout(hspi, SPI_FLAG_FRLVL, SPI_FRLVL_EMPTY, SPI_DEFAULT_TIMEOUT,
2443:Drivers/STM32G4xx_HAL_Driver/Src/stm32g4xx_hal_spi.c ****       {
2444:Drivers/STM32G4xx_HAL_Driver/Src/stm32g4xx_hal_spi.c ****         hspi->ErrorCode = HAL_SPI_ERROR_ABORT;
2445:Drivers/STM32G4xx_HAL_Driver/Src/stm32g4xx_hal_spi.c ****       }
2446:Drivers/STM32G4xx_HAL_Driver/Src/stm32g4xx_hal_spi.c ****     }
2447:Drivers/STM32G4xx_HAL_Driver/Src/stm32g4xx_hal_spi.c ****   }
2448:Drivers/STM32G4xx_HAL_Driver/Src/stm32g4xx_hal_spi.c **** 
2449:Drivers/STM32G4xx_HAL_Driver/Src/stm32g4xx_hal_spi.c ****   /* Disable the SPI DMA Rx request if enabled */
2450:Drivers/STM32G4xx_HAL_Driver/Src/stm32g4xx_hal_spi.c ****   if (HAL_IS_BIT_SET(hspi->Instance->CR2, SPI_CR2_RXDMAEN))
2451:Drivers/STM32G4xx_HAL_Driver/Src/stm32g4xx_hal_spi.c ****   {
2452:Drivers/STM32G4xx_HAL_Driver/Src/stm32g4xx_hal_spi.c ****     /* Abort the SPI DMA Rx Stream/Channel : use blocking DMA Abort API (no callback) */
2453:Drivers/STM32G4xx_HAL_Driver/Src/stm32g4xx_hal_spi.c ****     if (hspi->hdmarx != NULL)
2454:Drivers/STM32G4xx_HAL_Driver/Src/stm32g4xx_hal_spi.c ****     {
2455:Drivers/STM32G4xx_HAL_Driver/Src/stm32g4xx_hal_spi.c ****       /* Set the SPI DMA Abort callback :
2456:Drivers/STM32G4xx_HAL_Driver/Src/stm32g4xx_hal_spi.c ****       will lead to call HAL_SPI_AbortCpltCallback() at end of DMA abort procedure */
2457:Drivers/STM32G4xx_HAL_Driver/Src/stm32g4xx_hal_spi.c ****       hspi->hdmarx->XferAbortCallback = NULL;
2458:Drivers/STM32G4xx_HAL_Driver/Src/stm32g4xx_hal_spi.c **** 
2459:Drivers/STM32G4xx_HAL_Driver/Src/stm32g4xx_hal_spi.c ****       /* Abort DMA Rx Handle linked to SPI Peripheral */
2460:Drivers/STM32G4xx_HAL_Driver/Src/stm32g4xx_hal_spi.c ****       if (HAL_DMA_Abort(hspi->hdmarx) != HAL_OK)
2461:Drivers/STM32G4xx_HAL_Driver/Src/stm32g4xx_hal_spi.c ****       {
2462:Drivers/STM32G4xx_HAL_Driver/Src/stm32g4xx_hal_spi.c ****         hspi->ErrorCode = HAL_SPI_ERROR_ABORT;
2463:Drivers/STM32G4xx_HAL_Driver/Src/stm32g4xx_hal_spi.c ****       }
2464:Drivers/STM32G4xx_HAL_Driver/Src/stm32g4xx_hal_spi.c **** 
2465:Drivers/STM32G4xx_HAL_Driver/Src/stm32g4xx_hal_spi.c ****       /* Disable peripheral */
2466:Drivers/STM32G4xx_HAL_Driver/Src/stm32g4xx_hal_spi.c ****       __HAL_SPI_DISABLE(hspi);
2467:Drivers/STM32G4xx_HAL_Driver/Src/stm32g4xx_hal_spi.c **** 
2468:Drivers/STM32G4xx_HAL_Driver/Src/stm32g4xx_hal_spi.c ****       /* Control the BSY flag */
2469:Drivers/STM32G4xx_HAL_Driver/Src/stm32g4xx_hal_spi.c ****       if (SPI_WaitFlagStateUntilTimeout(hspi, SPI_FLAG_BSY, RESET, SPI_DEFAULT_TIMEOUT, HAL_GetTick
2470:Drivers/STM32G4xx_HAL_Driver/Src/stm32g4xx_hal_spi.c ****       {
2471:Drivers/STM32G4xx_HAL_Driver/Src/stm32g4xx_hal_spi.c ****         hspi->ErrorCode = HAL_SPI_ERROR_ABORT;
2472:Drivers/STM32G4xx_HAL_Driver/Src/stm32g4xx_hal_spi.c ****       }
2473:Drivers/STM32G4xx_HAL_Driver/Src/stm32g4xx_hal_spi.c **** 
2474:Drivers/STM32G4xx_HAL_Driver/Src/stm32g4xx_hal_spi.c ****       /* Empty the FRLVL fifo */
2475:Drivers/STM32G4xx_HAL_Driver/Src/stm32g4xx_hal_spi.c ****       if (SPI_WaitFifoStateUntilTimeout(hspi, SPI_FLAG_FRLVL, SPI_FRLVL_EMPTY, SPI_DEFAULT_TIMEOUT,
2476:Drivers/STM32G4xx_HAL_Driver/Src/stm32g4xx_hal_spi.c ****       {
2477:Drivers/STM32G4xx_HAL_Driver/Src/stm32g4xx_hal_spi.c ****         hspi->ErrorCode = HAL_SPI_ERROR_ABORT;
2478:Drivers/STM32G4xx_HAL_Driver/Src/stm32g4xx_hal_spi.c ****       }
2479:Drivers/STM32G4xx_HAL_Driver/Src/stm32g4xx_hal_spi.c **** 
2480:Drivers/STM32G4xx_HAL_Driver/Src/stm32g4xx_hal_spi.c ****       /* Disable Rx DMA Request */
2481:Drivers/STM32G4xx_HAL_Driver/Src/stm32g4xx_hal_spi.c ****       CLEAR_BIT(hspi->Instance->CR2, (SPI_CR2_RXDMAEN));
ARM GAS  C:\Users\Booster\AppData\Local\Temp\ccQdKe81.s 			page 45


2482:Drivers/STM32G4xx_HAL_Driver/Src/stm32g4xx_hal_spi.c ****     }
2483:Drivers/STM32G4xx_HAL_Driver/Src/stm32g4xx_hal_spi.c ****   }
2484:Drivers/STM32G4xx_HAL_Driver/Src/stm32g4xx_hal_spi.c ****   /* Reset Tx and Rx transfer counters */
2485:Drivers/STM32G4xx_HAL_Driver/Src/stm32g4xx_hal_spi.c ****   hspi->RxXferCount = 0U;
2486:Drivers/STM32G4xx_HAL_Driver/Src/stm32g4xx_hal_spi.c ****   hspi->TxXferCount = 0U;
2487:Drivers/STM32G4xx_HAL_Driver/Src/stm32g4xx_hal_spi.c **** 
2488:Drivers/STM32G4xx_HAL_Driver/Src/stm32g4xx_hal_spi.c ****   /* Check error during Abort procedure */
2489:Drivers/STM32G4xx_HAL_Driver/Src/stm32g4xx_hal_spi.c ****   if (hspi->ErrorCode == HAL_SPI_ERROR_ABORT)
2490:Drivers/STM32G4xx_HAL_Driver/Src/stm32g4xx_hal_spi.c ****   {
2491:Drivers/STM32G4xx_HAL_Driver/Src/stm32g4xx_hal_spi.c ****     /* return HAL_Error in case of error during Abort procedure */
2492:Drivers/STM32G4xx_HAL_Driver/Src/stm32g4xx_hal_spi.c ****     errorcode = HAL_ERROR;
2493:Drivers/STM32G4xx_HAL_Driver/Src/stm32g4xx_hal_spi.c ****   }
2494:Drivers/STM32G4xx_HAL_Driver/Src/stm32g4xx_hal_spi.c ****   else
2495:Drivers/STM32G4xx_HAL_Driver/Src/stm32g4xx_hal_spi.c ****   {
2496:Drivers/STM32G4xx_HAL_Driver/Src/stm32g4xx_hal_spi.c ****     /* Reset errorCode */
2497:Drivers/STM32G4xx_HAL_Driver/Src/stm32g4xx_hal_spi.c ****     hspi->ErrorCode = HAL_SPI_ERROR_NONE;
2498:Drivers/STM32G4xx_HAL_Driver/Src/stm32g4xx_hal_spi.c ****   }
2499:Drivers/STM32G4xx_HAL_Driver/Src/stm32g4xx_hal_spi.c **** 
2500:Drivers/STM32G4xx_HAL_Driver/Src/stm32g4xx_hal_spi.c ****   /* Clear the Error flags in the SR register */
2501:Drivers/STM32G4xx_HAL_Driver/Src/stm32g4xx_hal_spi.c ****   __HAL_SPI_CLEAR_OVRFLAG(hspi);
2502:Drivers/STM32G4xx_HAL_Driver/Src/stm32g4xx_hal_spi.c ****   __HAL_SPI_CLEAR_FREFLAG(hspi);
2503:Drivers/STM32G4xx_HAL_Driver/Src/stm32g4xx_hal_spi.c **** 
2504:Drivers/STM32G4xx_HAL_Driver/Src/stm32g4xx_hal_spi.c ****   /* Restore hspi->state to ready */
2505:Drivers/STM32G4xx_HAL_Driver/Src/stm32g4xx_hal_spi.c ****   hspi->State = HAL_SPI_STATE_READY;
2506:Drivers/STM32G4xx_HAL_Driver/Src/stm32g4xx_hal_spi.c **** 
2507:Drivers/STM32G4xx_HAL_Driver/Src/stm32g4xx_hal_spi.c ****   return errorcode;
2508:Drivers/STM32G4xx_HAL_Driver/Src/stm32g4xx_hal_spi.c **** }
2509:Drivers/STM32G4xx_HAL_Driver/Src/stm32g4xx_hal_spi.c **** 
2510:Drivers/STM32G4xx_HAL_Driver/Src/stm32g4xx_hal_spi.c **** /**
2511:Drivers/STM32G4xx_HAL_Driver/Src/stm32g4xx_hal_spi.c ****   * @brief  Abort ongoing transfer (Interrupt mode).
2512:Drivers/STM32G4xx_HAL_Driver/Src/stm32g4xx_hal_spi.c ****   * @param  hspi SPI handle.
2513:Drivers/STM32G4xx_HAL_Driver/Src/stm32g4xx_hal_spi.c ****   * @note   This procedure could be used for aborting any ongoing transfer (Tx and Rx),
2514:Drivers/STM32G4xx_HAL_Driver/Src/stm32g4xx_hal_spi.c ****   *         started in Interrupt or DMA mode.
2515:Drivers/STM32G4xx_HAL_Driver/Src/stm32g4xx_hal_spi.c ****   *         This procedure performs following operations :
2516:Drivers/STM32G4xx_HAL_Driver/Src/stm32g4xx_hal_spi.c ****   *           - Disable SPI Interrupts (depending of transfer direction)
2517:Drivers/STM32G4xx_HAL_Driver/Src/stm32g4xx_hal_spi.c ****   *           - Disable the DMA transfer in the peripheral register (if enabled)
2518:Drivers/STM32G4xx_HAL_Driver/Src/stm32g4xx_hal_spi.c ****   *           - Abort DMA transfer by calling HAL_DMA_Abort_IT (in case of transfer in DMA mode)
2519:Drivers/STM32G4xx_HAL_Driver/Src/stm32g4xx_hal_spi.c ****   *           - Set handle State to READY
2520:Drivers/STM32G4xx_HAL_Driver/Src/stm32g4xx_hal_spi.c ****   *           - At abort completion, call user abort complete callback
2521:Drivers/STM32G4xx_HAL_Driver/Src/stm32g4xx_hal_spi.c ****   * @note   This procedure is executed in Interrupt mode, meaning that abort procedure could be
2522:Drivers/STM32G4xx_HAL_Driver/Src/stm32g4xx_hal_spi.c ****   *         considered as completed only when user abort complete callback is executed (not when ex
2523:Drivers/STM32G4xx_HAL_Driver/Src/stm32g4xx_hal_spi.c ****   * @retval HAL status
2524:Drivers/STM32G4xx_HAL_Driver/Src/stm32g4xx_hal_spi.c ****   */
2525:Drivers/STM32G4xx_HAL_Driver/Src/stm32g4xx_hal_spi.c **** HAL_StatusTypeDef HAL_SPI_Abort_IT(SPI_HandleTypeDef *hspi)
2526:Drivers/STM32G4xx_HAL_Driver/Src/stm32g4xx_hal_spi.c **** {
2527:Drivers/STM32G4xx_HAL_Driver/Src/stm32g4xx_hal_spi.c ****   HAL_StatusTypeDef errorcode;
2528:Drivers/STM32G4xx_HAL_Driver/Src/stm32g4xx_hal_spi.c ****   uint32_t abortcplt ;
2529:Drivers/STM32G4xx_HAL_Driver/Src/stm32g4xx_hal_spi.c ****   __IO uint32_t count;
2530:Drivers/STM32G4xx_HAL_Driver/Src/stm32g4xx_hal_spi.c ****   __IO uint32_t resetcount;
2531:Drivers/STM32G4xx_HAL_Driver/Src/stm32g4xx_hal_spi.c **** 
2532:Drivers/STM32G4xx_HAL_Driver/Src/stm32g4xx_hal_spi.c ****   /* Initialized local variable  */
2533:Drivers/STM32G4xx_HAL_Driver/Src/stm32g4xx_hal_spi.c ****   errorcode = HAL_OK;
2534:Drivers/STM32G4xx_HAL_Driver/Src/stm32g4xx_hal_spi.c ****   abortcplt = 1U;
2535:Drivers/STM32G4xx_HAL_Driver/Src/stm32g4xx_hal_spi.c ****   resetcount = SPI_DEFAULT_TIMEOUT * (SystemCoreClock / 24U / 1000U);
2536:Drivers/STM32G4xx_HAL_Driver/Src/stm32g4xx_hal_spi.c ****   count = resetcount;
2537:Drivers/STM32G4xx_HAL_Driver/Src/stm32g4xx_hal_spi.c **** 
2538:Drivers/STM32G4xx_HAL_Driver/Src/stm32g4xx_hal_spi.c ****   /* Clear ERRIE interrupt to avoid error interrupts generation during Abort procedure */
ARM GAS  C:\Users\Booster\AppData\Local\Temp\ccQdKe81.s 			page 46


2539:Drivers/STM32G4xx_HAL_Driver/Src/stm32g4xx_hal_spi.c ****   CLEAR_BIT(hspi->Instance->CR2, SPI_CR2_ERRIE);
2540:Drivers/STM32G4xx_HAL_Driver/Src/stm32g4xx_hal_spi.c **** 
2541:Drivers/STM32G4xx_HAL_Driver/Src/stm32g4xx_hal_spi.c ****   /* Change Rx and Tx Irq Handler to Disable TXEIE, RXNEIE and ERRIE interrupts */
2542:Drivers/STM32G4xx_HAL_Driver/Src/stm32g4xx_hal_spi.c ****   if (HAL_IS_BIT_SET(hspi->Instance->CR2, SPI_CR2_TXEIE))
2543:Drivers/STM32G4xx_HAL_Driver/Src/stm32g4xx_hal_spi.c ****   {
2544:Drivers/STM32G4xx_HAL_Driver/Src/stm32g4xx_hal_spi.c ****     hspi->TxISR = SPI_AbortTx_ISR;
2545:Drivers/STM32G4xx_HAL_Driver/Src/stm32g4xx_hal_spi.c ****     /* Wait HAL_SPI_STATE_ABORT state */
2546:Drivers/STM32G4xx_HAL_Driver/Src/stm32g4xx_hal_spi.c ****     do
2547:Drivers/STM32G4xx_HAL_Driver/Src/stm32g4xx_hal_spi.c ****     {
2548:Drivers/STM32G4xx_HAL_Driver/Src/stm32g4xx_hal_spi.c ****       if (count == 0U)
2549:Drivers/STM32G4xx_HAL_Driver/Src/stm32g4xx_hal_spi.c ****       {
2550:Drivers/STM32G4xx_HAL_Driver/Src/stm32g4xx_hal_spi.c ****         SET_BIT(hspi->ErrorCode, HAL_SPI_ERROR_ABORT);
2551:Drivers/STM32G4xx_HAL_Driver/Src/stm32g4xx_hal_spi.c ****         break;
2552:Drivers/STM32G4xx_HAL_Driver/Src/stm32g4xx_hal_spi.c ****       }
2553:Drivers/STM32G4xx_HAL_Driver/Src/stm32g4xx_hal_spi.c ****       count--;
2554:Drivers/STM32G4xx_HAL_Driver/Src/stm32g4xx_hal_spi.c ****     } while (hspi->State != HAL_SPI_STATE_ABORT);
2555:Drivers/STM32G4xx_HAL_Driver/Src/stm32g4xx_hal_spi.c ****     /* Reset Timeout Counter */
2556:Drivers/STM32G4xx_HAL_Driver/Src/stm32g4xx_hal_spi.c ****     count = resetcount;
2557:Drivers/STM32G4xx_HAL_Driver/Src/stm32g4xx_hal_spi.c ****   }
2558:Drivers/STM32G4xx_HAL_Driver/Src/stm32g4xx_hal_spi.c **** 
2559:Drivers/STM32G4xx_HAL_Driver/Src/stm32g4xx_hal_spi.c ****   if (HAL_IS_BIT_SET(hspi->Instance->CR2, SPI_CR2_RXNEIE))
2560:Drivers/STM32G4xx_HAL_Driver/Src/stm32g4xx_hal_spi.c ****   {
2561:Drivers/STM32G4xx_HAL_Driver/Src/stm32g4xx_hal_spi.c ****     hspi->RxISR = SPI_AbortRx_ISR;
2562:Drivers/STM32G4xx_HAL_Driver/Src/stm32g4xx_hal_spi.c ****     /* Wait HAL_SPI_STATE_ABORT state */
2563:Drivers/STM32G4xx_HAL_Driver/Src/stm32g4xx_hal_spi.c ****     do
2564:Drivers/STM32G4xx_HAL_Driver/Src/stm32g4xx_hal_spi.c ****     {
2565:Drivers/STM32G4xx_HAL_Driver/Src/stm32g4xx_hal_spi.c ****       if (count == 0U)
2566:Drivers/STM32G4xx_HAL_Driver/Src/stm32g4xx_hal_spi.c ****       {
2567:Drivers/STM32G4xx_HAL_Driver/Src/stm32g4xx_hal_spi.c ****         SET_BIT(hspi->ErrorCode, HAL_SPI_ERROR_ABORT);
2568:Drivers/STM32G4xx_HAL_Driver/Src/stm32g4xx_hal_spi.c ****         break;
2569:Drivers/STM32G4xx_HAL_Driver/Src/stm32g4xx_hal_spi.c ****       }
2570:Drivers/STM32G4xx_HAL_Driver/Src/stm32g4xx_hal_spi.c ****       count--;
2571:Drivers/STM32G4xx_HAL_Driver/Src/stm32g4xx_hal_spi.c ****     } while (hspi->State != HAL_SPI_STATE_ABORT);
2572:Drivers/STM32G4xx_HAL_Driver/Src/stm32g4xx_hal_spi.c ****     /* Reset Timeout Counter */
2573:Drivers/STM32G4xx_HAL_Driver/Src/stm32g4xx_hal_spi.c ****     count = resetcount;
2574:Drivers/STM32G4xx_HAL_Driver/Src/stm32g4xx_hal_spi.c ****   }
2575:Drivers/STM32G4xx_HAL_Driver/Src/stm32g4xx_hal_spi.c **** 
2576:Drivers/STM32G4xx_HAL_Driver/Src/stm32g4xx_hal_spi.c ****   /* If DMA Tx and/or DMA Rx Handles are associated to SPI Handle, DMA Abort complete callbacks sho
2577:Drivers/STM32G4xx_HAL_Driver/Src/stm32g4xx_hal_spi.c ****      before any call to DMA Abort functions */
2578:Drivers/STM32G4xx_HAL_Driver/Src/stm32g4xx_hal_spi.c ****   /* DMA Tx Handle is valid */
2579:Drivers/STM32G4xx_HAL_Driver/Src/stm32g4xx_hal_spi.c ****   if (hspi->hdmatx != NULL)
2580:Drivers/STM32G4xx_HAL_Driver/Src/stm32g4xx_hal_spi.c ****   {
2581:Drivers/STM32G4xx_HAL_Driver/Src/stm32g4xx_hal_spi.c ****     /* Set DMA Abort Complete callback if UART DMA Tx request if enabled.
2582:Drivers/STM32G4xx_HAL_Driver/Src/stm32g4xx_hal_spi.c ****        Otherwise, set it to NULL */
2583:Drivers/STM32G4xx_HAL_Driver/Src/stm32g4xx_hal_spi.c ****     if (HAL_IS_BIT_SET(hspi->Instance->CR2, SPI_CR2_TXDMAEN))
2584:Drivers/STM32G4xx_HAL_Driver/Src/stm32g4xx_hal_spi.c ****     {
2585:Drivers/STM32G4xx_HAL_Driver/Src/stm32g4xx_hal_spi.c ****       hspi->hdmatx->XferAbortCallback = SPI_DMATxAbortCallback;
2586:Drivers/STM32G4xx_HAL_Driver/Src/stm32g4xx_hal_spi.c ****     }
2587:Drivers/STM32G4xx_HAL_Driver/Src/stm32g4xx_hal_spi.c ****     else
2588:Drivers/STM32G4xx_HAL_Driver/Src/stm32g4xx_hal_spi.c ****     {
2589:Drivers/STM32G4xx_HAL_Driver/Src/stm32g4xx_hal_spi.c ****       hspi->hdmatx->XferAbortCallback = NULL;
2590:Drivers/STM32G4xx_HAL_Driver/Src/stm32g4xx_hal_spi.c ****     }
2591:Drivers/STM32G4xx_HAL_Driver/Src/stm32g4xx_hal_spi.c ****   }
2592:Drivers/STM32G4xx_HAL_Driver/Src/stm32g4xx_hal_spi.c ****   /* DMA Rx Handle is valid */
2593:Drivers/STM32G4xx_HAL_Driver/Src/stm32g4xx_hal_spi.c ****   if (hspi->hdmarx != NULL)
2594:Drivers/STM32G4xx_HAL_Driver/Src/stm32g4xx_hal_spi.c ****   {
2595:Drivers/STM32G4xx_HAL_Driver/Src/stm32g4xx_hal_spi.c ****     /* Set DMA Abort Complete callback if UART DMA Rx request if enabled.
ARM GAS  C:\Users\Booster\AppData\Local\Temp\ccQdKe81.s 			page 47


2596:Drivers/STM32G4xx_HAL_Driver/Src/stm32g4xx_hal_spi.c ****        Otherwise, set it to NULL */
2597:Drivers/STM32G4xx_HAL_Driver/Src/stm32g4xx_hal_spi.c ****     if (HAL_IS_BIT_SET(hspi->Instance->CR2, SPI_CR2_RXDMAEN))
2598:Drivers/STM32G4xx_HAL_Driver/Src/stm32g4xx_hal_spi.c ****     {
2599:Drivers/STM32G4xx_HAL_Driver/Src/stm32g4xx_hal_spi.c ****       hspi->hdmarx->XferAbortCallback = SPI_DMARxAbortCallback;
2600:Drivers/STM32G4xx_HAL_Driver/Src/stm32g4xx_hal_spi.c ****     }
2601:Drivers/STM32G4xx_HAL_Driver/Src/stm32g4xx_hal_spi.c ****     else
2602:Drivers/STM32G4xx_HAL_Driver/Src/stm32g4xx_hal_spi.c ****     {
2603:Drivers/STM32G4xx_HAL_Driver/Src/stm32g4xx_hal_spi.c ****       hspi->hdmarx->XferAbortCallback = NULL;
2604:Drivers/STM32G4xx_HAL_Driver/Src/stm32g4xx_hal_spi.c ****     }
2605:Drivers/STM32G4xx_HAL_Driver/Src/stm32g4xx_hal_spi.c ****   }
2606:Drivers/STM32G4xx_HAL_Driver/Src/stm32g4xx_hal_spi.c **** 
2607:Drivers/STM32G4xx_HAL_Driver/Src/stm32g4xx_hal_spi.c ****   /* Disable the SPI DMA Tx request if enabled */
2608:Drivers/STM32G4xx_HAL_Driver/Src/stm32g4xx_hal_spi.c ****   if (HAL_IS_BIT_SET(hspi->Instance->CR2, SPI_CR2_TXDMAEN))
2609:Drivers/STM32G4xx_HAL_Driver/Src/stm32g4xx_hal_spi.c ****   {
2610:Drivers/STM32G4xx_HAL_Driver/Src/stm32g4xx_hal_spi.c ****     /* Abort the SPI DMA Tx Stream/Channel */
2611:Drivers/STM32G4xx_HAL_Driver/Src/stm32g4xx_hal_spi.c ****     if (hspi->hdmatx != NULL)
2612:Drivers/STM32G4xx_HAL_Driver/Src/stm32g4xx_hal_spi.c ****     {
2613:Drivers/STM32G4xx_HAL_Driver/Src/stm32g4xx_hal_spi.c ****       /* Abort DMA Tx Handle linked to SPI Peripheral */
2614:Drivers/STM32G4xx_HAL_Driver/Src/stm32g4xx_hal_spi.c ****       if (HAL_DMA_Abort_IT(hspi->hdmatx) != HAL_OK)
2615:Drivers/STM32G4xx_HAL_Driver/Src/stm32g4xx_hal_spi.c ****       {
2616:Drivers/STM32G4xx_HAL_Driver/Src/stm32g4xx_hal_spi.c ****         hspi->hdmatx->XferAbortCallback = NULL;
2617:Drivers/STM32G4xx_HAL_Driver/Src/stm32g4xx_hal_spi.c ****         hspi->ErrorCode = HAL_SPI_ERROR_ABORT;
2618:Drivers/STM32G4xx_HAL_Driver/Src/stm32g4xx_hal_spi.c ****       }
2619:Drivers/STM32G4xx_HAL_Driver/Src/stm32g4xx_hal_spi.c ****       else
2620:Drivers/STM32G4xx_HAL_Driver/Src/stm32g4xx_hal_spi.c ****       {
2621:Drivers/STM32G4xx_HAL_Driver/Src/stm32g4xx_hal_spi.c ****         abortcplt = 0U;
2622:Drivers/STM32G4xx_HAL_Driver/Src/stm32g4xx_hal_spi.c ****       }
2623:Drivers/STM32G4xx_HAL_Driver/Src/stm32g4xx_hal_spi.c ****     }
2624:Drivers/STM32G4xx_HAL_Driver/Src/stm32g4xx_hal_spi.c ****   }
2625:Drivers/STM32G4xx_HAL_Driver/Src/stm32g4xx_hal_spi.c ****   /* Disable the SPI DMA Rx request if enabled */
2626:Drivers/STM32G4xx_HAL_Driver/Src/stm32g4xx_hal_spi.c ****   if (HAL_IS_BIT_SET(hspi->Instance->CR2, SPI_CR2_RXDMAEN))
2627:Drivers/STM32G4xx_HAL_Driver/Src/stm32g4xx_hal_spi.c ****   {
2628:Drivers/STM32G4xx_HAL_Driver/Src/stm32g4xx_hal_spi.c ****     /* Abort the SPI DMA Rx Stream/Channel */
2629:Drivers/STM32G4xx_HAL_Driver/Src/stm32g4xx_hal_spi.c ****     if (hspi->hdmarx != NULL)
2630:Drivers/STM32G4xx_HAL_Driver/Src/stm32g4xx_hal_spi.c ****     {
2631:Drivers/STM32G4xx_HAL_Driver/Src/stm32g4xx_hal_spi.c ****       /* Abort DMA Rx Handle linked to SPI Peripheral */
2632:Drivers/STM32G4xx_HAL_Driver/Src/stm32g4xx_hal_spi.c ****       if (HAL_DMA_Abort_IT(hspi->hdmarx) !=  HAL_OK)
2633:Drivers/STM32G4xx_HAL_Driver/Src/stm32g4xx_hal_spi.c ****       {
2634:Drivers/STM32G4xx_HAL_Driver/Src/stm32g4xx_hal_spi.c ****         hspi->hdmarx->XferAbortCallback = NULL;
2635:Drivers/STM32G4xx_HAL_Driver/Src/stm32g4xx_hal_spi.c ****         hspi->ErrorCode = HAL_SPI_ERROR_ABORT;
2636:Drivers/STM32G4xx_HAL_Driver/Src/stm32g4xx_hal_spi.c ****       }
2637:Drivers/STM32G4xx_HAL_Driver/Src/stm32g4xx_hal_spi.c ****       else
2638:Drivers/STM32G4xx_HAL_Driver/Src/stm32g4xx_hal_spi.c ****       {
2639:Drivers/STM32G4xx_HAL_Driver/Src/stm32g4xx_hal_spi.c ****         abortcplt = 0U;
2640:Drivers/STM32G4xx_HAL_Driver/Src/stm32g4xx_hal_spi.c ****       }
2641:Drivers/STM32G4xx_HAL_Driver/Src/stm32g4xx_hal_spi.c ****     }
2642:Drivers/STM32G4xx_HAL_Driver/Src/stm32g4xx_hal_spi.c ****   }
2643:Drivers/STM32G4xx_HAL_Driver/Src/stm32g4xx_hal_spi.c **** 
2644:Drivers/STM32G4xx_HAL_Driver/Src/stm32g4xx_hal_spi.c ****   if (abortcplt == 1U)
2645:Drivers/STM32G4xx_HAL_Driver/Src/stm32g4xx_hal_spi.c ****   {
2646:Drivers/STM32G4xx_HAL_Driver/Src/stm32g4xx_hal_spi.c ****     /* Reset Tx and Rx transfer counters */
2647:Drivers/STM32G4xx_HAL_Driver/Src/stm32g4xx_hal_spi.c ****     hspi->RxXferCount = 0U;
2648:Drivers/STM32G4xx_HAL_Driver/Src/stm32g4xx_hal_spi.c ****     hspi->TxXferCount = 0U;
2649:Drivers/STM32G4xx_HAL_Driver/Src/stm32g4xx_hal_spi.c **** 
2650:Drivers/STM32G4xx_HAL_Driver/Src/stm32g4xx_hal_spi.c ****     /* Check error during Abort procedure */
2651:Drivers/STM32G4xx_HAL_Driver/Src/stm32g4xx_hal_spi.c ****     if (hspi->ErrorCode == HAL_SPI_ERROR_ABORT)
2652:Drivers/STM32G4xx_HAL_Driver/Src/stm32g4xx_hal_spi.c ****     {
ARM GAS  C:\Users\Booster\AppData\Local\Temp\ccQdKe81.s 			page 48


2653:Drivers/STM32G4xx_HAL_Driver/Src/stm32g4xx_hal_spi.c ****       /* return HAL_Error in case of error during Abort procedure */
2654:Drivers/STM32G4xx_HAL_Driver/Src/stm32g4xx_hal_spi.c ****       errorcode = HAL_ERROR;
2655:Drivers/STM32G4xx_HAL_Driver/Src/stm32g4xx_hal_spi.c ****     }
2656:Drivers/STM32G4xx_HAL_Driver/Src/stm32g4xx_hal_spi.c ****     else
2657:Drivers/STM32G4xx_HAL_Driver/Src/stm32g4xx_hal_spi.c ****     {
2658:Drivers/STM32G4xx_HAL_Driver/Src/stm32g4xx_hal_spi.c ****       /* Reset errorCode */
2659:Drivers/STM32G4xx_HAL_Driver/Src/stm32g4xx_hal_spi.c ****       hspi->ErrorCode = HAL_SPI_ERROR_NONE;
2660:Drivers/STM32G4xx_HAL_Driver/Src/stm32g4xx_hal_spi.c ****     }
2661:Drivers/STM32G4xx_HAL_Driver/Src/stm32g4xx_hal_spi.c **** 
2662:Drivers/STM32G4xx_HAL_Driver/Src/stm32g4xx_hal_spi.c ****     /* Clear the Error flags in the SR register */
2663:Drivers/STM32G4xx_HAL_Driver/Src/stm32g4xx_hal_spi.c ****     __HAL_SPI_CLEAR_OVRFLAG(hspi);
2664:Drivers/STM32G4xx_HAL_Driver/Src/stm32g4xx_hal_spi.c ****     __HAL_SPI_CLEAR_FREFLAG(hspi);
2665:Drivers/STM32G4xx_HAL_Driver/Src/stm32g4xx_hal_spi.c **** 
2666:Drivers/STM32G4xx_HAL_Driver/Src/stm32g4xx_hal_spi.c ****     /* Restore hspi->State to Ready */
2667:Drivers/STM32G4xx_HAL_Driver/Src/stm32g4xx_hal_spi.c ****     hspi->State = HAL_SPI_STATE_READY;
2668:Drivers/STM32G4xx_HAL_Driver/Src/stm32g4xx_hal_spi.c **** 
2669:Drivers/STM32G4xx_HAL_Driver/Src/stm32g4xx_hal_spi.c ****     /* As no DMA to be aborted, call directly user Abort complete callback */
2670:Drivers/STM32G4xx_HAL_Driver/Src/stm32g4xx_hal_spi.c **** #if (USE_HAL_SPI_REGISTER_CALLBACKS == 1U)
2671:Drivers/STM32G4xx_HAL_Driver/Src/stm32g4xx_hal_spi.c ****     hspi->AbortCpltCallback(hspi);
2672:Drivers/STM32G4xx_HAL_Driver/Src/stm32g4xx_hal_spi.c **** #else
2673:Drivers/STM32G4xx_HAL_Driver/Src/stm32g4xx_hal_spi.c ****     HAL_SPI_AbortCpltCallback(hspi);
2674:Drivers/STM32G4xx_HAL_Driver/Src/stm32g4xx_hal_spi.c **** #endif /* USE_HAL_SPI_REGISTER_CALLBACKS */
2675:Drivers/STM32G4xx_HAL_Driver/Src/stm32g4xx_hal_spi.c ****   }
2676:Drivers/STM32G4xx_HAL_Driver/Src/stm32g4xx_hal_spi.c **** 
2677:Drivers/STM32G4xx_HAL_Driver/Src/stm32g4xx_hal_spi.c ****   return errorcode;
2678:Drivers/STM32G4xx_HAL_Driver/Src/stm32g4xx_hal_spi.c **** }
2679:Drivers/STM32G4xx_HAL_Driver/Src/stm32g4xx_hal_spi.c **** 
2680:Drivers/STM32G4xx_HAL_Driver/Src/stm32g4xx_hal_spi.c **** /**
2681:Drivers/STM32G4xx_HAL_Driver/Src/stm32g4xx_hal_spi.c ****   * @brief  Pause the DMA Transfer.
2682:Drivers/STM32G4xx_HAL_Driver/Src/stm32g4xx_hal_spi.c ****   * @param  hspi pointer to a SPI_HandleTypeDef structure that contains
2683:Drivers/STM32G4xx_HAL_Driver/Src/stm32g4xx_hal_spi.c ****   *               the configuration information for the specified SPI module.
2684:Drivers/STM32G4xx_HAL_Driver/Src/stm32g4xx_hal_spi.c ****   * @retval HAL status
2685:Drivers/STM32G4xx_HAL_Driver/Src/stm32g4xx_hal_spi.c ****   */
2686:Drivers/STM32G4xx_HAL_Driver/Src/stm32g4xx_hal_spi.c **** HAL_StatusTypeDef HAL_SPI_DMAPause(SPI_HandleTypeDef *hspi)
2687:Drivers/STM32G4xx_HAL_Driver/Src/stm32g4xx_hal_spi.c **** {
2688:Drivers/STM32G4xx_HAL_Driver/Src/stm32g4xx_hal_spi.c ****   /* Process Locked */
2689:Drivers/STM32G4xx_HAL_Driver/Src/stm32g4xx_hal_spi.c ****   __HAL_LOCK(hspi);
2690:Drivers/STM32G4xx_HAL_Driver/Src/stm32g4xx_hal_spi.c **** 
2691:Drivers/STM32G4xx_HAL_Driver/Src/stm32g4xx_hal_spi.c ****   /* Disable the SPI DMA Tx & Rx requests */
2692:Drivers/STM32G4xx_HAL_Driver/Src/stm32g4xx_hal_spi.c ****   CLEAR_BIT(hspi->Instance->CR2, SPI_CR2_TXDMAEN | SPI_CR2_RXDMAEN);
2693:Drivers/STM32G4xx_HAL_Driver/Src/stm32g4xx_hal_spi.c **** 
2694:Drivers/STM32G4xx_HAL_Driver/Src/stm32g4xx_hal_spi.c ****   /* Process Unlocked */
2695:Drivers/STM32G4xx_HAL_Driver/Src/stm32g4xx_hal_spi.c ****   __HAL_UNLOCK(hspi);
2696:Drivers/STM32G4xx_HAL_Driver/Src/stm32g4xx_hal_spi.c **** 
2697:Drivers/STM32G4xx_HAL_Driver/Src/stm32g4xx_hal_spi.c ****   return HAL_OK;
2698:Drivers/STM32G4xx_HAL_Driver/Src/stm32g4xx_hal_spi.c **** }
2699:Drivers/STM32G4xx_HAL_Driver/Src/stm32g4xx_hal_spi.c **** 
2700:Drivers/STM32G4xx_HAL_Driver/Src/stm32g4xx_hal_spi.c **** /**
2701:Drivers/STM32G4xx_HAL_Driver/Src/stm32g4xx_hal_spi.c ****   * @brief  Resume the DMA Transfer.
2702:Drivers/STM32G4xx_HAL_Driver/Src/stm32g4xx_hal_spi.c ****   * @param  hspi pointer to a SPI_HandleTypeDef structure that contains
2703:Drivers/STM32G4xx_HAL_Driver/Src/stm32g4xx_hal_spi.c ****   *               the configuration information for the specified SPI module.
2704:Drivers/STM32G4xx_HAL_Driver/Src/stm32g4xx_hal_spi.c ****   * @retval HAL status
2705:Drivers/STM32G4xx_HAL_Driver/Src/stm32g4xx_hal_spi.c ****   */
2706:Drivers/STM32G4xx_HAL_Driver/Src/stm32g4xx_hal_spi.c **** HAL_StatusTypeDef HAL_SPI_DMAResume(SPI_HandleTypeDef *hspi)
2707:Drivers/STM32G4xx_HAL_Driver/Src/stm32g4xx_hal_spi.c **** {
2708:Drivers/STM32G4xx_HAL_Driver/Src/stm32g4xx_hal_spi.c ****   /* Process Locked */
2709:Drivers/STM32G4xx_HAL_Driver/Src/stm32g4xx_hal_spi.c ****   __HAL_LOCK(hspi);
ARM GAS  C:\Users\Booster\AppData\Local\Temp\ccQdKe81.s 			page 49


2710:Drivers/STM32G4xx_HAL_Driver/Src/stm32g4xx_hal_spi.c **** 
2711:Drivers/STM32G4xx_HAL_Driver/Src/stm32g4xx_hal_spi.c ****   /* Enable the SPI DMA Tx & Rx requests */
2712:Drivers/STM32G4xx_HAL_Driver/Src/stm32g4xx_hal_spi.c ****   SET_BIT(hspi->Instance->CR2, SPI_CR2_TXDMAEN | SPI_CR2_RXDMAEN);
2713:Drivers/STM32G4xx_HAL_Driver/Src/stm32g4xx_hal_spi.c **** 
2714:Drivers/STM32G4xx_HAL_Driver/Src/stm32g4xx_hal_spi.c ****   /* Process Unlocked */
2715:Drivers/STM32G4xx_HAL_Driver/Src/stm32g4xx_hal_spi.c ****   __HAL_UNLOCK(hspi);
2716:Drivers/STM32G4xx_HAL_Driver/Src/stm32g4xx_hal_spi.c **** 
2717:Drivers/STM32G4xx_HAL_Driver/Src/stm32g4xx_hal_spi.c ****   return HAL_OK;
2718:Drivers/STM32G4xx_HAL_Driver/Src/stm32g4xx_hal_spi.c **** }
2719:Drivers/STM32G4xx_HAL_Driver/Src/stm32g4xx_hal_spi.c **** 
2720:Drivers/STM32G4xx_HAL_Driver/Src/stm32g4xx_hal_spi.c **** /**
2721:Drivers/STM32G4xx_HAL_Driver/Src/stm32g4xx_hal_spi.c ****   * @brief  Stop the DMA Transfer.
2722:Drivers/STM32G4xx_HAL_Driver/Src/stm32g4xx_hal_spi.c ****   * @param  hspi pointer to a SPI_HandleTypeDef structure that contains
2723:Drivers/STM32G4xx_HAL_Driver/Src/stm32g4xx_hal_spi.c ****   *               the configuration information for the specified SPI module.
2724:Drivers/STM32G4xx_HAL_Driver/Src/stm32g4xx_hal_spi.c ****   * @retval HAL status
2725:Drivers/STM32G4xx_HAL_Driver/Src/stm32g4xx_hal_spi.c ****   */
2726:Drivers/STM32G4xx_HAL_Driver/Src/stm32g4xx_hal_spi.c **** HAL_StatusTypeDef HAL_SPI_DMAStop(SPI_HandleTypeDef *hspi)
2727:Drivers/STM32G4xx_HAL_Driver/Src/stm32g4xx_hal_spi.c **** {
2728:Drivers/STM32G4xx_HAL_Driver/Src/stm32g4xx_hal_spi.c ****   HAL_StatusTypeDef errorcode = HAL_OK;
2729:Drivers/STM32G4xx_HAL_Driver/Src/stm32g4xx_hal_spi.c ****   /* The Lock is not implemented on this API to allow the user application
2730:Drivers/STM32G4xx_HAL_Driver/Src/stm32g4xx_hal_spi.c ****      to call the HAL SPI API under callbacks HAL_SPI_TxCpltCallback() or HAL_SPI_RxCpltCallback() o
2731:Drivers/STM32G4xx_HAL_Driver/Src/stm32g4xx_hal_spi.c ****      when calling HAL_DMA_Abort() API the DMA TX/RX Transfer complete interrupt is generated
2732:Drivers/STM32G4xx_HAL_Driver/Src/stm32g4xx_hal_spi.c ****      and the correspond call back is executed HAL_SPI_TxCpltCallback() or HAL_SPI_RxCpltCallback() 
2733:Drivers/STM32G4xx_HAL_Driver/Src/stm32g4xx_hal_spi.c ****      */
2734:Drivers/STM32G4xx_HAL_Driver/Src/stm32g4xx_hal_spi.c **** 
2735:Drivers/STM32G4xx_HAL_Driver/Src/stm32g4xx_hal_spi.c ****   /* Abort the SPI DMA tx Stream/Channel  */
2736:Drivers/STM32G4xx_HAL_Driver/Src/stm32g4xx_hal_spi.c ****   if (hspi->hdmatx != NULL)
2737:Drivers/STM32G4xx_HAL_Driver/Src/stm32g4xx_hal_spi.c ****   {
2738:Drivers/STM32G4xx_HAL_Driver/Src/stm32g4xx_hal_spi.c ****     if (HAL_OK != HAL_DMA_Abort(hspi->hdmatx))
2739:Drivers/STM32G4xx_HAL_Driver/Src/stm32g4xx_hal_spi.c ****     {
2740:Drivers/STM32G4xx_HAL_Driver/Src/stm32g4xx_hal_spi.c ****       SET_BIT(hspi->ErrorCode, HAL_SPI_ERROR_DMA);
2741:Drivers/STM32G4xx_HAL_Driver/Src/stm32g4xx_hal_spi.c ****       errorcode = HAL_ERROR;
2742:Drivers/STM32G4xx_HAL_Driver/Src/stm32g4xx_hal_spi.c ****     }
2743:Drivers/STM32G4xx_HAL_Driver/Src/stm32g4xx_hal_spi.c ****   }
2744:Drivers/STM32G4xx_HAL_Driver/Src/stm32g4xx_hal_spi.c ****   /* Abort the SPI DMA rx Stream/Channel  */
2745:Drivers/STM32G4xx_HAL_Driver/Src/stm32g4xx_hal_spi.c ****   if (hspi->hdmarx != NULL)
2746:Drivers/STM32G4xx_HAL_Driver/Src/stm32g4xx_hal_spi.c ****   {
2747:Drivers/STM32G4xx_HAL_Driver/Src/stm32g4xx_hal_spi.c ****     if (HAL_OK != HAL_DMA_Abort(hspi->hdmarx))
2748:Drivers/STM32G4xx_HAL_Driver/Src/stm32g4xx_hal_spi.c ****     {
2749:Drivers/STM32G4xx_HAL_Driver/Src/stm32g4xx_hal_spi.c ****       SET_BIT(hspi->ErrorCode, HAL_SPI_ERROR_DMA);
2750:Drivers/STM32G4xx_HAL_Driver/Src/stm32g4xx_hal_spi.c ****       errorcode = HAL_ERROR;
2751:Drivers/STM32G4xx_HAL_Driver/Src/stm32g4xx_hal_spi.c ****     }
2752:Drivers/STM32G4xx_HAL_Driver/Src/stm32g4xx_hal_spi.c ****   }
2753:Drivers/STM32G4xx_HAL_Driver/Src/stm32g4xx_hal_spi.c **** 
2754:Drivers/STM32G4xx_HAL_Driver/Src/stm32g4xx_hal_spi.c ****   /* Disable the SPI DMA Tx & Rx requests */
2755:Drivers/STM32G4xx_HAL_Driver/Src/stm32g4xx_hal_spi.c ****   CLEAR_BIT(hspi->Instance->CR2, SPI_CR2_TXDMAEN | SPI_CR2_RXDMAEN);
2756:Drivers/STM32G4xx_HAL_Driver/Src/stm32g4xx_hal_spi.c ****   hspi->State = HAL_SPI_STATE_READY;
2757:Drivers/STM32G4xx_HAL_Driver/Src/stm32g4xx_hal_spi.c ****   return errorcode;
2758:Drivers/STM32G4xx_HAL_Driver/Src/stm32g4xx_hal_spi.c **** }
2759:Drivers/STM32G4xx_HAL_Driver/Src/stm32g4xx_hal_spi.c **** 
2760:Drivers/STM32G4xx_HAL_Driver/Src/stm32g4xx_hal_spi.c **** /**
2761:Drivers/STM32G4xx_HAL_Driver/Src/stm32g4xx_hal_spi.c ****   * @brief  Handle SPI interrupt request.
2762:Drivers/STM32G4xx_HAL_Driver/Src/stm32g4xx_hal_spi.c ****   * @param  hspi pointer to a SPI_HandleTypeDef structure that contains
2763:Drivers/STM32G4xx_HAL_Driver/Src/stm32g4xx_hal_spi.c ****   *               the configuration information for the specified SPI module.
2764:Drivers/STM32G4xx_HAL_Driver/Src/stm32g4xx_hal_spi.c ****   * @retval None
2765:Drivers/STM32G4xx_HAL_Driver/Src/stm32g4xx_hal_spi.c ****   */
2766:Drivers/STM32G4xx_HAL_Driver/Src/stm32g4xx_hal_spi.c **** void HAL_SPI_IRQHandler(SPI_HandleTypeDef *hspi)
ARM GAS  C:\Users\Booster\AppData\Local\Temp\ccQdKe81.s 			page 50


2767:Drivers/STM32G4xx_HAL_Driver/Src/stm32g4xx_hal_spi.c **** {
2768:Drivers/STM32G4xx_HAL_Driver/Src/stm32g4xx_hal_spi.c ****   uint32_t itsource = hspi->Instance->CR2;
2769:Drivers/STM32G4xx_HAL_Driver/Src/stm32g4xx_hal_spi.c ****   uint32_t itflag   = hspi->Instance->SR;
2770:Drivers/STM32G4xx_HAL_Driver/Src/stm32g4xx_hal_spi.c **** 
2771:Drivers/STM32G4xx_HAL_Driver/Src/stm32g4xx_hal_spi.c ****   /* SPI in mode Receiver ----------------------------------------------------*/
2772:Drivers/STM32G4xx_HAL_Driver/Src/stm32g4xx_hal_spi.c ****   if ((SPI_CHECK_FLAG(itflag, SPI_FLAG_OVR) == RESET) &&
2773:Drivers/STM32G4xx_HAL_Driver/Src/stm32g4xx_hal_spi.c ****       (SPI_CHECK_FLAG(itflag, SPI_FLAG_RXNE) != RESET) && (SPI_CHECK_IT_SOURCE(itsource, SPI_IT_RXN
2774:Drivers/STM32G4xx_HAL_Driver/Src/stm32g4xx_hal_spi.c ****   {
2775:Drivers/STM32G4xx_HAL_Driver/Src/stm32g4xx_hal_spi.c ****     hspi->RxISR(hspi);
2776:Drivers/STM32G4xx_HAL_Driver/Src/stm32g4xx_hal_spi.c ****     return;
2777:Drivers/STM32G4xx_HAL_Driver/Src/stm32g4xx_hal_spi.c ****   }
2778:Drivers/STM32G4xx_HAL_Driver/Src/stm32g4xx_hal_spi.c **** 
2779:Drivers/STM32G4xx_HAL_Driver/Src/stm32g4xx_hal_spi.c ****   /* SPI in mode Transmitter -------------------------------------------------*/
2780:Drivers/STM32G4xx_HAL_Driver/Src/stm32g4xx_hal_spi.c ****   if ((SPI_CHECK_FLAG(itflag, SPI_FLAG_TXE) != RESET) && (SPI_CHECK_IT_SOURCE(itsource, SPI_IT_TXE)
2781:Drivers/STM32G4xx_HAL_Driver/Src/stm32g4xx_hal_spi.c ****   {
2782:Drivers/STM32G4xx_HAL_Driver/Src/stm32g4xx_hal_spi.c ****     hspi->TxISR(hspi);
2783:Drivers/STM32G4xx_HAL_Driver/Src/stm32g4xx_hal_spi.c ****     return;
2784:Drivers/STM32G4xx_HAL_Driver/Src/stm32g4xx_hal_spi.c ****   }
2785:Drivers/STM32G4xx_HAL_Driver/Src/stm32g4xx_hal_spi.c **** 
2786:Drivers/STM32G4xx_HAL_Driver/Src/stm32g4xx_hal_spi.c ****   /* SPI in Error Treatment --------------------------------------------------*/
2787:Drivers/STM32G4xx_HAL_Driver/Src/stm32g4xx_hal_spi.c ****   if (((SPI_CHECK_FLAG(itflag, SPI_FLAG_MODF) != RESET) || (SPI_CHECK_FLAG(itflag, SPI_FLAG_OVR) !=
2788:Drivers/STM32G4xx_HAL_Driver/Src/stm32g4xx_hal_spi.c ****        || (SPI_CHECK_FLAG(itflag, SPI_FLAG_FRE) != RESET)) && (SPI_CHECK_IT_SOURCE(itsource, SPI_IT
2789:Drivers/STM32G4xx_HAL_Driver/Src/stm32g4xx_hal_spi.c ****   {
2790:Drivers/STM32G4xx_HAL_Driver/Src/stm32g4xx_hal_spi.c ****     /* SPI Overrun error interrupt occurred ----------------------------------*/
2791:Drivers/STM32G4xx_HAL_Driver/Src/stm32g4xx_hal_spi.c ****     if (SPI_CHECK_FLAG(itflag, SPI_FLAG_OVR) != RESET)
2792:Drivers/STM32G4xx_HAL_Driver/Src/stm32g4xx_hal_spi.c ****     {
2793:Drivers/STM32G4xx_HAL_Driver/Src/stm32g4xx_hal_spi.c ****       if (hspi->State != HAL_SPI_STATE_BUSY_TX)
2794:Drivers/STM32G4xx_HAL_Driver/Src/stm32g4xx_hal_spi.c ****       {
2795:Drivers/STM32G4xx_HAL_Driver/Src/stm32g4xx_hal_spi.c ****         SET_BIT(hspi->ErrorCode, HAL_SPI_ERROR_OVR);
2796:Drivers/STM32G4xx_HAL_Driver/Src/stm32g4xx_hal_spi.c ****         __HAL_SPI_CLEAR_OVRFLAG(hspi);
2797:Drivers/STM32G4xx_HAL_Driver/Src/stm32g4xx_hal_spi.c ****       }
2798:Drivers/STM32G4xx_HAL_Driver/Src/stm32g4xx_hal_spi.c ****       else
2799:Drivers/STM32G4xx_HAL_Driver/Src/stm32g4xx_hal_spi.c ****       {
2800:Drivers/STM32G4xx_HAL_Driver/Src/stm32g4xx_hal_spi.c ****         __HAL_SPI_CLEAR_OVRFLAG(hspi);
2801:Drivers/STM32G4xx_HAL_Driver/Src/stm32g4xx_hal_spi.c ****         return;
2802:Drivers/STM32G4xx_HAL_Driver/Src/stm32g4xx_hal_spi.c ****       }
2803:Drivers/STM32G4xx_HAL_Driver/Src/stm32g4xx_hal_spi.c ****     }
2804:Drivers/STM32G4xx_HAL_Driver/Src/stm32g4xx_hal_spi.c **** 
2805:Drivers/STM32G4xx_HAL_Driver/Src/stm32g4xx_hal_spi.c ****     /* SPI Mode Fault error interrupt occurred -------------------------------*/
2806:Drivers/STM32G4xx_HAL_Driver/Src/stm32g4xx_hal_spi.c ****     if (SPI_CHECK_FLAG(itflag, SPI_FLAG_MODF) != RESET)
2807:Drivers/STM32G4xx_HAL_Driver/Src/stm32g4xx_hal_spi.c ****     {
2808:Drivers/STM32G4xx_HAL_Driver/Src/stm32g4xx_hal_spi.c ****       SET_BIT(hspi->ErrorCode, HAL_SPI_ERROR_MODF);
2809:Drivers/STM32G4xx_HAL_Driver/Src/stm32g4xx_hal_spi.c ****       __HAL_SPI_CLEAR_MODFFLAG(hspi);
2810:Drivers/STM32G4xx_HAL_Driver/Src/stm32g4xx_hal_spi.c ****     }
2811:Drivers/STM32G4xx_HAL_Driver/Src/stm32g4xx_hal_spi.c **** 
2812:Drivers/STM32G4xx_HAL_Driver/Src/stm32g4xx_hal_spi.c ****     /* SPI Frame error interrupt occurred ------------------------------------*/
2813:Drivers/STM32G4xx_HAL_Driver/Src/stm32g4xx_hal_spi.c ****     if (SPI_CHECK_FLAG(itflag, SPI_FLAG_FRE) != RESET)
2814:Drivers/STM32G4xx_HAL_Driver/Src/stm32g4xx_hal_spi.c ****     {
2815:Drivers/STM32G4xx_HAL_Driver/Src/stm32g4xx_hal_spi.c ****       SET_BIT(hspi->ErrorCode, HAL_SPI_ERROR_FRE);
2816:Drivers/STM32G4xx_HAL_Driver/Src/stm32g4xx_hal_spi.c ****       __HAL_SPI_CLEAR_FREFLAG(hspi);
2817:Drivers/STM32G4xx_HAL_Driver/Src/stm32g4xx_hal_spi.c ****     }
2818:Drivers/STM32G4xx_HAL_Driver/Src/stm32g4xx_hal_spi.c **** 
2819:Drivers/STM32G4xx_HAL_Driver/Src/stm32g4xx_hal_spi.c ****     if (hspi->ErrorCode != HAL_SPI_ERROR_NONE)
2820:Drivers/STM32G4xx_HAL_Driver/Src/stm32g4xx_hal_spi.c ****     {
2821:Drivers/STM32G4xx_HAL_Driver/Src/stm32g4xx_hal_spi.c ****       /* Disable all interrupts */
2822:Drivers/STM32G4xx_HAL_Driver/Src/stm32g4xx_hal_spi.c ****       __HAL_SPI_DISABLE_IT(hspi, SPI_IT_RXNE | SPI_IT_TXE | SPI_IT_ERR);
2823:Drivers/STM32G4xx_HAL_Driver/Src/stm32g4xx_hal_spi.c **** 
ARM GAS  C:\Users\Booster\AppData\Local\Temp\ccQdKe81.s 			page 51


2824:Drivers/STM32G4xx_HAL_Driver/Src/stm32g4xx_hal_spi.c ****       hspi->State = HAL_SPI_STATE_READY;
2825:Drivers/STM32G4xx_HAL_Driver/Src/stm32g4xx_hal_spi.c ****       /* Disable the SPI DMA requests if enabled */
2826:Drivers/STM32G4xx_HAL_Driver/Src/stm32g4xx_hal_spi.c ****       if ((HAL_IS_BIT_SET(itsource, SPI_CR2_TXDMAEN)) || (HAL_IS_BIT_SET(itsource, SPI_CR2_RXDMAEN)
2827:Drivers/STM32G4xx_HAL_Driver/Src/stm32g4xx_hal_spi.c ****       {
2828:Drivers/STM32G4xx_HAL_Driver/Src/stm32g4xx_hal_spi.c ****         CLEAR_BIT(hspi->Instance->CR2, (SPI_CR2_TXDMAEN | SPI_CR2_RXDMAEN));
2829:Drivers/STM32G4xx_HAL_Driver/Src/stm32g4xx_hal_spi.c **** 
2830:Drivers/STM32G4xx_HAL_Driver/Src/stm32g4xx_hal_spi.c ****         /* Abort the SPI DMA Rx channel */
2831:Drivers/STM32G4xx_HAL_Driver/Src/stm32g4xx_hal_spi.c ****         if (hspi->hdmarx != NULL)
2832:Drivers/STM32G4xx_HAL_Driver/Src/stm32g4xx_hal_spi.c ****         {
2833:Drivers/STM32G4xx_HAL_Driver/Src/stm32g4xx_hal_spi.c ****           /* Set the SPI DMA Abort callback :
2834:Drivers/STM32G4xx_HAL_Driver/Src/stm32g4xx_hal_spi.c ****           will lead to call HAL_SPI_ErrorCallback() at end of DMA abort procedure */
2835:Drivers/STM32G4xx_HAL_Driver/Src/stm32g4xx_hal_spi.c ****           hspi->hdmarx->XferAbortCallback = SPI_DMAAbortOnError;
2836:Drivers/STM32G4xx_HAL_Driver/Src/stm32g4xx_hal_spi.c ****           if (HAL_OK != HAL_DMA_Abort_IT(hspi->hdmarx))
2837:Drivers/STM32G4xx_HAL_Driver/Src/stm32g4xx_hal_spi.c ****           {
2838:Drivers/STM32G4xx_HAL_Driver/Src/stm32g4xx_hal_spi.c ****             SET_BIT(hspi->ErrorCode, HAL_SPI_ERROR_ABORT);
2839:Drivers/STM32G4xx_HAL_Driver/Src/stm32g4xx_hal_spi.c ****           }
2840:Drivers/STM32G4xx_HAL_Driver/Src/stm32g4xx_hal_spi.c ****         }
2841:Drivers/STM32G4xx_HAL_Driver/Src/stm32g4xx_hal_spi.c ****         /* Abort the SPI DMA Tx channel */
2842:Drivers/STM32G4xx_HAL_Driver/Src/stm32g4xx_hal_spi.c ****         if (hspi->hdmatx != NULL)
2843:Drivers/STM32G4xx_HAL_Driver/Src/stm32g4xx_hal_spi.c ****         {
2844:Drivers/STM32G4xx_HAL_Driver/Src/stm32g4xx_hal_spi.c ****           /* Set the SPI DMA Abort callback :
2845:Drivers/STM32G4xx_HAL_Driver/Src/stm32g4xx_hal_spi.c ****           will lead to call HAL_SPI_ErrorCallback() at end of DMA abort procedure */
2846:Drivers/STM32G4xx_HAL_Driver/Src/stm32g4xx_hal_spi.c ****           hspi->hdmatx->XferAbortCallback = SPI_DMAAbortOnError;
2847:Drivers/STM32G4xx_HAL_Driver/Src/stm32g4xx_hal_spi.c ****           if (HAL_OK != HAL_DMA_Abort_IT(hspi->hdmatx))
2848:Drivers/STM32G4xx_HAL_Driver/Src/stm32g4xx_hal_spi.c ****           {
2849:Drivers/STM32G4xx_HAL_Driver/Src/stm32g4xx_hal_spi.c ****             SET_BIT(hspi->ErrorCode, HAL_SPI_ERROR_ABORT);
2850:Drivers/STM32G4xx_HAL_Driver/Src/stm32g4xx_hal_spi.c ****           }
2851:Drivers/STM32G4xx_HAL_Driver/Src/stm32g4xx_hal_spi.c ****         }
2852:Drivers/STM32G4xx_HAL_Driver/Src/stm32g4xx_hal_spi.c ****       }
2853:Drivers/STM32G4xx_HAL_Driver/Src/stm32g4xx_hal_spi.c ****       else
2854:Drivers/STM32G4xx_HAL_Driver/Src/stm32g4xx_hal_spi.c ****       {
2855:Drivers/STM32G4xx_HAL_Driver/Src/stm32g4xx_hal_spi.c ****         /* Call user error callback */
2856:Drivers/STM32G4xx_HAL_Driver/Src/stm32g4xx_hal_spi.c **** #if (USE_HAL_SPI_REGISTER_CALLBACKS == 1U)
2857:Drivers/STM32G4xx_HAL_Driver/Src/stm32g4xx_hal_spi.c ****         hspi->ErrorCallback(hspi);
2858:Drivers/STM32G4xx_HAL_Driver/Src/stm32g4xx_hal_spi.c **** #else
2859:Drivers/STM32G4xx_HAL_Driver/Src/stm32g4xx_hal_spi.c ****         HAL_SPI_ErrorCallback(hspi);
2860:Drivers/STM32G4xx_HAL_Driver/Src/stm32g4xx_hal_spi.c **** #endif /* USE_HAL_SPI_REGISTER_CALLBACKS */
2861:Drivers/STM32G4xx_HAL_Driver/Src/stm32g4xx_hal_spi.c ****       }
2862:Drivers/STM32G4xx_HAL_Driver/Src/stm32g4xx_hal_spi.c ****     }
2863:Drivers/STM32G4xx_HAL_Driver/Src/stm32g4xx_hal_spi.c ****     return;
2864:Drivers/STM32G4xx_HAL_Driver/Src/stm32g4xx_hal_spi.c ****   }
2865:Drivers/STM32G4xx_HAL_Driver/Src/stm32g4xx_hal_spi.c **** }
2866:Drivers/STM32G4xx_HAL_Driver/Src/stm32g4xx_hal_spi.c **** 
2867:Drivers/STM32G4xx_HAL_Driver/Src/stm32g4xx_hal_spi.c **** /**
2868:Drivers/STM32G4xx_HAL_Driver/Src/stm32g4xx_hal_spi.c ****   * @brief  Tx Transfer completed callback.
2869:Drivers/STM32G4xx_HAL_Driver/Src/stm32g4xx_hal_spi.c ****   * @param  hspi pointer to a SPI_HandleTypeDef structure that contains
2870:Drivers/STM32G4xx_HAL_Driver/Src/stm32g4xx_hal_spi.c ****   *               the configuration information for SPI module.
2871:Drivers/STM32G4xx_HAL_Driver/Src/stm32g4xx_hal_spi.c ****   * @retval None
2872:Drivers/STM32G4xx_HAL_Driver/Src/stm32g4xx_hal_spi.c ****   */
2873:Drivers/STM32G4xx_HAL_Driver/Src/stm32g4xx_hal_spi.c **** __weak void HAL_SPI_TxCpltCallback(SPI_HandleTypeDef *hspi)
2874:Drivers/STM32G4xx_HAL_Driver/Src/stm32g4xx_hal_spi.c **** {
2875:Drivers/STM32G4xx_HAL_Driver/Src/stm32g4xx_hal_spi.c ****   /* Prevent unused argument(s) compilation warning */
2876:Drivers/STM32G4xx_HAL_Driver/Src/stm32g4xx_hal_spi.c ****   UNUSED(hspi);
2877:Drivers/STM32G4xx_HAL_Driver/Src/stm32g4xx_hal_spi.c **** 
2878:Drivers/STM32G4xx_HAL_Driver/Src/stm32g4xx_hal_spi.c ****   /* NOTE : This function should not be modified, when the callback is needed,
2879:Drivers/STM32G4xx_HAL_Driver/Src/stm32g4xx_hal_spi.c ****             the HAL_SPI_TxCpltCallback should be implemented in the user file
2880:Drivers/STM32G4xx_HAL_Driver/Src/stm32g4xx_hal_spi.c ****    */
ARM GAS  C:\Users\Booster\AppData\Local\Temp\ccQdKe81.s 			page 52


2881:Drivers/STM32G4xx_HAL_Driver/Src/stm32g4xx_hal_spi.c **** }
2882:Drivers/STM32G4xx_HAL_Driver/Src/stm32g4xx_hal_spi.c **** 
2883:Drivers/STM32G4xx_HAL_Driver/Src/stm32g4xx_hal_spi.c **** /**
2884:Drivers/STM32G4xx_HAL_Driver/Src/stm32g4xx_hal_spi.c ****   * @brief  Rx Transfer completed callback.
2885:Drivers/STM32G4xx_HAL_Driver/Src/stm32g4xx_hal_spi.c ****   * @param  hspi pointer to a SPI_HandleTypeDef structure that contains
2886:Drivers/STM32G4xx_HAL_Driver/Src/stm32g4xx_hal_spi.c ****   *               the configuration information for SPI module.
2887:Drivers/STM32G4xx_HAL_Driver/Src/stm32g4xx_hal_spi.c ****   * @retval None
2888:Drivers/STM32G4xx_HAL_Driver/Src/stm32g4xx_hal_spi.c ****   */
2889:Drivers/STM32G4xx_HAL_Driver/Src/stm32g4xx_hal_spi.c **** __weak void HAL_SPI_RxCpltCallback(SPI_HandleTypeDef *hspi)
2890:Drivers/STM32G4xx_HAL_Driver/Src/stm32g4xx_hal_spi.c **** {
2891:Drivers/STM32G4xx_HAL_Driver/Src/stm32g4xx_hal_spi.c ****   /* Prevent unused argument(s) compilation warning */
2892:Drivers/STM32G4xx_HAL_Driver/Src/stm32g4xx_hal_spi.c ****   UNUSED(hspi);
2893:Drivers/STM32G4xx_HAL_Driver/Src/stm32g4xx_hal_spi.c **** 
2894:Drivers/STM32G4xx_HAL_Driver/Src/stm32g4xx_hal_spi.c ****   /* NOTE : This function should not be modified, when the callback is needed,
2895:Drivers/STM32G4xx_HAL_Driver/Src/stm32g4xx_hal_spi.c ****             the HAL_SPI_RxCpltCallback should be implemented in the user file
2896:Drivers/STM32G4xx_HAL_Driver/Src/stm32g4xx_hal_spi.c ****    */
2897:Drivers/STM32G4xx_HAL_Driver/Src/stm32g4xx_hal_spi.c **** }
2898:Drivers/STM32G4xx_HAL_Driver/Src/stm32g4xx_hal_spi.c **** 
2899:Drivers/STM32G4xx_HAL_Driver/Src/stm32g4xx_hal_spi.c **** /**
2900:Drivers/STM32G4xx_HAL_Driver/Src/stm32g4xx_hal_spi.c ****   * @brief  Tx and Rx Transfer completed callback.
2901:Drivers/STM32G4xx_HAL_Driver/Src/stm32g4xx_hal_spi.c ****   * @param  hspi pointer to a SPI_HandleTypeDef structure that contains
2902:Drivers/STM32G4xx_HAL_Driver/Src/stm32g4xx_hal_spi.c ****   *               the configuration information for SPI module.
2903:Drivers/STM32G4xx_HAL_Driver/Src/stm32g4xx_hal_spi.c ****   * @retval None
2904:Drivers/STM32G4xx_HAL_Driver/Src/stm32g4xx_hal_spi.c ****   */
2905:Drivers/STM32G4xx_HAL_Driver/Src/stm32g4xx_hal_spi.c **** __weak void HAL_SPI_TxRxCpltCallback(SPI_HandleTypeDef *hspi)
2906:Drivers/STM32G4xx_HAL_Driver/Src/stm32g4xx_hal_spi.c **** {
2907:Drivers/STM32G4xx_HAL_Driver/Src/stm32g4xx_hal_spi.c ****   /* Prevent unused argument(s) compilation warning */
2908:Drivers/STM32G4xx_HAL_Driver/Src/stm32g4xx_hal_spi.c ****   UNUSED(hspi);
2909:Drivers/STM32G4xx_HAL_Driver/Src/stm32g4xx_hal_spi.c **** 
2910:Drivers/STM32G4xx_HAL_Driver/Src/stm32g4xx_hal_spi.c ****   /* NOTE : This function should not be modified, when the callback is needed,
2911:Drivers/STM32G4xx_HAL_Driver/Src/stm32g4xx_hal_spi.c ****             the HAL_SPI_TxRxCpltCallback should be implemented in the user file
2912:Drivers/STM32G4xx_HAL_Driver/Src/stm32g4xx_hal_spi.c ****    */
2913:Drivers/STM32G4xx_HAL_Driver/Src/stm32g4xx_hal_spi.c **** }
2914:Drivers/STM32G4xx_HAL_Driver/Src/stm32g4xx_hal_spi.c **** 
2915:Drivers/STM32G4xx_HAL_Driver/Src/stm32g4xx_hal_spi.c **** /**
2916:Drivers/STM32G4xx_HAL_Driver/Src/stm32g4xx_hal_spi.c ****   * @brief  Tx Half Transfer completed callback.
2917:Drivers/STM32G4xx_HAL_Driver/Src/stm32g4xx_hal_spi.c ****   * @param  hspi pointer to a SPI_HandleTypeDef structure that contains
2918:Drivers/STM32G4xx_HAL_Driver/Src/stm32g4xx_hal_spi.c ****   *               the configuration information for SPI module.
2919:Drivers/STM32G4xx_HAL_Driver/Src/stm32g4xx_hal_spi.c ****   * @retval None
2920:Drivers/STM32G4xx_HAL_Driver/Src/stm32g4xx_hal_spi.c ****   */
2921:Drivers/STM32G4xx_HAL_Driver/Src/stm32g4xx_hal_spi.c **** __weak void HAL_SPI_TxHalfCpltCallback(SPI_HandleTypeDef *hspi)
2922:Drivers/STM32G4xx_HAL_Driver/Src/stm32g4xx_hal_spi.c **** {
2923:Drivers/STM32G4xx_HAL_Driver/Src/stm32g4xx_hal_spi.c ****   /* Prevent unused argument(s) compilation warning */
2924:Drivers/STM32G4xx_HAL_Driver/Src/stm32g4xx_hal_spi.c ****   UNUSED(hspi);
2925:Drivers/STM32G4xx_HAL_Driver/Src/stm32g4xx_hal_spi.c **** 
2926:Drivers/STM32G4xx_HAL_Driver/Src/stm32g4xx_hal_spi.c ****   /* NOTE : This function should not be modified, when the callback is needed,
2927:Drivers/STM32G4xx_HAL_Driver/Src/stm32g4xx_hal_spi.c ****             the HAL_SPI_TxHalfCpltCallback should be implemented in the user file
2928:Drivers/STM32G4xx_HAL_Driver/Src/stm32g4xx_hal_spi.c ****    */
2929:Drivers/STM32G4xx_HAL_Driver/Src/stm32g4xx_hal_spi.c **** }
2930:Drivers/STM32G4xx_HAL_Driver/Src/stm32g4xx_hal_spi.c **** 
2931:Drivers/STM32G4xx_HAL_Driver/Src/stm32g4xx_hal_spi.c **** /**
2932:Drivers/STM32G4xx_HAL_Driver/Src/stm32g4xx_hal_spi.c ****   * @brief  Rx Half Transfer completed callback.
2933:Drivers/STM32G4xx_HAL_Driver/Src/stm32g4xx_hal_spi.c ****   * @param  hspi pointer to a SPI_HandleTypeDef structure that contains
2934:Drivers/STM32G4xx_HAL_Driver/Src/stm32g4xx_hal_spi.c ****   *               the configuration information for SPI module.
2935:Drivers/STM32G4xx_HAL_Driver/Src/stm32g4xx_hal_spi.c ****   * @retval None
2936:Drivers/STM32G4xx_HAL_Driver/Src/stm32g4xx_hal_spi.c ****   */
2937:Drivers/STM32G4xx_HAL_Driver/Src/stm32g4xx_hal_spi.c **** __weak void HAL_SPI_RxHalfCpltCallback(SPI_HandleTypeDef *hspi)
ARM GAS  C:\Users\Booster\AppData\Local\Temp\ccQdKe81.s 			page 53


2938:Drivers/STM32G4xx_HAL_Driver/Src/stm32g4xx_hal_spi.c **** {
2939:Drivers/STM32G4xx_HAL_Driver/Src/stm32g4xx_hal_spi.c ****   /* Prevent unused argument(s) compilation warning */
2940:Drivers/STM32G4xx_HAL_Driver/Src/stm32g4xx_hal_spi.c ****   UNUSED(hspi);
2941:Drivers/STM32G4xx_HAL_Driver/Src/stm32g4xx_hal_spi.c **** 
2942:Drivers/STM32G4xx_HAL_Driver/Src/stm32g4xx_hal_spi.c ****   /* NOTE : This function should not be modified, when the callback is needed,
2943:Drivers/STM32G4xx_HAL_Driver/Src/stm32g4xx_hal_spi.c ****             the HAL_SPI_RxHalfCpltCallback() should be implemented in the user file
2944:Drivers/STM32G4xx_HAL_Driver/Src/stm32g4xx_hal_spi.c ****    */
2945:Drivers/STM32G4xx_HAL_Driver/Src/stm32g4xx_hal_spi.c **** }
2946:Drivers/STM32G4xx_HAL_Driver/Src/stm32g4xx_hal_spi.c **** 
2947:Drivers/STM32G4xx_HAL_Driver/Src/stm32g4xx_hal_spi.c **** /**
2948:Drivers/STM32G4xx_HAL_Driver/Src/stm32g4xx_hal_spi.c ****   * @brief  Tx and Rx Half Transfer callback.
2949:Drivers/STM32G4xx_HAL_Driver/Src/stm32g4xx_hal_spi.c ****   * @param  hspi pointer to a SPI_HandleTypeDef structure that contains
2950:Drivers/STM32G4xx_HAL_Driver/Src/stm32g4xx_hal_spi.c ****   *               the configuration information for SPI module.
2951:Drivers/STM32G4xx_HAL_Driver/Src/stm32g4xx_hal_spi.c ****   * @retval None
2952:Drivers/STM32G4xx_HAL_Driver/Src/stm32g4xx_hal_spi.c ****   */
2953:Drivers/STM32G4xx_HAL_Driver/Src/stm32g4xx_hal_spi.c **** __weak void HAL_SPI_TxRxHalfCpltCallback(SPI_HandleTypeDef *hspi)
2954:Drivers/STM32G4xx_HAL_Driver/Src/stm32g4xx_hal_spi.c **** {
2955:Drivers/STM32G4xx_HAL_Driver/Src/stm32g4xx_hal_spi.c ****   /* Prevent unused argument(s) compilation warning */
2956:Drivers/STM32G4xx_HAL_Driver/Src/stm32g4xx_hal_spi.c ****   UNUSED(hspi);
2957:Drivers/STM32G4xx_HAL_Driver/Src/stm32g4xx_hal_spi.c **** 
2958:Drivers/STM32G4xx_HAL_Driver/Src/stm32g4xx_hal_spi.c ****   /* NOTE : This function should not be modified, when the callback is needed,
2959:Drivers/STM32G4xx_HAL_Driver/Src/stm32g4xx_hal_spi.c ****             the HAL_SPI_TxRxHalfCpltCallback() should be implemented in the user file
2960:Drivers/STM32G4xx_HAL_Driver/Src/stm32g4xx_hal_spi.c ****    */
2961:Drivers/STM32G4xx_HAL_Driver/Src/stm32g4xx_hal_spi.c **** }
2962:Drivers/STM32G4xx_HAL_Driver/Src/stm32g4xx_hal_spi.c **** 
2963:Drivers/STM32G4xx_HAL_Driver/Src/stm32g4xx_hal_spi.c **** /**
2964:Drivers/STM32G4xx_HAL_Driver/Src/stm32g4xx_hal_spi.c ****   * @brief  SPI error callback.
2965:Drivers/STM32G4xx_HAL_Driver/Src/stm32g4xx_hal_spi.c ****   * @param  hspi pointer to a SPI_HandleTypeDef structure that contains
2966:Drivers/STM32G4xx_HAL_Driver/Src/stm32g4xx_hal_spi.c ****   *               the configuration information for SPI module.
2967:Drivers/STM32G4xx_HAL_Driver/Src/stm32g4xx_hal_spi.c ****   * @retval None
2968:Drivers/STM32G4xx_HAL_Driver/Src/stm32g4xx_hal_spi.c ****   */
2969:Drivers/STM32G4xx_HAL_Driver/Src/stm32g4xx_hal_spi.c **** __weak void HAL_SPI_ErrorCallback(SPI_HandleTypeDef *hspi)
2970:Drivers/STM32G4xx_HAL_Driver/Src/stm32g4xx_hal_spi.c **** {
2971:Drivers/STM32G4xx_HAL_Driver/Src/stm32g4xx_hal_spi.c ****   /* Prevent unused argument(s) compilation warning */
2972:Drivers/STM32G4xx_HAL_Driver/Src/stm32g4xx_hal_spi.c ****   UNUSED(hspi);
2973:Drivers/STM32G4xx_HAL_Driver/Src/stm32g4xx_hal_spi.c **** 
2974:Drivers/STM32G4xx_HAL_Driver/Src/stm32g4xx_hal_spi.c ****   /* NOTE : This function should not be modified, when the callback is needed,
2975:Drivers/STM32G4xx_HAL_Driver/Src/stm32g4xx_hal_spi.c ****             the HAL_SPI_ErrorCallback should be implemented in the user file
2976:Drivers/STM32G4xx_HAL_Driver/Src/stm32g4xx_hal_spi.c ****    */
2977:Drivers/STM32G4xx_HAL_Driver/Src/stm32g4xx_hal_spi.c ****   /* NOTE : The ErrorCode parameter in the hspi handle is updated by the SPI processes
2978:Drivers/STM32G4xx_HAL_Driver/Src/stm32g4xx_hal_spi.c ****             and user can use HAL_SPI_GetError() API to check the latest error occurred
2979:Drivers/STM32G4xx_HAL_Driver/Src/stm32g4xx_hal_spi.c ****    */
2980:Drivers/STM32G4xx_HAL_Driver/Src/stm32g4xx_hal_spi.c **** }
2981:Drivers/STM32G4xx_HAL_Driver/Src/stm32g4xx_hal_spi.c **** 
2982:Drivers/STM32G4xx_HAL_Driver/Src/stm32g4xx_hal_spi.c **** /**
2983:Drivers/STM32G4xx_HAL_Driver/Src/stm32g4xx_hal_spi.c ****   * @brief  SPI Abort Complete callback.
2984:Drivers/STM32G4xx_HAL_Driver/Src/stm32g4xx_hal_spi.c ****   * @param  hspi SPI handle.
2985:Drivers/STM32G4xx_HAL_Driver/Src/stm32g4xx_hal_spi.c ****   * @retval None
2986:Drivers/STM32G4xx_HAL_Driver/Src/stm32g4xx_hal_spi.c ****   */
2987:Drivers/STM32G4xx_HAL_Driver/Src/stm32g4xx_hal_spi.c **** __weak void HAL_SPI_AbortCpltCallback(SPI_HandleTypeDef *hspi)
2988:Drivers/STM32G4xx_HAL_Driver/Src/stm32g4xx_hal_spi.c **** {
2989:Drivers/STM32G4xx_HAL_Driver/Src/stm32g4xx_hal_spi.c ****   /* Prevent unused argument(s) compilation warning */
2990:Drivers/STM32G4xx_HAL_Driver/Src/stm32g4xx_hal_spi.c ****   UNUSED(hspi);
2991:Drivers/STM32G4xx_HAL_Driver/Src/stm32g4xx_hal_spi.c **** 
2992:Drivers/STM32G4xx_HAL_Driver/Src/stm32g4xx_hal_spi.c ****   /* NOTE : This function should not be modified, when the callback is needed,
2993:Drivers/STM32G4xx_HAL_Driver/Src/stm32g4xx_hal_spi.c ****             the HAL_SPI_AbortCpltCallback can be implemented in the user file.
2994:Drivers/STM32G4xx_HAL_Driver/Src/stm32g4xx_hal_spi.c ****    */
ARM GAS  C:\Users\Booster\AppData\Local\Temp\ccQdKe81.s 			page 54


2995:Drivers/STM32G4xx_HAL_Driver/Src/stm32g4xx_hal_spi.c **** }
2996:Drivers/STM32G4xx_HAL_Driver/Src/stm32g4xx_hal_spi.c **** 
2997:Drivers/STM32G4xx_HAL_Driver/Src/stm32g4xx_hal_spi.c **** /**
2998:Drivers/STM32G4xx_HAL_Driver/Src/stm32g4xx_hal_spi.c ****   * @}
2999:Drivers/STM32G4xx_HAL_Driver/Src/stm32g4xx_hal_spi.c ****   */
3000:Drivers/STM32G4xx_HAL_Driver/Src/stm32g4xx_hal_spi.c **** 
3001:Drivers/STM32G4xx_HAL_Driver/Src/stm32g4xx_hal_spi.c **** /** @defgroup SPI_Exported_Functions_Group3 Peripheral State and Errors functions
3002:Drivers/STM32G4xx_HAL_Driver/Src/stm32g4xx_hal_spi.c ****   * @brief   SPI control functions
3003:Drivers/STM32G4xx_HAL_Driver/Src/stm32g4xx_hal_spi.c ****   *
3004:Drivers/STM32G4xx_HAL_Driver/Src/stm32g4xx_hal_spi.c **** @verbatim
3005:Drivers/STM32G4xx_HAL_Driver/Src/stm32g4xx_hal_spi.c ****  ===============================================================================
3006:Drivers/STM32G4xx_HAL_Driver/Src/stm32g4xx_hal_spi.c ****                       ##### Peripheral State and Errors functions #####
3007:Drivers/STM32G4xx_HAL_Driver/Src/stm32g4xx_hal_spi.c ****  ===============================================================================
3008:Drivers/STM32G4xx_HAL_Driver/Src/stm32g4xx_hal_spi.c ****     [..]
3009:Drivers/STM32G4xx_HAL_Driver/Src/stm32g4xx_hal_spi.c ****     This subsection provides a set of functions allowing to control the SPI.
3010:Drivers/STM32G4xx_HAL_Driver/Src/stm32g4xx_hal_spi.c ****      (+) HAL_SPI_GetState() API can be helpful to check in run-time the state of the SPI peripheral
3011:Drivers/STM32G4xx_HAL_Driver/Src/stm32g4xx_hal_spi.c ****      (+) HAL_SPI_GetError() check in run-time Errors occurring during communication
3012:Drivers/STM32G4xx_HAL_Driver/Src/stm32g4xx_hal_spi.c **** @endverbatim
3013:Drivers/STM32G4xx_HAL_Driver/Src/stm32g4xx_hal_spi.c ****   * @{
3014:Drivers/STM32G4xx_HAL_Driver/Src/stm32g4xx_hal_spi.c ****   */
3015:Drivers/STM32G4xx_HAL_Driver/Src/stm32g4xx_hal_spi.c **** 
3016:Drivers/STM32G4xx_HAL_Driver/Src/stm32g4xx_hal_spi.c **** /**
3017:Drivers/STM32G4xx_HAL_Driver/Src/stm32g4xx_hal_spi.c ****   * @brief  Return the SPI handle state.
3018:Drivers/STM32G4xx_HAL_Driver/Src/stm32g4xx_hal_spi.c ****   * @param  hspi pointer to a SPI_HandleTypeDef structure that contains
3019:Drivers/STM32G4xx_HAL_Driver/Src/stm32g4xx_hal_spi.c ****   *               the configuration information for SPI module.
3020:Drivers/STM32G4xx_HAL_Driver/Src/stm32g4xx_hal_spi.c ****   * @retval SPI state
3021:Drivers/STM32G4xx_HAL_Driver/Src/stm32g4xx_hal_spi.c ****   */
3022:Drivers/STM32G4xx_HAL_Driver/Src/stm32g4xx_hal_spi.c **** HAL_SPI_StateTypeDef HAL_SPI_GetState(SPI_HandleTypeDef *hspi)
3023:Drivers/STM32G4xx_HAL_Driver/Src/stm32g4xx_hal_spi.c **** {
3024:Drivers/STM32G4xx_HAL_Driver/Src/stm32g4xx_hal_spi.c ****   /* Return SPI handle state */
3025:Drivers/STM32G4xx_HAL_Driver/Src/stm32g4xx_hal_spi.c ****   return hspi->State;
3026:Drivers/STM32G4xx_HAL_Driver/Src/stm32g4xx_hal_spi.c **** }
3027:Drivers/STM32G4xx_HAL_Driver/Src/stm32g4xx_hal_spi.c **** 
3028:Drivers/STM32G4xx_HAL_Driver/Src/stm32g4xx_hal_spi.c **** /**
3029:Drivers/STM32G4xx_HAL_Driver/Src/stm32g4xx_hal_spi.c ****   * @brief  Return the SPI error code.
3030:Drivers/STM32G4xx_HAL_Driver/Src/stm32g4xx_hal_spi.c ****   * @param  hspi pointer to a SPI_HandleTypeDef structure that contains
3031:Drivers/STM32G4xx_HAL_Driver/Src/stm32g4xx_hal_spi.c ****   *               the configuration information for SPI module.
3032:Drivers/STM32G4xx_HAL_Driver/Src/stm32g4xx_hal_spi.c ****   * @retval SPI error code in bitmap format
3033:Drivers/STM32G4xx_HAL_Driver/Src/stm32g4xx_hal_spi.c ****   */
3034:Drivers/STM32G4xx_HAL_Driver/Src/stm32g4xx_hal_spi.c **** uint32_t HAL_SPI_GetError(SPI_HandleTypeDef *hspi)
3035:Drivers/STM32G4xx_HAL_Driver/Src/stm32g4xx_hal_spi.c **** {
3036:Drivers/STM32G4xx_HAL_Driver/Src/stm32g4xx_hal_spi.c ****   /* Return SPI ErrorCode */
3037:Drivers/STM32G4xx_HAL_Driver/Src/stm32g4xx_hal_spi.c ****   return hspi->ErrorCode;
3038:Drivers/STM32G4xx_HAL_Driver/Src/stm32g4xx_hal_spi.c **** }
3039:Drivers/STM32G4xx_HAL_Driver/Src/stm32g4xx_hal_spi.c **** 
3040:Drivers/STM32G4xx_HAL_Driver/Src/stm32g4xx_hal_spi.c **** /**
3041:Drivers/STM32G4xx_HAL_Driver/Src/stm32g4xx_hal_spi.c ****   * @}
3042:Drivers/STM32G4xx_HAL_Driver/Src/stm32g4xx_hal_spi.c ****   */
3043:Drivers/STM32G4xx_HAL_Driver/Src/stm32g4xx_hal_spi.c **** 
3044:Drivers/STM32G4xx_HAL_Driver/Src/stm32g4xx_hal_spi.c **** /**
3045:Drivers/STM32G4xx_HAL_Driver/Src/stm32g4xx_hal_spi.c ****   * @}
3046:Drivers/STM32G4xx_HAL_Driver/Src/stm32g4xx_hal_spi.c ****   */
3047:Drivers/STM32G4xx_HAL_Driver/Src/stm32g4xx_hal_spi.c **** 
3048:Drivers/STM32G4xx_HAL_Driver/Src/stm32g4xx_hal_spi.c **** /** @addtogroup SPI_Private_Functions
3049:Drivers/STM32G4xx_HAL_Driver/Src/stm32g4xx_hal_spi.c ****   * @brief   Private functions
3050:Drivers/STM32G4xx_HAL_Driver/Src/stm32g4xx_hal_spi.c ****   * @{
3051:Drivers/STM32G4xx_HAL_Driver/Src/stm32g4xx_hal_spi.c ****   */
ARM GAS  C:\Users\Booster\AppData\Local\Temp\ccQdKe81.s 			page 55


3052:Drivers/STM32G4xx_HAL_Driver/Src/stm32g4xx_hal_spi.c **** 
3053:Drivers/STM32G4xx_HAL_Driver/Src/stm32g4xx_hal_spi.c **** /**
3054:Drivers/STM32G4xx_HAL_Driver/Src/stm32g4xx_hal_spi.c ****   * @brief  DMA SPI transmit process complete callback.
3055:Drivers/STM32G4xx_HAL_Driver/Src/stm32g4xx_hal_spi.c ****   * @param  hdma pointer to a DMA_HandleTypeDef structure that contains
3056:Drivers/STM32G4xx_HAL_Driver/Src/stm32g4xx_hal_spi.c ****   *               the configuration information for the specified DMA module.
3057:Drivers/STM32G4xx_HAL_Driver/Src/stm32g4xx_hal_spi.c ****   * @retval None
3058:Drivers/STM32G4xx_HAL_Driver/Src/stm32g4xx_hal_spi.c ****   */
3059:Drivers/STM32G4xx_HAL_Driver/Src/stm32g4xx_hal_spi.c **** static void SPI_DMATransmitCplt(DMA_HandleTypeDef *hdma)
3060:Drivers/STM32G4xx_HAL_Driver/Src/stm32g4xx_hal_spi.c **** {
3061:Drivers/STM32G4xx_HAL_Driver/Src/stm32g4xx_hal_spi.c ****   SPI_HandleTypeDef *hspi = (SPI_HandleTypeDef *)(((DMA_HandleTypeDef *)hdma)->Parent); /* Derogati
3062:Drivers/STM32G4xx_HAL_Driver/Src/stm32g4xx_hal_spi.c ****   uint32_t tickstart;
3063:Drivers/STM32G4xx_HAL_Driver/Src/stm32g4xx_hal_spi.c **** 
3064:Drivers/STM32G4xx_HAL_Driver/Src/stm32g4xx_hal_spi.c ****   /* Init tickstart for timeout management*/
3065:Drivers/STM32G4xx_HAL_Driver/Src/stm32g4xx_hal_spi.c ****   tickstart = HAL_GetTick();
3066:Drivers/STM32G4xx_HAL_Driver/Src/stm32g4xx_hal_spi.c **** 
3067:Drivers/STM32G4xx_HAL_Driver/Src/stm32g4xx_hal_spi.c ****   /* DMA Normal Mode */
3068:Drivers/STM32G4xx_HAL_Driver/Src/stm32g4xx_hal_spi.c ****   if ((hdma->Instance->CCR & DMA_CCR_CIRC) != DMA_CCR_CIRC)
3069:Drivers/STM32G4xx_HAL_Driver/Src/stm32g4xx_hal_spi.c ****   {
3070:Drivers/STM32G4xx_HAL_Driver/Src/stm32g4xx_hal_spi.c ****     /* Disable ERR interrupt */
3071:Drivers/STM32G4xx_HAL_Driver/Src/stm32g4xx_hal_spi.c ****     __HAL_SPI_DISABLE_IT(hspi, SPI_IT_ERR);
3072:Drivers/STM32G4xx_HAL_Driver/Src/stm32g4xx_hal_spi.c **** 
3073:Drivers/STM32G4xx_HAL_Driver/Src/stm32g4xx_hal_spi.c ****     /* Disable Tx DMA Request */
3074:Drivers/STM32G4xx_HAL_Driver/Src/stm32g4xx_hal_spi.c ****     CLEAR_BIT(hspi->Instance->CR2, SPI_CR2_TXDMAEN);
3075:Drivers/STM32G4xx_HAL_Driver/Src/stm32g4xx_hal_spi.c **** 
3076:Drivers/STM32G4xx_HAL_Driver/Src/stm32g4xx_hal_spi.c ****     /* Check the end of the transaction */
3077:Drivers/STM32G4xx_HAL_Driver/Src/stm32g4xx_hal_spi.c ****     if (SPI_EndRxTxTransaction(hspi, SPI_DEFAULT_TIMEOUT, tickstart) != HAL_OK)
3078:Drivers/STM32G4xx_HAL_Driver/Src/stm32g4xx_hal_spi.c ****     {
3079:Drivers/STM32G4xx_HAL_Driver/Src/stm32g4xx_hal_spi.c ****       SET_BIT(hspi->ErrorCode, HAL_SPI_ERROR_FLAG);
3080:Drivers/STM32G4xx_HAL_Driver/Src/stm32g4xx_hal_spi.c ****     }
3081:Drivers/STM32G4xx_HAL_Driver/Src/stm32g4xx_hal_spi.c **** 
3082:Drivers/STM32G4xx_HAL_Driver/Src/stm32g4xx_hal_spi.c ****     /* Clear overrun flag in 2 Lines communication mode because received data is not read */
3083:Drivers/STM32G4xx_HAL_Driver/Src/stm32g4xx_hal_spi.c ****     if (hspi->Init.Direction == SPI_DIRECTION_2LINES)
3084:Drivers/STM32G4xx_HAL_Driver/Src/stm32g4xx_hal_spi.c ****     {
3085:Drivers/STM32G4xx_HAL_Driver/Src/stm32g4xx_hal_spi.c ****       __HAL_SPI_CLEAR_OVRFLAG(hspi);
3086:Drivers/STM32G4xx_HAL_Driver/Src/stm32g4xx_hal_spi.c ****     }
3087:Drivers/STM32G4xx_HAL_Driver/Src/stm32g4xx_hal_spi.c **** 
3088:Drivers/STM32G4xx_HAL_Driver/Src/stm32g4xx_hal_spi.c ****     hspi->TxXferCount = 0U;
3089:Drivers/STM32G4xx_HAL_Driver/Src/stm32g4xx_hal_spi.c ****     hspi->State = HAL_SPI_STATE_READY;
3090:Drivers/STM32G4xx_HAL_Driver/Src/stm32g4xx_hal_spi.c **** 
3091:Drivers/STM32G4xx_HAL_Driver/Src/stm32g4xx_hal_spi.c ****     if (hspi->ErrorCode != HAL_SPI_ERROR_NONE)
3092:Drivers/STM32G4xx_HAL_Driver/Src/stm32g4xx_hal_spi.c ****     {
3093:Drivers/STM32G4xx_HAL_Driver/Src/stm32g4xx_hal_spi.c ****       /* Call user error callback */
3094:Drivers/STM32G4xx_HAL_Driver/Src/stm32g4xx_hal_spi.c **** #if (USE_HAL_SPI_REGISTER_CALLBACKS == 1U)
3095:Drivers/STM32G4xx_HAL_Driver/Src/stm32g4xx_hal_spi.c ****       hspi->ErrorCallback(hspi);
3096:Drivers/STM32G4xx_HAL_Driver/Src/stm32g4xx_hal_spi.c **** #else
3097:Drivers/STM32G4xx_HAL_Driver/Src/stm32g4xx_hal_spi.c ****       HAL_SPI_ErrorCallback(hspi);
3098:Drivers/STM32G4xx_HAL_Driver/Src/stm32g4xx_hal_spi.c **** #endif /* USE_HAL_SPI_REGISTER_CALLBACKS */
3099:Drivers/STM32G4xx_HAL_Driver/Src/stm32g4xx_hal_spi.c ****       return;
3100:Drivers/STM32G4xx_HAL_Driver/Src/stm32g4xx_hal_spi.c ****     }
3101:Drivers/STM32G4xx_HAL_Driver/Src/stm32g4xx_hal_spi.c ****   }
3102:Drivers/STM32G4xx_HAL_Driver/Src/stm32g4xx_hal_spi.c ****   /* Call user Tx complete callback */
3103:Drivers/STM32G4xx_HAL_Driver/Src/stm32g4xx_hal_spi.c **** #if (USE_HAL_SPI_REGISTER_CALLBACKS == 1U)
3104:Drivers/STM32G4xx_HAL_Driver/Src/stm32g4xx_hal_spi.c ****   hspi->TxCpltCallback(hspi);
3105:Drivers/STM32G4xx_HAL_Driver/Src/stm32g4xx_hal_spi.c **** #else
3106:Drivers/STM32G4xx_HAL_Driver/Src/stm32g4xx_hal_spi.c ****   HAL_SPI_TxCpltCallback(hspi);
3107:Drivers/STM32G4xx_HAL_Driver/Src/stm32g4xx_hal_spi.c **** #endif /* USE_HAL_SPI_REGISTER_CALLBACKS */
3108:Drivers/STM32G4xx_HAL_Driver/Src/stm32g4xx_hal_spi.c **** }
ARM GAS  C:\Users\Booster\AppData\Local\Temp\ccQdKe81.s 			page 56


3109:Drivers/STM32G4xx_HAL_Driver/Src/stm32g4xx_hal_spi.c **** 
3110:Drivers/STM32G4xx_HAL_Driver/Src/stm32g4xx_hal_spi.c **** /**
3111:Drivers/STM32G4xx_HAL_Driver/Src/stm32g4xx_hal_spi.c ****   * @brief  DMA SPI receive process complete callback.
3112:Drivers/STM32G4xx_HAL_Driver/Src/stm32g4xx_hal_spi.c ****   * @param  hdma pointer to a DMA_HandleTypeDef structure that contains
3113:Drivers/STM32G4xx_HAL_Driver/Src/stm32g4xx_hal_spi.c ****   *               the configuration information for the specified DMA module.
3114:Drivers/STM32G4xx_HAL_Driver/Src/stm32g4xx_hal_spi.c ****   * @retval None
3115:Drivers/STM32G4xx_HAL_Driver/Src/stm32g4xx_hal_spi.c ****   */
3116:Drivers/STM32G4xx_HAL_Driver/Src/stm32g4xx_hal_spi.c **** static void SPI_DMAReceiveCplt(DMA_HandleTypeDef *hdma)
3117:Drivers/STM32G4xx_HAL_Driver/Src/stm32g4xx_hal_spi.c **** {
3118:Drivers/STM32G4xx_HAL_Driver/Src/stm32g4xx_hal_spi.c ****   SPI_HandleTypeDef *hspi = (SPI_HandleTypeDef *)(((DMA_HandleTypeDef *)hdma)->Parent); /* Derogati
3119:Drivers/STM32G4xx_HAL_Driver/Src/stm32g4xx_hal_spi.c ****   uint32_t tickstart;
3120:Drivers/STM32G4xx_HAL_Driver/Src/stm32g4xx_hal_spi.c **** #if (USE_SPI_CRC != 0U)
3121:Drivers/STM32G4xx_HAL_Driver/Src/stm32g4xx_hal_spi.c ****   __IO uint32_t tmpreg = 0U;
3122:Drivers/STM32G4xx_HAL_Driver/Src/stm32g4xx_hal_spi.c ****   __IO uint8_t  *ptmpreg8;
3123:Drivers/STM32G4xx_HAL_Driver/Src/stm32g4xx_hal_spi.c ****   __IO uint8_t  tmpreg8 = 0;
3124:Drivers/STM32G4xx_HAL_Driver/Src/stm32g4xx_hal_spi.c **** #endif /* USE_SPI_CRC */
3125:Drivers/STM32G4xx_HAL_Driver/Src/stm32g4xx_hal_spi.c **** 
3126:Drivers/STM32G4xx_HAL_Driver/Src/stm32g4xx_hal_spi.c ****   /* Init tickstart for timeout management*/
3127:Drivers/STM32G4xx_HAL_Driver/Src/stm32g4xx_hal_spi.c ****   tickstart = HAL_GetTick();
3128:Drivers/STM32G4xx_HAL_Driver/Src/stm32g4xx_hal_spi.c **** 
3129:Drivers/STM32G4xx_HAL_Driver/Src/stm32g4xx_hal_spi.c ****   /* DMA Normal Mode */
3130:Drivers/STM32G4xx_HAL_Driver/Src/stm32g4xx_hal_spi.c ****   if ((hdma->Instance->CCR & DMA_CCR_CIRC) != DMA_CCR_CIRC)
3131:Drivers/STM32G4xx_HAL_Driver/Src/stm32g4xx_hal_spi.c ****   {
3132:Drivers/STM32G4xx_HAL_Driver/Src/stm32g4xx_hal_spi.c ****     /* Disable ERR interrupt */
3133:Drivers/STM32G4xx_HAL_Driver/Src/stm32g4xx_hal_spi.c ****     __HAL_SPI_DISABLE_IT(hspi, SPI_IT_ERR);
3134:Drivers/STM32G4xx_HAL_Driver/Src/stm32g4xx_hal_spi.c **** 
3135:Drivers/STM32G4xx_HAL_Driver/Src/stm32g4xx_hal_spi.c **** #if (USE_SPI_CRC != 0U)
3136:Drivers/STM32G4xx_HAL_Driver/Src/stm32g4xx_hal_spi.c ****     /* CRC handling */
3137:Drivers/STM32G4xx_HAL_Driver/Src/stm32g4xx_hal_spi.c ****     if (hspi->Init.CRCCalculation == SPI_CRCCALCULATION_ENABLE)
3138:Drivers/STM32G4xx_HAL_Driver/Src/stm32g4xx_hal_spi.c ****     {
3139:Drivers/STM32G4xx_HAL_Driver/Src/stm32g4xx_hal_spi.c ****       /* Wait until RXNE flag */
3140:Drivers/STM32G4xx_HAL_Driver/Src/stm32g4xx_hal_spi.c ****       if (SPI_WaitFlagStateUntilTimeout(hspi, SPI_FLAG_RXNE, SET, SPI_DEFAULT_TIMEOUT, tickstart) !
3141:Drivers/STM32G4xx_HAL_Driver/Src/stm32g4xx_hal_spi.c ****       {
3142:Drivers/STM32G4xx_HAL_Driver/Src/stm32g4xx_hal_spi.c ****         /* Error on the CRC reception */
3143:Drivers/STM32G4xx_HAL_Driver/Src/stm32g4xx_hal_spi.c ****         SET_BIT(hspi->ErrorCode, HAL_SPI_ERROR_CRC);
3144:Drivers/STM32G4xx_HAL_Driver/Src/stm32g4xx_hal_spi.c ****       }
3145:Drivers/STM32G4xx_HAL_Driver/Src/stm32g4xx_hal_spi.c ****       /* Read CRC */
3146:Drivers/STM32G4xx_HAL_Driver/Src/stm32g4xx_hal_spi.c ****       if (hspi->Init.DataSize > SPI_DATASIZE_8BIT)
3147:Drivers/STM32G4xx_HAL_Driver/Src/stm32g4xx_hal_spi.c ****       {
3148:Drivers/STM32G4xx_HAL_Driver/Src/stm32g4xx_hal_spi.c ****         /* Read 16bit CRC */
3149:Drivers/STM32G4xx_HAL_Driver/Src/stm32g4xx_hal_spi.c ****         tmpreg = READ_REG(hspi->Instance->DR);
3150:Drivers/STM32G4xx_HAL_Driver/Src/stm32g4xx_hal_spi.c ****         /* To avoid GCC warning */
3151:Drivers/STM32G4xx_HAL_Driver/Src/stm32g4xx_hal_spi.c ****         UNUSED(tmpreg);
3152:Drivers/STM32G4xx_HAL_Driver/Src/stm32g4xx_hal_spi.c ****       }
3153:Drivers/STM32G4xx_HAL_Driver/Src/stm32g4xx_hal_spi.c ****       else
3154:Drivers/STM32G4xx_HAL_Driver/Src/stm32g4xx_hal_spi.c ****       {
3155:Drivers/STM32G4xx_HAL_Driver/Src/stm32g4xx_hal_spi.c ****         /* Initialize the 8bit temporary pointer */
3156:Drivers/STM32G4xx_HAL_Driver/Src/stm32g4xx_hal_spi.c ****         ptmpreg8 = (__IO uint8_t *)&hspi->Instance->DR;
3157:Drivers/STM32G4xx_HAL_Driver/Src/stm32g4xx_hal_spi.c ****         /* Read 8bit CRC */
3158:Drivers/STM32G4xx_HAL_Driver/Src/stm32g4xx_hal_spi.c ****         tmpreg8 = *ptmpreg8;
3159:Drivers/STM32G4xx_HAL_Driver/Src/stm32g4xx_hal_spi.c ****         /* To avoid GCC warning */
3160:Drivers/STM32G4xx_HAL_Driver/Src/stm32g4xx_hal_spi.c ****         UNUSED(tmpreg8);
3161:Drivers/STM32G4xx_HAL_Driver/Src/stm32g4xx_hal_spi.c **** 
3162:Drivers/STM32G4xx_HAL_Driver/Src/stm32g4xx_hal_spi.c ****         if (hspi->Init.CRCLength == SPI_CRC_LENGTH_16BIT)
3163:Drivers/STM32G4xx_HAL_Driver/Src/stm32g4xx_hal_spi.c ****         {
3164:Drivers/STM32G4xx_HAL_Driver/Src/stm32g4xx_hal_spi.c ****           if (SPI_WaitFlagStateUntilTimeout(hspi, SPI_FLAG_RXNE, SET, SPI_DEFAULT_TIMEOUT, tickstar
3165:Drivers/STM32G4xx_HAL_Driver/Src/stm32g4xx_hal_spi.c ****           {
ARM GAS  C:\Users\Booster\AppData\Local\Temp\ccQdKe81.s 			page 57


3166:Drivers/STM32G4xx_HAL_Driver/Src/stm32g4xx_hal_spi.c ****             /* Error on the CRC reception */
3167:Drivers/STM32G4xx_HAL_Driver/Src/stm32g4xx_hal_spi.c ****             SET_BIT(hspi->ErrorCode, HAL_SPI_ERROR_CRC);
3168:Drivers/STM32G4xx_HAL_Driver/Src/stm32g4xx_hal_spi.c ****           }
3169:Drivers/STM32G4xx_HAL_Driver/Src/stm32g4xx_hal_spi.c ****           /* Read 8bit CRC again in case of 16bit CRC in 8bit Data mode */
3170:Drivers/STM32G4xx_HAL_Driver/Src/stm32g4xx_hal_spi.c ****           tmpreg8 = *ptmpreg8;
3171:Drivers/STM32G4xx_HAL_Driver/Src/stm32g4xx_hal_spi.c ****           /* To avoid GCC warning */
3172:Drivers/STM32G4xx_HAL_Driver/Src/stm32g4xx_hal_spi.c ****           UNUSED(tmpreg8);
3173:Drivers/STM32G4xx_HAL_Driver/Src/stm32g4xx_hal_spi.c ****         }
3174:Drivers/STM32G4xx_HAL_Driver/Src/stm32g4xx_hal_spi.c ****       }
3175:Drivers/STM32G4xx_HAL_Driver/Src/stm32g4xx_hal_spi.c ****     }
3176:Drivers/STM32G4xx_HAL_Driver/Src/stm32g4xx_hal_spi.c **** #endif /* USE_SPI_CRC */
3177:Drivers/STM32G4xx_HAL_Driver/Src/stm32g4xx_hal_spi.c **** 
3178:Drivers/STM32G4xx_HAL_Driver/Src/stm32g4xx_hal_spi.c ****     /* Check if we are in Master RX 2 line mode */
3179:Drivers/STM32G4xx_HAL_Driver/Src/stm32g4xx_hal_spi.c ****     if ((hspi->Init.Direction == SPI_DIRECTION_2LINES) && (hspi->Init.Mode == SPI_MODE_MASTER))
3180:Drivers/STM32G4xx_HAL_Driver/Src/stm32g4xx_hal_spi.c ****     {
3181:Drivers/STM32G4xx_HAL_Driver/Src/stm32g4xx_hal_spi.c ****       /* Disable Rx/Tx DMA Request (done by default to handle the case master rx direction 2 lines)
3182:Drivers/STM32G4xx_HAL_Driver/Src/stm32g4xx_hal_spi.c ****       CLEAR_BIT(hspi->Instance->CR2, SPI_CR2_TXDMAEN | SPI_CR2_RXDMAEN);
3183:Drivers/STM32G4xx_HAL_Driver/Src/stm32g4xx_hal_spi.c ****     }
3184:Drivers/STM32G4xx_HAL_Driver/Src/stm32g4xx_hal_spi.c ****     else
3185:Drivers/STM32G4xx_HAL_Driver/Src/stm32g4xx_hal_spi.c ****     {
3186:Drivers/STM32G4xx_HAL_Driver/Src/stm32g4xx_hal_spi.c ****       /* Normal case */
3187:Drivers/STM32G4xx_HAL_Driver/Src/stm32g4xx_hal_spi.c ****       CLEAR_BIT(hspi->Instance->CR2, SPI_CR2_RXDMAEN);
3188:Drivers/STM32G4xx_HAL_Driver/Src/stm32g4xx_hal_spi.c ****     }
3189:Drivers/STM32G4xx_HAL_Driver/Src/stm32g4xx_hal_spi.c **** 
3190:Drivers/STM32G4xx_HAL_Driver/Src/stm32g4xx_hal_spi.c ****     /* Check the end of the transaction */
3191:Drivers/STM32G4xx_HAL_Driver/Src/stm32g4xx_hal_spi.c ****     if (SPI_EndRxTransaction(hspi, SPI_DEFAULT_TIMEOUT, tickstart) != HAL_OK)
3192:Drivers/STM32G4xx_HAL_Driver/Src/stm32g4xx_hal_spi.c ****     {
3193:Drivers/STM32G4xx_HAL_Driver/Src/stm32g4xx_hal_spi.c ****       hspi->ErrorCode = HAL_SPI_ERROR_FLAG;
3194:Drivers/STM32G4xx_HAL_Driver/Src/stm32g4xx_hal_spi.c ****     }
3195:Drivers/STM32G4xx_HAL_Driver/Src/stm32g4xx_hal_spi.c **** 
3196:Drivers/STM32G4xx_HAL_Driver/Src/stm32g4xx_hal_spi.c ****     hspi->RxXferCount = 0U;
3197:Drivers/STM32G4xx_HAL_Driver/Src/stm32g4xx_hal_spi.c ****     hspi->State = HAL_SPI_STATE_READY;
3198:Drivers/STM32G4xx_HAL_Driver/Src/stm32g4xx_hal_spi.c **** 
3199:Drivers/STM32G4xx_HAL_Driver/Src/stm32g4xx_hal_spi.c **** #if (USE_SPI_CRC != 0U)
3200:Drivers/STM32G4xx_HAL_Driver/Src/stm32g4xx_hal_spi.c ****     /* Check if CRC error occurred */
3201:Drivers/STM32G4xx_HAL_Driver/Src/stm32g4xx_hal_spi.c ****     if (__HAL_SPI_GET_FLAG(hspi, SPI_FLAG_CRCERR))
3202:Drivers/STM32G4xx_HAL_Driver/Src/stm32g4xx_hal_spi.c ****     {
3203:Drivers/STM32G4xx_HAL_Driver/Src/stm32g4xx_hal_spi.c ****       SET_BIT(hspi->ErrorCode, HAL_SPI_ERROR_CRC);
3204:Drivers/STM32G4xx_HAL_Driver/Src/stm32g4xx_hal_spi.c ****       __HAL_SPI_CLEAR_CRCERRFLAG(hspi);
3205:Drivers/STM32G4xx_HAL_Driver/Src/stm32g4xx_hal_spi.c ****     }
3206:Drivers/STM32G4xx_HAL_Driver/Src/stm32g4xx_hal_spi.c **** #endif /* USE_SPI_CRC */
3207:Drivers/STM32G4xx_HAL_Driver/Src/stm32g4xx_hal_spi.c **** 
3208:Drivers/STM32G4xx_HAL_Driver/Src/stm32g4xx_hal_spi.c ****     if (hspi->ErrorCode != HAL_SPI_ERROR_NONE)
3209:Drivers/STM32G4xx_HAL_Driver/Src/stm32g4xx_hal_spi.c ****     {
3210:Drivers/STM32G4xx_HAL_Driver/Src/stm32g4xx_hal_spi.c ****       /* Call user error callback */
3211:Drivers/STM32G4xx_HAL_Driver/Src/stm32g4xx_hal_spi.c **** #if (USE_HAL_SPI_REGISTER_CALLBACKS == 1U)
3212:Drivers/STM32G4xx_HAL_Driver/Src/stm32g4xx_hal_spi.c ****       hspi->ErrorCallback(hspi);
3213:Drivers/STM32G4xx_HAL_Driver/Src/stm32g4xx_hal_spi.c **** #else
3214:Drivers/STM32G4xx_HAL_Driver/Src/stm32g4xx_hal_spi.c ****       HAL_SPI_ErrorCallback(hspi);
3215:Drivers/STM32G4xx_HAL_Driver/Src/stm32g4xx_hal_spi.c **** #endif /* USE_HAL_SPI_REGISTER_CALLBACKS */
3216:Drivers/STM32G4xx_HAL_Driver/Src/stm32g4xx_hal_spi.c ****       return;
3217:Drivers/STM32G4xx_HAL_Driver/Src/stm32g4xx_hal_spi.c ****     }
3218:Drivers/STM32G4xx_HAL_Driver/Src/stm32g4xx_hal_spi.c ****   }
3219:Drivers/STM32G4xx_HAL_Driver/Src/stm32g4xx_hal_spi.c ****   /* Call user Rx complete callback */
3220:Drivers/STM32G4xx_HAL_Driver/Src/stm32g4xx_hal_spi.c **** #if (USE_HAL_SPI_REGISTER_CALLBACKS == 1U)
3221:Drivers/STM32G4xx_HAL_Driver/Src/stm32g4xx_hal_spi.c ****   hspi->RxCpltCallback(hspi);
3222:Drivers/STM32G4xx_HAL_Driver/Src/stm32g4xx_hal_spi.c **** #else
ARM GAS  C:\Users\Booster\AppData\Local\Temp\ccQdKe81.s 			page 58


3223:Drivers/STM32G4xx_HAL_Driver/Src/stm32g4xx_hal_spi.c ****   HAL_SPI_RxCpltCallback(hspi);
3224:Drivers/STM32G4xx_HAL_Driver/Src/stm32g4xx_hal_spi.c **** #endif /* USE_HAL_SPI_REGISTER_CALLBACKS */
3225:Drivers/STM32G4xx_HAL_Driver/Src/stm32g4xx_hal_spi.c **** }
3226:Drivers/STM32G4xx_HAL_Driver/Src/stm32g4xx_hal_spi.c **** 
3227:Drivers/STM32G4xx_HAL_Driver/Src/stm32g4xx_hal_spi.c **** /**
3228:Drivers/STM32G4xx_HAL_Driver/Src/stm32g4xx_hal_spi.c ****   * @brief  DMA SPI transmit receive process complete callback.
3229:Drivers/STM32G4xx_HAL_Driver/Src/stm32g4xx_hal_spi.c ****   * @param  hdma pointer to a DMA_HandleTypeDef structure that contains
3230:Drivers/STM32G4xx_HAL_Driver/Src/stm32g4xx_hal_spi.c ****   *               the configuration information for the specified DMA module.
3231:Drivers/STM32G4xx_HAL_Driver/Src/stm32g4xx_hal_spi.c ****   * @retval None
3232:Drivers/STM32G4xx_HAL_Driver/Src/stm32g4xx_hal_spi.c ****   */
3233:Drivers/STM32G4xx_HAL_Driver/Src/stm32g4xx_hal_spi.c **** static void SPI_DMATransmitReceiveCplt(DMA_HandleTypeDef *hdma)
3234:Drivers/STM32G4xx_HAL_Driver/Src/stm32g4xx_hal_spi.c **** {
3235:Drivers/STM32G4xx_HAL_Driver/Src/stm32g4xx_hal_spi.c ****   SPI_HandleTypeDef *hspi = (SPI_HandleTypeDef *)(((DMA_HandleTypeDef *)hdma)->Parent); /* Derogati
3236:Drivers/STM32G4xx_HAL_Driver/Src/stm32g4xx_hal_spi.c ****   uint32_t tickstart;
3237:Drivers/STM32G4xx_HAL_Driver/Src/stm32g4xx_hal_spi.c **** #if (USE_SPI_CRC != 0U)
3238:Drivers/STM32G4xx_HAL_Driver/Src/stm32g4xx_hal_spi.c ****   __IO uint32_t tmpreg = 0U;
3239:Drivers/STM32G4xx_HAL_Driver/Src/stm32g4xx_hal_spi.c ****   __IO uint8_t  *ptmpreg8;
3240:Drivers/STM32G4xx_HAL_Driver/Src/stm32g4xx_hal_spi.c ****   __IO uint8_t  tmpreg8 = 0;
3241:Drivers/STM32G4xx_HAL_Driver/Src/stm32g4xx_hal_spi.c **** #endif /* USE_SPI_CRC */
3242:Drivers/STM32G4xx_HAL_Driver/Src/stm32g4xx_hal_spi.c **** 
3243:Drivers/STM32G4xx_HAL_Driver/Src/stm32g4xx_hal_spi.c ****   /* Init tickstart for timeout management*/
3244:Drivers/STM32G4xx_HAL_Driver/Src/stm32g4xx_hal_spi.c ****   tickstart = HAL_GetTick();
3245:Drivers/STM32G4xx_HAL_Driver/Src/stm32g4xx_hal_spi.c **** 
3246:Drivers/STM32G4xx_HAL_Driver/Src/stm32g4xx_hal_spi.c ****   /* DMA Normal Mode */
3247:Drivers/STM32G4xx_HAL_Driver/Src/stm32g4xx_hal_spi.c ****   if ((hdma->Instance->CCR & DMA_CCR_CIRC) != DMA_CCR_CIRC)
3248:Drivers/STM32G4xx_HAL_Driver/Src/stm32g4xx_hal_spi.c ****   {
3249:Drivers/STM32G4xx_HAL_Driver/Src/stm32g4xx_hal_spi.c ****     /* Disable ERR interrupt */
3250:Drivers/STM32G4xx_HAL_Driver/Src/stm32g4xx_hal_spi.c ****     __HAL_SPI_DISABLE_IT(hspi, SPI_IT_ERR);
3251:Drivers/STM32G4xx_HAL_Driver/Src/stm32g4xx_hal_spi.c **** 
3252:Drivers/STM32G4xx_HAL_Driver/Src/stm32g4xx_hal_spi.c **** #if (USE_SPI_CRC != 0U)
3253:Drivers/STM32G4xx_HAL_Driver/Src/stm32g4xx_hal_spi.c ****     /* CRC handling */
3254:Drivers/STM32G4xx_HAL_Driver/Src/stm32g4xx_hal_spi.c ****     if (hspi->Init.CRCCalculation == SPI_CRCCALCULATION_ENABLE)
3255:Drivers/STM32G4xx_HAL_Driver/Src/stm32g4xx_hal_spi.c ****     {
3256:Drivers/STM32G4xx_HAL_Driver/Src/stm32g4xx_hal_spi.c ****       if ((hspi->Init.DataSize == SPI_DATASIZE_8BIT) && (hspi->Init.CRCLength == SPI_CRC_LENGTH_8BI
3257:Drivers/STM32G4xx_HAL_Driver/Src/stm32g4xx_hal_spi.c ****       {
3258:Drivers/STM32G4xx_HAL_Driver/Src/stm32g4xx_hal_spi.c ****         if (SPI_WaitFifoStateUntilTimeout(hspi, SPI_FLAG_FRLVL, SPI_FRLVL_QUARTER_FULL, SPI_DEFAULT
3259:Drivers/STM32G4xx_HAL_Driver/Src/stm32g4xx_hal_spi.c ****                                           tickstart) != HAL_OK)
3260:Drivers/STM32G4xx_HAL_Driver/Src/stm32g4xx_hal_spi.c ****         {
3261:Drivers/STM32G4xx_HAL_Driver/Src/stm32g4xx_hal_spi.c ****           /* Error on the CRC reception */
3262:Drivers/STM32G4xx_HAL_Driver/Src/stm32g4xx_hal_spi.c ****           SET_BIT(hspi->ErrorCode, HAL_SPI_ERROR_CRC);
3263:Drivers/STM32G4xx_HAL_Driver/Src/stm32g4xx_hal_spi.c ****         }
3264:Drivers/STM32G4xx_HAL_Driver/Src/stm32g4xx_hal_spi.c ****         /* Initialize the 8bit temporary pointer */
3265:Drivers/STM32G4xx_HAL_Driver/Src/stm32g4xx_hal_spi.c ****         ptmpreg8 = (__IO uint8_t *)&hspi->Instance->DR;
3266:Drivers/STM32G4xx_HAL_Driver/Src/stm32g4xx_hal_spi.c ****         /* Read 8bit CRC */
3267:Drivers/STM32G4xx_HAL_Driver/Src/stm32g4xx_hal_spi.c ****         tmpreg8 = *ptmpreg8;
3268:Drivers/STM32G4xx_HAL_Driver/Src/stm32g4xx_hal_spi.c ****         /* To avoid GCC warning */
3269:Drivers/STM32G4xx_HAL_Driver/Src/stm32g4xx_hal_spi.c ****         UNUSED(tmpreg8);
3270:Drivers/STM32G4xx_HAL_Driver/Src/stm32g4xx_hal_spi.c ****       }
3271:Drivers/STM32G4xx_HAL_Driver/Src/stm32g4xx_hal_spi.c ****       else
3272:Drivers/STM32G4xx_HAL_Driver/Src/stm32g4xx_hal_spi.c ****       {
3273:Drivers/STM32G4xx_HAL_Driver/Src/stm32g4xx_hal_spi.c ****         if (SPI_WaitFifoStateUntilTimeout(hspi, SPI_FLAG_FRLVL, SPI_FRLVL_HALF_FULL, SPI_DEFAULT_TI
3274:Drivers/STM32G4xx_HAL_Driver/Src/stm32g4xx_hal_spi.c ****         {
3275:Drivers/STM32G4xx_HAL_Driver/Src/stm32g4xx_hal_spi.c ****           /* Error on the CRC reception */
3276:Drivers/STM32G4xx_HAL_Driver/Src/stm32g4xx_hal_spi.c ****           SET_BIT(hspi->ErrorCode, HAL_SPI_ERROR_CRC);
3277:Drivers/STM32G4xx_HAL_Driver/Src/stm32g4xx_hal_spi.c ****         }
3278:Drivers/STM32G4xx_HAL_Driver/Src/stm32g4xx_hal_spi.c ****         /* Read CRC to Flush DR and RXNE flag */
3279:Drivers/STM32G4xx_HAL_Driver/Src/stm32g4xx_hal_spi.c ****         tmpreg = READ_REG(hspi->Instance->DR);
ARM GAS  C:\Users\Booster\AppData\Local\Temp\ccQdKe81.s 			page 59


3280:Drivers/STM32G4xx_HAL_Driver/Src/stm32g4xx_hal_spi.c ****         /* To avoid GCC warning */
3281:Drivers/STM32G4xx_HAL_Driver/Src/stm32g4xx_hal_spi.c ****         UNUSED(tmpreg);
3282:Drivers/STM32G4xx_HAL_Driver/Src/stm32g4xx_hal_spi.c ****       }
3283:Drivers/STM32G4xx_HAL_Driver/Src/stm32g4xx_hal_spi.c ****     }
3284:Drivers/STM32G4xx_HAL_Driver/Src/stm32g4xx_hal_spi.c **** #endif /* USE_SPI_CRC */
3285:Drivers/STM32G4xx_HAL_Driver/Src/stm32g4xx_hal_spi.c **** 
3286:Drivers/STM32G4xx_HAL_Driver/Src/stm32g4xx_hal_spi.c ****     /* Check the end of the transaction */
3287:Drivers/STM32G4xx_HAL_Driver/Src/stm32g4xx_hal_spi.c ****     if (SPI_EndRxTxTransaction(hspi, SPI_DEFAULT_TIMEOUT, tickstart) != HAL_OK)
3288:Drivers/STM32G4xx_HAL_Driver/Src/stm32g4xx_hal_spi.c ****     {
3289:Drivers/STM32G4xx_HAL_Driver/Src/stm32g4xx_hal_spi.c ****       SET_BIT(hspi->ErrorCode, HAL_SPI_ERROR_FLAG);
3290:Drivers/STM32G4xx_HAL_Driver/Src/stm32g4xx_hal_spi.c ****     }
3291:Drivers/STM32G4xx_HAL_Driver/Src/stm32g4xx_hal_spi.c **** 
3292:Drivers/STM32G4xx_HAL_Driver/Src/stm32g4xx_hal_spi.c ****     /* Disable Rx/Tx DMA Request */
3293:Drivers/STM32G4xx_HAL_Driver/Src/stm32g4xx_hal_spi.c ****     CLEAR_BIT(hspi->Instance->CR2, SPI_CR2_TXDMAEN | SPI_CR2_RXDMAEN);
3294:Drivers/STM32G4xx_HAL_Driver/Src/stm32g4xx_hal_spi.c **** 
3295:Drivers/STM32G4xx_HAL_Driver/Src/stm32g4xx_hal_spi.c ****     hspi->TxXferCount = 0U;
3296:Drivers/STM32G4xx_HAL_Driver/Src/stm32g4xx_hal_spi.c ****     hspi->RxXferCount = 0U;
3297:Drivers/STM32G4xx_HAL_Driver/Src/stm32g4xx_hal_spi.c ****     hspi->State = HAL_SPI_STATE_READY;
3298:Drivers/STM32G4xx_HAL_Driver/Src/stm32g4xx_hal_spi.c **** 
3299:Drivers/STM32G4xx_HAL_Driver/Src/stm32g4xx_hal_spi.c **** #if (USE_SPI_CRC != 0U)
3300:Drivers/STM32G4xx_HAL_Driver/Src/stm32g4xx_hal_spi.c ****     /* Check if CRC error occurred */
3301:Drivers/STM32G4xx_HAL_Driver/Src/stm32g4xx_hal_spi.c ****     if (__HAL_SPI_GET_FLAG(hspi, SPI_FLAG_CRCERR))
3302:Drivers/STM32G4xx_HAL_Driver/Src/stm32g4xx_hal_spi.c ****     {
3303:Drivers/STM32G4xx_HAL_Driver/Src/stm32g4xx_hal_spi.c ****       SET_BIT(hspi->ErrorCode, HAL_SPI_ERROR_CRC);
3304:Drivers/STM32G4xx_HAL_Driver/Src/stm32g4xx_hal_spi.c ****       __HAL_SPI_CLEAR_CRCERRFLAG(hspi);
3305:Drivers/STM32G4xx_HAL_Driver/Src/stm32g4xx_hal_spi.c ****     }
3306:Drivers/STM32G4xx_HAL_Driver/Src/stm32g4xx_hal_spi.c **** #endif /* USE_SPI_CRC */
3307:Drivers/STM32G4xx_HAL_Driver/Src/stm32g4xx_hal_spi.c **** 
3308:Drivers/STM32G4xx_HAL_Driver/Src/stm32g4xx_hal_spi.c ****     if (hspi->ErrorCode != HAL_SPI_ERROR_NONE)
3309:Drivers/STM32G4xx_HAL_Driver/Src/stm32g4xx_hal_spi.c ****     {
3310:Drivers/STM32G4xx_HAL_Driver/Src/stm32g4xx_hal_spi.c ****       /* Call user error callback */
3311:Drivers/STM32G4xx_HAL_Driver/Src/stm32g4xx_hal_spi.c **** #if (USE_HAL_SPI_REGISTER_CALLBACKS == 1U)
3312:Drivers/STM32G4xx_HAL_Driver/Src/stm32g4xx_hal_spi.c ****       hspi->ErrorCallback(hspi);
3313:Drivers/STM32G4xx_HAL_Driver/Src/stm32g4xx_hal_spi.c **** #else
3314:Drivers/STM32G4xx_HAL_Driver/Src/stm32g4xx_hal_spi.c ****       HAL_SPI_ErrorCallback(hspi);
3315:Drivers/STM32G4xx_HAL_Driver/Src/stm32g4xx_hal_spi.c **** #endif /* USE_HAL_SPI_REGISTER_CALLBACKS */
3316:Drivers/STM32G4xx_HAL_Driver/Src/stm32g4xx_hal_spi.c ****       return;
3317:Drivers/STM32G4xx_HAL_Driver/Src/stm32g4xx_hal_spi.c ****     }
3318:Drivers/STM32G4xx_HAL_Driver/Src/stm32g4xx_hal_spi.c ****   }
3319:Drivers/STM32G4xx_HAL_Driver/Src/stm32g4xx_hal_spi.c ****   /* Call user TxRx complete callback */
3320:Drivers/STM32G4xx_HAL_Driver/Src/stm32g4xx_hal_spi.c **** #if (USE_HAL_SPI_REGISTER_CALLBACKS == 1U)
3321:Drivers/STM32G4xx_HAL_Driver/Src/stm32g4xx_hal_spi.c ****   hspi->TxRxCpltCallback(hspi);
3322:Drivers/STM32G4xx_HAL_Driver/Src/stm32g4xx_hal_spi.c **** #else
3323:Drivers/STM32G4xx_HAL_Driver/Src/stm32g4xx_hal_spi.c ****   HAL_SPI_TxRxCpltCallback(hspi);
3324:Drivers/STM32G4xx_HAL_Driver/Src/stm32g4xx_hal_spi.c **** #endif /* USE_HAL_SPI_REGISTER_CALLBACKS */
3325:Drivers/STM32G4xx_HAL_Driver/Src/stm32g4xx_hal_spi.c **** }
3326:Drivers/STM32G4xx_HAL_Driver/Src/stm32g4xx_hal_spi.c **** 
3327:Drivers/STM32G4xx_HAL_Driver/Src/stm32g4xx_hal_spi.c **** /**
3328:Drivers/STM32G4xx_HAL_Driver/Src/stm32g4xx_hal_spi.c ****   * @brief  DMA SPI half transmit process complete callback.
3329:Drivers/STM32G4xx_HAL_Driver/Src/stm32g4xx_hal_spi.c ****   * @param  hdma pointer to a DMA_HandleTypeDef structure that contains
3330:Drivers/STM32G4xx_HAL_Driver/Src/stm32g4xx_hal_spi.c ****   *               the configuration information for the specified DMA module.
3331:Drivers/STM32G4xx_HAL_Driver/Src/stm32g4xx_hal_spi.c ****   * @retval None
3332:Drivers/STM32G4xx_HAL_Driver/Src/stm32g4xx_hal_spi.c ****   */
3333:Drivers/STM32G4xx_HAL_Driver/Src/stm32g4xx_hal_spi.c **** static void SPI_DMAHalfTransmitCplt(DMA_HandleTypeDef *hdma)
3334:Drivers/STM32G4xx_HAL_Driver/Src/stm32g4xx_hal_spi.c **** {
3335:Drivers/STM32G4xx_HAL_Driver/Src/stm32g4xx_hal_spi.c ****   SPI_HandleTypeDef *hspi = (SPI_HandleTypeDef *)(((DMA_HandleTypeDef *)hdma)->Parent); /* Derogati
3336:Drivers/STM32G4xx_HAL_Driver/Src/stm32g4xx_hal_spi.c **** 
ARM GAS  C:\Users\Booster\AppData\Local\Temp\ccQdKe81.s 			page 60


3337:Drivers/STM32G4xx_HAL_Driver/Src/stm32g4xx_hal_spi.c ****   /* Call user Tx half complete callback */
3338:Drivers/STM32G4xx_HAL_Driver/Src/stm32g4xx_hal_spi.c **** #if (USE_HAL_SPI_REGISTER_CALLBACKS == 1U)
3339:Drivers/STM32G4xx_HAL_Driver/Src/stm32g4xx_hal_spi.c ****   hspi->TxHalfCpltCallback(hspi);
3340:Drivers/STM32G4xx_HAL_Driver/Src/stm32g4xx_hal_spi.c **** #else
3341:Drivers/STM32G4xx_HAL_Driver/Src/stm32g4xx_hal_spi.c ****   HAL_SPI_TxHalfCpltCallback(hspi);
3342:Drivers/STM32G4xx_HAL_Driver/Src/stm32g4xx_hal_spi.c **** #endif /* USE_HAL_SPI_REGISTER_CALLBACKS */
3343:Drivers/STM32G4xx_HAL_Driver/Src/stm32g4xx_hal_spi.c **** }
3344:Drivers/STM32G4xx_HAL_Driver/Src/stm32g4xx_hal_spi.c **** 
3345:Drivers/STM32G4xx_HAL_Driver/Src/stm32g4xx_hal_spi.c **** /**
3346:Drivers/STM32G4xx_HAL_Driver/Src/stm32g4xx_hal_spi.c ****   * @brief  DMA SPI half receive process complete callback
3347:Drivers/STM32G4xx_HAL_Driver/Src/stm32g4xx_hal_spi.c ****   * @param  hdma pointer to a DMA_HandleTypeDef structure that contains
3348:Drivers/STM32G4xx_HAL_Driver/Src/stm32g4xx_hal_spi.c ****   *               the configuration information for the specified DMA module.
3349:Drivers/STM32G4xx_HAL_Driver/Src/stm32g4xx_hal_spi.c ****   * @retval None
3350:Drivers/STM32G4xx_HAL_Driver/Src/stm32g4xx_hal_spi.c ****   */
3351:Drivers/STM32G4xx_HAL_Driver/Src/stm32g4xx_hal_spi.c **** static void SPI_DMAHalfReceiveCplt(DMA_HandleTypeDef *hdma)
3352:Drivers/STM32G4xx_HAL_Driver/Src/stm32g4xx_hal_spi.c **** {
3353:Drivers/STM32G4xx_HAL_Driver/Src/stm32g4xx_hal_spi.c ****   SPI_HandleTypeDef *hspi = (SPI_HandleTypeDef *)(((DMA_HandleTypeDef *)hdma)->Parent); /* Derogati
3354:Drivers/STM32G4xx_HAL_Driver/Src/stm32g4xx_hal_spi.c **** 
3355:Drivers/STM32G4xx_HAL_Driver/Src/stm32g4xx_hal_spi.c ****   /* Call user Rx half complete callback */
3356:Drivers/STM32G4xx_HAL_Driver/Src/stm32g4xx_hal_spi.c **** #if (USE_HAL_SPI_REGISTER_CALLBACKS == 1U)
3357:Drivers/STM32G4xx_HAL_Driver/Src/stm32g4xx_hal_spi.c ****   hspi->RxHalfCpltCallback(hspi);
3358:Drivers/STM32G4xx_HAL_Driver/Src/stm32g4xx_hal_spi.c **** #else
3359:Drivers/STM32G4xx_HAL_Driver/Src/stm32g4xx_hal_spi.c ****   HAL_SPI_RxHalfCpltCallback(hspi);
3360:Drivers/STM32G4xx_HAL_Driver/Src/stm32g4xx_hal_spi.c **** #endif /* USE_HAL_SPI_REGISTER_CALLBACKS */
3361:Drivers/STM32G4xx_HAL_Driver/Src/stm32g4xx_hal_spi.c **** }
3362:Drivers/STM32G4xx_HAL_Driver/Src/stm32g4xx_hal_spi.c **** 
3363:Drivers/STM32G4xx_HAL_Driver/Src/stm32g4xx_hal_spi.c **** /**
3364:Drivers/STM32G4xx_HAL_Driver/Src/stm32g4xx_hal_spi.c ****   * @brief  DMA SPI half transmit receive process complete callback.
3365:Drivers/STM32G4xx_HAL_Driver/Src/stm32g4xx_hal_spi.c ****   * @param  hdma pointer to a DMA_HandleTypeDef structure that contains
3366:Drivers/STM32G4xx_HAL_Driver/Src/stm32g4xx_hal_spi.c ****   *               the configuration information for the specified DMA module.
3367:Drivers/STM32G4xx_HAL_Driver/Src/stm32g4xx_hal_spi.c ****   * @retval None
3368:Drivers/STM32G4xx_HAL_Driver/Src/stm32g4xx_hal_spi.c ****   */
3369:Drivers/STM32G4xx_HAL_Driver/Src/stm32g4xx_hal_spi.c **** static void SPI_DMAHalfTransmitReceiveCplt(DMA_HandleTypeDef *hdma)
3370:Drivers/STM32G4xx_HAL_Driver/Src/stm32g4xx_hal_spi.c **** {
3371:Drivers/STM32G4xx_HAL_Driver/Src/stm32g4xx_hal_spi.c ****   SPI_HandleTypeDef *hspi = (SPI_HandleTypeDef *)(((DMA_HandleTypeDef *)hdma)->Parent); /* Derogati
3372:Drivers/STM32G4xx_HAL_Driver/Src/stm32g4xx_hal_spi.c **** 
3373:Drivers/STM32G4xx_HAL_Driver/Src/stm32g4xx_hal_spi.c ****   /* Call user TxRx half complete callback */
3374:Drivers/STM32G4xx_HAL_Driver/Src/stm32g4xx_hal_spi.c **** #if (USE_HAL_SPI_REGISTER_CALLBACKS == 1U)
3375:Drivers/STM32G4xx_HAL_Driver/Src/stm32g4xx_hal_spi.c ****   hspi->TxRxHalfCpltCallback(hspi);
3376:Drivers/STM32G4xx_HAL_Driver/Src/stm32g4xx_hal_spi.c **** #else
3377:Drivers/STM32G4xx_HAL_Driver/Src/stm32g4xx_hal_spi.c ****   HAL_SPI_TxRxHalfCpltCallback(hspi);
3378:Drivers/STM32G4xx_HAL_Driver/Src/stm32g4xx_hal_spi.c **** #endif /* USE_HAL_SPI_REGISTER_CALLBACKS */
3379:Drivers/STM32G4xx_HAL_Driver/Src/stm32g4xx_hal_spi.c **** }
3380:Drivers/STM32G4xx_HAL_Driver/Src/stm32g4xx_hal_spi.c **** 
3381:Drivers/STM32G4xx_HAL_Driver/Src/stm32g4xx_hal_spi.c **** /**
3382:Drivers/STM32G4xx_HAL_Driver/Src/stm32g4xx_hal_spi.c ****   * @brief  DMA SPI communication error callback.
3383:Drivers/STM32G4xx_HAL_Driver/Src/stm32g4xx_hal_spi.c ****   * @param  hdma pointer to a DMA_HandleTypeDef structure that contains
3384:Drivers/STM32G4xx_HAL_Driver/Src/stm32g4xx_hal_spi.c ****   *               the configuration information for the specified DMA module.
3385:Drivers/STM32G4xx_HAL_Driver/Src/stm32g4xx_hal_spi.c ****   * @retval None
3386:Drivers/STM32G4xx_HAL_Driver/Src/stm32g4xx_hal_spi.c ****   */
3387:Drivers/STM32G4xx_HAL_Driver/Src/stm32g4xx_hal_spi.c **** static void SPI_DMAError(DMA_HandleTypeDef *hdma)
3388:Drivers/STM32G4xx_HAL_Driver/Src/stm32g4xx_hal_spi.c **** {
3389:Drivers/STM32G4xx_HAL_Driver/Src/stm32g4xx_hal_spi.c ****   SPI_HandleTypeDef *hspi = (SPI_HandleTypeDef *)(((DMA_HandleTypeDef *)hdma)->Parent); /* Derogati
3390:Drivers/STM32G4xx_HAL_Driver/Src/stm32g4xx_hal_spi.c **** 
3391:Drivers/STM32G4xx_HAL_Driver/Src/stm32g4xx_hal_spi.c ****   /* Stop the disable DMA transfer on SPI side */
3392:Drivers/STM32G4xx_HAL_Driver/Src/stm32g4xx_hal_spi.c ****   CLEAR_BIT(hspi->Instance->CR2, SPI_CR2_TXDMAEN | SPI_CR2_RXDMAEN);
3393:Drivers/STM32G4xx_HAL_Driver/Src/stm32g4xx_hal_spi.c **** 
ARM GAS  C:\Users\Booster\AppData\Local\Temp\ccQdKe81.s 			page 61


3394:Drivers/STM32G4xx_HAL_Driver/Src/stm32g4xx_hal_spi.c ****   SET_BIT(hspi->ErrorCode, HAL_SPI_ERROR_DMA);
3395:Drivers/STM32G4xx_HAL_Driver/Src/stm32g4xx_hal_spi.c ****   hspi->State = HAL_SPI_STATE_READY;
3396:Drivers/STM32G4xx_HAL_Driver/Src/stm32g4xx_hal_spi.c ****   /* Call user error callback */
3397:Drivers/STM32G4xx_HAL_Driver/Src/stm32g4xx_hal_spi.c **** #if (USE_HAL_SPI_REGISTER_CALLBACKS == 1U)
3398:Drivers/STM32G4xx_HAL_Driver/Src/stm32g4xx_hal_spi.c ****   hspi->ErrorCallback(hspi);
3399:Drivers/STM32G4xx_HAL_Driver/Src/stm32g4xx_hal_spi.c **** #else
3400:Drivers/STM32G4xx_HAL_Driver/Src/stm32g4xx_hal_spi.c ****   HAL_SPI_ErrorCallback(hspi);
3401:Drivers/STM32G4xx_HAL_Driver/Src/stm32g4xx_hal_spi.c **** #endif /* USE_HAL_SPI_REGISTER_CALLBACKS */
3402:Drivers/STM32G4xx_HAL_Driver/Src/stm32g4xx_hal_spi.c **** }
3403:Drivers/STM32G4xx_HAL_Driver/Src/stm32g4xx_hal_spi.c **** 
3404:Drivers/STM32G4xx_HAL_Driver/Src/stm32g4xx_hal_spi.c **** /**
3405:Drivers/STM32G4xx_HAL_Driver/Src/stm32g4xx_hal_spi.c ****   * @brief  DMA SPI communication abort callback, when initiated by HAL services on Error
3406:Drivers/STM32G4xx_HAL_Driver/Src/stm32g4xx_hal_spi.c ****   *         (To be called at end of DMA Abort procedure following error occurrence).
3407:Drivers/STM32G4xx_HAL_Driver/Src/stm32g4xx_hal_spi.c ****   * @param  hdma DMA handle.
3408:Drivers/STM32G4xx_HAL_Driver/Src/stm32g4xx_hal_spi.c ****   * @retval None
3409:Drivers/STM32G4xx_HAL_Driver/Src/stm32g4xx_hal_spi.c ****   */
3410:Drivers/STM32G4xx_HAL_Driver/Src/stm32g4xx_hal_spi.c **** static void SPI_DMAAbortOnError(DMA_HandleTypeDef *hdma)
3411:Drivers/STM32G4xx_HAL_Driver/Src/stm32g4xx_hal_spi.c **** {
3412:Drivers/STM32G4xx_HAL_Driver/Src/stm32g4xx_hal_spi.c ****   SPI_HandleTypeDef *hspi = (SPI_HandleTypeDef *)(((DMA_HandleTypeDef *)hdma)->Parent); /* Derogati
3413:Drivers/STM32G4xx_HAL_Driver/Src/stm32g4xx_hal_spi.c ****   hspi->RxXferCount = 0U;
3414:Drivers/STM32G4xx_HAL_Driver/Src/stm32g4xx_hal_spi.c ****   hspi->TxXferCount = 0U;
3415:Drivers/STM32G4xx_HAL_Driver/Src/stm32g4xx_hal_spi.c **** 
3416:Drivers/STM32G4xx_HAL_Driver/Src/stm32g4xx_hal_spi.c ****   /* Call user error callback */
3417:Drivers/STM32G4xx_HAL_Driver/Src/stm32g4xx_hal_spi.c **** #if (USE_HAL_SPI_REGISTER_CALLBACKS == 1U)
3418:Drivers/STM32G4xx_HAL_Driver/Src/stm32g4xx_hal_spi.c ****   hspi->ErrorCallback(hspi);
3419:Drivers/STM32G4xx_HAL_Driver/Src/stm32g4xx_hal_spi.c **** #else
3420:Drivers/STM32G4xx_HAL_Driver/Src/stm32g4xx_hal_spi.c ****   HAL_SPI_ErrorCallback(hspi);
3421:Drivers/STM32G4xx_HAL_Driver/Src/stm32g4xx_hal_spi.c **** #endif /* USE_HAL_SPI_REGISTER_CALLBACKS */
3422:Drivers/STM32G4xx_HAL_Driver/Src/stm32g4xx_hal_spi.c **** }
3423:Drivers/STM32G4xx_HAL_Driver/Src/stm32g4xx_hal_spi.c **** 
3424:Drivers/STM32G4xx_HAL_Driver/Src/stm32g4xx_hal_spi.c **** /**
3425:Drivers/STM32G4xx_HAL_Driver/Src/stm32g4xx_hal_spi.c ****   * @brief  DMA SPI Tx communication abort callback, when initiated by user
3426:Drivers/STM32G4xx_HAL_Driver/Src/stm32g4xx_hal_spi.c ****   *         (To be called at end of DMA Tx Abort procedure following user abort request).
3427:Drivers/STM32G4xx_HAL_Driver/Src/stm32g4xx_hal_spi.c ****   * @note   When this callback is executed, User Abort complete call back is called only if no
3428:Drivers/STM32G4xx_HAL_Driver/Src/stm32g4xx_hal_spi.c ****   *         Abort still ongoing for Rx DMA Handle.
3429:Drivers/STM32G4xx_HAL_Driver/Src/stm32g4xx_hal_spi.c ****   * @param  hdma DMA handle.
3430:Drivers/STM32G4xx_HAL_Driver/Src/stm32g4xx_hal_spi.c ****   * @retval None
3431:Drivers/STM32G4xx_HAL_Driver/Src/stm32g4xx_hal_spi.c ****   */
3432:Drivers/STM32G4xx_HAL_Driver/Src/stm32g4xx_hal_spi.c **** static void SPI_DMATxAbortCallback(DMA_HandleTypeDef *hdma)
3433:Drivers/STM32G4xx_HAL_Driver/Src/stm32g4xx_hal_spi.c **** {
3434:Drivers/STM32G4xx_HAL_Driver/Src/stm32g4xx_hal_spi.c ****   SPI_HandleTypeDef *hspi = (SPI_HandleTypeDef *)(((DMA_HandleTypeDef *)hdma)->Parent); /* Derogati
3435:Drivers/STM32G4xx_HAL_Driver/Src/stm32g4xx_hal_spi.c **** 
3436:Drivers/STM32G4xx_HAL_Driver/Src/stm32g4xx_hal_spi.c ****   hspi->hdmatx->XferAbortCallback = NULL;
3437:Drivers/STM32G4xx_HAL_Driver/Src/stm32g4xx_hal_spi.c **** 
3438:Drivers/STM32G4xx_HAL_Driver/Src/stm32g4xx_hal_spi.c ****   /* Disable Tx DMA Request */
3439:Drivers/STM32G4xx_HAL_Driver/Src/stm32g4xx_hal_spi.c ****   CLEAR_BIT(hspi->Instance->CR2, SPI_CR2_TXDMAEN);
3440:Drivers/STM32G4xx_HAL_Driver/Src/stm32g4xx_hal_spi.c **** 
3441:Drivers/STM32G4xx_HAL_Driver/Src/stm32g4xx_hal_spi.c ****   if (SPI_EndRxTxTransaction(hspi, SPI_DEFAULT_TIMEOUT, HAL_GetTick()) != HAL_OK)
3442:Drivers/STM32G4xx_HAL_Driver/Src/stm32g4xx_hal_spi.c ****   {
3443:Drivers/STM32G4xx_HAL_Driver/Src/stm32g4xx_hal_spi.c ****     hspi->ErrorCode = HAL_SPI_ERROR_ABORT;
3444:Drivers/STM32G4xx_HAL_Driver/Src/stm32g4xx_hal_spi.c ****   }
3445:Drivers/STM32G4xx_HAL_Driver/Src/stm32g4xx_hal_spi.c **** 
3446:Drivers/STM32G4xx_HAL_Driver/Src/stm32g4xx_hal_spi.c ****   /* Disable SPI Peripheral */
3447:Drivers/STM32G4xx_HAL_Driver/Src/stm32g4xx_hal_spi.c ****   __HAL_SPI_DISABLE(hspi);
3448:Drivers/STM32G4xx_HAL_Driver/Src/stm32g4xx_hal_spi.c **** 
3449:Drivers/STM32G4xx_HAL_Driver/Src/stm32g4xx_hal_spi.c ****   /* Empty the FRLVL fifo */
3450:Drivers/STM32G4xx_HAL_Driver/Src/stm32g4xx_hal_spi.c ****   if (SPI_WaitFifoStateUntilTimeout(hspi, SPI_FLAG_FRLVL, SPI_FRLVL_EMPTY, SPI_DEFAULT_TIMEOUT, HAL
ARM GAS  C:\Users\Booster\AppData\Local\Temp\ccQdKe81.s 			page 62


3451:Drivers/STM32G4xx_HAL_Driver/Src/stm32g4xx_hal_spi.c ****   {
3452:Drivers/STM32G4xx_HAL_Driver/Src/stm32g4xx_hal_spi.c ****     hspi->ErrorCode = HAL_SPI_ERROR_ABORT;
3453:Drivers/STM32G4xx_HAL_Driver/Src/stm32g4xx_hal_spi.c ****   }
3454:Drivers/STM32G4xx_HAL_Driver/Src/stm32g4xx_hal_spi.c **** 
3455:Drivers/STM32G4xx_HAL_Driver/Src/stm32g4xx_hal_spi.c ****   /* Check if an Abort process is still ongoing */
3456:Drivers/STM32G4xx_HAL_Driver/Src/stm32g4xx_hal_spi.c ****   if (hspi->hdmarx != NULL)
3457:Drivers/STM32G4xx_HAL_Driver/Src/stm32g4xx_hal_spi.c ****   {
3458:Drivers/STM32G4xx_HAL_Driver/Src/stm32g4xx_hal_spi.c ****     if (hspi->hdmarx->XferAbortCallback != NULL)
3459:Drivers/STM32G4xx_HAL_Driver/Src/stm32g4xx_hal_spi.c ****     {
3460:Drivers/STM32G4xx_HAL_Driver/Src/stm32g4xx_hal_spi.c ****       return;
3461:Drivers/STM32G4xx_HAL_Driver/Src/stm32g4xx_hal_spi.c ****     }
3462:Drivers/STM32G4xx_HAL_Driver/Src/stm32g4xx_hal_spi.c ****   }
3463:Drivers/STM32G4xx_HAL_Driver/Src/stm32g4xx_hal_spi.c **** 
3464:Drivers/STM32G4xx_HAL_Driver/Src/stm32g4xx_hal_spi.c ****   /* No Abort process still ongoing : All DMA Stream/Channel are aborted, call user Abort Complete 
3465:Drivers/STM32G4xx_HAL_Driver/Src/stm32g4xx_hal_spi.c ****   hspi->RxXferCount = 0U;
3466:Drivers/STM32G4xx_HAL_Driver/Src/stm32g4xx_hal_spi.c ****   hspi->TxXferCount = 0U;
3467:Drivers/STM32G4xx_HAL_Driver/Src/stm32g4xx_hal_spi.c **** 
3468:Drivers/STM32G4xx_HAL_Driver/Src/stm32g4xx_hal_spi.c ****   /* Check no error during Abort procedure */
3469:Drivers/STM32G4xx_HAL_Driver/Src/stm32g4xx_hal_spi.c ****   if (hspi->ErrorCode != HAL_SPI_ERROR_ABORT)
3470:Drivers/STM32G4xx_HAL_Driver/Src/stm32g4xx_hal_spi.c ****   {
3471:Drivers/STM32G4xx_HAL_Driver/Src/stm32g4xx_hal_spi.c ****     /* Reset errorCode */
3472:Drivers/STM32G4xx_HAL_Driver/Src/stm32g4xx_hal_spi.c ****     hspi->ErrorCode = HAL_SPI_ERROR_NONE;
3473:Drivers/STM32G4xx_HAL_Driver/Src/stm32g4xx_hal_spi.c ****   }
3474:Drivers/STM32G4xx_HAL_Driver/Src/stm32g4xx_hal_spi.c **** 
3475:Drivers/STM32G4xx_HAL_Driver/Src/stm32g4xx_hal_spi.c ****   /* Clear the Error flags in the SR register */
3476:Drivers/STM32G4xx_HAL_Driver/Src/stm32g4xx_hal_spi.c ****   __HAL_SPI_CLEAR_OVRFLAG(hspi);
3477:Drivers/STM32G4xx_HAL_Driver/Src/stm32g4xx_hal_spi.c ****   __HAL_SPI_CLEAR_FREFLAG(hspi);
3478:Drivers/STM32G4xx_HAL_Driver/Src/stm32g4xx_hal_spi.c **** 
3479:Drivers/STM32G4xx_HAL_Driver/Src/stm32g4xx_hal_spi.c ****   /* Restore hspi->State to Ready */
3480:Drivers/STM32G4xx_HAL_Driver/Src/stm32g4xx_hal_spi.c ****   hspi->State  = HAL_SPI_STATE_READY;
3481:Drivers/STM32G4xx_HAL_Driver/Src/stm32g4xx_hal_spi.c **** 
3482:Drivers/STM32G4xx_HAL_Driver/Src/stm32g4xx_hal_spi.c ****   /* Call user Abort complete callback */
3483:Drivers/STM32G4xx_HAL_Driver/Src/stm32g4xx_hal_spi.c **** #if (USE_HAL_SPI_REGISTER_CALLBACKS == 1U)
3484:Drivers/STM32G4xx_HAL_Driver/Src/stm32g4xx_hal_spi.c ****   hspi->AbortCpltCallback(hspi);
3485:Drivers/STM32G4xx_HAL_Driver/Src/stm32g4xx_hal_spi.c **** #else
3486:Drivers/STM32G4xx_HAL_Driver/Src/stm32g4xx_hal_spi.c ****   HAL_SPI_AbortCpltCallback(hspi);
3487:Drivers/STM32G4xx_HAL_Driver/Src/stm32g4xx_hal_spi.c **** #endif /* USE_HAL_SPI_REGISTER_CALLBACKS */
3488:Drivers/STM32G4xx_HAL_Driver/Src/stm32g4xx_hal_spi.c **** }
3489:Drivers/STM32G4xx_HAL_Driver/Src/stm32g4xx_hal_spi.c **** 
3490:Drivers/STM32G4xx_HAL_Driver/Src/stm32g4xx_hal_spi.c **** /**
3491:Drivers/STM32G4xx_HAL_Driver/Src/stm32g4xx_hal_spi.c ****   * @brief  DMA SPI Rx communication abort callback, when initiated by user
3492:Drivers/STM32G4xx_HAL_Driver/Src/stm32g4xx_hal_spi.c ****   *         (To be called at end of DMA Rx Abort procedure following user abort request).
3493:Drivers/STM32G4xx_HAL_Driver/Src/stm32g4xx_hal_spi.c ****   * @note   When this callback is executed, User Abort complete call back is called only if no
3494:Drivers/STM32G4xx_HAL_Driver/Src/stm32g4xx_hal_spi.c ****   *         Abort still ongoing for Tx DMA Handle.
3495:Drivers/STM32G4xx_HAL_Driver/Src/stm32g4xx_hal_spi.c ****   * @param  hdma DMA handle.
3496:Drivers/STM32G4xx_HAL_Driver/Src/stm32g4xx_hal_spi.c ****   * @retval None
3497:Drivers/STM32G4xx_HAL_Driver/Src/stm32g4xx_hal_spi.c ****   */
3498:Drivers/STM32G4xx_HAL_Driver/Src/stm32g4xx_hal_spi.c **** static void SPI_DMARxAbortCallback(DMA_HandleTypeDef *hdma)
3499:Drivers/STM32G4xx_HAL_Driver/Src/stm32g4xx_hal_spi.c **** {
3500:Drivers/STM32G4xx_HAL_Driver/Src/stm32g4xx_hal_spi.c ****   SPI_HandleTypeDef *hspi = (SPI_HandleTypeDef *)(((DMA_HandleTypeDef *)hdma)->Parent); /* Derogati
3501:Drivers/STM32G4xx_HAL_Driver/Src/stm32g4xx_hal_spi.c **** 
3502:Drivers/STM32G4xx_HAL_Driver/Src/stm32g4xx_hal_spi.c ****   /* Disable SPI Peripheral */
3503:Drivers/STM32G4xx_HAL_Driver/Src/stm32g4xx_hal_spi.c ****   __HAL_SPI_DISABLE(hspi);
3504:Drivers/STM32G4xx_HAL_Driver/Src/stm32g4xx_hal_spi.c **** 
3505:Drivers/STM32G4xx_HAL_Driver/Src/stm32g4xx_hal_spi.c ****   hspi->hdmarx->XferAbortCallback = NULL;
3506:Drivers/STM32G4xx_HAL_Driver/Src/stm32g4xx_hal_spi.c **** 
3507:Drivers/STM32G4xx_HAL_Driver/Src/stm32g4xx_hal_spi.c ****   /* Disable Rx DMA Request */
ARM GAS  C:\Users\Booster\AppData\Local\Temp\ccQdKe81.s 			page 63


3508:Drivers/STM32G4xx_HAL_Driver/Src/stm32g4xx_hal_spi.c ****   CLEAR_BIT(hspi->Instance->CR2, SPI_CR2_RXDMAEN);
3509:Drivers/STM32G4xx_HAL_Driver/Src/stm32g4xx_hal_spi.c **** 
3510:Drivers/STM32G4xx_HAL_Driver/Src/stm32g4xx_hal_spi.c ****   /* Control the BSY flag */
3511:Drivers/STM32G4xx_HAL_Driver/Src/stm32g4xx_hal_spi.c ****   if (SPI_WaitFlagStateUntilTimeout(hspi, SPI_FLAG_BSY, RESET, SPI_DEFAULT_TIMEOUT, HAL_GetTick()) 
3512:Drivers/STM32G4xx_HAL_Driver/Src/stm32g4xx_hal_spi.c ****   {
3513:Drivers/STM32G4xx_HAL_Driver/Src/stm32g4xx_hal_spi.c ****     hspi->ErrorCode = HAL_SPI_ERROR_ABORT;
3514:Drivers/STM32G4xx_HAL_Driver/Src/stm32g4xx_hal_spi.c ****   }
3515:Drivers/STM32G4xx_HAL_Driver/Src/stm32g4xx_hal_spi.c **** 
3516:Drivers/STM32G4xx_HAL_Driver/Src/stm32g4xx_hal_spi.c ****   /* Empty the FRLVL fifo */
3517:Drivers/STM32G4xx_HAL_Driver/Src/stm32g4xx_hal_spi.c ****   if (SPI_WaitFifoStateUntilTimeout(hspi, SPI_FLAG_FRLVL, SPI_FRLVL_EMPTY, SPI_DEFAULT_TIMEOUT, HAL
3518:Drivers/STM32G4xx_HAL_Driver/Src/stm32g4xx_hal_spi.c ****   {
3519:Drivers/STM32G4xx_HAL_Driver/Src/stm32g4xx_hal_spi.c ****     hspi->ErrorCode = HAL_SPI_ERROR_ABORT;
3520:Drivers/STM32G4xx_HAL_Driver/Src/stm32g4xx_hal_spi.c ****   }
3521:Drivers/STM32G4xx_HAL_Driver/Src/stm32g4xx_hal_spi.c **** 
3522:Drivers/STM32G4xx_HAL_Driver/Src/stm32g4xx_hal_spi.c ****   /* Check if an Abort process is still ongoing */
3523:Drivers/STM32G4xx_HAL_Driver/Src/stm32g4xx_hal_spi.c ****   if (hspi->hdmatx != NULL)
3524:Drivers/STM32G4xx_HAL_Driver/Src/stm32g4xx_hal_spi.c ****   {
3525:Drivers/STM32G4xx_HAL_Driver/Src/stm32g4xx_hal_spi.c ****     if (hspi->hdmatx->XferAbortCallback != NULL)
3526:Drivers/STM32G4xx_HAL_Driver/Src/stm32g4xx_hal_spi.c ****     {
3527:Drivers/STM32G4xx_HAL_Driver/Src/stm32g4xx_hal_spi.c ****       return;
3528:Drivers/STM32G4xx_HAL_Driver/Src/stm32g4xx_hal_spi.c ****     }
3529:Drivers/STM32G4xx_HAL_Driver/Src/stm32g4xx_hal_spi.c ****   }
3530:Drivers/STM32G4xx_HAL_Driver/Src/stm32g4xx_hal_spi.c **** 
3531:Drivers/STM32G4xx_HAL_Driver/Src/stm32g4xx_hal_spi.c ****   /* No Abort process still ongoing : All DMA Stream/Channel are aborted, call user Abort Complete 
3532:Drivers/STM32G4xx_HAL_Driver/Src/stm32g4xx_hal_spi.c ****   hspi->RxXferCount = 0U;
3533:Drivers/STM32G4xx_HAL_Driver/Src/stm32g4xx_hal_spi.c ****   hspi->TxXferCount = 0U;
3534:Drivers/STM32G4xx_HAL_Driver/Src/stm32g4xx_hal_spi.c **** 
3535:Drivers/STM32G4xx_HAL_Driver/Src/stm32g4xx_hal_spi.c ****   /* Check no error during Abort procedure */
3536:Drivers/STM32G4xx_HAL_Driver/Src/stm32g4xx_hal_spi.c ****   if (hspi->ErrorCode != HAL_SPI_ERROR_ABORT)
3537:Drivers/STM32G4xx_HAL_Driver/Src/stm32g4xx_hal_spi.c ****   {
3538:Drivers/STM32G4xx_HAL_Driver/Src/stm32g4xx_hal_spi.c ****     /* Reset errorCode */
3539:Drivers/STM32G4xx_HAL_Driver/Src/stm32g4xx_hal_spi.c ****     hspi->ErrorCode = HAL_SPI_ERROR_NONE;
3540:Drivers/STM32G4xx_HAL_Driver/Src/stm32g4xx_hal_spi.c ****   }
3541:Drivers/STM32G4xx_HAL_Driver/Src/stm32g4xx_hal_spi.c **** 
3542:Drivers/STM32G4xx_HAL_Driver/Src/stm32g4xx_hal_spi.c ****   /* Clear the Error flags in the SR register */
3543:Drivers/STM32G4xx_HAL_Driver/Src/stm32g4xx_hal_spi.c ****   __HAL_SPI_CLEAR_OVRFLAG(hspi);
3544:Drivers/STM32G4xx_HAL_Driver/Src/stm32g4xx_hal_spi.c ****   __HAL_SPI_CLEAR_FREFLAG(hspi);
3545:Drivers/STM32G4xx_HAL_Driver/Src/stm32g4xx_hal_spi.c **** 
3546:Drivers/STM32G4xx_HAL_Driver/Src/stm32g4xx_hal_spi.c ****   /* Restore hspi->State to Ready */
3547:Drivers/STM32G4xx_HAL_Driver/Src/stm32g4xx_hal_spi.c ****   hspi->State  = HAL_SPI_STATE_READY;
3548:Drivers/STM32G4xx_HAL_Driver/Src/stm32g4xx_hal_spi.c **** 
3549:Drivers/STM32G4xx_HAL_Driver/Src/stm32g4xx_hal_spi.c ****   /* Call user Abort complete callback */
3550:Drivers/STM32G4xx_HAL_Driver/Src/stm32g4xx_hal_spi.c **** #if (USE_HAL_SPI_REGISTER_CALLBACKS == 1U)
3551:Drivers/STM32G4xx_HAL_Driver/Src/stm32g4xx_hal_spi.c ****   hspi->AbortCpltCallback(hspi);
3552:Drivers/STM32G4xx_HAL_Driver/Src/stm32g4xx_hal_spi.c **** #else
3553:Drivers/STM32G4xx_HAL_Driver/Src/stm32g4xx_hal_spi.c ****   HAL_SPI_AbortCpltCallback(hspi);
3554:Drivers/STM32G4xx_HAL_Driver/Src/stm32g4xx_hal_spi.c **** #endif /* USE_HAL_SPI_REGISTER_CALLBACKS */
3555:Drivers/STM32G4xx_HAL_Driver/Src/stm32g4xx_hal_spi.c **** }
3556:Drivers/STM32G4xx_HAL_Driver/Src/stm32g4xx_hal_spi.c **** 
3557:Drivers/STM32G4xx_HAL_Driver/Src/stm32g4xx_hal_spi.c **** /**
3558:Drivers/STM32G4xx_HAL_Driver/Src/stm32g4xx_hal_spi.c ****   * @brief  Rx 8-bit handler for Transmit and Receive in Interrupt mode.
3559:Drivers/STM32G4xx_HAL_Driver/Src/stm32g4xx_hal_spi.c ****   * @param  hspi pointer to a SPI_HandleTypeDef structure that contains
3560:Drivers/STM32G4xx_HAL_Driver/Src/stm32g4xx_hal_spi.c ****   *               the configuration information for SPI module.
3561:Drivers/STM32G4xx_HAL_Driver/Src/stm32g4xx_hal_spi.c ****   * @retval None
3562:Drivers/STM32G4xx_HAL_Driver/Src/stm32g4xx_hal_spi.c ****   */
3563:Drivers/STM32G4xx_HAL_Driver/Src/stm32g4xx_hal_spi.c **** static void SPI_2linesRxISR_8BIT(struct __SPI_HandleTypeDef *hspi)
3564:Drivers/STM32G4xx_HAL_Driver/Src/stm32g4xx_hal_spi.c **** {
ARM GAS  C:\Users\Booster\AppData\Local\Temp\ccQdKe81.s 			page 64


3565:Drivers/STM32G4xx_HAL_Driver/Src/stm32g4xx_hal_spi.c ****   /* Receive data in packing mode */
3566:Drivers/STM32G4xx_HAL_Driver/Src/stm32g4xx_hal_spi.c ****   if (hspi->RxXferCount > 1U)
3567:Drivers/STM32G4xx_HAL_Driver/Src/stm32g4xx_hal_spi.c ****   {
3568:Drivers/STM32G4xx_HAL_Driver/Src/stm32g4xx_hal_spi.c ****     *((uint16_t *)hspi->pRxBuffPtr) = (uint16_t)(hspi->Instance->DR);
3569:Drivers/STM32G4xx_HAL_Driver/Src/stm32g4xx_hal_spi.c ****     hspi->pRxBuffPtr += sizeof(uint16_t);
3570:Drivers/STM32G4xx_HAL_Driver/Src/stm32g4xx_hal_spi.c ****     hspi->RxXferCount -= 2U;
3571:Drivers/STM32G4xx_HAL_Driver/Src/stm32g4xx_hal_spi.c ****     if (hspi->RxXferCount == 1U)
3572:Drivers/STM32G4xx_HAL_Driver/Src/stm32g4xx_hal_spi.c ****     {
3573:Drivers/STM32G4xx_HAL_Driver/Src/stm32g4xx_hal_spi.c ****       /* Set RX Fifo threshold according the reception data length: 8bit */
3574:Drivers/STM32G4xx_HAL_Driver/Src/stm32g4xx_hal_spi.c ****       SET_BIT(hspi->Instance->CR2, SPI_RXFIFO_THRESHOLD);
3575:Drivers/STM32G4xx_HAL_Driver/Src/stm32g4xx_hal_spi.c ****     }
3576:Drivers/STM32G4xx_HAL_Driver/Src/stm32g4xx_hal_spi.c ****   }
3577:Drivers/STM32G4xx_HAL_Driver/Src/stm32g4xx_hal_spi.c ****   /* Receive data in 8 Bit mode */
3578:Drivers/STM32G4xx_HAL_Driver/Src/stm32g4xx_hal_spi.c ****   else
3579:Drivers/STM32G4xx_HAL_Driver/Src/stm32g4xx_hal_spi.c ****   {
3580:Drivers/STM32G4xx_HAL_Driver/Src/stm32g4xx_hal_spi.c ****     *hspi->pRxBuffPtr = *((__IO uint8_t *)&hspi->Instance->DR);
3581:Drivers/STM32G4xx_HAL_Driver/Src/stm32g4xx_hal_spi.c ****     hspi->pRxBuffPtr++;
3582:Drivers/STM32G4xx_HAL_Driver/Src/stm32g4xx_hal_spi.c ****     hspi->RxXferCount--;
3583:Drivers/STM32G4xx_HAL_Driver/Src/stm32g4xx_hal_spi.c ****   }
3584:Drivers/STM32G4xx_HAL_Driver/Src/stm32g4xx_hal_spi.c **** 
3585:Drivers/STM32G4xx_HAL_Driver/Src/stm32g4xx_hal_spi.c ****   /* Check end of the reception */
3586:Drivers/STM32G4xx_HAL_Driver/Src/stm32g4xx_hal_spi.c ****   if (hspi->RxXferCount == 0U)
3587:Drivers/STM32G4xx_HAL_Driver/Src/stm32g4xx_hal_spi.c ****   {
3588:Drivers/STM32G4xx_HAL_Driver/Src/stm32g4xx_hal_spi.c **** #if (USE_SPI_CRC != 0U)
3589:Drivers/STM32G4xx_HAL_Driver/Src/stm32g4xx_hal_spi.c ****     if (hspi->Init.CRCCalculation == SPI_CRCCALCULATION_ENABLE)
3590:Drivers/STM32G4xx_HAL_Driver/Src/stm32g4xx_hal_spi.c ****     {
3591:Drivers/STM32G4xx_HAL_Driver/Src/stm32g4xx_hal_spi.c ****       SET_BIT(hspi->Instance->CR2, SPI_RXFIFO_THRESHOLD);
3592:Drivers/STM32G4xx_HAL_Driver/Src/stm32g4xx_hal_spi.c ****       hspi->RxISR =  SPI_2linesRxISR_8BITCRC;
3593:Drivers/STM32G4xx_HAL_Driver/Src/stm32g4xx_hal_spi.c ****       return;
3594:Drivers/STM32G4xx_HAL_Driver/Src/stm32g4xx_hal_spi.c ****     }
3595:Drivers/STM32G4xx_HAL_Driver/Src/stm32g4xx_hal_spi.c **** #endif /* USE_SPI_CRC */
3596:Drivers/STM32G4xx_HAL_Driver/Src/stm32g4xx_hal_spi.c **** 
3597:Drivers/STM32G4xx_HAL_Driver/Src/stm32g4xx_hal_spi.c ****     /* Disable RXNE  and ERR interrupt */
3598:Drivers/STM32G4xx_HAL_Driver/Src/stm32g4xx_hal_spi.c ****     __HAL_SPI_DISABLE_IT(hspi, (SPI_IT_RXNE | SPI_IT_ERR));
3599:Drivers/STM32G4xx_HAL_Driver/Src/stm32g4xx_hal_spi.c **** 
3600:Drivers/STM32G4xx_HAL_Driver/Src/stm32g4xx_hal_spi.c ****     if (hspi->TxXferCount == 0U)
3601:Drivers/STM32G4xx_HAL_Driver/Src/stm32g4xx_hal_spi.c ****     {
3602:Drivers/STM32G4xx_HAL_Driver/Src/stm32g4xx_hal_spi.c ****       SPI_CloseRxTx_ISR(hspi);
3603:Drivers/STM32G4xx_HAL_Driver/Src/stm32g4xx_hal_spi.c ****     }
3604:Drivers/STM32G4xx_HAL_Driver/Src/stm32g4xx_hal_spi.c ****   }
3605:Drivers/STM32G4xx_HAL_Driver/Src/stm32g4xx_hal_spi.c **** }
3606:Drivers/STM32G4xx_HAL_Driver/Src/stm32g4xx_hal_spi.c **** 
3607:Drivers/STM32G4xx_HAL_Driver/Src/stm32g4xx_hal_spi.c **** #if (USE_SPI_CRC != 0U)
3608:Drivers/STM32G4xx_HAL_Driver/Src/stm32g4xx_hal_spi.c **** /**
3609:Drivers/STM32G4xx_HAL_Driver/Src/stm32g4xx_hal_spi.c ****   * @brief  Rx 8-bit handler for Transmit and Receive in Interrupt mode.
3610:Drivers/STM32G4xx_HAL_Driver/Src/stm32g4xx_hal_spi.c ****   * @param  hspi pointer to a SPI_HandleTypeDef structure that contains
3611:Drivers/STM32G4xx_HAL_Driver/Src/stm32g4xx_hal_spi.c ****   *               the configuration information for SPI module.
3612:Drivers/STM32G4xx_HAL_Driver/Src/stm32g4xx_hal_spi.c ****   * @retval None
3613:Drivers/STM32G4xx_HAL_Driver/Src/stm32g4xx_hal_spi.c ****   */
3614:Drivers/STM32G4xx_HAL_Driver/Src/stm32g4xx_hal_spi.c **** static void SPI_2linesRxISR_8BITCRC(struct __SPI_HandleTypeDef *hspi)
3615:Drivers/STM32G4xx_HAL_Driver/Src/stm32g4xx_hal_spi.c **** {
3616:Drivers/STM32G4xx_HAL_Driver/Src/stm32g4xx_hal_spi.c ****   __IO uint8_t  *ptmpreg8;
3617:Drivers/STM32G4xx_HAL_Driver/Src/stm32g4xx_hal_spi.c ****   __IO uint8_t  tmpreg8 = 0;
3618:Drivers/STM32G4xx_HAL_Driver/Src/stm32g4xx_hal_spi.c **** 
3619:Drivers/STM32G4xx_HAL_Driver/Src/stm32g4xx_hal_spi.c ****   /* Initialize the 8bit temporary pointer */
3620:Drivers/STM32G4xx_HAL_Driver/Src/stm32g4xx_hal_spi.c ****   ptmpreg8 = (__IO uint8_t *)&hspi->Instance->DR;
3621:Drivers/STM32G4xx_HAL_Driver/Src/stm32g4xx_hal_spi.c ****   /* Read 8bit CRC to flush Data Register */
ARM GAS  C:\Users\Booster\AppData\Local\Temp\ccQdKe81.s 			page 65


3622:Drivers/STM32G4xx_HAL_Driver/Src/stm32g4xx_hal_spi.c ****   tmpreg8 = *ptmpreg8;
3623:Drivers/STM32G4xx_HAL_Driver/Src/stm32g4xx_hal_spi.c ****   /* To avoid GCC warning */
3624:Drivers/STM32G4xx_HAL_Driver/Src/stm32g4xx_hal_spi.c ****   UNUSED(tmpreg8);
3625:Drivers/STM32G4xx_HAL_Driver/Src/stm32g4xx_hal_spi.c **** 
3626:Drivers/STM32G4xx_HAL_Driver/Src/stm32g4xx_hal_spi.c ****   hspi->CRCSize--;
3627:Drivers/STM32G4xx_HAL_Driver/Src/stm32g4xx_hal_spi.c **** 
3628:Drivers/STM32G4xx_HAL_Driver/Src/stm32g4xx_hal_spi.c ****   /* Check end of the reception */
3629:Drivers/STM32G4xx_HAL_Driver/Src/stm32g4xx_hal_spi.c ****   if (hspi->CRCSize == 0U)
3630:Drivers/STM32G4xx_HAL_Driver/Src/stm32g4xx_hal_spi.c ****   {
3631:Drivers/STM32G4xx_HAL_Driver/Src/stm32g4xx_hal_spi.c ****     /* Disable RXNE and ERR interrupt */
3632:Drivers/STM32G4xx_HAL_Driver/Src/stm32g4xx_hal_spi.c ****     __HAL_SPI_DISABLE_IT(hspi, (SPI_IT_RXNE | SPI_IT_ERR));
3633:Drivers/STM32G4xx_HAL_Driver/Src/stm32g4xx_hal_spi.c **** 
3634:Drivers/STM32G4xx_HAL_Driver/Src/stm32g4xx_hal_spi.c ****     if (hspi->TxXferCount == 0U)
3635:Drivers/STM32G4xx_HAL_Driver/Src/stm32g4xx_hal_spi.c ****     {
3636:Drivers/STM32G4xx_HAL_Driver/Src/stm32g4xx_hal_spi.c ****       SPI_CloseRxTx_ISR(hspi);
3637:Drivers/STM32G4xx_HAL_Driver/Src/stm32g4xx_hal_spi.c ****     }
3638:Drivers/STM32G4xx_HAL_Driver/Src/stm32g4xx_hal_spi.c ****   }
3639:Drivers/STM32G4xx_HAL_Driver/Src/stm32g4xx_hal_spi.c **** }
3640:Drivers/STM32G4xx_HAL_Driver/Src/stm32g4xx_hal_spi.c **** #endif /* USE_SPI_CRC */
3641:Drivers/STM32G4xx_HAL_Driver/Src/stm32g4xx_hal_spi.c **** 
3642:Drivers/STM32G4xx_HAL_Driver/Src/stm32g4xx_hal_spi.c **** /**
3643:Drivers/STM32G4xx_HAL_Driver/Src/stm32g4xx_hal_spi.c ****   * @brief  Tx 8-bit handler for Transmit and Receive in Interrupt mode.
3644:Drivers/STM32G4xx_HAL_Driver/Src/stm32g4xx_hal_spi.c ****   * @param  hspi pointer to a SPI_HandleTypeDef structure that contains
3645:Drivers/STM32G4xx_HAL_Driver/Src/stm32g4xx_hal_spi.c ****   *               the configuration information for SPI module.
3646:Drivers/STM32G4xx_HAL_Driver/Src/stm32g4xx_hal_spi.c ****   * @retval None
3647:Drivers/STM32G4xx_HAL_Driver/Src/stm32g4xx_hal_spi.c ****   */
3648:Drivers/STM32G4xx_HAL_Driver/Src/stm32g4xx_hal_spi.c **** static void SPI_2linesTxISR_8BIT(struct __SPI_HandleTypeDef *hspi)
3649:Drivers/STM32G4xx_HAL_Driver/Src/stm32g4xx_hal_spi.c **** {
3650:Drivers/STM32G4xx_HAL_Driver/Src/stm32g4xx_hal_spi.c ****   /* Transmit data in packing Bit mode */
3651:Drivers/STM32G4xx_HAL_Driver/Src/stm32g4xx_hal_spi.c ****   if (hspi->TxXferCount >= 2U)
3652:Drivers/STM32G4xx_HAL_Driver/Src/stm32g4xx_hal_spi.c ****   {
3653:Drivers/STM32G4xx_HAL_Driver/Src/stm32g4xx_hal_spi.c ****     hspi->Instance->DR = *((uint16_t *)hspi->pTxBuffPtr);
3654:Drivers/STM32G4xx_HAL_Driver/Src/stm32g4xx_hal_spi.c ****     hspi->pTxBuffPtr += sizeof(uint16_t);
3655:Drivers/STM32G4xx_HAL_Driver/Src/stm32g4xx_hal_spi.c ****     hspi->TxXferCount -= 2U;
3656:Drivers/STM32G4xx_HAL_Driver/Src/stm32g4xx_hal_spi.c ****   }
3657:Drivers/STM32G4xx_HAL_Driver/Src/stm32g4xx_hal_spi.c ****   /* Transmit data in 8 Bit mode */
3658:Drivers/STM32G4xx_HAL_Driver/Src/stm32g4xx_hal_spi.c ****   else
3659:Drivers/STM32G4xx_HAL_Driver/Src/stm32g4xx_hal_spi.c ****   {
3660:Drivers/STM32G4xx_HAL_Driver/Src/stm32g4xx_hal_spi.c ****     *(__IO uint8_t *)&hspi->Instance->DR = (*hspi->pTxBuffPtr);
3661:Drivers/STM32G4xx_HAL_Driver/Src/stm32g4xx_hal_spi.c ****     hspi->pTxBuffPtr++;
3662:Drivers/STM32G4xx_HAL_Driver/Src/stm32g4xx_hal_spi.c ****     hspi->TxXferCount--;
3663:Drivers/STM32G4xx_HAL_Driver/Src/stm32g4xx_hal_spi.c ****   }
3664:Drivers/STM32G4xx_HAL_Driver/Src/stm32g4xx_hal_spi.c **** 
3665:Drivers/STM32G4xx_HAL_Driver/Src/stm32g4xx_hal_spi.c ****   /* Check the end of the transmission */
3666:Drivers/STM32G4xx_HAL_Driver/Src/stm32g4xx_hal_spi.c ****   if (hspi->TxXferCount == 0U)
3667:Drivers/STM32G4xx_HAL_Driver/Src/stm32g4xx_hal_spi.c ****   {
3668:Drivers/STM32G4xx_HAL_Driver/Src/stm32g4xx_hal_spi.c **** #if (USE_SPI_CRC != 0U)
3669:Drivers/STM32G4xx_HAL_Driver/Src/stm32g4xx_hal_spi.c ****     if (hspi->Init.CRCCalculation == SPI_CRCCALCULATION_ENABLE)
3670:Drivers/STM32G4xx_HAL_Driver/Src/stm32g4xx_hal_spi.c ****     {
3671:Drivers/STM32G4xx_HAL_Driver/Src/stm32g4xx_hal_spi.c ****       /* Set CRC Next Bit to send CRC */
3672:Drivers/STM32G4xx_HAL_Driver/Src/stm32g4xx_hal_spi.c ****       SET_BIT(hspi->Instance->CR1, SPI_CR1_CRCNEXT);
3673:Drivers/STM32G4xx_HAL_Driver/Src/stm32g4xx_hal_spi.c ****       /* Disable TXE interrupt */
3674:Drivers/STM32G4xx_HAL_Driver/Src/stm32g4xx_hal_spi.c ****       __HAL_SPI_DISABLE_IT(hspi, SPI_IT_TXE);
3675:Drivers/STM32G4xx_HAL_Driver/Src/stm32g4xx_hal_spi.c ****       return;
3676:Drivers/STM32G4xx_HAL_Driver/Src/stm32g4xx_hal_spi.c ****     }
3677:Drivers/STM32G4xx_HAL_Driver/Src/stm32g4xx_hal_spi.c **** #endif /* USE_SPI_CRC */
3678:Drivers/STM32G4xx_HAL_Driver/Src/stm32g4xx_hal_spi.c **** 
ARM GAS  C:\Users\Booster\AppData\Local\Temp\ccQdKe81.s 			page 66


3679:Drivers/STM32G4xx_HAL_Driver/Src/stm32g4xx_hal_spi.c ****     /* Disable TXE interrupt */
3680:Drivers/STM32G4xx_HAL_Driver/Src/stm32g4xx_hal_spi.c ****     __HAL_SPI_DISABLE_IT(hspi, SPI_IT_TXE);
3681:Drivers/STM32G4xx_HAL_Driver/Src/stm32g4xx_hal_spi.c **** 
3682:Drivers/STM32G4xx_HAL_Driver/Src/stm32g4xx_hal_spi.c ****     if (hspi->RxXferCount == 0U)
3683:Drivers/STM32G4xx_HAL_Driver/Src/stm32g4xx_hal_spi.c ****     {
3684:Drivers/STM32G4xx_HAL_Driver/Src/stm32g4xx_hal_spi.c ****       SPI_CloseRxTx_ISR(hspi);
3685:Drivers/STM32G4xx_HAL_Driver/Src/stm32g4xx_hal_spi.c ****     }
3686:Drivers/STM32G4xx_HAL_Driver/Src/stm32g4xx_hal_spi.c ****   }
3687:Drivers/STM32G4xx_HAL_Driver/Src/stm32g4xx_hal_spi.c **** }
3688:Drivers/STM32G4xx_HAL_Driver/Src/stm32g4xx_hal_spi.c **** 
3689:Drivers/STM32G4xx_HAL_Driver/Src/stm32g4xx_hal_spi.c **** /**
3690:Drivers/STM32G4xx_HAL_Driver/Src/stm32g4xx_hal_spi.c ****   * @brief  Rx 16-bit handler for Transmit and Receive in Interrupt mode.
3691:Drivers/STM32G4xx_HAL_Driver/Src/stm32g4xx_hal_spi.c ****   * @param  hspi pointer to a SPI_HandleTypeDef structure that contains
3692:Drivers/STM32G4xx_HAL_Driver/Src/stm32g4xx_hal_spi.c ****   *               the configuration information for SPI module.
3693:Drivers/STM32G4xx_HAL_Driver/Src/stm32g4xx_hal_spi.c ****   * @retval None
3694:Drivers/STM32G4xx_HAL_Driver/Src/stm32g4xx_hal_spi.c ****   */
3695:Drivers/STM32G4xx_HAL_Driver/Src/stm32g4xx_hal_spi.c **** static void SPI_2linesRxISR_16BIT(struct __SPI_HandleTypeDef *hspi)
3696:Drivers/STM32G4xx_HAL_Driver/Src/stm32g4xx_hal_spi.c **** {
3697:Drivers/STM32G4xx_HAL_Driver/Src/stm32g4xx_hal_spi.c ****   /* Receive data in 16 Bit mode */
3698:Drivers/STM32G4xx_HAL_Driver/Src/stm32g4xx_hal_spi.c ****   *((uint16_t *)hspi->pRxBuffPtr) = (uint16_t)(hspi->Instance->DR);
3699:Drivers/STM32G4xx_HAL_Driver/Src/stm32g4xx_hal_spi.c ****   hspi->pRxBuffPtr += sizeof(uint16_t);
3700:Drivers/STM32G4xx_HAL_Driver/Src/stm32g4xx_hal_spi.c ****   hspi->RxXferCount--;
3701:Drivers/STM32G4xx_HAL_Driver/Src/stm32g4xx_hal_spi.c **** 
3702:Drivers/STM32G4xx_HAL_Driver/Src/stm32g4xx_hal_spi.c ****   if (hspi->RxXferCount == 0U)
3703:Drivers/STM32G4xx_HAL_Driver/Src/stm32g4xx_hal_spi.c ****   {
3704:Drivers/STM32G4xx_HAL_Driver/Src/stm32g4xx_hal_spi.c **** #if (USE_SPI_CRC != 0U)
3705:Drivers/STM32G4xx_HAL_Driver/Src/stm32g4xx_hal_spi.c ****     if (hspi->Init.CRCCalculation == SPI_CRCCALCULATION_ENABLE)
3706:Drivers/STM32G4xx_HAL_Driver/Src/stm32g4xx_hal_spi.c ****     {
3707:Drivers/STM32G4xx_HAL_Driver/Src/stm32g4xx_hal_spi.c ****       hspi->RxISR =  SPI_2linesRxISR_16BITCRC;
3708:Drivers/STM32G4xx_HAL_Driver/Src/stm32g4xx_hal_spi.c ****       return;
3709:Drivers/STM32G4xx_HAL_Driver/Src/stm32g4xx_hal_spi.c ****     }
3710:Drivers/STM32G4xx_HAL_Driver/Src/stm32g4xx_hal_spi.c **** #endif /* USE_SPI_CRC */
3711:Drivers/STM32G4xx_HAL_Driver/Src/stm32g4xx_hal_spi.c **** 
3712:Drivers/STM32G4xx_HAL_Driver/Src/stm32g4xx_hal_spi.c ****     /* Disable RXNE interrupt */
3713:Drivers/STM32G4xx_HAL_Driver/Src/stm32g4xx_hal_spi.c ****     __HAL_SPI_DISABLE_IT(hspi, SPI_IT_RXNE);
3714:Drivers/STM32G4xx_HAL_Driver/Src/stm32g4xx_hal_spi.c **** 
3715:Drivers/STM32G4xx_HAL_Driver/Src/stm32g4xx_hal_spi.c ****     if (hspi->TxXferCount == 0U)
3716:Drivers/STM32G4xx_HAL_Driver/Src/stm32g4xx_hal_spi.c ****     {
3717:Drivers/STM32G4xx_HAL_Driver/Src/stm32g4xx_hal_spi.c ****       SPI_CloseRxTx_ISR(hspi);
3718:Drivers/STM32G4xx_HAL_Driver/Src/stm32g4xx_hal_spi.c ****     }
3719:Drivers/STM32G4xx_HAL_Driver/Src/stm32g4xx_hal_spi.c ****   }
3720:Drivers/STM32G4xx_HAL_Driver/Src/stm32g4xx_hal_spi.c **** }
3721:Drivers/STM32G4xx_HAL_Driver/Src/stm32g4xx_hal_spi.c **** 
3722:Drivers/STM32G4xx_HAL_Driver/Src/stm32g4xx_hal_spi.c **** #if (USE_SPI_CRC != 0U)
3723:Drivers/STM32G4xx_HAL_Driver/Src/stm32g4xx_hal_spi.c **** /**
3724:Drivers/STM32G4xx_HAL_Driver/Src/stm32g4xx_hal_spi.c ****   * @brief  Manage the CRC 16-bit receive for Transmit and Receive in Interrupt mode.
3725:Drivers/STM32G4xx_HAL_Driver/Src/stm32g4xx_hal_spi.c ****   * @param  hspi pointer to a SPI_HandleTypeDef structure that contains
3726:Drivers/STM32G4xx_HAL_Driver/Src/stm32g4xx_hal_spi.c ****   *               the configuration information for SPI module.
3727:Drivers/STM32G4xx_HAL_Driver/Src/stm32g4xx_hal_spi.c ****   * @retval None
3728:Drivers/STM32G4xx_HAL_Driver/Src/stm32g4xx_hal_spi.c ****   */
3729:Drivers/STM32G4xx_HAL_Driver/Src/stm32g4xx_hal_spi.c **** static void SPI_2linesRxISR_16BITCRC(struct __SPI_HandleTypeDef *hspi)
3730:Drivers/STM32G4xx_HAL_Driver/Src/stm32g4xx_hal_spi.c **** {
3731:Drivers/STM32G4xx_HAL_Driver/Src/stm32g4xx_hal_spi.c ****   __IO uint32_t tmpreg = 0U;
3732:Drivers/STM32G4xx_HAL_Driver/Src/stm32g4xx_hal_spi.c **** 
3733:Drivers/STM32G4xx_HAL_Driver/Src/stm32g4xx_hal_spi.c ****   /* Read 16bit CRC to flush Data Register */
3734:Drivers/STM32G4xx_HAL_Driver/Src/stm32g4xx_hal_spi.c ****   tmpreg = READ_REG(hspi->Instance->DR);
3735:Drivers/STM32G4xx_HAL_Driver/Src/stm32g4xx_hal_spi.c ****   /* To avoid GCC warning */
ARM GAS  C:\Users\Booster\AppData\Local\Temp\ccQdKe81.s 			page 67


3736:Drivers/STM32G4xx_HAL_Driver/Src/stm32g4xx_hal_spi.c ****   UNUSED(tmpreg);
3737:Drivers/STM32G4xx_HAL_Driver/Src/stm32g4xx_hal_spi.c **** 
3738:Drivers/STM32G4xx_HAL_Driver/Src/stm32g4xx_hal_spi.c ****   /* Disable RXNE interrupt */
3739:Drivers/STM32G4xx_HAL_Driver/Src/stm32g4xx_hal_spi.c ****   __HAL_SPI_DISABLE_IT(hspi, SPI_IT_RXNE);
3740:Drivers/STM32G4xx_HAL_Driver/Src/stm32g4xx_hal_spi.c **** 
3741:Drivers/STM32G4xx_HAL_Driver/Src/stm32g4xx_hal_spi.c ****   SPI_CloseRxTx_ISR(hspi);
3742:Drivers/STM32G4xx_HAL_Driver/Src/stm32g4xx_hal_spi.c **** }
3743:Drivers/STM32G4xx_HAL_Driver/Src/stm32g4xx_hal_spi.c **** #endif /* USE_SPI_CRC */
3744:Drivers/STM32G4xx_HAL_Driver/Src/stm32g4xx_hal_spi.c **** 
3745:Drivers/STM32G4xx_HAL_Driver/Src/stm32g4xx_hal_spi.c **** /**
3746:Drivers/STM32G4xx_HAL_Driver/Src/stm32g4xx_hal_spi.c ****   * @brief  Tx 16-bit handler for Transmit and Receive in Interrupt mode.
3747:Drivers/STM32G4xx_HAL_Driver/Src/stm32g4xx_hal_spi.c ****   * @param  hspi pointer to a SPI_HandleTypeDef structure that contains
3748:Drivers/STM32G4xx_HAL_Driver/Src/stm32g4xx_hal_spi.c ****   *               the configuration information for SPI module.
3749:Drivers/STM32G4xx_HAL_Driver/Src/stm32g4xx_hal_spi.c ****   * @retval None
3750:Drivers/STM32G4xx_HAL_Driver/Src/stm32g4xx_hal_spi.c ****   */
3751:Drivers/STM32G4xx_HAL_Driver/Src/stm32g4xx_hal_spi.c **** static void SPI_2linesTxISR_16BIT(struct __SPI_HandleTypeDef *hspi)
3752:Drivers/STM32G4xx_HAL_Driver/Src/stm32g4xx_hal_spi.c **** {
3753:Drivers/STM32G4xx_HAL_Driver/Src/stm32g4xx_hal_spi.c ****   /* Transmit data in 16 Bit mode */
3754:Drivers/STM32G4xx_HAL_Driver/Src/stm32g4xx_hal_spi.c ****   hspi->Instance->DR = *((uint16_t *)hspi->pTxBuffPtr);
3755:Drivers/STM32G4xx_HAL_Driver/Src/stm32g4xx_hal_spi.c ****   hspi->pTxBuffPtr += sizeof(uint16_t);
3756:Drivers/STM32G4xx_HAL_Driver/Src/stm32g4xx_hal_spi.c ****   hspi->TxXferCount--;
3757:Drivers/STM32G4xx_HAL_Driver/Src/stm32g4xx_hal_spi.c **** 
3758:Drivers/STM32G4xx_HAL_Driver/Src/stm32g4xx_hal_spi.c ****   /* Enable CRC Transmission */
3759:Drivers/STM32G4xx_HAL_Driver/Src/stm32g4xx_hal_spi.c ****   if (hspi->TxXferCount == 0U)
3760:Drivers/STM32G4xx_HAL_Driver/Src/stm32g4xx_hal_spi.c ****   {
3761:Drivers/STM32G4xx_HAL_Driver/Src/stm32g4xx_hal_spi.c **** #if (USE_SPI_CRC != 0U)
3762:Drivers/STM32G4xx_HAL_Driver/Src/stm32g4xx_hal_spi.c ****     if (hspi->Init.CRCCalculation == SPI_CRCCALCULATION_ENABLE)
3763:Drivers/STM32G4xx_HAL_Driver/Src/stm32g4xx_hal_spi.c ****     {
3764:Drivers/STM32G4xx_HAL_Driver/Src/stm32g4xx_hal_spi.c ****       /* Set CRC Next Bit to send CRC */
3765:Drivers/STM32G4xx_HAL_Driver/Src/stm32g4xx_hal_spi.c ****       SET_BIT(hspi->Instance->CR1, SPI_CR1_CRCNEXT);
3766:Drivers/STM32G4xx_HAL_Driver/Src/stm32g4xx_hal_spi.c ****       /* Disable TXE interrupt */
3767:Drivers/STM32G4xx_HAL_Driver/Src/stm32g4xx_hal_spi.c ****       __HAL_SPI_DISABLE_IT(hspi, SPI_IT_TXE);
3768:Drivers/STM32G4xx_HAL_Driver/Src/stm32g4xx_hal_spi.c ****       return;
3769:Drivers/STM32G4xx_HAL_Driver/Src/stm32g4xx_hal_spi.c ****     }
3770:Drivers/STM32G4xx_HAL_Driver/Src/stm32g4xx_hal_spi.c **** #endif /* USE_SPI_CRC */
3771:Drivers/STM32G4xx_HAL_Driver/Src/stm32g4xx_hal_spi.c **** 
3772:Drivers/STM32G4xx_HAL_Driver/Src/stm32g4xx_hal_spi.c ****     /* Disable TXE interrupt */
3773:Drivers/STM32G4xx_HAL_Driver/Src/stm32g4xx_hal_spi.c ****     __HAL_SPI_DISABLE_IT(hspi, SPI_IT_TXE);
3774:Drivers/STM32G4xx_HAL_Driver/Src/stm32g4xx_hal_spi.c **** 
3775:Drivers/STM32G4xx_HAL_Driver/Src/stm32g4xx_hal_spi.c ****     if (hspi->RxXferCount == 0U)
3776:Drivers/STM32G4xx_HAL_Driver/Src/stm32g4xx_hal_spi.c ****     {
3777:Drivers/STM32G4xx_HAL_Driver/Src/stm32g4xx_hal_spi.c ****       SPI_CloseRxTx_ISR(hspi);
3778:Drivers/STM32G4xx_HAL_Driver/Src/stm32g4xx_hal_spi.c ****     }
3779:Drivers/STM32G4xx_HAL_Driver/Src/stm32g4xx_hal_spi.c ****   }
3780:Drivers/STM32G4xx_HAL_Driver/Src/stm32g4xx_hal_spi.c **** }
3781:Drivers/STM32G4xx_HAL_Driver/Src/stm32g4xx_hal_spi.c **** 
3782:Drivers/STM32G4xx_HAL_Driver/Src/stm32g4xx_hal_spi.c **** #if (USE_SPI_CRC != 0U)
3783:Drivers/STM32G4xx_HAL_Driver/Src/stm32g4xx_hal_spi.c **** /**
3784:Drivers/STM32G4xx_HAL_Driver/Src/stm32g4xx_hal_spi.c ****   * @brief  Manage the CRC 8-bit receive in Interrupt context.
3785:Drivers/STM32G4xx_HAL_Driver/Src/stm32g4xx_hal_spi.c ****   * @param  hspi pointer to a SPI_HandleTypeDef structure that contains
3786:Drivers/STM32G4xx_HAL_Driver/Src/stm32g4xx_hal_spi.c ****   *               the configuration information for SPI module.
3787:Drivers/STM32G4xx_HAL_Driver/Src/stm32g4xx_hal_spi.c ****   * @retval None
3788:Drivers/STM32G4xx_HAL_Driver/Src/stm32g4xx_hal_spi.c ****   */
3789:Drivers/STM32G4xx_HAL_Driver/Src/stm32g4xx_hal_spi.c **** static void SPI_RxISR_8BITCRC(struct __SPI_HandleTypeDef *hspi)
3790:Drivers/STM32G4xx_HAL_Driver/Src/stm32g4xx_hal_spi.c **** {
3791:Drivers/STM32G4xx_HAL_Driver/Src/stm32g4xx_hal_spi.c ****   __IO uint8_t  *ptmpreg8;
3792:Drivers/STM32G4xx_HAL_Driver/Src/stm32g4xx_hal_spi.c ****   __IO uint8_t  tmpreg8 = 0;
ARM GAS  C:\Users\Booster\AppData\Local\Temp\ccQdKe81.s 			page 68


3793:Drivers/STM32G4xx_HAL_Driver/Src/stm32g4xx_hal_spi.c **** 
3794:Drivers/STM32G4xx_HAL_Driver/Src/stm32g4xx_hal_spi.c ****   /* Initialize the 8bit temporary pointer */
3795:Drivers/STM32G4xx_HAL_Driver/Src/stm32g4xx_hal_spi.c ****   ptmpreg8 = (__IO uint8_t *)&hspi->Instance->DR;
3796:Drivers/STM32G4xx_HAL_Driver/Src/stm32g4xx_hal_spi.c ****   /* Read 8bit CRC to flush Data Register */
3797:Drivers/STM32G4xx_HAL_Driver/Src/stm32g4xx_hal_spi.c ****   tmpreg8 = *ptmpreg8;
3798:Drivers/STM32G4xx_HAL_Driver/Src/stm32g4xx_hal_spi.c ****   /* To avoid GCC warning */
3799:Drivers/STM32G4xx_HAL_Driver/Src/stm32g4xx_hal_spi.c ****   UNUSED(tmpreg8);
3800:Drivers/STM32G4xx_HAL_Driver/Src/stm32g4xx_hal_spi.c **** 
3801:Drivers/STM32G4xx_HAL_Driver/Src/stm32g4xx_hal_spi.c ****   hspi->CRCSize--;
3802:Drivers/STM32G4xx_HAL_Driver/Src/stm32g4xx_hal_spi.c **** 
3803:Drivers/STM32G4xx_HAL_Driver/Src/stm32g4xx_hal_spi.c ****   if (hspi->CRCSize == 0U)
3804:Drivers/STM32G4xx_HAL_Driver/Src/stm32g4xx_hal_spi.c ****   {
3805:Drivers/STM32G4xx_HAL_Driver/Src/stm32g4xx_hal_spi.c ****     SPI_CloseRx_ISR(hspi);
3806:Drivers/STM32G4xx_HAL_Driver/Src/stm32g4xx_hal_spi.c ****   }
3807:Drivers/STM32G4xx_HAL_Driver/Src/stm32g4xx_hal_spi.c **** }
3808:Drivers/STM32G4xx_HAL_Driver/Src/stm32g4xx_hal_spi.c **** #endif /* USE_SPI_CRC */
3809:Drivers/STM32G4xx_HAL_Driver/Src/stm32g4xx_hal_spi.c **** 
3810:Drivers/STM32G4xx_HAL_Driver/Src/stm32g4xx_hal_spi.c **** /**
3811:Drivers/STM32G4xx_HAL_Driver/Src/stm32g4xx_hal_spi.c ****   * @brief  Manage the receive 8-bit in Interrupt context.
3812:Drivers/STM32G4xx_HAL_Driver/Src/stm32g4xx_hal_spi.c ****   * @param  hspi pointer to a SPI_HandleTypeDef structure that contains
3813:Drivers/STM32G4xx_HAL_Driver/Src/stm32g4xx_hal_spi.c ****   *               the configuration information for SPI module.
3814:Drivers/STM32G4xx_HAL_Driver/Src/stm32g4xx_hal_spi.c ****   * @retval None
3815:Drivers/STM32G4xx_HAL_Driver/Src/stm32g4xx_hal_spi.c ****   */
3816:Drivers/STM32G4xx_HAL_Driver/Src/stm32g4xx_hal_spi.c **** static void SPI_RxISR_8BIT(struct __SPI_HandleTypeDef *hspi)
3817:Drivers/STM32G4xx_HAL_Driver/Src/stm32g4xx_hal_spi.c **** {
3818:Drivers/STM32G4xx_HAL_Driver/Src/stm32g4xx_hal_spi.c ****   *hspi->pRxBuffPtr = (*(__IO uint8_t *)&hspi->Instance->DR);
3819:Drivers/STM32G4xx_HAL_Driver/Src/stm32g4xx_hal_spi.c ****   hspi->pRxBuffPtr++;
3820:Drivers/STM32G4xx_HAL_Driver/Src/stm32g4xx_hal_spi.c ****   hspi->RxXferCount--;
3821:Drivers/STM32G4xx_HAL_Driver/Src/stm32g4xx_hal_spi.c **** 
3822:Drivers/STM32G4xx_HAL_Driver/Src/stm32g4xx_hal_spi.c **** #if (USE_SPI_CRC != 0U)
3823:Drivers/STM32G4xx_HAL_Driver/Src/stm32g4xx_hal_spi.c ****   /* Enable CRC Transmission */
3824:Drivers/STM32G4xx_HAL_Driver/Src/stm32g4xx_hal_spi.c ****   if ((hspi->RxXferCount == 1U) && (hspi->Init.CRCCalculation == SPI_CRCCALCULATION_ENABLE))
3825:Drivers/STM32G4xx_HAL_Driver/Src/stm32g4xx_hal_spi.c ****   {
3826:Drivers/STM32G4xx_HAL_Driver/Src/stm32g4xx_hal_spi.c ****     SET_BIT(hspi->Instance->CR1, SPI_CR1_CRCNEXT);
3827:Drivers/STM32G4xx_HAL_Driver/Src/stm32g4xx_hal_spi.c ****   }
3828:Drivers/STM32G4xx_HAL_Driver/Src/stm32g4xx_hal_spi.c **** #endif /* USE_SPI_CRC */
3829:Drivers/STM32G4xx_HAL_Driver/Src/stm32g4xx_hal_spi.c **** 
3830:Drivers/STM32G4xx_HAL_Driver/Src/stm32g4xx_hal_spi.c ****   if (hspi->RxXferCount == 0U)
3831:Drivers/STM32G4xx_HAL_Driver/Src/stm32g4xx_hal_spi.c ****   {
3832:Drivers/STM32G4xx_HAL_Driver/Src/stm32g4xx_hal_spi.c **** #if (USE_SPI_CRC != 0U)
3833:Drivers/STM32G4xx_HAL_Driver/Src/stm32g4xx_hal_spi.c ****     if (hspi->Init.CRCCalculation == SPI_CRCCALCULATION_ENABLE)
3834:Drivers/STM32G4xx_HAL_Driver/Src/stm32g4xx_hal_spi.c ****     {
3835:Drivers/STM32G4xx_HAL_Driver/Src/stm32g4xx_hal_spi.c ****       hspi->RxISR =  SPI_RxISR_8BITCRC;
3836:Drivers/STM32G4xx_HAL_Driver/Src/stm32g4xx_hal_spi.c ****       return;
3837:Drivers/STM32G4xx_HAL_Driver/Src/stm32g4xx_hal_spi.c ****     }
3838:Drivers/STM32G4xx_HAL_Driver/Src/stm32g4xx_hal_spi.c **** #endif /* USE_SPI_CRC */
3839:Drivers/STM32G4xx_HAL_Driver/Src/stm32g4xx_hal_spi.c ****     SPI_CloseRx_ISR(hspi);
3840:Drivers/STM32G4xx_HAL_Driver/Src/stm32g4xx_hal_spi.c ****   }
3841:Drivers/STM32G4xx_HAL_Driver/Src/stm32g4xx_hal_spi.c **** }
3842:Drivers/STM32G4xx_HAL_Driver/Src/stm32g4xx_hal_spi.c **** 
3843:Drivers/STM32G4xx_HAL_Driver/Src/stm32g4xx_hal_spi.c **** #if (USE_SPI_CRC != 0U)
3844:Drivers/STM32G4xx_HAL_Driver/Src/stm32g4xx_hal_spi.c **** /**
3845:Drivers/STM32G4xx_HAL_Driver/Src/stm32g4xx_hal_spi.c ****   * @brief  Manage the CRC 16-bit receive in Interrupt context.
3846:Drivers/STM32G4xx_HAL_Driver/Src/stm32g4xx_hal_spi.c ****   * @param  hspi pointer to a SPI_HandleTypeDef structure that contains
3847:Drivers/STM32G4xx_HAL_Driver/Src/stm32g4xx_hal_spi.c ****   *               the configuration information for SPI module.
3848:Drivers/STM32G4xx_HAL_Driver/Src/stm32g4xx_hal_spi.c ****   * @retval None
3849:Drivers/STM32G4xx_HAL_Driver/Src/stm32g4xx_hal_spi.c ****   */
ARM GAS  C:\Users\Booster\AppData\Local\Temp\ccQdKe81.s 			page 69


3850:Drivers/STM32G4xx_HAL_Driver/Src/stm32g4xx_hal_spi.c **** static void SPI_RxISR_16BITCRC(struct __SPI_HandleTypeDef *hspi)
3851:Drivers/STM32G4xx_HAL_Driver/Src/stm32g4xx_hal_spi.c **** {
3852:Drivers/STM32G4xx_HAL_Driver/Src/stm32g4xx_hal_spi.c ****   __IO uint32_t tmpreg = 0U;
3853:Drivers/STM32G4xx_HAL_Driver/Src/stm32g4xx_hal_spi.c **** 
3854:Drivers/STM32G4xx_HAL_Driver/Src/stm32g4xx_hal_spi.c ****   /* Read 16bit CRC to flush Data Register */
3855:Drivers/STM32G4xx_HAL_Driver/Src/stm32g4xx_hal_spi.c ****   tmpreg = READ_REG(hspi->Instance->DR);
3856:Drivers/STM32G4xx_HAL_Driver/Src/stm32g4xx_hal_spi.c ****   /* To avoid GCC warning */
3857:Drivers/STM32G4xx_HAL_Driver/Src/stm32g4xx_hal_spi.c ****   UNUSED(tmpreg);
3858:Drivers/STM32G4xx_HAL_Driver/Src/stm32g4xx_hal_spi.c **** 
3859:Drivers/STM32G4xx_HAL_Driver/Src/stm32g4xx_hal_spi.c ****   /* Disable RXNE and ERR interrupt */
3860:Drivers/STM32G4xx_HAL_Driver/Src/stm32g4xx_hal_spi.c ****   __HAL_SPI_DISABLE_IT(hspi, (SPI_IT_RXNE | SPI_IT_ERR));
3861:Drivers/STM32G4xx_HAL_Driver/Src/stm32g4xx_hal_spi.c **** 
3862:Drivers/STM32G4xx_HAL_Driver/Src/stm32g4xx_hal_spi.c ****   SPI_CloseRx_ISR(hspi);
3863:Drivers/STM32G4xx_HAL_Driver/Src/stm32g4xx_hal_spi.c **** }
3864:Drivers/STM32G4xx_HAL_Driver/Src/stm32g4xx_hal_spi.c **** #endif /* USE_SPI_CRC */
3865:Drivers/STM32G4xx_HAL_Driver/Src/stm32g4xx_hal_spi.c **** 
3866:Drivers/STM32G4xx_HAL_Driver/Src/stm32g4xx_hal_spi.c **** /**
3867:Drivers/STM32G4xx_HAL_Driver/Src/stm32g4xx_hal_spi.c ****   * @brief  Manage the 16-bit receive in Interrupt context.
3868:Drivers/STM32G4xx_HAL_Driver/Src/stm32g4xx_hal_spi.c ****   * @param  hspi pointer to a SPI_HandleTypeDef structure that contains
3869:Drivers/STM32G4xx_HAL_Driver/Src/stm32g4xx_hal_spi.c ****   *               the configuration information for SPI module.
3870:Drivers/STM32G4xx_HAL_Driver/Src/stm32g4xx_hal_spi.c ****   * @retval None
3871:Drivers/STM32G4xx_HAL_Driver/Src/stm32g4xx_hal_spi.c ****   */
3872:Drivers/STM32G4xx_HAL_Driver/Src/stm32g4xx_hal_spi.c **** static void SPI_RxISR_16BIT(struct __SPI_HandleTypeDef *hspi)
3873:Drivers/STM32G4xx_HAL_Driver/Src/stm32g4xx_hal_spi.c **** {
3874:Drivers/STM32G4xx_HAL_Driver/Src/stm32g4xx_hal_spi.c ****   *((uint16_t *)hspi->pRxBuffPtr) = (uint16_t)(hspi->Instance->DR);
3875:Drivers/STM32G4xx_HAL_Driver/Src/stm32g4xx_hal_spi.c ****   hspi->pRxBuffPtr += sizeof(uint16_t);
3876:Drivers/STM32G4xx_HAL_Driver/Src/stm32g4xx_hal_spi.c ****   hspi->RxXferCount--;
3877:Drivers/STM32G4xx_HAL_Driver/Src/stm32g4xx_hal_spi.c **** 
3878:Drivers/STM32G4xx_HAL_Driver/Src/stm32g4xx_hal_spi.c **** #if (USE_SPI_CRC != 0U)
3879:Drivers/STM32G4xx_HAL_Driver/Src/stm32g4xx_hal_spi.c ****   /* Enable CRC Transmission */
3880:Drivers/STM32G4xx_HAL_Driver/Src/stm32g4xx_hal_spi.c ****   if ((hspi->RxXferCount == 1U) && (hspi->Init.CRCCalculation == SPI_CRCCALCULATION_ENABLE))
3881:Drivers/STM32G4xx_HAL_Driver/Src/stm32g4xx_hal_spi.c ****   {
3882:Drivers/STM32G4xx_HAL_Driver/Src/stm32g4xx_hal_spi.c ****     SET_BIT(hspi->Instance->CR1, SPI_CR1_CRCNEXT);
3883:Drivers/STM32G4xx_HAL_Driver/Src/stm32g4xx_hal_spi.c ****   }
3884:Drivers/STM32G4xx_HAL_Driver/Src/stm32g4xx_hal_spi.c **** #endif /* USE_SPI_CRC */
3885:Drivers/STM32G4xx_HAL_Driver/Src/stm32g4xx_hal_spi.c **** 
3886:Drivers/STM32G4xx_HAL_Driver/Src/stm32g4xx_hal_spi.c ****   if (hspi->RxXferCount == 0U)
3887:Drivers/STM32G4xx_HAL_Driver/Src/stm32g4xx_hal_spi.c ****   {
3888:Drivers/STM32G4xx_HAL_Driver/Src/stm32g4xx_hal_spi.c **** #if (USE_SPI_CRC != 0U)
3889:Drivers/STM32G4xx_HAL_Driver/Src/stm32g4xx_hal_spi.c ****     if (hspi->Init.CRCCalculation == SPI_CRCCALCULATION_ENABLE)
3890:Drivers/STM32G4xx_HAL_Driver/Src/stm32g4xx_hal_spi.c ****     {
3891:Drivers/STM32G4xx_HAL_Driver/Src/stm32g4xx_hal_spi.c ****       hspi->RxISR = SPI_RxISR_16BITCRC;
3892:Drivers/STM32G4xx_HAL_Driver/Src/stm32g4xx_hal_spi.c ****       return;
3893:Drivers/STM32G4xx_HAL_Driver/Src/stm32g4xx_hal_spi.c ****     }
3894:Drivers/STM32G4xx_HAL_Driver/Src/stm32g4xx_hal_spi.c **** #endif /* USE_SPI_CRC */
3895:Drivers/STM32G4xx_HAL_Driver/Src/stm32g4xx_hal_spi.c ****     SPI_CloseRx_ISR(hspi);
3896:Drivers/STM32G4xx_HAL_Driver/Src/stm32g4xx_hal_spi.c ****   }
3897:Drivers/STM32G4xx_HAL_Driver/Src/stm32g4xx_hal_spi.c **** }
3898:Drivers/STM32G4xx_HAL_Driver/Src/stm32g4xx_hal_spi.c **** 
3899:Drivers/STM32G4xx_HAL_Driver/Src/stm32g4xx_hal_spi.c **** /**
3900:Drivers/STM32G4xx_HAL_Driver/Src/stm32g4xx_hal_spi.c ****   * @brief  Handle the data 8-bit transmit in Interrupt mode.
3901:Drivers/STM32G4xx_HAL_Driver/Src/stm32g4xx_hal_spi.c ****   * @param  hspi pointer to a SPI_HandleTypeDef structure that contains
3902:Drivers/STM32G4xx_HAL_Driver/Src/stm32g4xx_hal_spi.c ****   *               the configuration information for SPI module.
3903:Drivers/STM32G4xx_HAL_Driver/Src/stm32g4xx_hal_spi.c ****   * @retval None
3904:Drivers/STM32G4xx_HAL_Driver/Src/stm32g4xx_hal_spi.c ****   */
3905:Drivers/STM32G4xx_HAL_Driver/Src/stm32g4xx_hal_spi.c **** static void SPI_TxISR_8BIT(struct __SPI_HandleTypeDef *hspi)
3906:Drivers/STM32G4xx_HAL_Driver/Src/stm32g4xx_hal_spi.c **** {
ARM GAS  C:\Users\Booster\AppData\Local\Temp\ccQdKe81.s 			page 70


3907:Drivers/STM32G4xx_HAL_Driver/Src/stm32g4xx_hal_spi.c ****   *(__IO uint8_t *)&hspi->Instance->DR = (*hspi->pTxBuffPtr);
3908:Drivers/STM32G4xx_HAL_Driver/Src/stm32g4xx_hal_spi.c ****   hspi->pTxBuffPtr++;
3909:Drivers/STM32G4xx_HAL_Driver/Src/stm32g4xx_hal_spi.c ****   hspi->TxXferCount--;
3910:Drivers/STM32G4xx_HAL_Driver/Src/stm32g4xx_hal_spi.c **** 
3911:Drivers/STM32G4xx_HAL_Driver/Src/stm32g4xx_hal_spi.c ****   if (hspi->TxXferCount == 0U)
3912:Drivers/STM32G4xx_HAL_Driver/Src/stm32g4xx_hal_spi.c ****   {
3913:Drivers/STM32G4xx_HAL_Driver/Src/stm32g4xx_hal_spi.c **** #if (USE_SPI_CRC != 0U)
3914:Drivers/STM32G4xx_HAL_Driver/Src/stm32g4xx_hal_spi.c ****     if (hspi->Init.CRCCalculation == SPI_CRCCALCULATION_ENABLE)
3915:Drivers/STM32G4xx_HAL_Driver/Src/stm32g4xx_hal_spi.c ****     {
3916:Drivers/STM32G4xx_HAL_Driver/Src/stm32g4xx_hal_spi.c ****       /* Enable CRC Transmission */
3917:Drivers/STM32G4xx_HAL_Driver/Src/stm32g4xx_hal_spi.c ****       SET_BIT(hspi->Instance->CR1, SPI_CR1_CRCNEXT);
3918:Drivers/STM32G4xx_HAL_Driver/Src/stm32g4xx_hal_spi.c ****     }
3919:Drivers/STM32G4xx_HAL_Driver/Src/stm32g4xx_hal_spi.c **** #endif /* USE_SPI_CRC */
3920:Drivers/STM32G4xx_HAL_Driver/Src/stm32g4xx_hal_spi.c ****     SPI_CloseTx_ISR(hspi);
3921:Drivers/STM32G4xx_HAL_Driver/Src/stm32g4xx_hal_spi.c ****   }
3922:Drivers/STM32G4xx_HAL_Driver/Src/stm32g4xx_hal_spi.c **** }
3923:Drivers/STM32G4xx_HAL_Driver/Src/stm32g4xx_hal_spi.c **** 
3924:Drivers/STM32G4xx_HAL_Driver/Src/stm32g4xx_hal_spi.c **** /**
3925:Drivers/STM32G4xx_HAL_Driver/Src/stm32g4xx_hal_spi.c ****   * @brief  Handle the data 16-bit transmit in Interrupt mode.
3926:Drivers/STM32G4xx_HAL_Driver/Src/stm32g4xx_hal_spi.c ****   * @param  hspi pointer to a SPI_HandleTypeDef structure that contains
3927:Drivers/STM32G4xx_HAL_Driver/Src/stm32g4xx_hal_spi.c ****   *               the configuration information for SPI module.
3928:Drivers/STM32G4xx_HAL_Driver/Src/stm32g4xx_hal_spi.c ****   * @retval None
3929:Drivers/STM32G4xx_HAL_Driver/Src/stm32g4xx_hal_spi.c ****   */
3930:Drivers/STM32G4xx_HAL_Driver/Src/stm32g4xx_hal_spi.c **** static void SPI_TxISR_16BIT(struct __SPI_HandleTypeDef *hspi)
3931:Drivers/STM32G4xx_HAL_Driver/Src/stm32g4xx_hal_spi.c **** {
3932:Drivers/STM32G4xx_HAL_Driver/Src/stm32g4xx_hal_spi.c ****   /* Transmit data in 16 Bit mode */
3933:Drivers/STM32G4xx_HAL_Driver/Src/stm32g4xx_hal_spi.c ****   hspi->Instance->DR = *((uint16_t *)hspi->pTxBuffPtr);
3934:Drivers/STM32G4xx_HAL_Driver/Src/stm32g4xx_hal_spi.c ****   hspi->pTxBuffPtr += sizeof(uint16_t);
3935:Drivers/STM32G4xx_HAL_Driver/Src/stm32g4xx_hal_spi.c ****   hspi->TxXferCount--;
3936:Drivers/STM32G4xx_HAL_Driver/Src/stm32g4xx_hal_spi.c **** 
3937:Drivers/STM32G4xx_HAL_Driver/Src/stm32g4xx_hal_spi.c ****   if (hspi->TxXferCount == 0U)
3938:Drivers/STM32G4xx_HAL_Driver/Src/stm32g4xx_hal_spi.c ****   {
3939:Drivers/STM32G4xx_HAL_Driver/Src/stm32g4xx_hal_spi.c **** #if (USE_SPI_CRC != 0U)
3940:Drivers/STM32G4xx_HAL_Driver/Src/stm32g4xx_hal_spi.c ****     if (hspi->Init.CRCCalculation == SPI_CRCCALCULATION_ENABLE)
3941:Drivers/STM32G4xx_HAL_Driver/Src/stm32g4xx_hal_spi.c ****     {
3942:Drivers/STM32G4xx_HAL_Driver/Src/stm32g4xx_hal_spi.c ****       /* Enable CRC Transmission */
3943:Drivers/STM32G4xx_HAL_Driver/Src/stm32g4xx_hal_spi.c ****       SET_BIT(hspi->Instance->CR1, SPI_CR1_CRCNEXT);
3944:Drivers/STM32G4xx_HAL_Driver/Src/stm32g4xx_hal_spi.c ****     }
3945:Drivers/STM32G4xx_HAL_Driver/Src/stm32g4xx_hal_spi.c **** #endif /* USE_SPI_CRC */
3946:Drivers/STM32G4xx_HAL_Driver/Src/stm32g4xx_hal_spi.c ****     SPI_CloseTx_ISR(hspi);
3947:Drivers/STM32G4xx_HAL_Driver/Src/stm32g4xx_hal_spi.c ****   }
3948:Drivers/STM32G4xx_HAL_Driver/Src/stm32g4xx_hal_spi.c **** }
3949:Drivers/STM32G4xx_HAL_Driver/Src/stm32g4xx_hal_spi.c **** 
3950:Drivers/STM32G4xx_HAL_Driver/Src/stm32g4xx_hal_spi.c **** /**
3951:Drivers/STM32G4xx_HAL_Driver/Src/stm32g4xx_hal_spi.c ****   * @brief  Handle SPI Communication Timeout.
3952:Drivers/STM32G4xx_HAL_Driver/Src/stm32g4xx_hal_spi.c ****   * @param  hspi pointer to a SPI_HandleTypeDef structure that contains
3953:Drivers/STM32G4xx_HAL_Driver/Src/stm32g4xx_hal_spi.c ****   *              the configuration information for SPI module.
3954:Drivers/STM32G4xx_HAL_Driver/Src/stm32g4xx_hal_spi.c ****   * @param  Flag SPI flag to check
3955:Drivers/STM32G4xx_HAL_Driver/Src/stm32g4xx_hal_spi.c ****   * @param  State flag state to check
3956:Drivers/STM32G4xx_HAL_Driver/Src/stm32g4xx_hal_spi.c ****   * @param  Timeout Timeout duration
3957:Drivers/STM32G4xx_HAL_Driver/Src/stm32g4xx_hal_spi.c ****   * @param  Tickstart tick start value
3958:Drivers/STM32G4xx_HAL_Driver/Src/stm32g4xx_hal_spi.c ****   * @retval HAL status
3959:Drivers/STM32G4xx_HAL_Driver/Src/stm32g4xx_hal_spi.c ****   */
3960:Drivers/STM32G4xx_HAL_Driver/Src/stm32g4xx_hal_spi.c **** static HAL_StatusTypeDef SPI_WaitFlagStateUntilTimeout(SPI_HandleTypeDef *hspi, uint32_t Flag, Flag
3961:Drivers/STM32G4xx_HAL_Driver/Src/stm32g4xx_hal_spi.c ****                                                        uint32_t Timeout, uint32_t Tickstart)
3962:Drivers/STM32G4xx_HAL_Driver/Src/stm32g4xx_hal_spi.c **** {
  29              		.loc 1 3962 1 view -0
ARM GAS  C:\Users\Booster\AppData\Local\Temp\ccQdKe81.s 			page 71


  30              		.cfi_startproc
  31              		@ args = 4, pretend = 0, frame = 8
  32              		@ frame_needed = 0, uses_anonymous_args = 0
  33              		.loc 1 3962 1 is_stmt 0 view .LVU1
  34 0000 2DE9F047 		push	{r4, r5, r6, r7, r8, r9, r10, lr}
  35              	.LCFI0:
  36              		.cfi_def_cfa_offset 32
  37              		.cfi_offset 4, -32
  38              		.cfi_offset 5, -28
  39              		.cfi_offset 6, -24
  40              		.cfi_offset 7, -20
  41              		.cfi_offset 8, -16
  42              		.cfi_offset 9, -12
  43              		.cfi_offset 10, -8
  44              		.cfi_offset 14, -4
  45 0004 82B0     		sub	sp, sp, #8
  46              	.LCFI1:
  47              		.cfi_def_cfa_offset 40
  48 0006 0546     		mov	r5, r0
  49 0008 8846     		mov	r8, r1
  50 000a 1746     		mov	r7, r2
  51 000c 1E46     		mov	r6, r3
3963:Drivers/STM32G4xx_HAL_Driver/Src/stm32g4xx_hal_spi.c ****   __IO uint32_t count;
  52              		.loc 1 3963 3 is_stmt 1 view .LVU2
3964:Drivers/STM32G4xx_HAL_Driver/Src/stm32g4xx_hal_spi.c ****   uint32_t tmp_timeout;
  53              		.loc 1 3964 3 view .LVU3
3965:Drivers/STM32G4xx_HAL_Driver/Src/stm32g4xx_hal_spi.c ****   uint32_t tmp_tickstart;
  54              		.loc 1 3965 3 view .LVU4
3966:Drivers/STM32G4xx_HAL_Driver/Src/stm32g4xx_hal_spi.c **** 
3967:Drivers/STM32G4xx_HAL_Driver/Src/stm32g4xx_hal_spi.c ****   /* Adjust Timeout value  in case of end of transfer */
3968:Drivers/STM32G4xx_HAL_Driver/Src/stm32g4xx_hal_spi.c ****   tmp_timeout   = Timeout - (HAL_GetTick() - Tickstart);
  55              		.loc 1 3968 3 view .LVU5
  56              		.loc 1 3968 30 is_stmt 0 view .LVU6
  57 000e FFF7FEFF 		bl	HAL_GetTick
  58              	.LVL1:
  59              		.loc 1 3968 44 view .LVU7
  60 0012 0A9B     		ldr	r3, [sp, #40]
  61 0014 1B1A     		subs	r3, r3, r0
  62              		.loc 1 3968 17 view .LVU8
  63 0016 03EB0609 		add	r9, r3, r6
  64              	.LVL2:
3969:Drivers/STM32G4xx_HAL_Driver/Src/stm32g4xx_hal_spi.c ****   tmp_tickstart = HAL_GetTick();
  65              		.loc 1 3969 3 is_stmt 1 view .LVU9
  66              		.loc 1 3969 19 is_stmt 0 view .LVU10
  67 001a FFF7FEFF 		bl	HAL_GetTick
  68              	.LVL3:
  69 001e 8246     		mov	r10, r0
  70              	.LVL4:
3970:Drivers/STM32G4xx_HAL_Driver/Src/stm32g4xx_hal_spi.c **** 
3971:Drivers/STM32G4xx_HAL_Driver/Src/stm32g4xx_hal_spi.c ****   /* Calculate Timeout based on a software loop to avoid blocking issue if Systick is disabled */
3972:Drivers/STM32G4xx_HAL_Driver/Src/stm32g4xx_hal_spi.c ****   count = tmp_timeout * ((SystemCoreClock * 32U) >> 20U);
  71              		.loc 1 3972 3 is_stmt 1 view .LVU11
  72              		.loc 1 3972 43 is_stmt 0 view .LVU12
  73 0020 284B     		ldr	r3, .L16
  74 0022 1B68     		ldr	r3, [r3]
  75              		.loc 1 3972 50 view .LVU13
  76 0024 C3F3CB33 		ubfx	r3, r3, #15, #12
ARM GAS  C:\Users\Booster\AppData\Local\Temp\ccQdKe81.s 			page 72


  77              		.loc 1 3972 23 view .LVU14
  78 0028 09FB03F3 		mul	r3, r9, r3
  79              		.loc 1 3972 9 view .LVU15
  80 002c 0193     		str	r3, [sp, #4]
3973:Drivers/STM32G4xx_HAL_Driver/Src/stm32g4xx_hal_spi.c **** 
3974:Drivers/STM32G4xx_HAL_Driver/Src/stm32g4xx_hal_spi.c ****   while ((__HAL_SPI_GET_FLAG(hspi, Flag) ? SET : RESET) != State)
  81              		.loc 1 3974 3 is_stmt 1 view .LVU16
  82              	.LVL5:
  83              	.L3:
  84              		.loc 1 3974 57 view .LVU17
  85              		.loc 1 3974 11 is_stmt 0 view .LVU18
  86 002e 2B68     		ldr	r3, [r5]
  87 0030 9C68     		ldr	r4, [r3, #8]
  88              		.loc 1 3974 48 view .LVU19
  89 0032 38EA0404 		bics	r4, r8, r4
  90 0036 0CBF     		ite	eq
  91 0038 0123     		moveq	r3, #1
  92 003a 0023     		movne	r3, #0
  93              		.loc 1 3974 57 view .LVU20
  94 003c BB42     		cmp	r3, r7
  95 003e 3DD0     		beq	.L12
3975:Drivers/STM32G4xx_HAL_Driver/Src/stm32g4xx_hal_spi.c ****   {
3976:Drivers/STM32G4xx_HAL_Driver/Src/stm32g4xx_hal_spi.c ****     if (Timeout != HAL_MAX_DELAY)
  96              		.loc 1 3976 5 is_stmt 1 view .LVU21
  97              		.loc 1 3976 8 is_stmt 0 view .LVU22
  98 0040 B6F1FF3F 		cmp	r6, #-1
  99 0044 F3D0     		beq	.L3
3977:Drivers/STM32G4xx_HAL_Driver/Src/stm32g4xx_hal_spi.c ****     {
3978:Drivers/STM32G4xx_HAL_Driver/Src/stm32g4xx_hal_spi.c ****       if (((HAL_GetTick() - tmp_tickstart) >= tmp_timeout) || (tmp_timeout == 0U))
 100              		.loc 1 3978 7 is_stmt 1 view .LVU23
 101              		.loc 1 3978 13 is_stmt 0 view .LVU24
 102 0046 FFF7FEFF 		bl	HAL_GetTick
 103              	.LVL6:
 104              		.loc 1 3978 27 view .LVU25
 105 004a A0EB0A00 		sub	r0, r0, r10
 106              		.loc 1 3978 10 view .LVU26
 107 004e 4845     		cmp	r0, r9
 108 0050 07D2     		bcs	.L13
3979:Drivers/STM32G4xx_HAL_Driver/Src/stm32g4xx_hal_spi.c ****       {
3980:Drivers/STM32G4xx_HAL_Driver/Src/stm32g4xx_hal_spi.c ****         /* Disable the SPI and reset the CRC: the CRC value should be cleared
3981:Drivers/STM32G4xx_HAL_Driver/Src/stm32g4xx_hal_spi.c ****            on both master and slave sides in order to resynchronize the master
3982:Drivers/STM32G4xx_HAL_Driver/Src/stm32g4xx_hal_spi.c ****            and slave for their respective CRC calculation */
3983:Drivers/STM32G4xx_HAL_Driver/Src/stm32g4xx_hal_spi.c **** 
3984:Drivers/STM32G4xx_HAL_Driver/Src/stm32g4xx_hal_spi.c ****         /* Disable TXE, RXNE and ERR interrupts for the interrupt process */
3985:Drivers/STM32G4xx_HAL_Driver/Src/stm32g4xx_hal_spi.c ****         __HAL_SPI_DISABLE_IT(hspi, (SPI_IT_TXE | SPI_IT_RXNE | SPI_IT_ERR));
3986:Drivers/STM32G4xx_HAL_Driver/Src/stm32g4xx_hal_spi.c **** 
3987:Drivers/STM32G4xx_HAL_Driver/Src/stm32g4xx_hal_spi.c ****         if ((hspi->Init.Mode == SPI_MODE_MASTER) && ((hspi->Init.Direction == SPI_DIRECTION_1LINE)
3988:Drivers/STM32G4xx_HAL_Driver/Src/stm32g4xx_hal_spi.c ****                                                      || (hspi->Init.Direction == SPI_DIRECTION_2LIN
3989:Drivers/STM32G4xx_HAL_Driver/Src/stm32g4xx_hal_spi.c ****         {
3990:Drivers/STM32G4xx_HAL_Driver/Src/stm32g4xx_hal_spi.c ****           /* Disable SPI peripheral */
3991:Drivers/STM32G4xx_HAL_Driver/Src/stm32g4xx_hal_spi.c ****           __HAL_SPI_DISABLE(hspi);
3992:Drivers/STM32G4xx_HAL_Driver/Src/stm32g4xx_hal_spi.c ****         }
3993:Drivers/STM32G4xx_HAL_Driver/Src/stm32g4xx_hal_spi.c **** 
3994:Drivers/STM32G4xx_HAL_Driver/Src/stm32g4xx_hal_spi.c ****         /* Reset CRC Calculation */
3995:Drivers/STM32G4xx_HAL_Driver/Src/stm32g4xx_hal_spi.c ****         if (hspi->Init.CRCCalculation == SPI_CRCCALCULATION_ENABLE)
3996:Drivers/STM32G4xx_HAL_Driver/Src/stm32g4xx_hal_spi.c ****         {
3997:Drivers/STM32G4xx_HAL_Driver/Src/stm32g4xx_hal_spi.c ****           SPI_RESET_CRC(hspi);
ARM GAS  C:\Users\Booster\AppData\Local\Temp\ccQdKe81.s 			page 73


3998:Drivers/STM32G4xx_HAL_Driver/Src/stm32g4xx_hal_spi.c ****         }
3999:Drivers/STM32G4xx_HAL_Driver/Src/stm32g4xx_hal_spi.c **** 
4000:Drivers/STM32G4xx_HAL_Driver/Src/stm32g4xx_hal_spi.c ****         hspi->State = HAL_SPI_STATE_READY;
4001:Drivers/STM32G4xx_HAL_Driver/Src/stm32g4xx_hal_spi.c **** 
4002:Drivers/STM32G4xx_HAL_Driver/Src/stm32g4xx_hal_spi.c ****         /* Process Unlocked */
4003:Drivers/STM32G4xx_HAL_Driver/Src/stm32g4xx_hal_spi.c ****         __HAL_UNLOCK(hspi);
4004:Drivers/STM32G4xx_HAL_Driver/Src/stm32g4xx_hal_spi.c **** 
4005:Drivers/STM32G4xx_HAL_Driver/Src/stm32g4xx_hal_spi.c ****         return HAL_TIMEOUT;
4006:Drivers/STM32G4xx_HAL_Driver/Src/stm32g4xx_hal_spi.c ****       }
4007:Drivers/STM32G4xx_HAL_Driver/Src/stm32g4xx_hal_spi.c ****       /* If Systick is disabled or not incremented, deactivate timeout to go in disable loop proced
4008:Drivers/STM32G4xx_HAL_Driver/Src/stm32g4xx_hal_spi.c ****       if (count == 0U)
 109              		.loc 1 4008 7 is_stmt 1 view .LVU27
 110              		.loc 1 4008 17 is_stmt 0 view .LVU28
 111 0052 019A     		ldr	r2, [sp, #4]
 112              		.loc 1 4008 10 view .LVU29
 113 0054 02B1     		cbz	r2, .L9
 114 0056 4A46     		mov	r2, r9
 115              	.L9:
 116              	.LVL7:
4009:Drivers/STM32G4xx_HAL_Driver/Src/stm32g4xx_hal_spi.c ****       {
4010:Drivers/STM32G4xx_HAL_Driver/Src/stm32g4xx_hal_spi.c ****         tmp_timeout = 0U;
4011:Drivers/STM32G4xx_HAL_Driver/Src/stm32g4xx_hal_spi.c ****       }
4012:Drivers/STM32G4xx_HAL_Driver/Src/stm32g4xx_hal_spi.c ****       count--;
 117              		.loc 1 4012 7 is_stmt 1 view .LVU30
 118              		.loc 1 4012 12 is_stmt 0 view .LVU31
 119 0058 019B     		ldr	r3, [sp, #4]
 120 005a 013B     		subs	r3, r3, #1
 121 005c 0193     		str	r3, [sp, #4]
 122 005e 9146     		mov	r9, r2
 123 0060 E5E7     		b	.L3
 124              	.LVL8:
 125              	.L13:
3985:Drivers/STM32G4xx_HAL_Driver/Src/stm32g4xx_hal_spi.c **** 
 126              		.loc 1 3985 9 is_stmt 1 view .LVU32
 127 0062 2A68     		ldr	r2, [r5]
 128 0064 5368     		ldr	r3, [r2, #4]
 129 0066 23F0E003 		bic	r3, r3, #224
 130 006a 5360     		str	r3, [r2, #4]
3987:Drivers/STM32G4xx_HAL_Driver/Src/stm32g4xx_hal_spi.c ****                                                      || (hspi->Init.Direction == SPI_DIRECTION_2LIN
 131              		.loc 1 3987 9 view .LVU33
3987:Drivers/STM32G4xx_HAL_Driver/Src/stm32g4xx_hal_spi.c ****                                                      || (hspi->Init.Direction == SPI_DIRECTION_2LIN
 132              		.loc 1 3987 24 is_stmt 0 view .LVU34
 133 006c 6B68     		ldr	r3, [r5, #4]
3987:Drivers/STM32G4xx_HAL_Driver/Src/stm32g4xx_hal_spi.c ****                                                      || (hspi->Init.Direction == SPI_DIRECTION_2LIN
 134              		.loc 1 3987 12 view .LVU35
 135 006e B3F5827F 		cmp	r3, #260
 136 0072 0BD0     		beq	.L14
 137              	.L5:
3995:Drivers/STM32G4xx_HAL_Driver/Src/stm32g4xx_hal_spi.c ****         {
 138              		.loc 1 3995 9 is_stmt 1 view .LVU36
3995:Drivers/STM32G4xx_HAL_Driver/Src/stm32g4xx_hal_spi.c ****         {
 139              		.loc 1 3995 23 is_stmt 0 view .LVU37
 140 0074 AB6A     		ldr	r3, [r5, #40]
3995:Drivers/STM32G4xx_HAL_Driver/Src/stm32g4xx_hal_spi.c ****         {
 141              		.loc 1 3995 12 view .LVU38
 142 0076 B3F5005F 		cmp	r3, #8192
 143 007a 14D0     		beq	.L15
ARM GAS  C:\Users\Booster\AppData\Local\Temp\ccQdKe81.s 			page 74


 144              	.L7:
3997:Drivers/STM32G4xx_HAL_Driver/Src/stm32g4xx_hal_spi.c ****         }
 145              		.loc 1 3997 11 is_stmt 1 discriminator 1 view .LVU39
4000:Drivers/STM32G4xx_HAL_Driver/Src/stm32g4xx_hal_spi.c **** 
 146              		.loc 1 4000 9 discriminator 1 view .LVU40
4000:Drivers/STM32G4xx_HAL_Driver/Src/stm32g4xx_hal_spi.c **** 
 147              		.loc 1 4000 21 is_stmt 0 discriminator 1 view .LVU41
 148 007c 0123     		movs	r3, #1
 149 007e 85F85D30 		strb	r3, [r5, #93]
4003:Drivers/STM32G4xx_HAL_Driver/Src/stm32g4xx_hal_spi.c **** 
 150              		.loc 1 4003 9 is_stmt 1 discriminator 1 view .LVU42
4003:Drivers/STM32G4xx_HAL_Driver/Src/stm32g4xx_hal_spi.c **** 
 151              		.loc 1 4003 9 discriminator 1 view .LVU43
 152 0082 0023     		movs	r3, #0
 153 0084 85F85C30 		strb	r3, [r5, #92]
4003:Drivers/STM32G4xx_HAL_Driver/Src/stm32g4xx_hal_spi.c **** 
 154              		.loc 1 4003 9 discriminator 1 view .LVU44
4005:Drivers/STM32G4xx_HAL_Driver/Src/stm32g4xx_hal_spi.c ****       }
 155              		.loc 1 4005 9 discriminator 1 view .LVU45
4005:Drivers/STM32G4xx_HAL_Driver/Src/stm32g4xx_hal_spi.c ****       }
 156              		.loc 1 4005 16 is_stmt 0 discriminator 1 view .LVU46
 157 0088 0320     		movs	r0, #3
 158 008a 18E0     		b	.L8
 159              	.L14:
3987:Drivers/STM32G4xx_HAL_Driver/Src/stm32g4xx_hal_spi.c ****                                                      || (hspi->Init.Direction == SPI_DIRECTION_2LIN
 160              		.loc 1 3987 65 discriminator 1 view .LVU47
 161 008c AB68     		ldr	r3, [r5, #8]
3987:Drivers/STM32G4xx_HAL_Driver/Src/stm32g4xx_hal_spi.c ****                                                      || (hspi->Init.Direction == SPI_DIRECTION_2LIN
 162              		.loc 1 3987 50 discriminator 1 view .LVU48
 163 008e B3F5004F 		cmp	r3, #32768
 164 0092 02D0     		beq	.L6
3988:Drivers/STM32G4xx_HAL_Driver/Src/stm32g4xx_hal_spi.c ****         {
 165              		.loc 1 3988 54 view .LVU49
 166 0094 B3F5806F 		cmp	r3, #1024
 167 0098 ECD1     		bne	.L5
 168              	.L6:
3991:Drivers/STM32G4xx_HAL_Driver/Src/stm32g4xx_hal_spi.c ****         }
 169              		.loc 1 3991 11 is_stmt 1 view .LVU50
 170 009a 2A68     		ldr	r2, [r5]
 171 009c 1368     		ldr	r3, [r2]
 172 009e 23F04003 		bic	r3, r3, #64
 173 00a2 1360     		str	r3, [r2]
 174 00a4 E6E7     		b	.L5
 175              	.L15:
3997:Drivers/STM32G4xx_HAL_Driver/Src/stm32g4xx_hal_spi.c ****         }
 176              		.loc 1 3997 11 view .LVU51
3997:Drivers/STM32G4xx_HAL_Driver/Src/stm32g4xx_hal_spi.c ****         }
 177              		.loc 1 3997 11 view .LVU52
 178 00a6 2A68     		ldr	r2, [r5]
 179 00a8 1368     		ldr	r3, [r2]
 180 00aa 23F40053 		bic	r3, r3, #8192
 181 00ae 1360     		str	r3, [r2]
3997:Drivers/STM32G4xx_HAL_Driver/Src/stm32g4xx_hal_spi.c ****         }
 182              		.loc 1 3997 11 view .LVU53
 183 00b0 2A68     		ldr	r2, [r5]
 184 00b2 1368     		ldr	r3, [r2]
 185 00b4 43F40053 		orr	r3, r3, #8192
ARM GAS  C:\Users\Booster\AppData\Local\Temp\ccQdKe81.s 			page 75


 186 00b8 1360     		str	r3, [r2]
 187 00ba DFE7     		b	.L7
 188              	.L12:
4013:Drivers/STM32G4xx_HAL_Driver/Src/stm32g4xx_hal_spi.c ****     }
4014:Drivers/STM32G4xx_HAL_Driver/Src/stm32g4xx_hal_spi.c ****   }
4015:Drivers/STM32G4xx_HAL_Driver/Src/stm32g4xx_hal_spi.c **** 
4016:Drivers/STM32G4xx_HAL_Driver/Src/stm32g4xx_hal_spi.c ****   return HAL_OK;
 189              		.loc 1 4016 10 is_stmt 0 view .LVU54
 190 00bc 0020     		movs	r0, #0
 191              	.L8:
4017:Drivers/STM32G4xx_HAL_Driver/Src/stm32g4xx_hal_spi.c **** }
 192              		.loc 1 4017 1 view .LVU55
 193 00be 02B0     		add	sp, sp, #8
 194              	.LCFI2:
 195              		.cfi_def_cfa_offset 32
 196              		@ sp needed
 197 00c0 BDE8F087 		pop	{r4, r5, r6, r7, r8, r9, r10, pc}
 198              	.LVL9:
 199              	.L17:
 200              		.loc 1 4017 1 view .LVU56
 201              		.align	2
 202              	.L16:
 203 00c4 00000000 		.word	SystemCoreClock
 204              		.cfi_endproc
 205              	.LFE376:
 207              		.section	.text.SPI_WaitFifoStateUntilTimeout,"ax",%progbits
 208              		.align	1
 209              		.syntax unified
 210              		.thumb
 211              		.thumb_func
 213              	SPI_WaitFifoStateUntilTimeout:
 214              	.LVL10:
 215              	.LFB377:
4018:Drivers/STM32G4xx_HAL_Driver/Src/stm32g4xx_hal_spi.c **** 
4019:Drivers/STM32G4xx_HAL_Driver/Src/stm32g4xx_hal_spi.c **** /**
4020:Drivers/STM32G4xx_HAL_Driver/Src/stm32g4xx_hal_spi.c ****   * @brief  Handle SPI FIFO Communication Timeout.
4021:Drivers/STM32G4xx_HAL_Driver/Src/stm32g4xx_hal_spi.c ****   * @param  hspi pointer to a SPI_HandleTypeDef structure that contains
4022:Drivers/STM32G4xx_HAL_Driver/Src/stm32g4xx_hal_spi.c ****   *              the configuration information for SPI module.
4023:Drivers/STM32G4xx_HAL_Driver/Src/stm32g4xx_hal_spi.c ****   * @param  Fifo Fifo to check
4024:Drivers/STM32G4xx_HAL_Driver/Src/stm32g4xx_hal_spi.c ****   * @param  State Fifo state to check
4025:Drivers/STM32G4xx_HAL_Driver/Src/stm32g4xx_hal_spi.c ****   * @param  Timeout Timeout duration
4026:Drivers/STM32G4xx_HAL_Driver/Src/stm32g4xx_hal_spi.c ****   * @param  Tickstart tick start value
4027:Drivers/STM32G4xx_HAL_Driver/Src/stm32g4xx_hal_spi.c ****   * @retval HAL status
4028:Drivers/STM32G4xx_HAL_Driver/Src/stm32g4xx_hal_spi.c ****   */
4029:Drivers/STM32G4xx_HAL_Driver/Src/stm32g4xx_hal_spi.c **** static HAL_StatusTypeDef SPI_WaitFifoStateUntilTimeout(SPI_HandleTypeDef *hspi, uint32_t Fifo, uint
4030:Drivers/STM32G4xx_HAL_Driver/Src/stm32g4xx_hal_spi.c ****                                                        uint32_t Timeout, uint32_t Tickstart)
4031:Drivers/STM32G4xx_HAL_Driver/Src/stm32g4xx_hal_spi.c **** {
 216              		.loc 1 4031 1 is_stmt 1 view -0
 217              		.cfi_startproc
 218              		@ args = 4, pretend = 0, frame = 8
 219              		@ frame_needed = 0, uses_anonymous_args = 0
 220              		.loc 1 4031 1 is_stmt 0 view .LVU58
 221 0000 2DE9F047 		push	{r4, r5, r6, r7, r8, r9, r10, lr}
 222              	.LCFI3:
 223              		.cfi_def_cfa_offset 32
 224              		.cfi_offset 4, -32
 225              		.cfi_offset 5, -28
ARM GAS  C:\Users\Booster\AppData\Local\Temp\ccQdKe81.s 			page 76


 226              		.cfi_offset 6, -24
 227              		.cfi_offset 7, -20
 228              		.cfi_offset 8, -16
 229              		.cfi_offset 9, -12
 230              		.cfi_offset 10, -8
 231              		.cfi_offset 14, -4
 232 0004 82B0     		sub	sp, sp, #8
 233              	.LCFI4:
 234              		.cfi_def_cfa_offset 40
 235 0006 0646     		mov	r6, r0
 236 0008 0C46     		mov	r4, r1
 237 000a 1546     		mov	r5, r2
 238 000c 1F46     		mov	r7, r3
4032:Drivers/STM32G4xx_HAL_Driver/Src/stm32g4xx_hal_spi.c ****   __IO uint32_t count;
 239              		.loc 1 4032 3 is_stmt 1 view .LVU59
4033:Drivers/STM32G4xx_HAL_Driver/Src/stm32g4xx_hal_spi.c ****   uint32_t tmp_timeout;
 240              		.loc 1 4033 3 view .LVU60
4034:Drivers/STM32G4xx_HAL_Driver/Src/stm32g4xx_hal_spi.c ****   uint32_t tmp_tickstart;
 241              		.loc 1 4034 3 view .LVU61
4035:Drivers/STM32G4xx_HAL_Driver/Src/stm32g4xx_hal_spi.c ****   __IO uint8_t  *ptmpreg8;
 242              		.loc 1 4035 3 view .LVU62
4036:Drivers/STM32G4xx_HAL_Driver/Src/stm32g4xx_hal_spi.c ****   __IO uint8_t  tmpreg8 = 0;
 243              		.loc 1 4036 3 view .LVU63
 244              		.loc 1 4036 17 is_stmt 0 view .LVU64
 245 000e 0023     		movs	r3, #0
 246              	.LVL11:
 247              		.loc 1 4036 17 view .LVU65
 248 0010 8DF80330 		strb	r3, [sp, #3]
4037:Drivers/STM32G4xx_HAL_Driver/Src/stm32g4xx_hal_spi.c **** 
4038:Drivers/STM32G4xx_HAL_Driver/Src/stm32g4xx_hal_spi.c ****   /* Adjust Timeout value  in case of end of transfer */
4039:Drivers/STM32G4xx_HAL_Driver/Src/stm32g4xx_hal_spi.c ****   tmp_timeout = Timeout - (HAL_GetTick() - Tickstart);
 249              		.loc 1 4039 3 is_stmt 1 view .LVU66
 250              		.loc 1 4039 28 is_stmt 0 view .LVU67
 251 0014 FFF7FEFF 		bl	HAL_GetTick
 252              	.LVL12:
 253              		.loc 1 4039 42 view .LVU68
 254 0018 0A9B     		ldr	r3, [sp, #40]
 255 001a 1B1A     		subs	r3, r3, r0
 256              		.loc 1 4039 15 view .LVU69
 257 001c 03EB0708 		add	r8, r3, r7
 258              	.LVL13:
4040:Drivers/STM32G4xx_HAL_Driver/Src/stm32g4xx_hal_spi.c ****   tmp_tickstart = HAL_GetTick();
 259              		.loc 1 4040 3 is_stmt 1 view .LVU70
 260              		.loc 1 4040 19 is_stmt 0 view .LVU71
 261 0020 FFF7FEFF 		bl	HAL_GetTick
 262              	.LVL14:
 263 0024 8146     		mov	r9, r0
 264              	.LVL15:
4041:Drivers/STM32G4xx_HAL_Driver/Src/stm32g4xx_hal_spi.c **** 
4042:Drivers/STM32G4xx_HAL_Driver/Src/stm32g4xx_hal_spi.c ****   /* Initialize the 8bit temporary pointer */
4043:Drivers/STM32G4xx_HAL_Driver/Src/stm32g4xx_hal_spi.c ****   ptmpreg8 = (__IO uint8_t *)&hspi->Instance->DR;
 265              		.loc 1 4043 3 is_stmt 1 view .LVU72
 266              		.loc 1 4043 35 is_stmt 0 view .LVU73
 267 0026 D6F800A0 		ldr	r10, [r6]
 268              	.LVL16:
4044:Drivers/STM32G4xx_HAL_Driver/Src/stm32g4xx_hal_spi.c **** 
4045:Drivers/STM32G4xx_HAL_Driver/Src/stm32g4xx_hal_spi.c ****   /* Calculate Timeout based on a software loop to avoid blocking issue if Systick is disabled */
ARM GAS  C:\Users\Booster\AppData\Local\Temp\ccQdKe81.s 			page 77


4046:Drivers/STM32G4xx_HAL_Driver/Src/stm32g4xx_hal_spi.c ****   count = tmp_timeout * ((SystemCoreClock * 35U) >> 20U);
 269              		.loc 1 4046 3 is_stmt 1 view .LVU74
 270              		.loc 1 4046 43 is_stmt 0 view .LVU75
 271 002a 304B     		ldr	r3, .L35
 272 002c 1B68     		ldr	r3, [r3]
 273 002e 03EB8303 		add	r3, r3, r3, lsl #2
 274 0032 C3EBC303 		rsb	r3, r3, r3, lsl #3
 275              		.loc 1 4046 50 view .LVU76
 276 0036 1B0D     		lsrs	r3, r3, #20
 277              		.loc 1 4046 23 view .LVU77
 278 0038 08FB03F3 		mul	r3, r8, r3
 279              		.loc 1 4046 9 view .LVU78
 280 003c 0193     		str	r3, [sp, #4]
4047:Drivers/STM32G4xx_HAL_Driver/Src/stm32g4xx_hal_spi.c **** 
4048:Drivers/STM32G4xx_HAL_Driver/Src/stm32g4xx_hal_spi.c ****   while ((hspi->Instance->SR & Fifo) != State)
 281              		.loc 1 4048 3 is_stmt 1 view .LVU79
 282              		.loc 1 4048 9 is_stmt 0 view .LVU80
 283 003e 02E0     		b	.L21
 284              	.LVL17:
 285              	.L20:
4049:Drivers/STM32G4xx_HAL_Driver/Src/stm32g4xx_hal_spi.c ****   {
4050:Drivers/STM32G4xx_HAL_Driver/Src/stm32g4xx_hal_spi.c ****     if ((Fifo == SPI_SR_FRLVL) && (State == SPI_FRLVL_EMPTY))
4051:Drivers/STM32G4xx_HAL_Driver/Src/stm32g4xx_hal_spi.c ****     {
4052:Drivers/STM32G4xx_HAL_Driver/Src/stm32g4xx_hal_spi.c ****       /* Flush Data Register by a blank read */
4053:Drivers/STM32G4xx_HAL_Driver/Src/stm32g4xx_hal_spi.c ****       tmpreg8 = *ptmpreg8;
4054:Drivers/STM32G4xx_HAL_Driver/Src/stm32g4xx_hal_spi.c ****       /* To avoid GCC warning */
4055:Drivers/STM32G4xx_HAL_Driver/Src/stm32g4xx_hal_spi.c ****       UNUSED(tmpreg8);
4056:Drivers/STM32G4xx_HAL_Driver/Src/stm32g4xx_hal_spi.c ****     }
4057:Drivers/STM32G4xx_HAL_Driver/Src/stm32g4xx_hal_spi.c **** 
4058:Drivers/STM32G4xx_HAL_Driver/Src/stm32g4xx_hal_spi.c ****     if (Timeout != HAL_MAX_DELAY)
 286              		.loc 1 4058 5 is_stmt 1 view .LVU81
 287              		.loc 1 4058 8 is_stmt 0 view .LVU82
 288 0040 B7F1FF3F 		cmp	r7, #-1
 289 0044 12D1     		bne	.L30
 290              	.L21:
4048:Drivers/STM32G4xx_HAL_Driver/Src/stm32g4xx_hal_spi.c ****   {
 291              		.loc 1 4048 38 is_stmt 1 view .LVU83
4048:Drivers/STM32G4xx_HAL_Driver/Src/stm32g4xx_hal_spi.c ****   {
 292              		.loc 1 4048 15 is_stmt 0 view .LVU84
 293 0046 3368     		ldr	r3, [r6]
4048:Drivers/STM32G4xx_HAL_Driver/Src/stm32g4xx_hal_spi.c ****   {
 294              		.loc 1 4048 25 view .LVU85
 295 0048 9B68     		ldr	r3, [r3, #8]
4048:Drivers/STM32G4xx_HAL_Driver/Src/stm32g4xx_hal_spi.c ****   {
 296              		.loc 1 4048 30 view .LVU86
 297 004a 03EA040C 		and	ip, r3, r4
4048:Drivers/STM32G4xx_HAL_Driver/Src/stm32g4xx_hal_spi.c ****   {
 298              		.loc 1 4048 38 view .LVU87
 299 004e AC45     		cmp	ip, r5
 300 0050 47D0     		beq	.L31
4050:Drivers/STM32G4xx_HAL_Driver/Src/stm32g4xx_hal_spi.c ****     {
 301              		.loc 1 4050 5 is_stmt 1 view .LVU88
4050:Drivers/STM32G4xx_HAL_Driver/Src/stm32g4xx_hal_spi.c ****     {
 302              		.loc 1 4050 8 is_stmt 0 view .LVU89
 303 0052 B4F5C06F 		cmp	r4, #1536
 304 0056 F3D1     		bne	.L20
4050:Drivers/STM32G4xx_HAL_Driver/Src/stm32g4xx_hal_spi.c ****     {
ARM GAS  C:\Users\Booster\AppData\Local\Temp\ccQdKe81.s 			page 78


 305              		.loc 1 4050 32 discriminator 1 view .LVU90
 306 0058 002D     		cmp	r5, #0
 307 005a F1D1     		bne	.L20
4053:Drivers/STM32G4xx_HAL_Driver/Src/stm32g4xx_hal_spi.c ****       /* To avoid GCC warning */
 308              		.loc 1 4053 7 is_stmt 1 view .LVU91
4053:Drivers/STM32G4xx_HAL_Driver/Src/stm32g4xx_hal_spi.c ****       /* To avoid GCC warning */
 309              		.loc 1 4053 17 is_stmt 0 view .LVU92
 310 005c 9AF80C30 		ldrb	r3, [r10, #12]	@ zero_extendqisi2
 311 0060 DBB2     		uxtb	r3, r3
4053:Drivers/STM32G4xx_HAL_Driver/Src/stm32g4xx_hal_spi.c ****       /* To avoid GCC warning */
 312              		.loc 1 4053 15 view .LVU93
 313 0062 8DF80330 		strb	r3, [sp, #3]
4055:Drivers/STM32G4xx_HAL_Driver/Src/stm32g4xx_hal_spi.c ****     }
 314              		.loc 1 4055 7 is_stmt 1 view .LVU94
 315 0066 9DF80330 		ldrb	r3, [sp, #3]	@ zero_extendqisi2
 316 006a E9E7     		b	.L20
 317              	.L30:
4059:Drivers/STM32G4xx_HAL_Driver/Src/stm32g4xx_hal_spi.c ****     {
4060:Drivers/STM32G4xx_HAL_Driver/Src/stm32g4xx_hal_spi.c ****       if (((HAL_GetTick() - tmp_tickstart) >= tmp_timeout) || (tmp_timeout == 0U))
 318              		.loc 1 4060 7 view .LVU95
 319              		.loc 1 4060 13 is_stmt 0 view .LVU96
 320 006c FFF7FEFF 		bl	HAL_GetTick
 321              	.LVL18:
 322              		.loc 1 4060 27 view .LVU97
 323 0070 A0EB0900 		sub	r0, r0, r9
 324              		.loc 1 4060 10 view .LVU98
 325 0074 4045     		cmp	r0, r8
 326 0076 07D2     		bcs	.L32
4061:Drivers/STM32G4xx_HAL_Driver/Src/stm32g4xx_hal_spi.c ****       {
4062:Drivers/STM32G4xx_HAL_Driver/Src/stm32g4xx_hal_spi.c ****         /* Disable the SPI and reset the CRC: the CRC value should be cleared
4063:Drivers/STM32G4xx_HAL_Driver/Src/stm32g4xx_hal_spi.c ****            on both master and slave sides in order to resynchronize the master
4064:Drivers/STM32G4xx_HAL_Driver/Src/stm32g4xx_hal_spi.c ****            and slave for their respective CRC calculation */
4065:Drivers/STM32G4xx_HAL_Driver/Src/stm32g4xx_hal_spi.c **** 
4066:Drivers/STM32G4xx_HAL_Driver/Src/stm32g4xx_hal_spi.c ****         /* Disable TXE, RXNE and ERR interrupts for the interrupt process */
4067:Drivers/STM32G4xx_HAL_Driver/Src/stm32g4xx_hal_spi.c ****         __HAL_SPI_DISABLE_IT(hspi, (SPI_IT_TXE | SPI_IT_RXNE | SPI_IT_ERR));
4068:Drivers/STM32G4xx_HAL_Driver/Src/stm32g4xx_hal_spi.c **** 
4069:Drivers/STM32G4xx_HAL_Driver/Src/stm32g4xx_hal_spi.c ****         if ((hspi->Init.Mode == SPI_MODE_MASTER) && ((hspi->Init.Direction == SPI_DIRECTION_1LINE)
4070:Drivers/STM32G4xx_HAL_Driver/Src/stm32g4xx_hal_spi.c ****                                                      || (hspi->Init.Direction == SPI_DIRECTION_2LIN
4071:Drivers/STM32G4xx_HAL_Driver/Src/stm32g4xx_hal_spi.c ****         {
4072:Drivers/STM32G4xx_HAL_Driver/Src/stm32g4xx_hal_spi.c ****           /* Disable SPI peripheral */
4073:Drivers/STM32G4xx_HAL_Driver/Src/stm32g4xx_hal_spi.c ****           __HAL_SPI_DISABLE(hspi);
4074:Drivers/STM32G4xx_HAL_Driver/Src/stm32g4xx_hal_spi.c ****         }
4075:Drivers/STM32G4xx_HAL_Driver/Src/stm32g4xx_hal_spi.c **** 
4076:Drivers/STM32G4xx_HAL_Driver/Src/stm32g4xx_hal_spi.c ****         /* Reset CRC Calculation */
4077:Drivers/STM32G4xx_HAL_Driver/Src/stm32g4xx_hal_spi.c ****         if (hspi->Init.CRCCalculation == SPI_CRCCALCULATION_ENABLE)
4078:Drivers/STM32G4xx_HAL_Driver/Src/stm32g4xx_hal_spi.c ****         {
4079:Drivers/STM32G4xx_HAL_Driver/Src/stm32g4xx_hal_spi.c ****           SPI_RESET_CRC(hspi);
4080:Drivers/STM32G4xx_HAL_Driver/Src/stm32g4xx_hal_spi.c ****         }
4081:Drivers/STM32G4xx_HAL_Driver/Src/stm32g4xx_hal_spi.c **** 
4082:Drivers/STM32G4xx_HAL_Driver/Src/stm32g4xx_hal_spi.c ****         hspi->State = HAL_SPI_STATE_READY;
4083:Drivers/STM32G4xx_HAL_Driver/Src/stm32g4xx_hal_spi.c **** 
4084:Drivers/STM32G4xx_HAL_Driver/Src/stm32g4xx_hal_spi.c ****         /* Process Unlocked */
4085:Drivers/STM32G4xx_HAL_Driver/Src/stm32g4xx_hal_spi.c ****         __HAL_UNLOCK(hspi);
4086:Drivers/STM32G4xx_HAL_Driver/Src/stm32g4xx_hal_spi.c **** 
4087:Drivers/STM32G4xx_HAL_Driver/Src/stm32g4xx_hal_spi.c ****         return HAL_TIMEOUT;
4088:Drivers/STM32G4xx_HAL_Driver/Src/stm32g4xx_hal_spi.c ****       }
4089:Drivers/STM32G4xx_HAL_Driver/Src/stm32g4xx_hal_spi.c ****       /* If Systick is disabled or not incremented, deactivate timeout to go in disable loop proced
ARM GAS  C:\Users\Booster\AppData\Local\Temp\ccQdKe81.s 			page 79


4090:Drivers/STM32G4xx_HAL_Driver/Src/stm32g4xx_hal_spi.c ****       if (count == 0U)
 327              		.loc 1 4090 7 is_stmt 1 view .LVU99
 328              		.loc 1 4090 17 is_stmt 0 view .LVU100
 329 0078 019A     		ldr	r2, [sp, #4]
 330              		.loc 1 4090 10 view .LVU101
 331 007a 02B1     		cbz	r2, .L27
 332 007c 4246     		mov	r2, r8
 333              	.L27:
 334              	.LVL19:
4091:Drivers/STM32G4xx_HAL_Driver/Src/stm32g4xx_hal_spi.c ****       {
4092:Drivers/STM32G4xx_HAL_Driver/Src/stm32g4xx_hal_spi.c ****         tmp_timeout = 0U;
4093:Drivers/STM32G4xx_HAL_Driver/Src/stm32g4xx_hal_spi.c ****       }
4094:Drivers/STM32G4xx_HAL_Driver/Src/stm32g4xx_hal_spi.c ****       count--;
 335              		.loc 1 4094 7 is_stmt 1 view .LVU102
 336              		.loc 1 4094 12 is_stmt 0 view .LVU103
 337 007e 019B     		ldr	r3, [sp, #4]
 338 0080 013B     		subs	r3, r3, #1
 339 0082 0193     		str	r3, [sp, #4]
 340 0084 9046     		mov	r8, r2
 341 0086 DEE7     		b	.L21
 342              	.LVL20:
 343              	.L32:
4067:Drivers/STM32G4xx_HAL_Driver/Src/stm32g4xx_hal_spi.c **** 
 344              		.loc 1 4067 9 is_stmt 1 view .LVU104
 345 0088 3268     		ldr	r2, [r6]
 346 008a 5368     		ldr	r3, [r2, #4]
 347 008c 23F0E003 		bic	r3, r3, #224
 348 0090 5360     		str	r3, [r2, #4]
4069:Drivers/STM32G4xx_HAL_Driver/Src/stm32g4xx_hal_spi.c ****                                                      || (hspi->Init.Direction == SPI_DIRECTION_2LIN
 349              		.loc 1 4069 9 view .LVU105
4069:Drivers/STM32G4xx_HAL_Driver/Src/stm32g4xx_hal_spi.c ****                                                      || (hspi->Init.Direction == SPI_DIRECTION_2LIN
 350              		.loc 1 4069 24 is_stmt 0 view .LVU106
 351 0092 7368     		ldr	r3, [r6, #4]
4069:Drivers/STM32G4xx_HAL_Driver/Src/stm32g4xx_hal_spi.c ****                                                      || (hspi->Init.Direction == SPI_DIRECTION_2LIN
 352              		.loc 1 4069 12 view .LVU107
 353 0094 B3F5827F 		cmp	r3, #260
 354 0098 0BD0     		beq	.L33
 355              	.L23:
4077:Drivers/STM32G4xx_HAL_Driver/Src/stm32g4xx_hal_spi.c ****         {
 356              		.loc 1 4077 9 is_stmt 1 view .LVU108
4077:Drivers/STM32G4xx_HAL_Driver/Src/stm32g4xx_hal_spi.c ****         {
 357              		.loc 1 4077 23 is_stmt 0 view .LVU109
 358 009a B36A     		ldr	r3, [r6, #40]
4077:Drivers/STM32G4xx_HAL_Driver/Src/stm32g4xx_hal_spi.c ****         {
 359              		.loc 1 4077 12 view .LVU110
 360 009c B3F5005F 		cmp	r3, #8192
 361 00a0 14D0     		beq	.L34
 362              	.L25:
4079:Drivers/STM32G4xx_HAL_Driver/Src/stm32g4xx_hal_spi.c ****         }
 363              		.loc 1 4079 11 is_stmt 1 discriminator 1 view .LVU111
4082:Drivers/STM32G4xx_HAL_Driver/Src/stm32g4xx_hal_spi.c **** 
 364              		.loc 1 4082 9 discriminator 1 view .LVU112
4082:Drivers/STM32G4xx_HAL_Driver/Src/stm32g4xx_hal_spi.c **** 
 365              		.loc 1 4082 21 is_stmt 0 discriminator 1 view .LVU113
 366 00a2 0123     		movs	r3, #1
 367 00a4 86F85D30 		strb	r3, [r6, #93]
4085:Drivers/STM32G4xx_HAL_Driver/Src/stm32g4xx_hal_spi.c **** 
ARM GAS  C:\Users\Booster\AppData\Local\Temp\ccQdKe81.s 			page 80


 368              		.loc 1 4085 9 is_stmt 1 discriminator 1 view .LVU114
4085:Drivers/STM32G4xx_HAL_Driver/Src/stm32g4xx_hal_spi.c **** 
 369              		.loc 1 4085 9 discriminator 1 view .LVU115
 370 00a8 0023     		movs	r3, #0
 371 00aa 86F85C30 		strb	r3, [r6, #92]
4085:Drivers/STM32G4xx_HAL_Driver/Src/stm32g4xx_hal_spi.c **** 
 372              		.loc 1 4085 9 discriminator 1 view .LVU116
4087:Drivers/STM32G4xx_HAL_Driver/Src/stm32g4xx_hal_spi.c ****       }
 373              		.loc 1 4087 9 discriminator 1 view .LVU117
4087:Drivers/STM32G4xx_HAL_Driver/Src/stm32g4xx_hal_spi.c ****       }
 374              		.loc 1 4087 16 is_stmt 0 discriminator 1 view .LVU118
 375 00ae 0320     		movs	r0, #3
 376 00b0 18E0     		b	.L26
 377              	.L33:
4069:Drivers/STM32G4xx_HAL_Driver/Src/stm32g4xx_hal_spi.c ****                                                      || (hspi->Init.Direction == SPI_DIRECTION_2LIN
 378              		.loc 1 4069 65 discriminator 1 view .LVU119
 379 00b2 B368     		ldr	r3, [r6, #8]
4069:Drivers/STM32G4xx_HAL_Driver/Src/stm32g4xx_hal_spi.c ****                                                      || (hspi->Init.Direction == SPI_DIRECTION_2LIN
 380              		.loc 1 4069 50 discriminator 1 view .LVU120
 381 00b4 B3F5004F 		cmp	r3, #32768
 382 00b8 02D0     		beq	.L24
4070:Drivers/STM32G4xx_HAL_Driver/Src/stm32g4xx_hal_spi.c ****         {
 383              		.loc 1 4070 54 view .LVU121
 384 00ba B3F5806F 		cmp	r3, #1024
 385 00be ECD1     		bne	.L23
 386              	.L24:
4073:Drivers/STM32G4xx_HAL_Driver/Src/stm32g4xx_hal_spi.c ****         }
 387              		.loc 1 4073 11 is_stmt 1 view .LVU122
 388 00c0 3268     		ldr	r2, [r6]
 389 00c2 1368     		ldr	r3, [r2]
 390 00c4 23F04003 		bic	r3, r3, #64
 391 00c8 1360     		str	r3, [r2]
 392 00ca E6E7     		b	.L23
 393              	.L34:
4079:Drivers/STM32G4xx_HAL_Driver/Src/stm32g4xx_hal_spi.c ****         }
 394              		.loc 1 4079 11 view .LVU123
4079:Drivers/STM32G4xx_HAL_Driver/Src/stm32g4xx_hal_spi.c ****         }
 395              		.loc 1 4079 11 view .LVU124
 396 00cc 3268     		ldr	r2, [r6]
 397 00ce 1368     		ldr	r3, [r2]
 398 00d0 23F40053 		bic	r3, r3, #8192
 399 00d4 1360     		str	r3, [r2]
4079:Drivers/STM32G4xx_HAL_Driver/Src/stm32g4xx_hal_spi.c ****         }
 400              		.loc 1 4079 11 view .LVU125
 401 00d6 3268     		ldr	r2, [r6]
 402 00d8 1368     		ldr	r3, [r2]
 403 00da 43F40053 		orr	r3, r3, #8192
 404 00de 1360     		str	r3, [r2]
 405 00e0 DFE7     		b	.L25
 406              	.L31:
4095:Drivers/STM32G4xx_HAL_Driver/Src/stm32g4xx_hal_spi.c ****     }
4096:Drivers/STM32G4xx_HAL_Driver/Src/stm32g4xx_hal_spi.c ****   }
4097:Drivers/STM32G4xx_HAL_Driver/Src/stm32g4xx_hal_spi.c **** 
4098:Drivers/STM32G4xx_HAL_Driver/Src/stm32g4xx_hal_spi.c ****   return HAL_OK;
 407              		.loc 1 4098 10 is_stmt 0 view .LVU126
 408 00e2 0020     		movs	r0, #0
 409              	.L26:
ARM GAS  C:\Users\Booster\AppData\Local\Temp\ccQdKe81.s 			page 81


4099:Drivers/STM32G4xx_HAL_Driver/Src/stm32g4xx_hal_spi.c **** }
 410              		.loc 1 4099 1 view .LVU127
 411 00e4 02B0     		add	sp, sp, #8
 412              	.LCFI5:
 413              		.cfi_def_cfa_offset 32
 414              		@ sp needed
 415 00e6 BDE8F087 		pop	{r4, r5, r6, r7, r8, r9, r10, pc}
 416              	.LVL21:
 417              	.L36:
 418              		.loc 1 4099 1 view .LVU128
 419 00ea 00BF     		.align	2
 420              	.L35:
 421 00ec 00000000 		.word	SystemCoreClock
 422              		.cfi_endproc
 423              	.LFE377:
 425              		.section	.text.SPI_EndRxTxTransaction,"ax",%progbits
 426              		.align	1
 427              		.syntax unified
 428              		.thumb
 429              		.thumb_func
 431              	SPI_EndRxTxTransaction:
 432              	.LVL22:
 433              	.LFB379:
4100:Drivers/STM32G4xx_HAL_Driver/Src/stm32g4xx_hal_spi.c **** 
4101:Drivers/STM32G4xx_HAL_Driver/Src/stm32g4xx_hal_spi.c **** /**
4102:Drivers/STM32G4xx_HAL_Driver/Src/stm32g4xx_hal_spi.c ****   * @brief  Handle the check of the RX transaction complete.
4103:Drivers/STM32G4xx_HAL_Driver/Src/stm32g4xx_hal_spi.c ****   * @param  hspi pointer to a SPI_HandleTypeDef structure that contains
4104:Drivers/STM32G4xx_HAL_Driver/Src/stm32g4xx_hal_spi.c ****   *               the configuration information for SPI module.
4105:Drivers/STM32G4xx_HAL_Driver/Src/stm32g4xx_hal_spi.c ****   * @param  Timeout Timeout duration
4106:Drivers/STM32G4xx_HAL_Driver/Src/stm32g4xx_hal_spi.c ****   * @param  Tickstart tick start value
4107:Drivers/STM32G4xx_HAL_Driver/Src/stm32g4xx_hal_spi.c ****   * @retval HAL status
4108:Drivers/STM32G4xx_HAL_Driver/Src/stm32g4xx_hal_spi.c ****   */
4109:Drivers/STM32G4xx_HAL_Driver/Src/stm32g4xx_hal_spi.c **** static HAL_StatusTypeDef SPI_EndRxTransaction(SPI_HandleTypeDef *hspi,  uint32_t Timeout, uint32_t 
4110:Drivers/STM32G4xx_HAL_Driver/Src/stm32g4xx_hal_spi.c **** {
4111:Drivers/STM32G4xx_HAL_Driver/Src/stm32g4xx_hal_spi.c ****   if ((hspi->Init.Mode == SPI_MODE_MASTER) && ((hspi->Init.Direction == SPI_DIRECTION_1LINE)
4112:Drivers/STM32G4xx_HAL_Driver/Src/stm32g4xx_hal_spi.c ****                                                || (hspi->Init.Direction == SPI_DIRECTION_2LINES_RXO
4113:Drivers/STM32G4xx_HAL_Driver/Src/stm32g4xx_hal_spi.c ****   {
4114:Drivers/STM32G4xx_HAL_Driver/Src/stm32g4xx_hal_spi.c ****     /* Disable SPI peripheral */
4115:Drivers/STM32G4xx_HAL_Driver/Src/stm32g4xx_hal_spi.c ****     __HAL_SPI_DISABLE(hspi);
4116:Drivers/STM32G4xx_HAL_Driver/Src/stm32g4xx_hal_spi.c ****   }
4117:Drivers/STM32G4xx_HAL_Driver/Src/stm32g4xx_hal_spi.c **** 
4118:Drivers/STM32G4xx_HAL_Driver/Src/stm32g4xx_hal_spi.c ****   /* Control the BSY flag */
4119:Drivers/STM32G4xx_HAL_Driver/Src/stm32g4xx_hal_spi.c ****   if (SPI_WaitFlagStateUntilTimeout(hspi, SPI_FLAG_BSY, RESET, Timeout, Tickstart) != HAL_OK)
4120:Drivers/STM32G4xx_HAL_Driver/Src/stm32g4xx_hal_spi.c ****   {
4121:Drivers/STM32G4xx_HAL_Driver/Src/stm32g4xx_hal_spi.c ****     SET_BIT(hspi->ErrorCode, HAL_SPI_ERROR_FLAG);
4122:Drivers/STM32G4xx_HAL_Driver/Src/stm32g4xx_hal_spi.c ****     return HAL_TIMEOUT;
4123:Drivers/STM32G4xx_HAL_Driver/Src/stm32g4xx_hal_spi.c ****   }
4124:Drivers/STM32G4xx_HAL_Driver/Src/stm32g4xx_hal_spi.c **** 
4125:Drivers/STM32G4xx_HAL_Driver/Src/stm32g4xx_hal_spi.c ****   if ((hspi->Init.Mode == SPI_MODE_MASTER) && ((hspi->Init.Direction == SPI_DIRECTION_1LINE)
4126:Drivers/STM32G4xx_HAL_Driver/Src/stm32g4xx_hal_spi.c ****                                                || (hspi->Init.Direction == SPI_DIRECTION_2LINES_RXO
4127:Drivers/STM32G4xx_HAL_Driver/Src/stm32g4xx_hal_spi.c ****   {
4128:Drivers/STM32G4xx_HAL_Driver/Src/stm32g4xx_hal_spi.c ****     /* Empty the FRLVL fifo */
4129:Drivers/STM32G4xx_HAL_Driver/Src/stm32g4xx_hal_spi.c ****     if (SPI_WaitFifoStateUntilTimeout(hspi, SPI_FLAG_FRLVL, SPI_FRLVL_EMPTY, Timeout, Tickstart) !=
4130:Drivers/STM32G4xx_HAL_Driver/Src/stm32g4xx_hal_spi.c ****     {
4131:Drivers/STM32G4xx_HAL_Driver/Src/stm32g4xx_hal_spi.c ****       SET_BIT(hspi->ErrorCode, HAL_SPI_ERROR_FLAG);
4132:Drivers/STM32G4xx_HAL_Driver/Src/stm32g4xx_hal_spi.c ****       return HAL_TIMEOUT;
4133:Drivers/STM32G4xx_HAL_Driver/Src/stm32g4xx_hal_spi.c ****     }
ARM GAS  C:\Users\Booster\AppData\Local\Temp\ccQdKe81.s 			page 82


4134:Drivers/STM32G4xx_HAL_Driver/Src/stm32g4xx_hal_spi.c ****   }
4135:Drivers/STM32G4xx_HAL_Driver/Src/stm32g4xx_hal_spi.c ****   return HAL_OK;
4136:Drivers/STM32G4xx_HAL_Driver/Src/stm32g4xx_hal_spi.c **** }
4137:Drivers/STM32G4xx_HAL_Driver/Src/stm32g4xx_hal_spi.c **** 
4138:Drivers/STM32G4xx_HAL_Driver/Src/stm32g4xx_hal_spi.c **** /**
4139:Drivers/STM32G4xx_HAL_Driver/Src/stm32g4xx_hal_spi.c ****   * @brief  Handle the check of the RXTX or TX transaction complete.
4140:Drivers/STM32G4xx_HAL_Driver/Src/stm32g4xx_hal_spi.c ****   * @param  hspi SPI handle
4141:Drivers/STM32G4xx_HAL_Driver/Src/stm32g4xx_hal_spi.c ****   * @param  Timeout Timeout duration
4142:Drivers/STM32G4xx_HAL_Driver/Src/stm32g4xx_hal_spi.c ****   * @param  Tickstart tick start value
4143:Drivers/STM32G4xx_HAL_Driver/Src/stm32g4xx_hal_spi.c ****   * @retval HAL status
4144:Drivers/STM32G4xx_HAL_Driver/Src/stm32g4xx_hal_spi.c ****   */
4145:Drivers/STM32G4xx_HAL_Driver/Src/stm32g4xx_hal_spi.c **** static HAL_StatusTypeDef SPI_EndRxTxTransaction(SPI_HandleTypeDef *hspi, uint32_t Timeout, uint32_t
4146:Drivers/STM32G4xx_HAL_Driver/Src/stm32g4xx_hal_spi.c **** {
 434              		.loc 1 4146 1 is_stmt 1 view -0
 435              		.cfi_startproc
 436              		@ args = 0, pretend = 0, frame = 0
 437              		@ frame_needed = 0, uses_anonymous_args = 0
 438              		.loc 1 4146 1 is_stmt 0 view .LVU130
 439 0000 70B5     		push	{r4, r5, r6, lr}
 440              	.LCFI6:
 441              		.cfi_def_cfa_offset 16
 442              		.cfi_offset 4, -16
 443              		.cfi_offset 5, -12
 444              		.cfi_offset 6, -8
 445              		.cfi_offset 14, -4
 446 0002 82B0     		sub	sp, sp, #8
 447              	.LCFI7:
 448              		.cfi_def_cfa_offset 24
 449 0004 0446     		mov	r4, r0
 450 0006 0D46     		mov	r5, r1
 451 0008 1646     		mov	r6, r2
4147:Drivers/STM32G4xx_HAL_Driver/Src/stm32g4xx_hal_spi.c ****   /* Control if the TX fifo is empty */
4148:Drivers/STM32G4xx_HAL_Driver/Src/stm32g4xx_hal_spi.c ****   if (SPI_WaitFifoStateUntilTimeout(hspi, SPI_FLAG_FTLVL, SPI_FTLVL_EMPTY, Timeout, Tickstart) != H
 452              		.loc 1 4148 3 is_stmt 1 view .LVU131
 453              		.loc 1 4148 7 is_stmt 0 view .LVU132
 454 000a 0092     		str	r2, [sp]
 455 000c 0B46     		mov	r3, r1
 456 000e 0022     		movs	r2, #0
 457              	.LVL23:
 458              		.loc 1 4148 7 view .LVU133
 459 0010 4FF4C051 		mov	r1, #6144
 460              	.LVL24:
 461              		.loc 1 4148 7 view .LVU134
 462 0014 FFF7FEFF 		bl	SPI_WaitFifoStateUntilTimeout
 463              	.LVL25:
 464              		.loc 1 4148 6 view .LVU135
 465 0018 B0B9     		cbnz	r0, .L42
4149:Drivers/STM32G4xx_HAL_Driver/Src/stm32g4xx_hal_spi.c ****   {
4150:Drivers/STM32G4xx_HAL_Driver/Src/stm32g4xx_hal_spi.c ****     SET_BIT(hspi->ErrorCode, HAL_SPI_ERROR_FLAG);
4151:Drivers/STM32G4xx_HAL_Driver/Src/stm32g4xx_hal_spi.c ****     return HAL_TIMEOUT;
4152:Drivers/STM32G4xx_HAL_Driver/Src/stm32g4xx_hal_spi.c ****   }
4153:Drivers/STM32G4xx_HAL_Driver/Src/stm32g4xx_hal_spi.c **** 
4154:Drivers/STM32G4xx_HAL_Driver/Src/stm32g4xx_hal_spi.c ****   /* Control the BSY flag */
4155:Drivers/STM32G4xx_HAL_Driver/Src/stm32g4xx_hal_spi.c ****   if (SPI_WaitFlagStateUntilTimeout(hspi, SPI_FLAG_BSY, RESET, Timeout, Tickstart) != HAL_OK)
 466              		.loc 1 4155 3 is_stmt 1 view .LVU136
 467              		.loc 1 4155 7 is_stmt 0 view .LVU137
 468 001a 0096     		str	r6, [sp]
ARM GAS  C:\Users\Booster\AppData\Local\Temp\ccQdKe81.s 			page 83


 469 001c 2B46     		mov	r3, r5
 470 001e 0022     		movs	r2, #0
 471 0020 8021     		movs	r1, #128
 472 0022 2046     		mov	r0, r4
 473 0024 FFF7FEFF 		bl	SPI_WaitFlagStateUntilTimeout
 474              	.LVL26:
 475              		.loc 1 4155 6 view .LVU138
 476 0028 A8B9     		cbnz	r0, .L43
4156:Drivers/STM32G4xx_HAL_Driver/Src/stm32g4xx_hal_spi.c ****   {
4157:Drivers/STM32G4xx_HAL_Driver/Src/stm32g4xx_hal_spi.c ****     SET_BIT(hspi->ErrorCode, HAL_SPI_ERROR_FLAG);
4158:Drivers/STM32G4xx_HAL_Driver/Src/stm32g4xx_hal_spi.c ****     return HAL_TIMEOUT;
4159:Drivers/STM32G4xx_HAL_Driver/Src/stm32g4xx_hal_spi.c ****   }
4160:Drivers/STM32G4xx_HAL_Driver/Src/stm32g4xx_hal_spi.c **** 
4161:Drivers/STM32G4xx_HAL_Driver/Src/stm32g4xx_hal_spi.c ****   /* Control if the RX fifo is empty */
4162:Drivers/STM32G4xx_HAL_Driver/Src/stm32g4xx_hal_spi.c ****   if (SPI_WaitFifoStateUntilTimeout(hspi, SPI_FLAG_FRLVL, SPI_FRLVL_EMPTY, Timeout, Tickstart) != H
 477              		.loc 1 4162 3 is_stmt 1 view .LVU139
 478              		.loc 1 4162 7 is_stmt 0 view .LVU140
 479 002a 0096     		str	r6, [sp]
 480 002c 2B46     		mov	r3, r5
 481 002e 0022     		movs	r2, #0
 482 0030 4FF4C061 		mov	r1, #1536
 483 0034 2046     		mov	r0, r4
 484 0036 FFF7FEFF 		bl	SPI_WaitFifoStateUntilTimeout
 485              	.LVL27:
 486              		.loc 1 4162 6 view .LVU141
 487 003a 50B1     		cbz	r0, .L39
4163:Drivers/STM32G4xx_HAL_Driver/Src/stm32g4xx_hal_spi.c ****   {
4164:Drivers/STM32G4xx_HAL_Driver/Src/stm32g4xx_hal_spi.c ****     SET_BIT(hspi->ErrorCode, HAL_SPI_ERROR_FLAG);
 488              		.loc 1 4164 5 is_stmt 1 view .LVU142
 489 003c 236E     		ldr	r3, [r4, #96]
 490 003e 43F02003 		orr	r3, r3, #32
 491 0042 2366     		str	r3, [r4, #96]
4165:Drivers/STM32G4xx_HAL_Driver/Src/stm32g4xx_hal_spi.c ****     return HAL_TIMEOUT;
 492              		.loc 1 4165 5 view .LVU143
 493              		.loc 1 4165 12 is_stmt 0 view .LVU144
 494 0044 0320     		movs	r0, #3
 495 0046 04E0     		b	.L39
 496              	.L42:
4150:Drivers/STM32G4xx_HAL_Driver/Src/stm32g4xx_hal_spi.c ****     return HAL_TIMEOUT;
 497              		.loc 1 4150 5 is_stmt 1 view .LVU145
 498 0048 236E     		ldr	r3, [r4, #96]
 499 004a 43F02003 		orr	r3, r3, #32
 500 004e 2366     		str	r3, [r4, #96]
4151:Drivers/STM32G4xx_HAL_Driver/Src/stm32g4xx_hal_spi.c ****   }
 501              		.loc 1 4151 5 view .LVU146
4151:Drivers/STM32G4xx_HAL_Driver/Src/stm32g4xx_hal_spi.c ****   }
 502              		.loc 1 4151 12 is_stmt 0 view .LVU147
 503 0050 0320     		movs	r0, #3
 504              	.L39:
4166:Drivers/STM32G4xx_HAL_Driver/Src/stm32g4xx_hal_spi.c ****   }
4167:Drivers/STM32G4xx_HAL_Driver/Src/stm32g4xx_hal_spi.c **** 
4168:Drivers/STM32G4xx_HAL_Driver/Src/stm32g4xx_hal_spi.c ****   return HAL_OK;
4169:Drivers/STM32G4xx_HAL_Driver/Src/stm32g4xx_hal_spi.c **** }
 505              		.loc 1 4169 1 view .LVU148
 506 0052 02B0     		add	sp, sp, #8
 507              	.LCFI8:
 508              		.cfi_remember_state
ARM GAS  C:\Users\Booster\AppData\Local\Temp\ccQdKe81.s 			page 84


 509              		.cfi_def_cfa_offset 16
 510              		@ sp needed
 511 0054 70BD     		pop	{r4, r5, r6, pc}
 512              	.LVL28:
 513              	.L43:
 514              	.LCFI9:
 515              		.cfi_restore_state
4157:Drivers/STM32G4xx_HAL_Driver/Src/stm32g4xx_hal_spi.c ****     return HAL_TIMEOUT;
 516              		.loc 1 4157 5 is_stmt 1 view .LVU149
 517 0056 236E     		ldr	r3, [r4, #96]
 518 0058 43F02003 		orr	r3, r3, #32
 519 005c 2366     		str	r3, [r4, #96]
4158:Drivers/STM32G4xx_HAL_Driver/Src/stm32g4xx_hal_spi.c ****   }
 520              		.loc 1 4158 5 view .LVU150
4158:Drivers/STM32G4xx_HAL_Driver/Src/stm32g4xx_hal_spi.c ****   }
 521              		.loc 1 4158 12 is_stmt 0 view .LVU151
 522 005e 0320     		movs	r0, #3
 523 0060 F7E7     		b	.L39
 524              		.cfi_endproc
 525              	.LFE379:
 527              		.section	.text.SPI_EndRxTransaction,"ax",%progbits
 528              		.align	1
 529              		.syntax unified
 530              		.thumb
 531              		.thumb_func
 533              	SPI_EndRxTransaction:
 534              	.LVL29:
 535              	.LFB378:
4110:Drivers/STM32G4xx_HAL_Driver/Src/stm32g4xx_hal_spi.c ****   if ((hspi->Init.Mode == SPI_MODE_MASTER) && ((hspi->Init.Direction == SPI_DIRECTION_1LINE)
 536              		.loc 1 4110 1 is_stmt 1 view -0
 537              		.cfi_startproc
 538              		@ args = 0, pretend = 0, frame = 0
 539              		@ frame_needed = 0, uses_anonymous_args = 0
4110:Drivers/STM32G4xx_HAL_Driver/Src/stm32g4xx_hal_spi.c ****   if ((hspi->Init.Mode == SPI_MODE_MASTER) && ((hspi->Init.Direction == SPI_DIRECTION_1LINE)
 540              		.loc 1 4110 1 is_stmt 0 view .LVU153
 541 0000 70B5     		push	{r4, r5, r6, lr}
 542              	.LCFI10:
 543              		.cfi_def_cfa_offset 16
 544              		.cfi_offset 4, -16
 545              		.cfi_offset 5, -12
 546              		.cfi_offset 6, -8
 547              		.cfi_offset 14, -4
 548 0002 82B0     		sub	sp, sp, #8
 549              	.LCFI11:
 550              		.cfi_def_cfa_offset 24
 551 0004 0446     		mov	r4, r0
 552 0006 0D46     		mov	r5, r1
 553 0008 1646     		mov	r6, r2
4111:Drivers/STM32G4xx_HAL_Driver/Src/stm32g4xx_hal_spi.c ****                                                || (hspi->Init.Direction == SPI_DIRECTION_2LINES_RXO
 554              		.loc 1 4111 3 is_stmt 1 view .LVU154
4111:Drivers/STM32G4xx_HAL_Driver/Src/stm32g4xx_hal_spi.c ****                                                || (hspi->Init.Direction == SPI_DIRECTION_2LINES_RXO
 555              		.loc 1 4111 18 is_stmt 0 view .LVU155
 556 000a 4368     		ldr	r3, [r0, #4]
4111:Drivers/STM32G4xx_HAL_Driver/Src/stm32g4xx_hal_spi.c ****                                                || (hspi->Init.Direction == SPI_DIRECTION_2LINES_RXO
 557              		.loc 1 4111 6 view .LVU156
 558 000c B3F5827F 		cmp	r3, #260
 559 0010 0DD0     		beq	.L51
ARM GAS  C:\Users\Booster\AppData\Local\Temp\ccQdKe81.s 			page 85


 560              	.LVL30:
 561              	.L45:
4119:Drivers/STM32G4xx_HAL_Driver/Src/stm32g4xx_hal_spi.c ****   {
 562              		.loc 1 4119 3 is_stmt 1 view .LVU157
4119:Drivers/STM32G4xx_HAL_Driver/Src/stm32g4xx_hal_spi.c ****   {
 563              		.loc 1 4119 7 is_stmt 0 view .LVU158
 564 0012 0096     		str	r6, [sp]
 565 0014 2B46     		mov	r3, r5
 566 0016 0022     		movs	r2, #0
 567 0018 8021     		movs	r1, #128
 568              	.LVL31:
4119:Drivers/STM32G4xx_HAL_Driver/Src/stm32g4xx_hal_spi.c ****   {
 569              		.loc 1 4119 7 view .LVU159
 570 001a 2046     		mov	r0, r4
 571              	.LVL32:
4119:Drivers/STM32G4xx_HAL_Driver/Src/stm32g4xx_hal_spi.c ****   {
 572              		.loc 1 4119 7 view .LVU160
 573 001c FFF7FEFF 		bl	SPI_WaitFlagStateUntilTimeout
 574              	.LVL33:
4119:Drivers/STM32G4xx_HAL_Driver/Src/stm32g4xx_hal_spi.c ****   {
 575              		.loc 1 4119 6 view .LVU161
 576 0020 90B9     		cbnz	r0, .L52
4125:Drivers/STM32G4xx_HAL_Driver/Src/stm32g4xx_hal_spi.c ****                                                || (hspi->Init.Direction == SPI_DIRECTION_2LINES_RXO
 577              		.loc 1 4125 3 is_stmt 1 view .LVU162
4125:Drivers/STM32G4xx_HAL_Driver/Src/stm32g4xx_hal_spi.c ****                                                || (hspi->Init.Direction == SPI_DIRECTION_2LINES_RXO
 578              		.loc 1 4125 18 is_stmt 0 view .LVU163
 579 0022 6368     		ldr	r3, [r4, #4]
4125:Drivers/STM32G4xx_HAL_Driver/Src/stm32g4xx_hal_spi.c ****                                                || (hspi->Init.Direction == SPI_DIRECTION_2LINES_RXO
 580              		.loc 1 4125 6 view .LVU164
 581 0024 B3F5827F 		cmp	r3, #260
 582 0028 14D0     		beq	.L53
 583              	.L48:
4136:Drivers/STM32G4xx_HAL_Driver/Src/stm32g4xx_hal_spi.c **** 
 584              		.loc 1 4136 1 view .LVU165
 585 002a 02B0     		add	sp, sp, #8
 586              	.LCFI12:
 587              		.cfi_remember_state
 588              		.cfi_def_cfa_offset 16
 589              		@ sp needed
 590 002c 70BD     		pop	{r4, r5, r6, pc}
 591              	.LVL34:
 592              	.L51:
 593              	.LCFI13:
 594              		.cfi_restore_state
4111:Drivers/STM32G4xx_HAL_Driver/Src/stm32g4xx_hal_spi.c ****                                                || (hspi->Init.Direction == SPI_DIRECTION_2LINES_RXO
 595              		.loc 1 4111 59 discriminator 1 view .LVU166
 596 002e 8368     		ldr	r3, [r0, #8]
4111:Drivers/STM32G4xx_HAL_Driver/Src/stm32g4xx_hal_spi.c ****                                                || (hspi->Init.Direction == SPI_DIRECTION_2LINES_RXO
 597              		.loc 1 4111 44 discriminator 1 view .LVU167
 598 0030 B3F5004F 		cmp	r3, #32768
 599 0034 02D0     		beq	.L46
4112:Drivers/STM32G4xx_HAL_Driver/Src/stm32g4xx_hal_spi.c ****   {
 600              		.loc 1 4112 48 view .LVU168
 601 0036 B3F5806F 		cmp	r3, #1024
 602 003a EAD1     		bne	.L45
 603              	.L46:
4115:Drivers/STM32G4xx_HAL_Driver/Src/stm32g4xx_hal_spi.c ****   }
ARM GAS  C:\Users\Booster\AppData\Local\Temp\ccQdKe81.s 			page 86


 604              		.loc 1 4115 5 is_stmt 1 view .LVU169
 605 003c 2268     		ldr	r2, [r4]
 606              	.LVL35:
4115:Drivers/STM32G4xx_HAL_Driver/Src/stm32g4xx_hal_spi.c ****   }
 607              		.loc 1 4115 5 is_stmt 0 view .LVU170
 608 003e 1368     		ldr	r3, [r2]
 609 0040 23F04003 		bic	r3, r3, #64
 610 0044 1360     		str	r3, [r2]
 611 0046 E4E7     		b	.L45
 612              	.LVL36:
 613              	.L52:
4121:Drivers/STM32G4xx_HAL_Driver/Src/stm32g4xx_hal_spi.c ****     return HAL_TIMEOUT;
 614              		.loc 1 4121 5 is_stmt 1 view .LVU171
 615 0048 236E     		ldr	r3, [r4, #96]
 616 004a 43F02003 		orr	r3, r3, #32
 617 004e 2366     		str	r3, [r4, #96]
4122:Drivers/STM32G4xx_HAL_Driver/Src/stm32g4xx_hal_spi.c ****   }
 618              		.loc 1 4122 5 view .LVU172
4122:Drivers/STM32G4xx_HAL_Driver/Src/stm32g4xx_hal_spi.c ****   }
 619              		.loc 1 4122 12 is_stmt 0 view .LVU173
 620 0050 0320     		movs	r0, #3
 621 0052 EAE7     		b	.L48
 622              	.L53:
4125:Drivers/STM32G4xx_HAL_Driver/Src/stm32g4xx_hal_spi.c ****                                                || (hspi->Init.Direction == SPI_DIRECTION_2LINES_RXO
 623              		.loc 1 4125 59 discriminator 1 view .LVU174
 624 0054 A368     		ldr	r3, [r4, #8]
4125:Drivers/STM32G4xx_HAL_Driver/Src/stm32g4xx_hal_spi.c ****                                                || (hspi->Init.Direction == SPI_DIRECTION_2LINES_RXO
 625              		.loc 1 4125 44 discriminator 1 view .LVU175
 626 0056 B3F5004F 		cmp	r3, #32768
 627 005a 02D0     		beq	.L49
4126:Drivers/STM32G4xx_HAL_Driver/Src/stm32g4xx_hal_spi.c ****   {
 628              		.loc 1 4126 48 view .LVU176
 629 005c B3F5806F 		cmp	r3, #1024
 630 0060 E3D1     		bne	.L48
 631              	.L49:
4129:Drivers/STM32G4xx_HAL_Driver/Src/stm32g4xx_hal_spi.c ****     {
 632              		.loc 1 4129 5 is_stmt 1 view .LVU177
4129:Drivers/STM32G4xx_HAL_Driver/Src/stm32g4xx_hal_spi.c ****     {
 633              		.loc 1 4129 9 is_stmt 0 view .LVU178
 634 0062 0096     		str	r6, [sp]
 635 0064 2B46     		mov	r3, r5
 636 0066 0022     		movs	r2, #0
 637 0068 4FF4C061 		mov	r1, #1536
 638 006c 2046     		mov	r0, r4
 639 006e FFF7FEFF 		bl	SPI_WaitFifoStateUntilTimeout
 640              	.LVL37:
4129:Drivers/STM32G4xx_HAL_Driver/Src/stm32g4xx_hal_spi.c ****     {
 641              		.loc 1 4129 8 view .LVU179
 642 0072 0028     		cmp	r0, #0
 643 0074 D9D0     		beq	.L48
4131:Drivers/STM32G4xx_HAL_Driver/Src/stm32g4xx_hal_spi.c ****       return HAL_TIMEOUT;
 644              		.loc 1 4131 7 is_stmt 1 view .LVU180
 645 0076 236E     		ldr	r3, [r4, #96]
 646 0078 43F02003 		orr	r3, r3, #32
 647 007c 2366     		str	r3, [r4, #96]
4132:Drivers/STM32G4xx_HAL_Driver/Src/stm32g4xx_hal_spi.c ****     }
 648              		.loc 1 4132 7 view .LVU181
ARM GAS  C:\Users\Booster\AppData\Local\Temp\ccQdKe81.s 			page 87


4132:Drivers/STM32G4xx_HAL_Driver/Src/stm32g4xx_hal_spi.c ****     }
 649              		.loc 1 4132 14 is_stmt 0 view .LVU182
 650 007e 0320     		movs	r0, #3
 651 0080 D3E7     		b	.L48
 652              		.cfi_endproc
 653              	.LFE378:
 655              		.section	.text.SPI_AbortRx_ISR,"ax",%progbits
 656              		.align	1
 657              		.syntax unified
 658              		.thumb
 659              		.thumb_func
 661              	SPI_AbortRx_ISR:
 662              	.LVL38:
 663              	.LFB383:
4170:Drivers/STM32G4xx_HAL_Driver/Src/stm32g4xx_hal_spi.c **** 
4171:Drivers/STM32G4xx_HAL_Driver/Src/stm32g4xx_hal_spi.c **** /**
4172:Drivers/STM32G4xx_HAL_Driver/Src/stm32g4xx_hal_spi.c ****   * @brief  Handle the end of the RXTX transaction.
4173:Drivers/STM32G4xx_HAL_Driver/Src/stm32g4xx_hal_spi.c ****   * @param  hspi pointer to a SPI_HandleTypeDef structure that contains
4174:Drivers/STM32G4xx_HAL_Driver/Src/stm32g4xx_hal_spi.c ****   *               the configuration information for SPI module.
4175:Drivers/STM32G4xx_HAL_Driver/Src/stm32g4xx_hal_spi.c ****   * @retval None
4176:Drivers/STM32G4xx_HAL_Driver/Src/stm32g4xx_hal_spi.c ****   */
4177:Drivers/STM32G4xx_HAL_Driver/Src/stm32g4xx_hal_spi.c **** static void SPI_CloseRxTx_ISR(SPI_HandleTypeDef *hspi)
4178:Drivers/STM32G4xx_HAL_Driver/Src/stm32g4xx_hal_spi.c **** {
4179:Drivers/STM32G4xx_HAL_Driver/Src/stm32g4xx_hal_spi.c ****   uint32_t tickstart;
4180:Drivers/STM32G4xx_HAL_Driver/Src/stm32g4xx_hal_spi.c **** 
4181:Drivers/STM32G4xx_HAL_Driver/Src/stm32g4xx_hal_spi.c ****   /* Init tickstart for timeout management */
4182:Drivers/STM32G4xx_HAL_Driver/Src/stm32g4xx_hal_spi.c ****   tickstart = HAL_GetTick();
4183:Drivers/STM32G4xx_HAL_Driver/Src/stm32g4xx_hal_spi.c **** 
4184:Drivers/STM32G4xx_HAL_Driver/Src/stm32g4xx_hal_spi.c ****   /* Disable ERR interrupt */
4185:Drivers/STM32G4xx_HAL_Driver/Src/stm32g4xx_hal_spi.c ****   __HAL_SPI_DISABLE_IT(hspi, SPI_IT_ERR);
4186:Drivers/STM32G4xx_HAL_Driver/Src/stm32g4xx_hal_spi.c **** 
4187:Drivers/STM32G4xx_HAL_Driver/Src/stm32g4xx_hal_spi.c ****   /* Check the end of the transaction */
4188:Drivers/STM32G4xx_HAL_Driver/Src/stm32g4xx_hal_spi.c ****   if (SPI_EndRxTxTransaction(hspi, SPI_DEFAULT_TIMEOUT, tickstart) != HAL_OK)
4189:Drivers/STM32G4xx_HAL_Driver/Src/stm32g4xx_hal_spi.c ****   {
4190:Drivers/STM32G4xx_HAL_Driver/Src/stm32g4xx_hal_spi.c ****     SET_BIT(hspi->ErrorCode, HAL_SPI_ERROR_FLAG);
4191:Drivers/STM32G4xx_HAL_Driver/Src/stm32g4xx_hal_spi.c ****   }
4192:Drivers/STM32G4xx_HAL_Driver/Src/stm32g4xx_hal_spi.c **** 
4193:Drivers/STM32G4xx_HAL_Driver/Src/stm32g4xx_hal_spi.c **** #if (USE_SPI_CRC != 0U)
4194:Drivers/STM32G4xx_HAL_Driver/Src/stm32g4xx_hal_spi.c ****   /* Check if CRC error occurred */
4195:Drivers/STM32G4xx_HAL_Driver/Src/stm32g4xx_hal_spi.c ****   if (__HAL_SPI_GET_FLAG(hspi, SPI_FLAG_CRCERR) != RESET)
4196:Drivers/STM32G4xx_HAL_Driver/Src/stm32g4xx_hal_spi.c ****   {
4197:Drivers/STM32G4xx_HAL_Driver/Src/stm32g4xx_hal_spi.c ****     hspi->State = HAL_SPI_STATE_READY;
4198:Drivers/STM32G4xx_HAL_Driver/Src/stm32g4xx_hal_spi.c ****     SET_BIT(hspi->ErrorCode, HAL_SPI_ERROR_CRC);
4199:Drivers/STM32G4xx_HAL_Driver/Src/stm32g4xx_hal_spi.c ****     __HAL_SPI_CLEAR_CRCERRFLAG(hspi);
4200:Drivers/STM32G4xx_HAL_Driver/Src/stm32g4xx_hal_spi.c ****     /* Call user error callback */
4201:Drivers/STM32G4xx_HAL_Driver/Src/stm32g4xx_hal_spi.c **** #if (USE_HAL_SPI_REGISTER_CALLBACKS == 1U)
4202:Drivers/STM32G4xx_HAL_Driver/Src/stm32g4xx_hal_spi.c ****     hspi->ErrorCallback(hspi);
4203:Drivers/STM32G4xx_HAL_Driver/Src/stm32g4xx_hal_spi.c **** #else
4204:Drivers/STM32G4xx_HAL_Driver/Src/stm32g4xx_hal_spi.c ****     HAL_SPI_ErrorCallback(hspi);
4205:Drivers/STM32G4xx_HAL_Driver/Src/stm32g4xx_hal_spi.c **** #endif /* USE_HAL_SPI_REGISTER_CALLBACKS */
4206:Drivers/STM32G4xx_HAL_Driver/Src/stm32g4xx_hal_spi.c ****   }
4207:Drivers/STM32G4xx_HAL_Driver/Src/stm32g4xx_hal_spi.c ****   else
4208:Drivers/STM32G4xx_HAL_Driver/Src/stm32g4xx_hal_spi.c ****   {
4209:Drivers/STM32G4xx_HAL_Driver/Src/stm32g4xx_hal_spi.c **** #endif /* USE_SPI_CRC */
4210:Drivers/STM32G4xx_HAL_Driver/Src/stm32g4xx_hal_spi.c ****     if (hspi->ErrorCode == HAL_SPI_ERROR_NONE)
4211:Drivers/STM32G4xx_HAL_Driver/Src/stm32g4xx_hal_spi.c ****     {
4212:Drivers/STM32G4xx_HAL_Driver/Src/stm32g4xx_hal_spi.c ****       if (hspi->State == HAL_SPI_STATE_BUSY_RX)
ARM GAS  C:\Users\Booster\AppData\Local\Temp\ccQdKe81.s 			page 88


4213:Drivers/STM32G4xx_HAL_Driver/Src/stm32g4xx_hal_spi.c ****       {
4214:Drivers/STM32G4xx_HAL_Driver/Src/stm32g4xx_hal_spi.c ****         hspi->State = HAL_SPI_STATE_READY;
4215:Drivers/STM32G4xx_HAL_Driver/Src/stm32g4xx_hal_spi.c ****         /* Call user Rx complete callback */
4216:Drivers/STM32G4xx_HAL_Driver/Src/stm32g4xx_hal_spi.c **** #if (USE_HAL_SPI_REGISTER_CALLBACKS == 1U)
4217:Drivers/STM32G4xx_HAL_Driver/Src/stm32g4xx_hal_spi.c ****         hspi->RxCpltCallback(hspi);
4218:Drivers/STM32G4xx_HAL_Driver/Src/stm32g4xx_hal_spi.c **** #else
4219:Drivers/STM32G4xx_HAL_Driver/Src/stm32g4xx_hal_spi.c ****         HAL_SPI_RxCpltCallback(hspi);
4220:Drivers/STM32G4xx_HAL_Driver/Src/stm32g4xx_hal_spi.c **** #endif /* USE_HAL_SPI_REGISTER_CALLBACKS */
4221:Drivers/STM32G4xx_HAL_Driver/Src/stm32g4xx_hal_spi.c ****       }
4222:Drivers/STM32G4xx_HAL_Driver/Src/stm32g4xx_hal_spi.c ****       else
4223:Drivers/STM32G4xx_HAL_Driver/Src/stm32g4xx_hal_spi.c ****       {
4224:Drivers/STM32G4xx_HAL_Driver/Src/stm32g4xx_hal_spi.c ****         hspi->State = HAL_SPI_STATE_READY;
4225:Drivers/STM32G4xx_HAL_Driver/Src/stm32g4xx_hal_spi.c ****         /* Call user TxRx complete callback */
4226:Drivers/STM32G4xx_HAL_Driver/Src/stm32g4xx_hal_spi.c **** #if (USE_HAL_SPI_REGISTER_CALLBACKS == 1U)
4227:Drivers/STM32G4xx_HAL_Driver/Src/stm32g4xx_hal_spi.c ****         hspi->TxRxCpltCallback(hspi);
4228:Drivers/STM32G4xx_HAL_Driver/Src/stm32g4xx_hal_spi.c **** #else
4229:Drivers/STM32G4xx_HAL_Driver/Src/stm32g4xx_hal_spi.c ****         HAL_SPI_TxRxCpltCallback(hspi);
4230:Drivers/STM32G4xx_HAL_Driver/Src/stm32g4xx_hal_spi.c **** #endif /* USE_HAL_SPI_REGISTER_CALLBACKS */
4231:Drivers/STM32G4xx_HAL_Driver/Src/stm32g4xx_hal_spi.c ****       }
4232:Drivers/STM32G4xx_HAL_Driver/Src/stm32g4xx_hal_spi.c ****     }
4233:Drivers/STM32G4xx_HAL_Driver/Src/stm32g4xx_hal_spi.c ****     else
4234:Drivers/STM32G4xx_HAL_Driver/Src/stm32g4xx_hal_spi.c ****     {
4235:Drivers/STM32G4xx_HAL_Driver/Src/stm32g4xx_hal_spi.c ****       hspi->State = HAL_SPI_STATE_READY;
4236:Drivers/STM32G4xx_HAL_Driver/Src/stm32g4xx_hal_spi.c ****       /* Call user error callback */
4237:Drivers/STM32G4xx_HAL_Driver/Src/stm32g4xx_hal_spi.c **** #if (USE_HAL_SPI_REGISTER_CALLBACKS == 1U)
4238:Drivers/STM32G4xx_HAL_Driver/Src/stm32g4xx_hal_spi.c ****       hspi->ErrorCallback(hspi);
4239:Drivers/STM32G4xx_HAL_Driver/Src/stm32g4xx_hal_spi.c **** #else
4240:Drivers/STM32G4xx_HAL_Driver/Src/stm32g4xx_hal_spi.c ****       HAL_SPI_ErrorCallback(hspi);
4241:Drivers/STM32G4xx_HAL_Driver/Src/stm32g4xx_hal_spi.c **** #endif /* USE_HAL_SPI_REGISTER_CALLBACKS */
4242:Drivers/STM32G4xx_HAL_Driver/Src/stm32g4xx_hal_spi.c ****     }
4243:Drivers/STM32G4xx_HAL_Driver/Src/stm32g4xx_hal_spi.c **** #if (USE_SPI_CRC != 0U)
4244:Drivers/STM32G4xx_HAL_Driver/Src/stm32g4xx_hal_spi.c ****   }
4245:Drivers/STM32G4xx_HAL_Driver/Src/stm32g4xx_hal_spi.c **** #endif /* USE_SPI_CRC */
4246:Drivers/STM32G4xx_HAL_Driver/Src/stm32g4xx_hal_spi.c **** }
4247:Drivers/STM32G4xx_HAL_Driver/Src/stm32g4xx_hal_spi.c **** 
4248:Drivers/STM32G4xx_HAL_Driver/Src/stm32g4xx_hal_spi.c **** /**
4249:Drivers/STM32G4xx_HAL_Driver/Src/stm32g4xx_hal_spi.c ****   * @brief  Handle the end of the RX transaction.
4250:Drivers/STM32G4xx_HAL_Driver/Src/stm32g4xx_hal_spi.c ****   * @param  hspi pointer to a SPI_HandleTypeDef structure that contains
4251:Drivers/STM32G4xx_HAL_Driver/Src/stm32g4xx_hal_spi.c ****   *               the configuration information for SPI module.
4252:Drivers/STM32G4xx_HAL_Driver/Src/stm32g4xx_hal_spi.c ****   * @retval None
4253:Drivers/STM32G4xx_HAL_Driver/Src/stm32g4xx_hal_spi.c ****   */
4254:Drivers/STM32G4xx_HAL_Driver/Src/stm32g4xx_hal_spi.c **** static void SPI_CloseRx_ISR(SPI_HandleTypeDef *hspi)
4255:Drivers/STM32G4xx_HAL_Driver/Src/stm32g4xx_hal_spi.c **** {
4256:Drivers/STM32G4xx_HAL_Driver/Src/stm32g4xx_hal_spi.c ****   /* Disable RXNE and ERR interrupt */
4257:Drivers/STM32G4xx_HAL_Driver/Src/stm32g4xx_hal_spi.c ****   __HAL_SPI_DISABLE_IT(hspi, (SPI_IT_RXNE | SPI_IT_ERR));
4258:Drivers/STM32G4xx_HAL_Driver/Src/stm32g4xx_hal_spi.c **** 
4259:Drivers/STM32G4xx_HAL_Driver/Src/stm32g4xx_hal_spi.c ****   /* Check the end of the transaction */
4260:Drivers/STM32G4xx_HAL_Driver/Src/stm32g4xx_hal_spi.c ****   if (SPI_EndRxTransaction(hspi, SPI_DEFAULT_TIMEOUT, HAL_GetTick()) != HAL_OK)
4261:Drivers/STM32G4xx_HAL_Driver/Src/stm32g4xx_hal_spi.c ****   {
4262:Drivers/STM32G4xx_HAL_Driver/Src/stm32g4xx_hal_spi.c ****     SET_BIT(hspi->ErrorCode, HAL_SPI_ERROR_FLAG);
4263:Drivers/STM32G4xx_HAL_Driver/Src/stm32g4xx_hal_spi.c ****   }
4264:Drivers/STM32G4xx_HAL_Driver/Src/stm32g4xx_hal_spi.c ****   hspi->State = HAL_SPI_STATE_READY;
4265:Drivers/STM32G4xx_HAL_Driver/Src/stm32g4xx_hal_spi.c **** 
4266:Drivers/STM32G4xx_HAL_Driver/Src/stm32g4xx_hal_spi.c **** #if (USE_SPI_CRC != 0U)
4267:Drivers/STM32G4xx_HAL_Driver/Src/stm32g4xx_hal_spi.c ****   /* Check if CRC error occurred */
4268:Drivers/STM32G4xx_HAL_Driver/Src/stm32g4xx_hal_spi.c ****   if (__HAL_SPI_GET_FLAG(hspi, SPI_FLAG_CRCERR) != RESET)
4269:Drivers/STM32G4xx_HAL_Driver/Src/stm32g4xx_hal_spi.c ****   {
ARM GAS  C:\Users\Booster\AppData\Local\Temp\ccQdKe81.s 			page 89


4270:Drivers/STM32G4xx_HAL_Driver/Src/stm32g4xx_hal_spi.c ****     SET_BIT(hspi->ErrorCode, HAL_SPI_ERROR_CRC);
4271:Drivers/STM32G4xx_HAL_Driver/Src/stm32g4xx_hal_spi.c ****     __HAL_SPI_CLEAR_CRCERRFLAG(hspi);
4272:Drivers/STM32G4xx_HAL_Driver/Src/stm32g4xx_hal_spi.c ****     /* Call user error callback */
4273:Drivers/STM32G4xx_HAL_Driver/Src/stm32g4xx_hal_spi.c **** #if (USE_HAL_SPI_REGISTER_CALLBACKS == 1U)
4274:Drivers/STM32G4xx_HAL_Driver/Src/stm32g4xx_hal_spi.c ****     hspi->ErrorCallback(hspi);
4275:Drivers/STM32G4xx_HAL_Driver/Src/stm32g4xx_hal_spi.c **** #else
4276:Drivers/STM32G4xx_HAL_Driver/Src/stm32g4xx_hal_spi.c ****     HAL_SPI_ErrorCallback(hspi);
4277:Drivers/STM32G4xx_HAL_Driver/Src/stm32g4xx_hal_spi.c **** #endif /* USE_HAL_SPI_REGISTER_CALLBACKS */
4278:Drivers/STM32G4xx_HAL_Driver/Src/stm32g4xx_hal_spi.c ****   }
4279:Drivers/STM32G4xx_HAL_Driver/Src/stm32g4xx_hal_spi.c ****   else
4280:Drivers/STM32G4xx_HAL_Driver/Src/stm32g4xx_hal_spi.c ****   {
4281:Drivers/STM32G4xx_HAL_Driver/Src/stm32g4xx_hal_spi.c **** #endif /* USE_SPI_CRC */
4282:Drivers/STM32G4xx_HAL_Driver/Src/stm32g4xx_hal_spi.c ****     if (hspi->ErrorCode == HAL_SPI_ERROR_NONE)
4283:Drivers/STM32G4xx_HAL_Driver/Src/stm32g4xx_hal_spi.c ****     {
4284:Drivers/STM32G4xx_HAL_Driver/Src/stm32g4xx_hal_spi.c ****       /* Call user Rx complete callback */
4285:Drivers/STM32G4xx_HAL_Driver/Src/stm32g4xx_hal_spi.c **** #if (USE_HAL_SPI_REGISTER_CALLBACKS == 1U)
4286:Drivers/STM32G4xx_HAL_Driver/Src/stm32g4xx_hal_spi.c ****       hspi->RxCpltCallback(hspi);
4287:Drivers/STM32G4xx_HAL_Driver/Src/stm32g4xx_hal_spi.c **** #else
4288:Drivers/STM32G4xx_HAL_Driver/Src/stm32g4xx_hal_spi.c ****       HAL_SPI_RxCpltCallback(hspi);
4289:Drivers/STM32G4xx_HAL_Driver/Src/stm32g4xx_hal_spi.c **** #endif /* USE_HAL_SPI_REGISTER_CALLBACKS */
4290:Drivers/STM32G4xx_HAL_Driver/Src/stm32g4xx_hal_spi.c ****     }
4291:Drivers/STM32G4xx_HAL_Driver/Src/stm32g4xx_hal_spi.c ****     else
4292:Drivers/STM32G4xx_HAL_Driver/Src/stm32g4xx_hal_spi.c ****     {
4293:Drivers/STM32G4xx_HAL_Driver/Src/stm32g4xx_hal_spi.c ****       /* Call user error callback */
4294:Drivers/STM32G4xx_HAL_Driver/Src/stm32g4xx_hal_spi.c **** #if (USE_HAL_SPI_REGISTER_CALLBACKS == 1U)
4295:Drivers/STM32G4xx_HAL_Driver/Src/stm32g4xx_hal_spi.c ****       hspi->ErrorCallback(hspi);
4296:Drivers/STM32G4xx_HAL_Driver/Src/stm32g4xx_hal_spi.c **** #else
4297:Drivers/STM32G4xx_HAL_Driver/Src/stm32g4xx_hal_spi.c ****       HAL_SPI_ErrorCallback(hspi);
4298:Drivers/STM32G4xx_HAL_Driver/Src/stm32g4xx_hal_spi.c **** #endif /* USE_HAL_SPI_REGISTER_CALLBACKS */
4299:Drivers/STM32G4xx_HAL_Driver/Src/stm32g4xx_hal_spi.c ****     }
4300:Drivers/STM32G4xx_HAL_Driver/Src/stm32g4xx_hal_spi.c **** #if (USE_SPI_CRC != 0U)
4301:Drivers/STM32G4xx_HAL_Driver/Src/stm32g4xx_hal_spi.c ****   }
4302:Drivers/STM32G4xx_HAL_Driver/Src/stm32g4xx_hal_spi.c **** #endif /* USE_SPI_CRC */
4303:Drivers/STM32G4xx_HAL_Driver/Src/stm32g4xx_hal_spi.c **** }
4304:Drivers/STM32G4xx_HAL_Driver/Src/stm32g4xx_hal_spi.c **** 
4305:Drivers/STM32G4xx_HAL_Driver/Src/stm32g4xx_hal_spi.c **** /**
4306:Drivers/STM32G4xx_HAL_Driver/Src/stm32g4xx_hal_spi.c ****   * @brief  Handle the end of the TX transaction.
4307:Drivers/STM32G4xx_HAL_Driver/Src/stm32g4xx_hal_spi.c ****   * @param  hspi pointer to a SPI_HandleTypeDef structure that contains
4308:Drivers/STM32G4xx_HAL_Driver/Src/stm32g4xx_hal_spi.c ****   *               the configuration information for SPI module.
4309:Drivers/STM32G4xx_HAL_Driver/Src/stm32g4xx_hal_spi.c ****   * @retval None
4310:Drivers/STM32G4xx_HAL_Driver/Src/stm32g4xx_hal_spi.c ****   */
4311:Drivers/STM32G4xx_HAL_Driver/Src/stm32g4xx_hal_spi.c **** static void SPI_CloseTx_ISR(SPI_HandleTypeDef *hspi)
4312:Drivers/STM32G4xx_HAL_Driver/Src/stm32g4xx_hal_spi.c **** {
4313:Drivers/STM32G4xx_HAL_Driver/Src/stm32g4xx_hal_spi.c ****   uint32_t tickstart;
4314:Drivers/STM32G4xx_HAL_Driver/Src/stm32g4xx_hal_spi.c **** 
4315:Drivers/STM32G4xx_HAL_Driver/Src/stm32g4xx_hal_spi.c ****   /* Init tickstart for timeout management*/
4316:Drivers/STM32G4xx_HAL_Driver/Src/stm32g4xx_hal_spi.c ****   tickstart = HAL_GetTick();
4317:Drivers/STM32G4xx_HAL_Driver/Src/stm32g4xx_hal_spi.c **** 
4318:Drivers/STM32G4xx_HAL_Driver/Src/stm32g4xx_hal_spi.c ****   /* Disable TXE and ERR interrupt */
4319:Drivers/STM32G4xx_HAL_Driver/Src/stm32g4xx_hal_spi.c ****   __HAL_SPI_DISABLE_IT(hspi, (SPI_IT_TXE | SPI_IT_ERR));
4320:Drivers/STM32G4xx_HAL_Driver/Src/stm32g4xx_hal_spi.c **** 
4321:Drivers/STM32G4xx_HAL_Driver/Src/stm32g4xx_hal_spi.c ****   /* Check the end of the transaction */
4322:Drivers/STM32G4xx_HAL_Driver/Src/stm32g4xx_hal_spi.c ****   if (SPI_EndRxTxTransaction(hspi, SPI_DEFAULT_TIMEOUT, tickstart) != HAL_OK)
4323:Drivers/STM32G4xx_HAL_Driver/Src/stm32g4xx_hal_spi.c ****   {
4324:Drivers/STM32G4xx_HAL_Driver/Src/stm32g4xx_hal_spi.c ****     SET_BIT(hspi->ErrorCode, HAL_SPI_ERROR_FLAG);
4325:Drivers/STM32G4xx_HAL_Driver/Src/stm32g4xx_hal_spi.c ****   }
4326:Drivers/STM32G4xx_HAL_Driver/Src/stm32g4xx_hal_spi.c **** 
ARM GAS  C:\Users\Booster\AppData\Local\Temp\ccQdKe81.s 			page 90


4327:Drivers/STM32G4xx_HAL_Driver/Src/stm32g4xx_hal_spi.c ****   /* Clear overrun flag in 2 Lines communication mode because received is not read */
4328:Drivers/STM32G4xx_HAL_Driver/Src/stm32g4xx_hal_spi.c ****   if (hspi->Init.Direction == SPI_DIRECTION_2LINES)
4329:Drivers/STM32G4xx_HAL_Driver/Src/stm32g4xx_hal_spi.c ****   {
4330:Drivers/STM32G4xx_HAL_Driver/Src/stm32g4xx_hal_spi.c ****     __HAL_SPI_CLEAR_OVRFLAG(hspi);
4331:Drivers/STM32G4xx_HAL_Driver/Src/stm32g4xx_hal_spi.c ****   }
4332:Drivers/STM32G4xx_HAL_Driver/Src/stm32g4xx_hal_spi.c **** 
4333:Drivers/STM32G4xx_HAL_Driver/Src/stm32g4xx_hal_spi.c ****   hspi->State = HAL_SPI_STATE_READY;
4334:Drivers/STM32G4xx_HAL_Driver/Src/stm32g4xx_hal_spi.c ****   if (hspi->ErrorCode != HAL_SPI_ERROR_NONE)
4335:Drivers/STM32G4xx_HAL_Driver/Src/stm32g4xx_hal_spi.c ****   {
4336:Drivers/STM32G4xx_HAL_Driver/Src/stm32g4xx_hal_spi.c ****     /* Call user error callback */
4337:Drivers/STM32G4xx_HAL_Driver/Src/stm32g4xx_hal_spi.c **** #if (USE_HAL_SPI_REGISTER_CALLBACKS == 1U)
4338:Drivers/STM32G4xx_HAL_Driver/Src/stm32g4xx_hal_spi.c ****     hspi->ErrorCallback(hspi);
4339:Drivers/STM32G4xx_HAL_Driver/Src/stm32g4xx_hal_spi.c **** #else
4340:Drivers/STM32G4xx_HAL_Driver/Src/stm32g4xx_hal_spi.c ****     HAL_SPI_ErrorCallback(hspi);
4341:Drivers/STM32G4xx_HAL_Driver/Src/stm32g4xx_hal_spi.c **** #endif /* USE_HAL_SPI_REGISTER_CALLBACKS */
4342:Drivers/STM32G4xx_HAL_Driver/Src/stm32g4xx_hal_spi.c ****   }
4343:Drivers/STM32G4xx_HAL_Driver/Src/stm32g4xx_hal_spi.c ****   else
4344:Drivers/STM32G4xx_HAL_Driver/Src/stm32g4xx_hal_spi.c ****   {
4345:Drivers/STM32G4xx_HAL_Driver/Src/stm32g4xx_hal_spi.c ****     /* Call user Rx complete callback */
4346:Drivers/STM32G4xx_HAL_Driver/Src/stm32g4xx_hal_spi.c **** #if (USE_HAL_SPI_REGISTER_CALLBACKS == 1U)
4347:Drivers/STM32G4xx_HAL_Driver/Src/stm32g4xx_hal_spi.c ****     hspi->TxCpltCallback(hspi);
4348:Drivers/STM32G4xx_HAL_Driver/Src/stm32g4xx_hal_spi.c **** #else
4349:Drivers/STM32G4xx_HAL_Driver/Src/stm32g4xx_hal_spi.c ****     HAL_SPI_TxCpltCallback(hspi);
4350:Drivers/STM32G4xx_HAL_Driver/Src/stm32g4xx_hal_spi.c **** #endif /* USE_HAL_SPI_REGISTER_CALLBACKS */
4351:Drivers/STM32G4xx_HAL_Driver/Src/stm32g4xx_hal_spi.c ****   }
4352:Drivers/STM32G4xx_HAL_Driver/Src/stm32g4xx_hal_spi.c **** }
4353:Drivers/STM32G4xx_HAL_Driver/Src/stm32g4xx_hal_spi.c **** 
4354:Drivers/STM32G4xx_HAL_Driver/Src/stm32g4xx_hal_spi.c **** /**
4355:Drivers/STM32G4xx_HAL_Driver/Src/stm32g4xx_hal_spi.c ****   * @brief  Handle abort a Rx transaction.
4356:Drivers/STM32G4xx_HAL_Driver/Src/stm32g4xx_hal_spi.c ****   * @param  hspi pointer to a SPI_HandleTypeDef structure that contains
4357:Drivers/STM32G4xx_HAL_Driver/Src/stm32g4xx_hal_spi.c ****   *               the configuration information for SPI module.
4358:Drivers/STM32G4xx_HAL_Driver/Src/stm32g4xx_hal_spi.c ****   * @retval None
4359:Drivers/STM32G4xx_HAL_Driver/Src/stm32g4xx_hal_spi.c ****   */
4360:Drivers/STM32G4xx_HAL_Driver/Src/stm32g4xx_hal_spi.c **** static void SPI_AbortRx_ISR(SPI_HandleTypeDef *hspi)
4361:Drivers/STM32G4xx_HAL_Driver/Src/stm32g4xx_hal_spi.c **** {
 664              		.loc 1 4361 1 is_stmt 1 view -0
 665              		.cfi_startproc
 666              		@ args = 0, pretend = 0, frame = 8
 667              		@ frame_needed = 0, uses_anonymous_args = 0
 668              		.loc 1 4361 1 is_stmt 0 view .LVU184
 669 0000 10B5     		push	{r4, lr}
 670              	.LCFI14:
 671              		.cfi_def_cfa_offset 8
 672              		.cfi_offset 4, -8
 673              		.cfi_offset 14, -4
 674 0002 84B0     		sub	sp, sp, #16
 675              	.LCFI15:
 676              		.cfi_def_cfa_offset 24
 677 0004 0446     		mov	r4, r0
4362:Drivers/STM32G4xx_HAL_Driver/Src/stm32g4xx_hal_spi.c ****   __IO uint32_t count;
 678              		.loc 1 4362 3 is_stmt 1 view .LVU185
4363:Drivers/STM32G4xx_HAL_Driver/Src/stm32g4xx_hal_spi.c **** 
4364:Drivers/STM32G4xx_HAL_Driver/Src/stm32g4xx_hal_spi.c ****   /* Disable SPI Peripheral */
4365:Drivers/STM32G4xx_HAL_Driver/Src/stm32g4xx_hal_spi.c ****   __HAL_SPI_DISABLE(hspi);
 679              		.loc 1 4365 3 view .LVU186
 680 0006 0268     		ldr	r2, [r0]
 681 0008 1368     		ldr	r3, [r2]
ARM GAS  C:\Users\Booster\AppData\Local\Temp\ccQdKe81.s 			page 91


 682 000a 23F04003 		bic	r3, r3, #64
 683 000e 1360     		str	r3, [r2]
4366:Drivers/STM32G4xx_HAL_Driver/Src/stm32g4xx_hal_spi.c **** 
4367:Drivers/STM32G4xx_HAL_Driver/Src/stm32g4xx_hal_spi.c ****   count = SPI_DEFAULT_TIMEOUT * (SystemCoreClock / 24U / 1000U);
 684              		.loc 1 4367 3 view .LVU187
 685              		.loc 1 4367 56 is_stmt 0 view .LVU188
 686 0010 1D4B     		ldr	r3, .L62
 687 0012 1B68     		ldr	r3, [r3]
 688 0014 1D4A     		ldr	r2, .L62+4
 689 0016 A2FB0323 		umull	r2, r3, r2, r3
 690 001a 5B0A     		lsrs	r3, r3, #9
 691              		.loc 1 4367 31 view .LVU189
 692 001c 6422     		movs	r2, #100
 693 001e 02FB03F3 		mul	r3, r2, r3
 694              		.loc 1 4367 9 view .LVU190
 695 0022 0393     		str	r3, [sp, #12]
4368:Drivers/STM32G4xx_HAL_Driver/Src/stm32g4xx_hal_spi.c **** 
4369:Drivers/STM32G4xx_HAL_Driver/Src/stm32g4xx_hal_spi.c ****   /* Disable RXNEIE interrupt */
4370:Drivers/STM32G4xx_HAL_Driver/Src/stm32g4xx_hal_spi.c ****   CLEAR_BIT(hspi->Instance->CR2, (SPI_CR2_RXNEIE));
 696              		.loc 1 4370 3 is_stmt 1 view .LVU191
 697 0024 0268     		ldr	r2, [r0]
 698 0026 5368     		ldr	r3, [r2, #4]
 699 0028 23F04003 		bic	r3, r3, #64
 700 002c 5360     		str	r3, [r2, #4]
 701              	.L57:
4371:Drivers/STM32G4xx_HAL_Driver/Src/stm32g4xx_hal_spi.c **** 
4372:Drivers/STM32G4xx_HAL_Driver/Src/stm32g4xx_hal_spi.c ****   /* Check RXNEIE is disabled */
4373:Drivers/STM32G4xx_HAL_Driver/Src/stm32g4xx_hal_spi.c ****   do
 702              		.loc 1 4373 3 view .LVU192
4374:Drivers/STM32G4xx_HAL_Driver/Src/stm32g4xx_hal_spi.c ****   {
4375:Drivers/STM32G4xx_HAL_Driver/Src/stm32g4xx_hal_spi.c ****     if (count == 0U)
 703              		.loc 1 4375 5 view .LVU193
 704              		.loc 1 4375 15 is_stmt 0 view .LVU194
 705 002e 039B     		ldr	r3, [sp, #12]
 706              		.loc 1 4375 8 view .LVU195
 707 0030 43B1     		cbz	r3, .L61
4376:Drivers/STM32G4xx_HAL_Driver/Src/stm32g4xx_hal_spi.c ****     {
4377:Drivers/STM32G4xx_HAL_Driver/Src/stm32g4xx_hal_spi.c ****       SET_BIT(hspi->ErrorCode, HAL_SPI_ERROR_ABORT);
4378:Drivers/STM32G4xx_HAL_Driver/Src/stm32g4xx_hal_spi.c ****       break;
4379:Drivers/STM32G4xx_HAL_Driver/Src/stm32g4xx_hal_spi.c ****     }
4380:Drivers/STM32G4xx_HAL_Driver/Src/stm32g4xx_hal_spi.c ****     count--;
 708              		.loc 1 4380 5 is_stmt 1 view .LVU196
 709              		.loc 1 4380 10 is_stmt 0 view .LVU197
 710 0032 039B     		ldr	r3, [sp, #12]
 711 0034 013B     		subs	r3, r3, #1
 712 0036 0393     		str	r3, [sp, #12]
4381:Drivers/STM32G4xx_HAL_Driver/Src/stm32g4xx_hal_spi.c ****   } while (HAL_IS_BIT_SET(hspi->Instance->CR2, SPI_CR2_RXNEIE));
 713              		.loc 1 4381 12 is_stmt 1 view .LVU198
 714 0038 2368     		ldr	r3, [r4]
 715 003a 5B68     		ldr	r3, [r3, #4]
 716 003c 13F0400F 		tst	r3, #64
 717 0040 F5D1     		bne	.L57
 718 0042 03E0     		b	.L56
 719              	.L61:
4377:Drivers/STM32G4xx_HAL_Driver/Src/stm32g4xx_hal_spi.c ****       break;
 720              		.loc 1 4377 7 view .LVU199
 721 0044 236E     		ldr	r3, [r4, #96]
ARM GAS  C:\Users\Booster\AppData\Local\Temp\ccQdKe81.s 			page 92


 722 0046 43F04003 		orr	r3, r3, #64
 723 004a 2366     		str	r3, [r4, #96]
4378:Drivers/STM32G4xx_HAL_Driver/Src/stm32g4xx_hal_spi.c ****     }
 724              		.loc 1 4378 7 view .LVU200
 725              	.L56:
4382:Drivers/STM32G4xx_HAL_Driver/Src/stm32g4xx_hal_spi.c **** 
4383:Drivers/STM32G4xx_HAL_Driver/Src/stm32g4xx_hal_spi.c ****   /* Control the BSY flag */
4384:Drivers/STM32G4xx_HAL_Driver/Src/stm32g4xx_hal_spi.c ****   if (SPI_WaitFlagStateUntilTimeout(hspi, SPI_FLAG_BSY, RESET, SPI_DEFAULT_TIMEOUT, HAL_GetTick()) 
 726              		.loc 1 4384 3 view .LVU201
 727              		.loc 1 4384 7 is_stmt 0 view .LVU202
 728 004c FFF7FEFF 		bl	HAL_GetTick
 729              	.LVL39:
 730              		.loc 1 4384 7 view .LVU203
 731 0050 0090     		str	r0, [sp]
 732 0052 6423     		movs	r3, #100
 733 0054 0022     		movs	r2, #0
 734 0056 8021     		movs	r1, #128
 735 0058 2046     		mov	r0, r4
 736 005a FFF7FEFF 		bl	SPI_WaitFlagStateUntilTimeout
 737              	.LVL40:
 738              		.loc 1 4384 6 view .LVU204
 739 005e 08B1     		cbz	r0, .L58
4385:Drivers/STM32G4xx_HAL_Driver/Src/stm32g4xx_hal_spi.c ****   {
4386:Drivers/STM32G4xx_HAL_Driver/Src/stm32g4xx_hal_spi.c ****     hspi->ErrorCode = HAL_SPI_ERROR_ABORT;
 740              		.loc 1 4386 5 is_stmt 1 view .LVU205
 741              		.loc 1 4386 21 is_stmt 0 view .LVU206
 742 0060 4023     		movs	r3, #64
 743 0062 2366     		str	r3, [r4, #96]
 744              	.L58:
4387:Drivers/STM32G4xx_HAL_Driver/Src/stm32g4xx_hal_spi.c ****   }
4388:Drivers/STM32G4xx_HAL_Driver/Src/stm32g4xx_hal_spi.c **** 
4389:Drivers/STM32G4xx_HAL_Driver/Src/stm32g4xx_hal_spi.c ****   /* Empty the FRLVL fifo */
4390:Drivers/STM32G4xx_HAL_Driver/Src/stm32g4xx_hal_spi.c ****   if (SPI_WaitFifoStateUntilTimeout(hspi, SPI_FLAG_FRLVL, SPI_FRLVL_EMPTY, SPI_DEFAULT_TIMEOUT, HAL
 745              		.loc 1 4390 3 is_stmt 1 view .LVU207
 746              		.loc 1 4390 7 is_stmt 0 view .LVU208
 747 0064 FFF7FEFF 		bl	HAL_GetTick
 748              	.LVL41:
 749 0068 0090     		str	r0, [sp]
 750 006a 6423     		movs	r3, #100
 751 006c 0022     		movs	r2, #0
 752 006e 4FF4C061 		mov	r1, #1536
 753 0072 2046     		mov	r0, r4
 754 0074 FFF7FEFF 		bl	SPI_WaitFifoStateUntilTimeout
 755              	.LVL42:
 756              		.loc 1 4390 6 view .LVU209
 757 0078 08B1     		cbz	r0, .L59
4391:Drivers/STM32G4xx_HAL_Driver/Src/stm32g4xx_hal_spi.c ****   {
4392:Drivers/STM32G4xx_HAL_Driver/Src/stm32g4xx_hal_spi.c ****     hspi->ErrorCode = HAL_SPI_ERROR_ABORT;
 758              		.loc 1 4392 5 is_stmt 1 view .LVU210
 759              		.loc 1 4392 21 is_stmt 0 view .LVU211
 760 007a 4023     		movs	r3, #64
 761 007c 2366     		str	r3, [r4, #96]
 762              	.L59:
4393:Drivers/STM32G4xx_HAL_Driver/Src/stm32g4xx_hal_spi.c ****   }
4394:Drivers/STM32G4xx_HAL_Driver/Src/stm32g4xx_hal_spi.c **** 
4395:Drivers/STM32G4xx_HAL_Driver/Src/stm32g4xx_hal_spi.c ****   hspi->State = HAL_SPI_STATE_ABORT;
 763              		.loc 1 4395 3 is_stmt 1 view .LVU212
ARM GAS  C:\Users\Booster\AppData\Local\Temp\ccQdKe81.s 			page 93


 764              		.loc 1 4395 15 is_stmt 0 view .LVU213
 765 007e 0723     		movs	r3, #7
 766 0080 84F85D30 		strb	r3, [r4, #93]
4396:Drivers/STM32G4xx_HAL_Driver/Src/stm32g4xx_hal_spi.c **** }
 767              		.loc 1 4396 1 view .LVU214
 768 0084 04B0     		add	sp, sp, #16
 769              	.LCFI16:
 770              		.cfi_def_cfa_offset 8
 771              		@ sp needed
 772 0086 10BD     		pop	{r4, pc}
 773              	.LVL43:
 774              	.L63:
 775              		.loc 1 4396 1 view .LVU215
 776              		.align	2
 777              	.L62:
 778 0088 00000000 		.word	SystemCoreClock
 779 008c F1197605 		.word	91625969
 780              		.cfi_endproc
 781              	.LFE383:
 783              		.section	.text.SPI_AbortTx_ISR,"ax",%progbits
 784              		.align	1
 785              		.syntax unified
 786              		.thumb
 787              		.thumb_func
 789              	SPI_AbortTx_ISR:
 790              	.LVL44:
 791              	.LFB384:
4397:Drivers/STM32G4xx_HAL_Driver/Src/stm32g4xx_hal_spi.c **** 
4398:Drivers/STM32G4xx_HAL_Driver/Src/stm32g4xx_hal_spi.c **** /**
4399:Drivers/STM32G4xx_HAL_Driver/Src/stm32g4xx_hal_spi.c ****   * @brief  Handle abort a Tx or Rx/Tx transaction.
4400:Drivers/STM32G4xx_HAL_Driver/Src/stm32g4xx_hal_spi.c ****   * @param  hspi pointer to a SPI_HandleTypeDef structure that contains
4401:Drivers/STM32G4xx_HAL_Driver/Src/stm32g4xx_hal_spi.c ****   *               the configuration information for SPI module.
4402:Drivers/STM32G4xx_HAL_Driver/Src/stm32g4xx_hal_spi.c ****   * @retval None
4403:Drivers/STM32G4xx_HAL_Driver/Src/stm32g4xx_hal_spi.c ****   */
4404:Drivers/STM32G4xx_HAL_Driver/Src/stm32g4xx_hal_spi.c **** static void SPI_AbortTx_ISR(SPI_HandleTypeDef *hspi)
4405:Drivers/STM32G4xx_HAL_Driver/Src/stm32g4xx_hal_spi.c **** {
 792              		.loc 1 4405 1 is_stmt 1 view -0
 793              		.cfi_startproc
 794              		@ args = 0, pretend = 0, frame = 8
 795              		@ frame_needed = 0, uses_anonymous_args = 0
 796              		.loc 1 4405 1 is_stmt 0 view .LVU217
 797 0000 10B5     		push	{r4, lr}
 798              	.LCFI17:
 799              		.cfi_def_cfa_offset 8
 800              		.cfi_offset 4, -8
 801              		.cfi_offset 14, -4
 802 0002 84B0     		sub	sp, sp, #16
 803              	.LCFI18:
 804              		.cfi_def_cfa_offset 24
 805 0004 0446     		mov	r4, r0
4406:Drivers/STM32G4xx_HAL_Driver/Src/stm32g4xx_hal_spi.c ****   __IO uint32_t count;
 806              		.loc 1 4406 3 is_stmt 1 view .LVU218
4407:Drivers/STM32G4xx_HAL_Driver/Src/stm32g4xx_hal_spi.c **** 
4408:Drivers/STM32G4xx_HAL_Driver/Src/stm32g4xx_hal_spi.c ****   count = SPI_DEFAULT_TIMEOUT * (SystemCoreClock / 24U / 1000U);
 807              		.loc 1 4408 3 view .LVU219
 808              		.loc 1 4408 56 is_stmt 0 view .LVU220
 809 0006 384B     		ldr	r3, .L78
ARM GAS  C:\Users\Booster\AppData\Local\Temp\ccQdKe81.s 			page 94


 810 0008 1B68     		ldr	r3, [r3]
 811 000a 384A     		ldr	r2, .L78+4
 812 000c A2FB0323 		umull	r2, r3, r2, r3
 813 0010 5B0A     		lsrs	r3, r3, #9
 814              		.loc 1 4408 31 view .LVU221
 815 0012 6422     		movs	r2, #100
 816 0014 02FB03F3 		mul	r3, r2, r3
 817              		.loc 1 4408 9 view .LVU222
 818 0018 0393     		str	r3, [sp, #12]
4409:Drivers/STM32G4xx_HAL_Driver/Src/stm32g4xx_hal_spi.c **** 
4410:Drivers/STM32G4xx_HAL_Driver/Src/stm32g4xx_hal_spi.c ****   /* Disable TXEIE interrupt */
4411:Drivers/STM32G4xx_HAL_Driver/Src/stm32g4xx_hal_spi.c ****   CLEAR_BIT(hspi->Instance->CR2, (SPI_CR2_TXEIE));
 819              		.loc 1 4411 3 is_stmt 1 view .LVU223
 820 001a 0268     		ldr	r2, [r0]
 821 001c 5368     		ldr	r3, [r2, #4]
 822 001e 23F08003 		bic	r3, r3, #128
 823 0022 5360     		str	r3, [r2, #4]
 824              	.L67:
4412:Drivers/STM32G4xx_HAL_Driver/Src/stm32g4xx_hal_spi.c **** 
4413:Drivers/STM32G4xx_HAL_Driver/Src/stm32g4xx_hal_spi.c ****   /* Check TXEIE is disabled */
4414:Drivers/STM32G4xx_HAL_Driver/Src/stm32g4xx_hal_spi.c ****   do
 825              		.loc 1 4414 3 view .LVU224
4415:Drivers/STM32G4xx_HAL_Driver/Src/stm32g4xx_hal_spi.c ****   {
4416:Drivers/STM32G4xx_HAL_Driver/Src/stm32g4xx_hal_spi.c ****     if (count == 0U)
 826              		.loc 1 4416 5 view .LVU225
 827              		.loc 1 4416 15 is_stmt 0 view .LVU226
 828 0024 039B     		ldr	r3, [sp, #12]
 829              		.loc 1 4416 8 view .LVU227
 830 0026 43B1     		cbz	r3, .L76
4417:Drivers/STM32G4xx_HAL_Driver/Src/stm32g4xx_hal_spi.c ****     {
4418:Drivers/STM32G4xx_HAL_Driver/Src/stm32g4xx_hal_spi.c ****       SET_BIT(hspi->ErrorCode, HAL_SPI_ERROR_ABORT);
4419:Drivers/STM32G4xx_HAL_Driver/Src/stm32g4xx_hal_spi.c ****       break;
4420:Drivers/STM32G4xx_HAL_Driver/Src/stm32g4xx_hal_spi.c ****     }
4421:Drivers/STM32G4xx_HAL_Driver/Src/stm32g4xx_hal_spi.c ****     count--;
 831              		.loc 1 4421 5 is_stmt 1 view .LVU228
 832              		.loc 1 4421 10 is_stmt 0 view .LVU229
 833 0028 039B     		ldr	r3, [sp, #12]
 834 002a 013B     		subs	r3, r3, #1
 835 002c 0393     		str	r3, [sp, #12]
4422:Drivers/STM32G4xx_HAL_Driver/Src/stm32g4xx_hal_spi.c ****   } while (HAL_IS_BIT_SET(hspi->Instance->CR2, SPI_CR2_TXEIE));
 836              		.loc 1 4422 12 is_stmt 1 view .LVU230
 837 002e 2368     		ldr	r3, [r4]
 838 0030 5B68     		ldr	r3, [r3, #4]
 839 0032 13F0800F 		tst	r3, #128
 840 0036 F5D1     		bne	.L67
 841 0038 03E0     		b	.L66
 842              	.L76:
4418:Drivers/STM32G4xx_HAL_Driver/Src/stm32g4xx_hal_spi.c ****       break;
 843              		.loc 1 4418 7 view .LVU231
 844 003a 236E     		ldr	r3, [r4, #96]
 845 003c 43F04003 		orr	r3, r3, #64
 846 0040 2366     		str	r3, [r4, #96]
4419:Drivers/STM32G4xx_HAL_Driver/Src/stm32g4xx_hal_spi.c ****     }
 847              		.loc 1 4419 7 view .LVU232
 848              	.L66:
4423:Drivers/STM32G4xx_HAL_Driver/Src/stm32g4xx_hal_spi.c **** 
4424:Drivers/STM32G4xx_HAL_Driver/Src/stm32g4xx_hal_spi.c ****   if (SPI_EndRxTxTransaction(hspi, SPI_DEFAULT_TIMEOUT, HAL_GetTick()) != HAL_OK)
ARM GAS  C:\Users\Booster\AppData\Local\Temp\ccQdKe81.s 			page 95


 849              		.loc 1 4424 3 view .LVU233
 850              		.loc 1 4424 7 is_stmt 0 view .LVU234
 851 0042 FFF7FEFF 		bl	HAL_GetTick
 852              	.LVL45:
 853              		.loc 1 4424 7 view .LVU235
 854 0046 0246     		mov	r2, r0
 855 0048 6421     		movs	r1, #100
 856 004a 2046     		mov	r0, r4
 857 004c FFF7FEFF 		bl	SPI_EndRxTxTransaction
 858              	.LVL46:
 859              		.loc 1 4424 6 view .LVU236
 860 0050 08B1     		cbz	r0, .L68
4425:Drivers/STM32G4xx_HAL_Driver/Src/stm32g4xx_hal_spi.c ****   {
4426:Drivers/STM32G4xx_HAL_Driver/Src/stm32g4xx_hal_spi.c ****     hspi->ErrorCode = HAL_SPI_ERROR_ABORT;
 861              		.loc 1 4426 5 is_stmt 1 view .LVU237
 862              		.loc 1 4426 21 is_stmt 0 view .LVU238
 863 0052 4023     		movs	r3, #64
 864 0054 2366     		str	r3, [r4, #96]
 865              	.L68:
4427:Drivers/STM32G4xx_HAL_Driver/Src/stm32g4xx_hal_spi.c ****   }
4428:Drivers/STM32G4xx_HAL_Driver/Src/stm32g4xx_hal_spi.c **** 
4429:Drivers/STM32G4xx_HAL_Driver/Src/stm32g4xx_hal_spi.c ****   /* Disable SPI Peripheral */
4430:Drivers/STM32G4xx_HAL_Driver/Src/stm32g4xx_hal_spi.c ****   __HAL_SPI_DISABLE(hspi);
 866              		.loc 1 4430 3 is_stmt 1 view .LVU239
 867 0056 2268     		ldr	r2, [r4]
 868 0058 1368     		ldr	r3, [r2]
 869 005a 23F04003 		bic	r3, r3, #64
 870 005e 1360     		str	r3, [r2]
4431:Drivers/STM32G4xx_HAL_Driver/Src/stm32g4xx_hal_spi.c **** 
4432:Drivers/STM32G4xx_HAL_Driver/Src/stm32g4xx_hal_spi.c ****   /* Empty the FRLVL fifo */
4433:Drivers/STM32G4xx_HAL_Driver/Src/stm32g4xx_hal_spi.c ****   if (SPI_WaitFifoStateUntilTimeout(hspi, SPI_FLAG_FRLVL, SPI_FRLVL_EMPTY, SPI_DEFAULT_TIMEOUT, HAL
 871              		.loc 1 4433 3 view .LVU240
 872              		.loc 1 4433 7 is_stmt 0 view .LVU241
 873 0060 FFF7FEFF 		bl	HAL_GetTick
 874              	.LVL47:
 875 0064 0090     		str	r0, [sp]
 876 0066 6423     		movs	r3, #100
 877 0068 0022     		movs	r2, #0
 878 006a 4FF4C061 		mov	r1, #1536
 879 006e 2046     		mov	r0, r4
 880 0070 FFF7FEFF 		bl	SPI_WaitFifoStateUntilTimeout
 881              	.LVL48:
 882              		.loc 1 4433 6 view .LVU242
 883 0074 08B1     		cbz	r0, .L69
4434:Drivers/STM32G4xx_HAL_Driver/Src/stm32g4xx_hal_spi.c ****   {
4435:Drivers/STM32G4xx_HAL_Driver/Src/stm32g4xx_hal_spi.c ****     hspi->ErrorCode = HAL_SPI_ERROR_ABORT;
 884              		.loc 1 4435 5 is_stmt 1 view .LVU243
 885              		.loc 1 4435 21 is_stmt 0 view .LVU244
 886 0076 4023     		movs	r3, #64
 887 0078 2366     		str	r3, [r4, #96]
 888              	.L69:
4436:Drivers/STM32G4xx_HAL_Driver/Src/stm32g4xx_hal_spi.c ****   }
4437:Drivers/STM32G4xx_HAL_Driver/Src/stm32g4xx_hal_spi.c **** 
4438:Drivers/STM32G4xx_HAL_Driver/Src/stm32g4xx_hal_spi.c ****   /* Check case of Full-Duplex Mode and disable directly RXNEIE interrupt */
4439:Drivers/STM32G4xx_HAL_Driver/Src/stm32g4xx_hal_spi.c ****   if (HAL_IS_BIT_SET(hspi->Instance->CR2, SPI_CR2_RXNEIE))
 889              		.loc 1 4439 3 is_stmt 1 view .LVU245
 890              		.loc 1 4439 7 is_stmt 0 view .LVU246
ARM GAS  C:\Users\Booster\AppData\Local\Temp\ccQdKe81.s 			page 96


 891 007a 2368     		ldr	r3, [r4]
 892 007c 5A68     		ldr	r2, [r3, #4]
 893              		.loc 1 4439 6 view .LVU247
 894 007e 12F0400F 		tst	r2, #64
 895 0082 2BD0     		beq	.L70
4440:Drivers/STM32G4xx_HAL_Driver/Src/stm32g4xx_hal_spi.c ****   {
4441:Drivers/STM32G4xx_HAL_Driver/Src/stm32g4xx_hal_spi.c ****     /* Disable RXNEIE interrupt */
4442:Drivers/STM32G4xx_HAL_Driver/Src/stm32g4xx_hal_spi.c ****     CLEAR_BIT(hspi->Instance->CR2, (SPI_CR2_RXNEIE));
 896              		.loc 1 4442 5 is_stmt 1 view .LVU248
 897 0084 5A68     		ldr	r2, [r3, #4]
 898 0086 22F04002 		bic	r2, r2, #64
 899 008a 5A60     		str	r2, [r3, #4]
 900              	.L73:
4443:Drivers/STM32G4xx_HAL_Driver/Src/stm32g4xx_hal_spi.c **** 
4444:Drivers/STM32G4xx_HAL_Driver/Src/stm32g4xx_hal_spi.c ****     /* Check RXNEIE is disabled */
4445:Drivers/STM32G4xx_HAL_Driver/Src/stm32g4xx_hal_spi.c ****     do
 901              		.loc 1 4445 5 view .LVU249
4446:Drivers/STM32G4xx_HAL_Driver/Src/stm32g4xx_hal_spi.c ****     {
4447:Drivers/STM32G4xx_HAL_Driver/Src/stm32g4xx_hal_spi.c ****       if (count == 0U)
 902              		.loc 1 4447 7 view .LVU250
 903              		.loc 1 4447 17 is_stmt 0 view .LVU251
 904 008c 039B     		ldr	r3, [sp, #12]
 905              		.loc 1 4447 10 view .LVU252
 906 008e 43B1     		cbz	r3, .L77
4448:Drivers/STM32G4xx_HAL_Driver/Src/stm32g4xx_hal_spi.c ****       {
4449:Drivers/STM32G4xx_HAL_Driver/Src/stm32g4xx_hal_spi.c ****         SET_BIT(hspi->ErrorCode, HAL_SPI_ERROR_ABORT);
4450:Drivers/STM32G4xx_HAL_Driver/Src/stm32g4xx_hal_spi.c ****         break;
4451:Drivers/STM32G4xx_HAL_Driver/Src/stm32g4xx_hal_spi.c ****       }
4452:Drivers/STM32G4xx_HAL_Driver/Src/stm32g4xx_hal_spi.c ****       count--;
 907              		.loc 1 4452 7 is_stmt 1 view .LVU253
 908              		.loc 1 4452 12 is_stmt 0 view .LVU254
 909 0090 039B     		ldr	r3, [sp, #12]
 910 0092 013B     		subs	r3, r3, #1
 911 0094 0393     		str	r3, [sp, #12]
4453:Drivers/STM32G4xx_HAL_Driver/Src/stm32g4xx_hal_spi.c ****     } while (HAL_IS_BIT_SET(hspi->Instance->CR2, SPI_CR2_RXNEIE));
 912              		.loc 1 4453 14 is_stmt 1 view .LVU255
 913 0096 2368     		ldr	r3, [r4]
 914 0098 5B68     		ldr	r3, [r3, #4]
 915 009a 13F0400F 		tst	r3, #64
 916 009e F5D1     		bne	.L73
 917 00a0 03E0     		b	.L72
 918              	.L77:
4449:Drivers/STM32G4xx_HAL_Driver/Src/stm32g4xx_hal_spi.c ****         break;
 919              		.loc 1 4449 9 view .LVU256
 920 00a2 236E     		ldr	r3, [r4, #96]
 921 00a4 43F04003 		orr	r3, r3, #64
 922 00a8 2366     		str	r3, [r4, #96]
4450:Drivers/STM32G4xx_HAL_Driver/Src/stm32g4xx_hal_spi.c ****       }
 923              		.loc 1 4450 9 view .LVU257
 924              	.L72:
4454:Drivers/STM32G4xx_HAL_Driver/Src/stm32g4xx_hal_spi.c **** 
4455:Drivers/STM32G4xx_HAL_Driver/Src/stm32g4xx_hal_spi.c ****     /* Control the BSY flag */
4456:Drivers/STM32G4xx_HAL_Driver/Src/stm32g4xx_hal_spi.c ****     if (SPI_WaitFlagStateUntilTimeout(hspi, SPI_FLAG_BSY, RESET, SPI_DEFAULT_TIMEOUT, HAL_GetTick()
 925              		.loc 1 4456 5 view .LVU258
 926              		.loc 1 4456 9 is_stmt 0 view .LVU259
 927 00aa FFF7FEFF 		bl	HAL_GetTick
 928              	.LVL49:
ARM GAS  C:\Users\Booster\AppData\Local\Temp\ccQdKe81.s 			page 97


 929 00ae 0090     		str	r0, [sp]
 930 00b0 6423     		movs	r3, #100
 931 00b2 0022     		movs	r2, #0
 932 00b4 8021     		movs	r1, #128
 933 00b6 2046     		mov	r0, r4
 934 00b8 FFF7FEFF 		bl	SPI_WaitFlagStateUntilTimeout
 935              	.LVL50:
 936              		.loc 1 4456 8 view .LVU260
 937 00bc 08B1     		cbz	r0, .L74
4457:Drivers/STM32G4xx_HAL_Driver/Src/stm32g4xx_hal_spi.c ****     {
4458:Drivers/STM32G4xx_HAL_Driver/Src/stm32g4xx_hal_spi.c ****       hspi->ErrorCode = HAL_SPI_ERROR_ABORT;
 938              		.loc 1 4458 7 is_stmt 1 view .LVU261
 939              		.loc 1 4458 23 is_stmt 0 view .LVU262
 940 00be 4023     		movs	r3, #64
 941 00c0 2366     		str	r3, [r4, #96]
 942              	.L74:
4459:Drivers/STM32G4xx_HAL_Driver/Src/stm32g4xx_hal_spi.c ****     }
4460:Drivers/STM32G4xx_HAL_Driver/Src/stm32g4xx_hal_spi.c **** 
4461:Drivers/STM32G4xx_HAL_Driver/Src/stm32g4xx_hal_spi.c ****     /* Empty the FRLVL fifo */
4462:Drivers/STM32G4xx_HAL_Driver/Src/stm32g4xx_hal_spi.c ****     if (SPI_WaitFifoStateUntilTimeout(hspi, SPI_FLAG_FRLVL, SPI_FRLVL_EMPTY, SPI_DEFAULT_TIMEOUT, H
 943              		.loc 1 4462 5 is_stmt 1 view .LVU263
 944              		.loc 1 4462 9 is_stmt 0 view .LVU264
 945 00c2 FFF7FEFF 		bl	HAL_GetTick
 946              	.LVL51:
 947 00c6 0090     		str	r0, [sp]
 948 00c8 6423     		movs	r3, #100
 949 00ca 0022     		movs	r2, #0
 950 00cc 4FF4C061 		mov	r1, #1536
 951 00d0 2046     		mov	r0, r4
 952 00d2 FFF7FEFF 		bl	SPI_WaitFifoStateUntilTimeout
 953              	.LVL52:
 954              		.loc 1 4462 8 view .LVU265
 955 00d6 08B1     		cbz	r0, .L70
4463:Drivers/STM32G4xx_HAL_Driver/Src/stm32g4xx_hal_spi.c ****     {
4464:Drivers/STM32G4xx_HAL_Driver/Src/stm32g4xx_hal_spi.c ****       hspi->ErrorCode = HAL_SPI_ERROR_ABORT;
 956              		.loc 1 4464 7 is_stmt 1 view .LVU266
 957              		.loc 1 4464 23 is_stmt 0 view .LVU267
 958 00d8 4023     		movs	r3, #64
 959 00da 2366     		str	r3, [r4, #96]
 960              	.L70:
4465:Drivers/STM32G4xx_HAL_Driver/Src/stm32g4xx_hal_spi.c ****     }
4466:Drivers/STM32G4xx_HAL_Driver/Src/stm32g4xx_hal_spi.c ****   }
4467:Drivers/STM32G4xx_HAL_Driver/Src/stm32g4xx_hal_spi.c ****   hspi->State = HAL_SPI_STATE_ABORT;
 961              		.loc 1 4467 3 is_stmt 1 view .LVU268
 962              		.loc 1 4467 15 is_stmt 0 view .LVU269
 963 00dc 0723     		movs	r3, #7
 964 00de 84F85D30 		strb	r3, [r4, #93]
4468:Drivers/STM32G4xx_HAL_Driver/Src/stm32g4xx_hal_spi.c **** }
 965              		.loc 1 4468 1 view .LVU270
 966 00e2 04B0     		add	sp, sp, #16
 967              	.LCFI19:
 968              		.cfi_def_cfa_offset 8
 969              		@ sp needed
 970 00e4 10BD     		pop	{r4, pc}
 971              	.LVL53:
 972              	.L79:
 973              		.loc 1 4468 1 view .LVU271
ARM GAS  C:\Users\Booster\AppData\Local\Temp\ccQdKe81.s 			page 98


 974 00e6 00BF     		.align	2
 975              	.L78:
 976 00e8 00000000 		.word	SystemCoreClock
 977 00ec F1197605 		.word	91625969
 978              		.cfi_endproc
 979              	.LFE384:
 981              		.section	.text.HAL_SPI_MspInit,"ax",%progbits
 982              		.align	1
 983              		.weak	HAL_SPI_MspInit
 984              		.syntax unified
 985              		.thumb
 986              		.thumb_func
 988              	HAL_SPI_MspInit:
 989              	.LVL54:
 990              	.LFB331:
 534:Drivers/STM32G4xx_HAL_Driver/Src/stm32g4xx_hal_spi.c ****   /* Prevent unused argument(s) compilation warning */
 991              		.loc 1 534 1 is_stmt 1 view -0
 992              		.cfi_startproc
 993              		@ args = 0, pretend = 0, frame = 0
 994              		@ frame_needed = 0, uses_anonymous_args = 0
 995              		@ link register save eliminated.
 536:Drivers/STM32G4xx_HAL_Driver/Src/stm32g4xx_hal_spi.c **** 
 996              		.loc 1 536 3 view .LVU273
 541:Drivers/STM32G4xx_HAL_Driver/Src/stm32g4xx_hal_spi.c **** 
 997              		.loc 1 541 1 is_stmt 0 view .LVU274
 998 0000 7047     		bx	lr
 999              		.cfi_endproc
 1000              	.LFE331:
 1002              		.section	.text.HAL_SPI_Init,"ax",%progbits
 1003              		.align	1
 1004              		.global	HAL_SPI_Init
 1005              		.syntax unified
 1006              		.thumb
 1007              		.thumb_func
 1009              	HAL_SPI_Init:
 1010              	.LVL55:
 1011              	.LFB329:
 315:Drivers/STM32G4xx_HAL_Driver/Src/stm32g4xx_hal_spi.c ****   uint32_t frxth;
 1012              		.loc 1 315 1 is_stmt 1 view -0
 1013              		.cfi_startproc
 1014              		@ args = 0, pretend = 0, frame = 0
 1015              		@ frame_needed = 0, uses_anonymous_args = 0
 316:Drivers/STM32G4xx_HAL_Driver/Src/stm32g4xx_hal_spi.c **** 
 1016              		.loc 1 316 3 view .LVU276
 319:Drivers/STM32G4xx_HAL_Driver/Src/stm32g4xx_hal_spi.c ****   {
 1017              		.loc 1 319 3 view .LVU277
 319:Drivers/STM32G4xx_HAL_Driver/Src/stm32g4xx_hal_spi.c ****   {
 1018              		.loc 1 319 6 is_stmt 0 view .LVU278
 1019 0000 0028     		cmp	r0, #0
 1020 0002 6FD0     		beq	.L88
 315:Drivers/STM32G4xx_HAL_Driver/Src/stm32g4xx_hal_spi.c ****   uint32_t frxth;
 1021              		.loc 1 315 1 view .LVU279
 1022 0004 10B5     		push	{r4, lr}
 1023              	.LCFI20:
 1024              		.cfi_def_cfa_offset 8
 1025              		.cfi_offset 4, -8
 1026              		.cfi_offset 14, -4
ARM GAS  C:\Users\Booster\AppData\Local\Temp\ccQdKe81.s 			page 99


 1027 0006 0446     		mov	r4, r0
 325:Drivers/STM32G4xx_HAL_Driver/Src/stm32g4xx_hal_spi.c ****   assert_param(IS_SPI_MODE(hspi->Init.Mode));
 1028              		.loc 1 325 3 is_stmt 1 view .LVU280
 326:Drivers/STM32G4xx_HAL_Driver/Src/stm32g4xx_hal_spi.c ****   assert_param(IS_SPI_DIRECTION(hspi->Init.Direction));
 1029              		.loc 1 326 3 view .LVU281
 327:Drivers/STM32G4xx_HAL_Driver/Src/stm32g4xx_hal_spi.c ****   assert_param(IS_SPI_DATASIZE(hspi->Init.DataSize));
 1030              		.loc 1 327 3 view .LVU282
 328:Drivers/STM32G4xx_HAL_Driver/Src/stm32g4xx_hal_spi.c ****   assert_param(IS_SPI_NSS(hspi->Init.NSS));
 1031              		.loc 1 328 3 view .LVU283
 329:Drivers/STM32G4xx_HAL_Driver/Src/stm32g4xx_hal_spi.c ****   assert_param(IS_SPI_NSSP(hspi->Init.NSSPMode));
 1032              		.loc 1 329 3 view .LVU284
 330:Drivers/STM32G4xx_HAL_Driver/Src/stm32g4xx_hal_spi.c ****   assert_param(IS_SPI_BAUDRATE_PRESCALER(hspi->Init.BaudRatePrescaler));
 1033              		.loc 1 330 3 view .LVU285
 331:Drivers/STM32G4xx_HAL_Driver/Src/stm32g4xx_hal_spi.c ****   assert_param(IS_SPI_FIRST_BIT(hspi->Init.FirstBit));
 1034              		.loc 1 331 3 view .LVU286
 332:Drivers/STM32G4xx_HAL_Driver/Src/stm32g4xx_hal_spi.c ****   assert_param(IS_SPI_TIMODE(hspi->Init.TIMode));
 1035              		.loc 1 332 3 view .LVU287
 333:Drivers/STM32G4xx_HAL_Driver/Src/stm32g4xx_hal_spi.c ****   if (hspi->Init.TIMode == SPI_TIMODE_DISABLE)
 1036              		.loc 1 333 3 view .LVU288
 334:Drivers/STM32G4xx_HAL_Driver/Src/stm32g4xx_hal_spi.c ****   {
 1037              		.loc 1 334 3 view .LVU289
 334:Drivers/STM32G4xx_HAL_Driver/Src/stm32g4xx_hal_spi.c ****   {
 1038              		.loc 1 334 17 is_stmt 0 view .LVU290
 1039 0008 436A     		ldr	r3, [r0, #36]
 334:Drivers/STM32G4xx_HAL_Driver/Src/stm32g4xx_hal_spi.c ****   {
 1040              		.loc 1 334 6 view .LVU291
 1041 000a 33B9     		cbnz	r3, .L83
 336:Drivers/STM32G4xx_HAL_Driver/Src/stm32g4xx_hal_spi.c ****     assert_param(IS_SPI_CPHA(hspi->Init.CLKPhase));
 1042              		.loc 1 336 5 is_stmt 1 view .LVU292
 337:Drivers/STM32G4xx_HAL_Driver/Src/stm32g4xx_hal_spi.c **** 
 1043              		.loc 1 337 5 view .LVU293
 339:Drivers/STM32G4xx_HAL_Driver/Src/stm32g4xx_hal_spi.c ****     {
 1044              		.loc 1 339 5 view .LVU294
 339:Drivers/STM32G4xx_HAL_Driver/Src/stm32g4xx_hal_spi.c ****     {
 1045              		.loc 1 339 19 is_stmt 0 view .LVU295
 1046 000c 4368     		ldr	r3, [r0, #4]
 339:Drivers/STM32G4xx_HAL_Driver/Src/stm32g4xx_hal_spi.c ****     {
 1047              		.loc 1 339 8 view .LVU296
 1048 000e B3F5827F 		cmp	r3, #260
 1049 0012 05D0     		beq	.L84
 346:Drivers/STM32G4xx_HAL_Driver/Src/stm32g4xx_hal_spi.c ****     }
 1050              		.loc 1 346 7 is_stmt 1 view .LVU297
 346:Drivers/STM32G4xx_HAL_Driver/Src/stm32g4xx_hal_spi.c ****     }
 1051              		.loc 1 346 36 is_stmt 0 view .LVU298
 1052 0014 0023     		movs	r3, #0
 1053 0016 C361     		str	r3, [r0, #28]
 1054 0018 02E0     		b	.L84
 1055              	.L83:
 351:Drivers/STM32G4xx_HAL_Driver/Src/stm32g4xx_hal_spi.c **** 
 1056              		.loc 1 351 5 is_stmt 1 view .LVU299
 354:Drivers/STM32G4xx_HAL_Driver/Src/stm32g4xx_hal_spi.c ****     hspi->Init.CLKPhase    = SPI_PHASE_1EDGE;
 1057              		.loc 1 354 5 view .LVU300
 354:Drivers/STM32G4xx_HAL_Driver/Src/stm32g4xx_hal_spi.c ****     hspi->Init.CLKPhase    = SPI_PHASE_1EDGE;
 1058              		.loc 1 354 28 is_stmt 0 view .LVU301
 1059 001a 0023     		movs	r3, #0
 1060 001c 0361     		str	r3, [r0, #16]
 355:Drivers/STM32G4xx_HAL_Driver/Src/stm32g4xx_hal_spi.c ****   }
ARM GAS  C:\Users\Booster\AppData\Local\Temp\ccQdKe81.s 			page 100


 1061              		.loc 1 355 5 is_stmt 1 view .LVU302
 355:Drivers/STM32G4xx_HAL_Driver/Src/stm32g4xx_hal_spi.c ****   }
 1062              		.loc 1 355 28 is_stmt 0 view .LVU303
 1063 001e 4361     		str	r3, [r0, #20]
 1064              	.L84:
 365:Drivers/STM32G4xx_HAL_Driver/Src/stm32g4xx_hal_spi.c **** #endif /* USE_SPI_CRC */
 1065              		.loc 1 365 3 is_stmt 1 view .LVU304
 365:Drivers/STM32G4xx_HAL_Driver/Src/stm32g4xx_hal_spi.c **** #endif /* USE_SPI_CRC */
 1066              		.loc 1 365 29 is_stmt 0 view .LVU305
 1067 0020 0023     		movs	r3, #0
 1068 0022 A362     		str	r3, [r4, #40]
 368:Drivers/STM32G4xx_HAL_Driver/Src/stm32g4xx_hal_spi.c ****   {
 1069              		.loc 1 368 3 is_stmt 1 view .LVU306
 368:Drivers/STM32G4xx_HAL_Driver/Src/stm32g4xx_hal_spi.c ****   {
 1070              		.loc 1 368 11 is_stmt 0 view .LVU307
 1071 0024 94F85D30 		ldrb	r3, [r4, #93]	@ zero_extendqisi2
 368:Drivers/STM32G4xx_HAL_Driver/Src/stm32g4xx_hal_spi.c ****   {
 1072              		.loc 1 368 6 view .LVU308
 1073 0028 002B     		cmp	r3, #0
 1074 002a 52D0     		beq	.L94
 1075              	.LVL56:
 1076              	.L85:
 397:Drivers/STM32G4xx_HAL_Driver/Src/stm32g4xx_hal_spi.c **** 
 1077              		.loc 1 397 3 is_stmt 1 view .LVU309
 397:Drivers/STM32G4xx_HAL_Driver/Src/stm32g4xx_hal_spi.c **** 
 1078              		.loc 1 397 15 is_stmt 0 view .LVU310
 1079 002c 0223     		movs	r3, #2
 1080 002e 84F85D30 		strb	r3, [r4, #93]
 400:Drivers/STM32G4xx_HAL_Driver/Src/stm32g4xx_hal_spi.c **** 
 1081              		.loc 1 400 3 is_stmt 1 view .LVU311
 1082 0032 2268     		ldr	r2, [r4]
 1083 0034 1368     		ldr	r3, [r2]
 1084 0036 23F04003 		bic	r3, r3, #64
 1085 003a 1360     		str	r3, [r2]
 403:Drivers/STM32G4xx_HAL_Driver/Src/stm32g4xx_hal_spi.c ****   {
 1086              		.loc 1 403 3 view .LVU312
 403:Drivers/STM32G4xx_HAL_Driver/Src/stm32g4xx_hal_spi.c ****   {
 1087              		.loc 1 403 17 is_stmt 0 view .LVU313
 1088 003c E368     		ldr	r3, [r4, #12]
 403:Drivers/STM32G4xx_HAL_Driver/Src/stm32g4xx_hal_spi.c ****   {
 1089              		.loc 1 403 6 view .LVU314
 1090 003e B3F5E06F 		cmp	r3, #1792
 1091 0042 4CD9     		bls	.L89
 405:Drivers/STM32G4xx_HAL_Driver/Src/stm32g4xx_hal_spi.c ****   }
 1092              		.loc 1 405 11 view .LVU315
 1093 0044 0022     		movs	r2, #0
 1094              	.L86:
 1095              	.LVL57:
 413:Drivers/STM32G4xx_HAL_Driver/Src/stm32g4xx_hal_spi.c ****   {
 1096              		.loc 1 413 3 is_stmt 1 view .LVU316
 413:Drivers/STM32G4xx_HAL_Driver/Src/stm32g4xx_hal_spi.c ****   {
 1097              		.loc 1 413 6 is_stmt 0 view .LVU317
 1098 0046 B3F5706F 		cmp	r3, #3840
 1099 004a 04D0     		beq	.L87
 413:Drivers/STM32G4xx_HAL_Driver/Src/stm32g4xx_hal_spi.c ****   {
 1100              		.loc 1 413 51 discriminator 1 view .LVU318
 1101 004c B3F5E06F 		cmp	r3, #1792
ARM GAS  C:\Users\Booster\AppData\Local\Temp\ccQdKe81.s 			page 101


 1102 0050 01D0     		beq	.L87
 416:Drivers/STM32G4xx_HAL_Driver/Src/stm32g4xx_hal_spi.c ****   }
 1103              		.loc 1 416 5 is_stmt 1 view .LVU319
 416:Drivers/STM32G4xx_HAL_Driver/Src/stm32g4xx_hal_spi.c ****   }
 1104              		.loc 1 416 31 is_stmt 0 view .LVU320
 1105 0052 0023     		movs	r3, #0
 1106 0054 A362     		str	r3, [r4, #40]
 1107              	.L87:
 422:Drivers/STM32G4xx_HAL_Driver/Src/stm32g4xx_hal_spi.c ****                                   (hspi->Init.Direction & (SPI_CR1_RXONLY | SPI_CR1_BIDIMODE)) |
 1108              		.loc 1 422 3 is_stmt 1 view .LVU321
 1109 0056 6368     		ldr	r3, [r4, #4]
 1110 0058 03F48273 		and	r3, r3, #260
 1111 005c A168     		ldr	r1, [r4, #8]
 1112 005e 01F40441 		and	r1, r1, #33792
 1113 0062 0B43     		orrs	r3, r3, r1
 1114 0064 2169     		ldr	r1, [r4, #16]
 1115 0066 01F00201 		and	r1, r1, #2
 1116 006a 0B43     		orrs	r3, r3, r1
 1117 006c 6169     		ldr	r1, [r4, #20]
 1118 006e 01F00101 		and	r1, r1, #1
 1119 0072 0B43     		orrs	r3, r3, r1
 1120 0074 A169     		ldr	r1, [r4, #24]
 1121 0076 01F40071 		and	r1, r1, #512
 1122 007a 0B43     		orrs	r3, r3, r1
 1123 007c E169     		ldr	r1, [r4, #28]
 1124 007e 01F03801 		and	r1, r1, #56
 1125 0082 0B43     		orrs	r3, r3, r1
 1126 0084 216A     		ldr	r1, [r4, #32]
 1127 0086 01F08001 		and	r1, r1, #128
 1128 008a 0B43     		orrs	r3, r3, r1
 1129 008c A16A     		ldr	r1, [r4, #40]
 1130 008e 01F40051 		and	r1, r1, #8192
 1131 0092 2068     		ldr	r0, [r4]
 1132 0094 0B43     		orrs	r3, r3, r1
 1133 0096 0360     		str	r3, [r0]
 457:Drivers/STM32G4xx_HAL_Driver/Src/stm32g4xx_hal_spi.c ****                                   (hspi->Init.TIMode & SPI_CR2_FRF) |
 1134              		.loc 1 457 3 view .LVU322
 1135 0098 638B     		ldrh	r3, [r4, #26]
 1136 009a 03F00403 		and	r3, r3, #4
 1137 009e 616A     		ldr	r1, [r4, #36]
 1138 00a0 01F01001 		and	r1, r1, #16
 1139 00a4 0B43     		orrs	r3, r3, r1
 1140 00a6 616B     		ldr	r1, [r4, #52]
 1141 00a8 01F00801 		and	r1, r1, #8
 1142 00ac 0B43     		orrs	r3, r3, r1
 1143 00ae E168     		ldr	r1, [r4, #12]
 1144 00b0 01F47061 		and	r1, r1, #3840
 1145 00b4 0B43     		orrs	r3, r3, r1
 1146 00b6 2168     		ldr	r1, [r4]
 1147 00b8 1A43     		orrs	r2, r2, r3
 1148              	.LVL58:
 457:Drivers/STM32G4xx_HAL_Driver/Src/stm32g4xx_hal_spi.c ****                                   (hspi->Init.TIMode & SPI_CR2_FRF) |
 1149              		.loc 1 457 3 is_stmt 0 view .LVU323
 1150 00ba 4A60     		str	r2, [r1, #4]
 474:Drivers/STM32G4xx_HAL_Driver/Src/stm32g4xx_hal_spi.c **** #endif /* SPI_I2SCFGR_I2SMOD */
 1151              		.loc 1 474 3 is_stmt 1 view .LVU324
 1152 00bc 2268     		ldr	r2, [r4]
ARM GAS  C:\Users\Booster\AppData\Local\Temp\ccQdKe81.s 			page 102


 1153 00be D369     		ldr	r3, [r2, #28]
 1154 00c0 23F40063 		bic	r3, r3, #2048
 1155 00c4 D361     		str	r3, [r2, #28]
 477:Drivers/STM32G4xx_HAL_Driver/Src/stm32g4xx_hal_spi.c ****   hspi->State     = HAL_SPI_STATE_READY;
 1156              		.loc 1 477 3 view .LVU325
 477:Drivers/STM32G4xx_HAL_Driver/Src/stm32g4xx_hal_spi.c ****   hspi->State     = HAL_SPI_STATE_READY;
 1157              		.loc 1 477 19 is_stmt 0 view .LVU326
 1158 00c6 0020     		movs	r0, #0
 1159 00c8 2066     		str	r0, [r4, #96]
 478:Drivers/STM32G4xx_HAL_Driver/Src/stm32g4xx_hal_spi.c **** 
 1160              		.loc 1 478 3 is_stmt 1 view .LVU327
 478:Drivers/STM32G4xx_HAL_Driver/Src/stm32g4xx_hal_spi.c **** 
 1161              		.loc 1 478 19 is_stmt 0 view .LVU328
 1162 00ca 0123     		movs	r3, #1
 1163 00cc 84F85D30 		strb	r3, [r4, #93]
 480:Drivers/STM32G4xx_HAL_Driver/Src/stm32g4xx_hal_spi.c **** }
 1164              		.loc 1 480 3 is_stmt 1 view .LVU329
 481:Drivers/STM32G4xx_HAL_Driver/Src/stm32g4xx_hal_spi.c **** 
 1165              		.loc 1 481 1 is_stmt 0 view .LVU330
 1166 00d0 10BD     		pop	{r4, pc}
 1167              	.LVL59:
 1168              	.L94:
 371:Drivers/STM32G4xx_HAL_Driver/Src/stm32g4xx_hal_spi.c **** 
 1169              		.loc 1 371 5 is_stmt 1 view .LVU331
 371:Drivers/STM32G4xx_HAL_Driver/Src/stm32g4xx_hal_spi.c **** 
 1170              		.loc 1 371 16 is_stmt 0 view .LVU332
 1171 00d2 84F85C30 		strb	r3, [r4, #92]
 393:Drivers/STM32G4xx_HAL_Driver/Src/stm32g4xx_hal_spi.c **** #endif /* USE_HAL_SPI_REGISTER_CALLBACKS */
 1172              		.loc 1 393 5 is_stmt 1 view .LVU333
 1173 00d6 2046     		mov	r0, r4
 1174              	.LVL60:
 393:Drivers/STM32G4xx_HAL_Driver/Src/stm32g4xx_hal_spi.c **** #endif /* USE_HAL_SPI_REGISTER_CALLBACKS */
 1175              		.loc 1 393 5 is_stmt 0 view .LVU334
 1176 00d8 FFF7FEFF 		bl	HAL_SPI_MspInit
 1177              	.LVL61:
 1178 00dc A6E7     		b	.L85
 1179              	.L89:
 409:Drivers/STM32G4xx_HAL_Driver/Src/stm32g4xx_hal_spi.c ****   }
 1180              		.loc 1 409 11 view .LVU335
 1181 00de 4FF48052 		mov	r2, #4096
 1182 00e2 B0E7     		b	.L86
 1183              	.LVL62:
 1184              	.L88:
 1185              	.LCFI21:
 1186              		.cfi_def_cfa_offset 0
 1187              		.cfi_restore 4
 1188              		.cfi_restore 14
 321:Drivers/STM32G4xx_HAL_Driver/Src/stm32g4xx_hal_spi.c ****   }
 1189              		.loc 1 321 12 view .LVU336
 1190 00e4 0120     		movs	r0, #1
 1191              	.LVL63:
 481:Drivers/STM32G4xx_HAL_Driver/Src/stm32g4xx_hal_spi.c **** 
 1192              		.loc 1 481 1 view .LVU337
 1193 00e6 7047     		bx	lr
 1194              		.cfi_endproc
 1195              	.LFE329:
 1197              		.section	.text.HAL_SPI_MspDeInit,"ax",%progbits
ARM GAS  C:\Users\Booster\AppData\Local\Temp\ccQdKe81.s 			page 103


 1198              		.align	1
 1199              		.weak	HAL_SPI_MspDeInit
 1200              		.syntax unified
 1201              		.thumb
 1202              		.thumb_func
 1204              	HAL_SPI_MspDeInit:
 1205              	.LVL64:
 1206              	.LFB332:
 550:Drivers/STM32G4xx_HAL_Driver/Src/stm32g4xx_hal_spi.c ****   /* Prevent unused argument(s) compilation warning */
 1207              		.loc 1 550 1 is_stmt 1 view -0
 1208              		.cfi_startproc
 1209              		@ args = 0, pretend = 0, frame = 0
 1210              		@ frame_needed = 0, uses_anonymous_args = 0
 1211              		@ link register save eliminated.
 552:Drivers/STM32G4xx_HAL_Driver/Src/stm32g4xx_hal_spi.c **** 
 1212              		.loc 1 552 3 view .LVU339
 557:Drivers/STM32G4xx_HAL_Driver/Src/stm32g4xx_hal_spi.c **** 
 1213              		.loc 1 557 1 is_stmt 0 view .LVU340
 1214 0000 7047     		bx	lr
 1215              		.cfi_endproc
 1216              	.LFE332:
 1218              		.section	.text.HAL_SPI_DeInit,"ax",%progbits
 1219              		.align	1
 1220              		.global	HAL_SPI_DeInit
 1221              		.syntax unified
 1222              		.thumb
 1223              		.thumb_func
 1225              	HAL_SPI_DeInit:
 1226              	.LVL65:
 1227              	.LFB330:
 490:Drivers/STM32G4xx_HAL_Driver/Src/stm32g4xx_hal_spi.c ****   /* Check the SPI handle allocation */
 1228              		.loc 1 490 1 is_stmt 1 view -0
 1229              		.cfi_startproc
 1230              		@ args = 0, pretend = 0, frame = 0
 1231              		@ frame_needed = 0, uses_anonymous_args = 0
 492:Drivers/STM32G4xx_HAL_Driver/Src/stm32g4xx_hal_spi.c ****   {
 1232              		.loc 1 492 3 view .LVU342
 492:Drivers/STM32G4xx_HAL_Driver/Src/stm32g4xx_hal_spi.c ****   {
 1233              		.loc 1 492 6 is_stmt 0 view .LVU343
 1234 0000 90B1     		cbz	r0, .L98
 490:Drivers/STM32G4xx_HAL_Driver/Src/stm32g4xx_hal_spi.c ****   /* Check the SPI handle allocation */
 1235              		.loc 1 490 1 view .LVU344
 1236 0002 10B5     		push	{r4, lr}
 1237              	.LCFI22:
 1238              		.cfi_def_cfa_offset 8
 1239              		.cfi_offset 4, -8
 1240              		.cfi_offset 14, -4
 1241 0004 0446     		mov	r4, r0
 498:Drivers/STM32G4xx_HAL_Driver/Src/stm32g4xx_hal_spi.c **** 
 1242              		.loc 1 498 3 is_stmt 1 view .LVU345
 500:Drivers/STM32G4xx_HAL_Driver/Src/stm32g4xx_hal_spi.c **** 
 1243              		.loc 1 500 3 view .LVU346
 500:Drivers/STM32G4xx_HAL_Driver/Src/stm32g4xx_hal_spi.c **** 
 1244              		.loc 1 500 15 is_stmt 0 view .LVU347
 1245 0006 0223     		movs	r3, #2
 1246 0008 80F85D30 		strb	r3, [r0, #93]
 503:Drivers/STM32G4xx_HAL_Driver/Src/stm32g4xx_hal_spi.c **** 
ARM GAS  C:\Users\Booster\AppData\Local\Temp\ccQdKe81.s 			page 104


 1247              		.loc 1 503 3 is_stmt 1 view .LVU348
 1248 000c 0268     		ldr	r2, [r0]
 1249 000e 1368     		ldr	r3, [r2]
 1250 0010 23F04003 		bic	r3, r3, #64
 1251 0014 1360     		str	r3, [r2]
 515:Drivers/STM32G4xx_HAL_Driver/Src/stm32g4xx_hal_spi.c **** #endif /* USE_HAL_SPI_REGISTER_CALLBACKS */
 1252              		.loc 1 515 3 view .LVU349
 1253 0016 FFF7FEFF 		bl	HAL_SPI_MspDeInit
 1254              	.LVL66:
 518:Drivers/STM32G4xx_HAL_Driver/Src/stm32g4xx_hal_spi.c ****   hspi->State = HAL_SPI_STATE_RESET;
 1255              		.loc 1 518 3 view .LVU350
 518:Drivers/STM32G4xx_HAL_Driver/Src/stm32g4xx_hal_spi.c ****   hspi->State = HAL_SPI_STATE_RESET;
 1256              		.loc 1 518 19 is_stmt 0 view .LVU351
 1257 001a 0020     		movs	r0, #0
 1258 001c 2066     		str	r0, [r4, #96]
 519:Drivers/STM32G4xx_HAL_Driver/Src/stm32g4xx_hal_spi.c **** 
 1259              		.loc 1 519 3 is_stmt 1 view .LVU352
 519:Drivers/STM32G4xx_HAL_Driver/Src/stm32g4xx_hal_spi.c **** 
 1260              		.loc 1 519 15 is_stmt 0 view .LVU353
 1261 001e 84F85D00 		strb	r0, [r4, #93]
 522:Drivers/STM32G4xx_HAL_Driver/Src/stm32g4xx_hal_spi.c **** 
 1262              		.loc 1 522 3 is_stmt 1 view .LVU354
 522:Drivers/STM32G4xx_HAL_Driver/Src/stm32g4xx_hal_spi.c **** 
 1263              		.loc 1 522 3 view .LVU355
 1264 0022 84F85C00 		strb	r0, [r4, #92]
 522:Drivers/STM32G4xx_HAL_Driver/Src/stm32g4xx_hal_spi.c **** 
 1265              		.loc 1 522 3 view .LVU356
 524:Drivers/STM32G4xx_HAL_Driver/Src/stm32g4xx_hal_spi.c **** }
 1266              		.loc 1 524 3 view .LVU357
 525:Drivers/STM32G4xx_HAL_Driver/Src/stm32g4xx_hal_spi.c **** 
 1267              		.loc 1 525 1 is_stmt 0 view .LVU358
 1268 0026 10BD     		pop	{r4, pc}
 1269              	.LVL67:
 1270              	.L98:
 1271              	.LCFI23:
 1272              		.cfi_def_cfa_offset 0
 1273              		.cfi_restore 4
 1274              		.cfi_restore 14
 494:Drivers/STM32G4xx_HAL_Driver/Src/stm32g4xx_hal_spi.c ****   }
 1275              		.loc 1 494 12 view .LVU359
 1276 0028 0120     		movs	r0, #1
 1277              	.LVL68:
 525:Drivers/STM32G4xx_HAL_Driver/Src/stm32g4xx_hal_spi.c **** 
 1278              		.loc 1 525 1 view .LVU360
 1279 002a 7047     		bx	lr
 1280              		.cfi_endproc
 1281              	.LFE330:
 1283              		.section	.text.HAL_SPI_Transmit,"ax",%progbits
 1284              		.align	1
 1285              		.global	HAL_SPI_Transmit
 1286              		.syntax unified
 1287              		.thumb
 1288              		.thumb_func
 1290              	HAL_SPI_Transmit:
 1291              	.LVL69:
 1292              	.LFB333:
 822:Drivers/STM32G4xx_HAL_Driver/Src/stm32g4xx_hal_spi.c ****   uint32_t tickstart;
ARM GAS  C:\Users\Booster\AppData\Local\Temp\ccQdKe81.s 			page 105


 1293              		.loc 1 822 1 is_stmt 1 view -0
 1294              		.cfi_startproc
 1295              		@ args = 0, pretend = 0, frame = 8
 1296              		@ frame_needed = 0, uses_anonymous_args = 0
 822:Drivers/STM32G4xx_HAL_Driver/Src/stm32g4xx_hal_spi.c ****   uint32_t tickstart;
 1297              		.loc 1 822 1 is_stmt 0 view .LVU362
 1298 0000 2DE9F043 		push	{r4, r5, r6, r7, r8, r9, lr}
 1299              	.LCFI24:
 1300              		.cfi_def_cfa_offset 28
 1301              		.cfi_offset 4, -28
 1302              		.cfi_offset 5, -24
 1303              		.cfi_offset 6, -20
 1304              		.cfi_offset 7, -16
 1305              		.cfi_offset 8, -12
 1306              		.cfi_offset 9, -8
 1307              		.cfi_offset 14, -4
 1308 0004 83B0     		sub	sp, sp, #12
 1309              	.LCFI25:
 1310              		.cfi_def_cfa_offset 40
 1311 0006 1D46     		mov	r5, r3
 823:Drivers/STM32G4xx_HAL_Driver/Src/stm32g4xx_hal_spi.c ****   HAL_StatusTypeDef errorcode = HAL_OK;
 1312              		.loc 1 823 3 is_stmt 1 view .LVU363
 824:Drivers/STM32G4xx_HAL_Driver/Src/stm32g4xx_hal_spi.c ****   uint16_t initial_TxXferCount;
 1313              		.loc 1 824 3 view .LVU364
 1314              	.LVL70:
 825:Drivers/STM32G4xx_HAL_Driver/Src/stm32g4xx_hal_spi.c **** 
 1315              		.loc 1 825 3 view .LVU365
 828:Drivers/STM32G4xx_HAL_Driver/Src/stm32g4xx_hal_spi.c **** 
 1316              		.loc 1 828 3 view .LVU366
 831:Drivers/STM32G4xx_HAL_Driver/Src/stm32g4xx_hal_spi.c **** 
 1317              		.loc 1 831 3 view .LVU367
 831:Drivers/STM32G4xx_HAL_Driver/Src/stm32g4xx_hal_spi.c **** 
 1318              		.loc 1 831 3 view .LVU368
 1319 0008 90F85C30 		ldrb	r3, [r0, #92]	@ zero_extendqisi2
 1320              	.LVL71:
 831:Drivers/STM32G4xx_HAL_Driver/Src/stm32g4xx_hal_spi.c **** 
 1321              		.loc 1 831 3 is_stmt 0 view .LVU369
 1322 000c 012B     		cmp	r3, #1
 1323 000e 00F0F480 		beq	.L130
 1324 0012 0446     		mov	r4, r0
 1325 0014 8846     		mov	r8, r1
 1326 0016 9146     		mov	r9, r2
 831:Drivers/STM32G4xx_HAL_Driver/Src/stm32g4xx_hal_spi.c **** 
 1327              		.loc 1 831 3 is_stmt 1 discriminator 2 view .LVU370
 1328 0018 0123     		movs	r3, #1
 1329 001a 80F85C30 		strb	r3, [r0, #92]
 831:Drivers/STM32G4xx_HAL_Driver/Src/stm32g4xx_hal_spi.c **** 
 1330              		.loc 1 831 3 discriminator 2 view .LVU371
 834:Drivers/STM32G4xx_HAL_Driver/Src/stm32g4xx_hal_spi.c ****   initial_TxXferCount = Size;
 1331              		.loc 1 834 3 discriminator 2 view .LVU372
 834:Drivers/STM32G4xx_HAL_Driver/Src/stm32g4xx_hal_spi.c ****   initial_TxXferCount = Size;
 1332              		.loc 1 834 15 is_stmt 0 discriminator 2 view .LVU373
 1333 001e FFF7FEFF 		bl	HAL_GetTick
 1334              	.LVL72:
 834:Drivers/STM32G4xx_HAL_Driver/Src/stm32g4xx_hal_spi.c ****   initial_TxXferCount = Size;
 1335              		.loc 1 834 15 discriminator 2 view .LVU374
 1336 0022 0746     		mov	r7, r0
ARM GAS  C:\Users\Booster\AppData\Local\Temp\ccQdKe81.s 			page 106


 1337              	.LVL73:
 835:Drivers/STM32G4xx_HAL_Driver/Src/stm32g4xx_hal_spi.c **** 
 1338              		.loc 1 835 3 is_stmt 1 discriminator 2 view .LVU375
 837:Drivers/STM32G4xx_HAL_Driver/Src/stm32g4xx_hal_spi.c ****   {
 1339              		.loc 1 837 3 discriminator 2 view .LVU376
 837:Drivers/STM32G4xx_HAL_Driver/Src/stm32g4xx_hal_spi.c ****   {
 1340              		.loc 1 837 11 is_stmt 0 discriminator 2 view .LVU377
 1341 0024 94F85D60 		ldrb	r6, [r4, #93]	@ zero_extendqisi2
 1342 0028 F6B2     		uxtb	r6, r6
 837:Drivers/STM32G4xx_HAL_Driver/Src/stm32g4xx_hal_spi.c ****   {
 1343              		.loc 1 837 6 discriminator 2 view .LVU378
 1344 002a 012E     		cmp	r6, #1
 1345 002c 40F0DD80 		bne	.L131
 843:Drivers/STM32G4xx_HAL_Driver/Src/stm32g4xx_hal_spi.c ****   {
 1346              		.loc 1 843 3 is_stmt 1 view .LVU379
 843:Drivers/STM32G4xx_HAL_Driver/Src/stm32g4xx_hal_spi.c ****   {
 1347              		.loc 1 843 6 is_stmt 0 view .LVU380
 1348 0030 B8F1000F 		cmp	r8, #0
 1349 0034 00F0DA80 		beq	.L105
 843:Drivers/STM32G4xx_HAL_Driver/Src/stm32g4xx_hal_spi.c ****   {
 1350              		.loc 1 843 23 discriminator 1 view .LVU381
 1351 0038 B9F1000F 		cmp	r9, #0
 1352 003c 00F0D680 		beq	.L105
 850:Drivers/STM32G4xx_HAL_Driver/Src/stm32g4xx_hal_spi.c ****   hspi->ErrorCode   = HAL_SPI_ERROR_NONE;
 1353              		.loc 1 850 3 is_stmt 1 view .LVU382
 850:Drivers/STM32G4xx_HAL_Driver/Src/stm32g4xx_hal_spi.c ****   hspi->ErrorCode   = HAL_SPI_ERROR_NONE;
 1354              		.loc 1 850 21 is_stmt 0 view .LVU383
 1355 0040 0323     		movs	r3, #3
 1356 0042 84F85D30 		strb	r3, [r4, #93]
 851:Drivers/STM32G4xx_HAL_Driver/Src/stm32g4xx_hal_spi.c ****   hspi->pTxBuffPtr  = (uint8_t *)pData;
 1357              		.loc 1 851 3 is_stmt 1 view .LVU384
 851:Drivers/STM32G4xx_HAL_Driver/Src/stm32g4xx_hal_spi.c ****   hspi->pTxBuffPtr  = (uint8_t *)pData;
 1358              		.loc 1 851 21 is_stmt 0 view .LVU385
 1359 0046 0023     		movs	r3, #0
 1360 0048 2366     		str	r3, [r4, #96]
 852:Drivers/STM32G4xx_HAL_Driver/Src/stm32g4xx_hal_spi.c ****   hspi->TxXferSize  = Size;
 1361              		.loc 1 852 3 is_stmt 1 view .LVU386
 852:Drivers/STM32G4xx_HAL_Driver/Src/stm32g4xx_hal_spi.c ****   hspi->TxXferSize  = Size;
 1362              		.loc 1 852 21 is_stmt 0 view .LVU387
 1363 004a C4F83880 		str	r8, [r4, #56]
 853:Drivers/STM32G4xx_HAL_Driver/Src/stm32g4xx_hal_spi.c ****   hspi->TxXferCount = Size;
 1364              		.loc 1 853 3 is_stmt 1 view .LVU388
 853:Drivers/STM32G4xx_HAL_Driver/Src/stm32g4xx_hal_spi.c ****   hspi->TxXferCount = Size;
 1365              		.loc 1 853 21 is_stmt 0 view .LVU389
 1366 004e A4F83C90 		strh	r9, [r4, #60]	@ movhi
 854:Drivers/STM32G4xx_HAL_Driver/Src/stm32g4xx_hal_spi.c **** 
 1367              		.loc 1 854 3 is_stmt 1 view .LVU390
 854:Drivers/STM32G4xx_HAL_Driver/Src/stm32g4xx_hal_spi.c **** 
 1368              		.loc 1 854 21 is_stmt 0 view .LVU391
 1369 0052 A4F83E90 		strh	r9, [r4, #62]	@ movhi
 857:Drivers/STM32G4xx_HAL_Driver/Src/stm32g4xx_hal_spi.c ****   hspi->RxXferSize  = 0U;
 1370              		.loc 1 857 3 is_stmt 1 view .LVU392
 857:Drivers/STM32G4xx_HAL_Driver/Src/stm32g4xx_hal_spi.c ****   hspi->RxXferSize  = 0U;
 1371              		.loc 1 857 21 is_stmt 0 view .LVU393
 1372 0056 2364     		str	r3, [r4, #64]
 858:Drivers/STM32G4xx_HAL_Driver/Src/stm32g4xx_hal_spi.c ****   hspi->RxXferCount = 0U;
 1373              		.loc 1 858 3 is_stmt 1 view .LVU394
ARM GAS  C:\Users\Booster\AppData\Local\Temp\ccQdKe81.s 			page 107


 858:Drivers/STM32G4xx_HAL_Driver/Src/stm32g4xx_hal_spi.c ****   hspi->RxXferCount = 0U;
 1374              		.loc 1 858 21 is_stmt 0 view .LVU395
 1375 0058 A4F84430 		strh	r3, [r4, #68]	@ movhi
 859:Drivers/STM32G4xx_HAL_Driver/Src/stm32g4xx_hal_spi.c ****   hspi->TxISR       = NULL;
 1376              		.loc 1 859 3 is_stmt 1 view .LVU396
 859:Drivers/STM32G4xx_HAL_Driver/Src/stm32g4xx_hal_spi.c ****   hspi->TxISR       = NULL;
 1377              		.loc 1 859 21 is_stmt 0 view .LVU397
 1378 005c A4F84630 		strh	r3, [r4, #70]	@ movhi
 860:Drivers/STM32G4xx_HAL_Driver/Src/stm32g4xx_hal_spi.c ****   hspi->RxISR       = NULL;
 1379              		.loc 1 860 3 is_stmt 1 view .LVU398
 860:Drivers/STM32G4xx_HAL_Driver/Src/stm32g4xx_hal_spi.c ****   hspi->RxISR       = NULL;
 1380              		.loc 1 860 21 is_stmt 0 view .LVU399
 1381 0060 2365     		str	r3, [r4, #80]
 861:Drivers/STM32G4xx_HAL_Driver/Src/stm32g4xx_hal_spi.c **** 
 1382              		.loc 1 861 3 is_stmt 1 view .LVU400
 861:Drivers/STM32G4xx_HAL_Driver/Src/stm32g4xx_hal_spi.c **** 
 1383              		.loc 1 861 21 is_stmt 0 view .LVU401
 1384 0062 E364     		str	r3, [r4, #76]
 864:Drivers/STM32G4xx_HAL_Driver/Src/stm32g4xx_hal_spi.c ****   {
 1385              		.loc 1 864 3 is_stmt 1 view .LVU402
 864:Drivers/STM32G4xx_HAL_Driver/Src/stm32g4xx_hal_spi.c ****   {
 1386              		.loc 1 864 17 is_stmt 0 view .LVU403
 1387 0064 A368     		ldr	r3, [r4, #8]
 864:Drivers/STM32G4xx_HAL_Driver/Src/stm32g4xx_hal_spi.c ****   {
 1388              		.loc 1 864 6 view .LVU404
 1389 0066 B3F5004F 		cmp	r3, #32768
 1390 006a 1ED0     		beq	.L133
 1391              	.L106:
 880:Drivers/STM32G4xx_HAL_Driver/Src/stm32g4xx_hal_spi.c ****   {
 1392              		.loc 1 880 3 is_stmt 1 view .LVU405
 880:Drivers/STM32G4xx_HAL_Driver/Src/stm32g4xx_hal_spi.c ****   {
 1393              		.loc 1 880 12 is_stmt 0 view .LVU406
 1394 006c 2368     		ldr	r3, [r4]
 880:Drivers/STM32G4xx_HAL_Driver/Src/stm32g4xx_hal_spi.c ****   {
 1395              		.loc 1 880 22 view .LVU407
 1396 006e 1A68     		ldr	r2, [r3]
 880:Drivers/STM32G4xx_HAL_Driver/Src/stm32g4xx_hal_spi.c ****   {
 1397              		.loc 1 880 6 view .LVU408
 1398 0070 12F0400F 		tst	r2, #64
 1399 0074 03D1     		bne	.L107
 883:Drivers/STM32G4xx_HAL_Driver/Src/stm32g4xx_hal_spi.c ****   }
 1400              		.loc 1 883 5 is_stmt 1 view .LVU409
 1401 0076 1A68     		ldr	r2, [r3]
 1402 0078 42F04002 		orr	r2, r2, #64
 1403 007c 1A60     		str	r2, [r3]
 1404              	.L107:
 887:Drivers/STM32G4xx_HAL_Driver/Src/stm32g4xx_hal_spi.c ****   {
 1405              		.loc 1 887 3 view .LVU410
 887:Drivers/STM32G4xx_HAL_Driver/Src/stm32g4xx_hal_spi.c ****   {
 1406              		.loc 1 887 17 is_stmt 0 view .LVU411
 1407 007e E368     		ldr	r3, [r4, #12]
 887:Drivers/STM32G4xx_HAL_Driver/Src/stm32g4xx_hal_spi.c ****   {
 1408              		.loc 1 887 6 view .LVU412
 1409 0080 B3F5E06F 		cmp	r3, #1792
 1410 0084 44D9     		bls	.L108
 889:Drivers/STM32G4xx_HAL_Driver/Src/stm32g4xx_hal_spi.c ****     {
 1411              		.loc 1 889 5 is_stmt 1 view .LVU413
ARM GAS  C:\Users\Booster\AppData\Local\Temp\ccQdKe81.s 			page 108


 889:Drivers/STM32G4xx_HAL_Driver/Src/stm32g4xx_hal_spi.c ****     {
 1412              		.loc 1 889 20 is_stmt 0 view .LVU414
 1413 0086 6368     		ldr	r3, [r4, #4]
 889:Drivers/STM32G4xx_HAL_Driver/Src/stm32g4xx_hal_spi.c ****     {
 1414              		.loc 1 889 8 view .LVU415
 1415 0088 13B1     		cbz	r3, .L109
 889:Drivers/STM32G4xx_HAL_Driver/Src/stm32g4xx_hal_spi.c ****     {
 1416              		.loc 1 889 45 discriminator 1 view .LVU416
 1417 008a B9F1010F 		cmp	r9, #1
 1418 008e 20D1     		bne	.L111
 1419              	.L109:
 891:Drivers/STM32G4xx_HAL_Driver/Src/stm32g4xx_hal_spi.c ****       hspi->pTxBuffPtr += sizeof(uint16_t);
 1420              		.loc 1 891 7 is_stmt 1 view .LVU417
 891:Drivers/STM32G4xx_HAL_Driver/Src/stm32g4xx_hal_spi.c ****       hspi->pTxBuffPtr += sizeof(uint16_t);
 1421              		.loc 1 891 46 is_stmt 0 view .LVU418
 1422 0090 A26B     		ldr	r2, [r4, #56]
 891:Drivers/STM32G4xx_HAL_Driver/Src/stm32g4xx_hal_spi.c ****       hspi->pTxBuffPtr += sizeof(uint16_t);
 1423              		.loc 1 891 11 view .LVU419
 1424 0092 2368     		ldr	r3, [r4]
 891:Drivers/STM32G4xx_HAL_Driver/Src/stm32g4xx_hal_spi.c ****       hspi->pTxBuffPtr += sizeof(uint16_t);
 1425              		.loc 1 891 28 view .LVU420
 1426 0094 1288     		ldrh	r2, [r2]
 891:Drivers/STM32G4xx_HAL_Driver/Src/stm32g4xx_hal_spi.c ****       hspi->pTxBuffPtr += sizeof(uint16_t);
 1427              		.loc 1 891 26 view .LVU421
 1428 0096 DA60     		str	r2, [r3, #12]
 892:Drivers/STM32G4xx_HAL_Driver/Src/stm32g4xx_hal_spi.c ****       hspi->TxXferCount--;
 1429              		.loc 1 892 7 is_stmt 1 view .LVU422
 892:Drivers/STM32G4xx_HAL_Driver/Src/stm32g4xx_hal_spi.c ****       hspi->TxXferCount--;
 1430              		.loc 1 892 11 is_stmt 0 view .LVU423
 1431 0098 A36B     		ldr	r3, [r4, #56]
 892:Drivers/STM32G4xx_HAL_Driver/Src/stm32g4xx_hal_spi.c ****       hspi->TxXferCount--;
 1432              		.loc 1 892 24 view .LVU424
 1433 009a 0233     		adds	r3, r3, #2
 1434 009c A363     		str	r3, [r4, #56]
 893:Drivers/STM32G4xx_HAL_Driver/Src/stm32g4xx_hal_spi.c ****     }
 1435              		.loc 1 893 7 is_stmt 1 view .LVU425
 893:Drivers/STM32G4xx_HAL_Driver/Src/stm32g4xx_hal_spi.c ****     }
 1436              		.loc 1 893 11 is_stmt 0 view .LVU426
 1437 009e E38F     		ldrh	r3, [r4, #62]
 1438 00a0 9BB2     		uxth	r3, r3
 893:Drivers/STM32G4xx_HAL_Driver/Src/stm32g4xx_hal_spi.c ****     }
 1439              		.loc 1 893 24 view .LVU427
 1440 00a2 013B     		subs	r3, r3, #1
 1441 00a4 9BB2     		uxth	r3, r3
 1442 00a6 E387     		strh	r3, [r4, #62]	@ movhi
 1443 00a8 13E0     		b	.L111
 1444              	.L133:
 867:Drivers/STM32G4xx_HAL_Driver/Src/stm32g4xx_hal_spi.c ****     SPI_1LINE_TX(hspi);
 1445              		.loc 1 867 5 is_stmt 1 view .LVU428
 1446 00aa 2268     		ldr	r2, [r4]
 1447 00ac 1368     		ldr	r3, [r2]
 1448 00ae 23F04003 		bic	r3, r3, #64
 1449 00b2 1360     		str	r3, [r2]
 868:Drivers/STM32G4xx_HAL_Driver/Src/stm32g4xx_hal_spi.c ****   }
 1450              		.loc 1 868 5 view .LVU429
 1451 00b4 2268     		ldr	r2, [r4]
 1452 00b6 1368     		ldr	r3, [r2]
ARM GAS  C:\Users\Booster\AppData\Local\Temp\ccQdKe81.s 			page 109


 1453 00b8 43F48043 		orr	r3, r3, #16384
 1454 00bc 1360     		str	r3, [r2]
 1455 00be D5E7     		b	.L106
 1456              	.LVL74:
 1457              	.L112:
 908:Drivers/STM32G4xx_HAL_Driver/Src/stm32g4xx_hal_spi.c ****         {
 1458              		.loc 1 908 9 view .LVU430
 908:Drivers/STM32G4xx_HAL_Driver/Src/stm32g4xx_hal_spi.c ****         {
 1459              		.loc 1 908 16 is_stmt 0 view .LVU431
 1460 00c0 FFF7FEFF 		bl	HAL_GetTick
 1461              	.LVL75:
 908:Drivers/STM32G4xx_HAL_Driver/Src/stm32g4xx_hal_spi.c ****         {
 1462              		.loc 1 908 30 view .LVU432
 1463 00c4 C01B     		subs	r0, r0, r7
 908:Drivers/STM32G4xx_HAL_Driver/Src/stm32g4xx_hal_spi.c ****         {
 1464              		.loc 1 908 12 view .LVU433
 1465 00c6 A842     		cmp	r0, r5
 1466 00c8 02D3     		bcc	.L114
 908:Drivers/STM32G4xx_HAL_Driver/Src/stm32g4xx_hal_spi.c ****         {
 1467              		.loc 1 908 56 discriminator 1 view .LVU434
 1468 00ca B5F1FF3F 		cmp	r5, #-1
 1469 00ce 1AD1     		bne	.L115
 1470              	.L114:
 908:Drivers/STM32G4xx_HAL_Driver/Src/stm32g4xx_hal_spi.c ****         {
 1471              		.loc 1 908 87 discriminator 3 view .LVU435
 1472 00d0 CDB1     		cbz	r5, .L115
 1473              	.L111:
 896:Drivers/STM32G4xx_HAL_Driver/Src/stm32g4xx_hal_spi.c ****     {
 1474              		.loc 1 896 30 is_stmt 1 view .LVU436
 896:Drivers/STM32G4xx_HAL_Driver/Src/stm32g4xx_hal_spi.c ****     {
 1475              		.loc 1 896 16 is_stmt 0 view .LVU437
 1476 00d2 E38F     		ldrh	r3, [r4, #62]
 1477 00d4 9BB2     		uxth	r3, r3
 896:Drivers/STM32G4xx_HAL_Driver/Src/stm32g4xx_hal_spi.c ****     {
 1478              		.loc 1 896 30 view .LVU438
 1479 00d6 002B     		cmp	r3, #0
 1480 00d8 6FD0     		beq	.L117
 899:Drivers/STM32G4xx_HAL_Driver/Src/stm32g4xx_hal_spi.c ****       {
 1481              		.loc 1 899 7 is_stmt 1 view .LVU439
 899:Drivers/STM32G4xx_HAL_Driver/Src/stm32g4xx_hal_spi.c ****       {
 1482              		.loc 1 899 11 is_stmt 0 view .LVU440
 1483 00da 2368     		ldr	r3, [r4]
 1484 00dc 9A68     		ldr	r2, [r3, #8]
 899:Drivers/STM32G4xx_HAL_Driver/Src/stm32g4xx_hal_spi.c ****       {
 1485              		.loc 1 899 10 view .LVU441
 1486 00de 12F0020F 		tst	r2, #2
 1487 00e2 EDD0     		beq	.L112
 901:Drivers/STM32G4xx_HAL_Driver/Src/stm32g4xx_hal_spi.c ****         hspi->pTxBuffPtr += sizeof(uint16_t);
 1488              		.loc 1 901 9 is_stmt 1 view .LVU442
 901:Drivers/STM32G4xx_HAL_Driver/Src/stm32g4xx_hal_spi.c ****         hspi->pTxBuffPtr += sizeof(uint16_t);
 1489              		.loc 1 901 48 is_stmt 0 view .LVU443
 1490 00e4 A26B     		ldr	r2, [r4, #56]
 901:Drivers/STM32G4xx_HAL_Driver/Src/stm32g4xx_hal_spi.c ****         hspi->pTxBuffPtr += sizeof(uint16_t);
 1491              		.loc 1 901 30 view .LVU444
 1492 00e6 1288     		ldrh	r2, [r2]
 901:Drivers/STM32G4xx_HAL_Driver/Src/stm32g4xx_hal_spi.c ****         hspi->pTxBuffPtr += sizeof(uint16_t);
 1493              		.loc 1 901 28 view .LVU445
ARM GAS  C:\Users\Booster\AppData\Local\Temp\ccQdKe81.s 			page 110


 1494 00e8 DA60     		str	r2, [r3, #12]
 902:Drivers/STM32G4xx_HAL_Driver/Src/stm32g4xx_hal_spi.c ****         hspi->TxXferCount--;
 1495              		.loc 1 902 9 is_stmt 1 view .LVU446
 902:Drivers/STM32G4xx_HAL_Driver/Src/stm32g4xx_hal_spi.c ****         hspi->TxXferCount--;
 1496              		.loc 1 902 13 is_stmt 0 view .LVU447
 1497 00ea A36B     		ldr	r3, [r4, #56]
 902:Drivers/STM32G4xx_HAL_Driver/Src/stm32g4xx_hal_spi.c ****         hspi->TxXferCount--;
 1498              		.loc 1 902 26 view .LVU448
 1499 00ec 0233     		adds	r3, r3, #2
 1500 00ee A363     		str	r3, [r4, #56]
 903:Drivers/STM32G4xx_HAL_Driver/Src/stm32g4xx_hal_spi.c ****       }
 1501              		.loc 1 903 9 is_stmt 1 view .LVU449
 903:Drivers/STM32G4xx_HAL_Driver/Src/stm32g4xx_hal_spi.c ****       }
 1502              		.loc 1 903 13 is_stmt 0 view .LVU450
 1503 00f0 B4F83EC0 		ldrh	ip, [r4, #62]
 1504 00f4 1FFA8CFC 		uxth	ip, ip
 903:Drivers/STM32G4xx_HAL_Driver/Src/stm32g4xx_hal_spi.c ****       }
 1505              		.loc 1 903 26 view .LVU451
 1506 00f8 0CF1FF3C 		add	ip, ip, #-1
 1507 00fc 1FFA8CFC 		uxth	ip, ip
 1508 0100 A4F83EC0 		strh	ip, [r4, #62]	@ movhi
 1509 0104 E5E7     		b	.L111
 1510              	.L115:
 910:Drivers/STM32G4xx_HAL_Driver/Src/stm32g4xx_hal_spi.c ****           hspi->State = HAL_SPI_STATE_READY;
 1511              		.loc 1 910 11 is_stmt 1 view .LVU452
 1512              	.LVL76:
 911:Drivers/STM32G4xx_HAL_Driver/Src/stm32g4xx_hal_spi.c ****           goto error;
 1513              		.loc 1 911 11 view .LVU453
 911:Drivers/STM32G4xx_HAL_Driver/Src/stm32g4xx_hal_spi.c ****           goto error;
 1514              		.loc 1 911 23 is_stmt 0 view .LVU454
 1515 0106 0123     		movs	r3, #1
 1516 0108 84F85D30 		strb	r3, [r4, #93]
 912:Drivers/STM32G4xx_HAL_Driver/Src/stm32g4xx_hal_spi.c ****         }
 1517              		.loc 1 912 11 is_stmt 1 view .LVU455
 910:Drivers/STM32G4xx_HAL_Driver/Src/stm32g4xx_hal_spi.c ****           hspi->State = HAL_SPI_STATE_READY;
 1518              		.loc 1 910 21 is_stmt 0 view .LVU456
 1519 010c 0326     		movs	r6, #3
 912:Drivers/STM32G4xx_HAL_Driver/Src/stm32g4xx_hal_spi.c ****         }
 1520              		.loc 1 912 11 view .LVU457
 1521 010e 6DE0     		b	.L105
 1522              	.LVL77:
 1523              	.L108:
 920:Drivers/STM32G4xx_HAL_Driver/Src/stm32g4xx_hal_spi.c ****     {
 1524              		.loc 1 920 5 is_stmt 1 view .LVU458
 920:Drivers/STM32G4xx_HAL_Driver/Src/stm32g4xx_hal_spi.c ****     {
 1525              		.loc 1 920 20 is_stmt 0 view .LVU459
 1526 0110 6368     		ldr	r3, [r4, #4]
 920:Drivers/STM32G4xx_HAL_Driver/Src/stm32g4xx_hal_spi.c ****     {
 1527              		.loc 1 920 8 view .LVU460
 1528 0112 13B1     		cbz	r3, .L118
 920:Drivers/STM32G4xx_HAL_Driver/Src/stm32g4xx_hal_spi.c ****     {
 1529              		.loc 1 920 45 discriminator 1 view .LVU461
 1530 0114 B9F1010F 		cmp	r9, #1
 1531 0118 32D1     		bne	.L121
 1532              	.L118:
 922:Drivers/STM32G4xx_HAL_Driver/Src/stm32g4xx_hal_spi.c ****       {
 1533              		.loc 1 922 7 is_stmt 1 view .LVU462
ARM GAS  C:\Users\Booster\AppData\Local\Temp\ccQdKe81.s 			page 111


 922:Drivers/STM32G4xx_HAL_Driver/Src/stm32g4xx_hal_spi.c ****       {
 1534              		.loc 1 922 15 is_stmt 0 view .LVU463
 1535 011a E38F     		ldrh	r3, [r4, #62]
 1536 011c 9BB2     		uxth	r3, r3
 922:Drivers/STM32G4xx_HAL_Driver/Src/stm32g4xx_hal_spi.c ****       {
 1537              		.loc 1 922 10 view .LVU464
 1538 011e 012B     		cmp	r3, #1
 1539 0120 0CD9     		bls	.L120
 925:Drivers/STM32G4xx_HAL_Driver/Src/stm32g4xx_hal_spi.c ****         hspi->pTxBuffPtr += sizeof(uint16_t);
 1540              		.loc 1 925 9 is_stmt 1 view .LVU465
 925:Drivers/STM32G4xx_HAL_Driver/Src/stm32g4xx_hal_spi.c ****         hspi->pTxBuffPtr += sizeof(uint16_t);
 1541              		.loc 1 925 48 is_stmt 0 view .LVU466
 1542 0122 A26B     		ldr	r2, [r4, #56]
 925:Drivers/STM32G4xx_HAL_Driver/Src/stm32g4xx_hal_spi.c ****         hspi->pTxBuffPtr += sizeof(uint16_t);
 1543              		.loc 1 925 13 view .LVU467
 1544 0124 2368     		ldr	r3, [r4]
 925:Drivers/STM32G4xx_HAL_Driver/Src/stm32g4xx_hal_spi.c ****         hspi->pTxBuffPtr += sizeof(uint16_t);
 1545              		.loc 1 925 30 view .LVU468
 1546 0126 1288     		ldrh	r2, [r2]
 925:Drivers/STM32G4xx_HAL_Driver/Src/stm32g4xx_hal_spi.c ****         hspi->pTxBuffPtr += sizeof(uint16_t);
 1547              		.loc 1 925 28 view .LVU469
 1548 0128 DA60     		str	r2, [r3, #12]
 926:Drivers/STM32G4xx_HAL_Driver/Src/stm32g4xx_hal_spi.c ****         hspi->TxXferCount -= 2U;
 1549              		.loc 1 926 9 is_stmt 1 view .LVU470
 926:Drivers/STM32G4xx_HAL_Driver/Src/stm32g4xx_hal_spi.c ****         hspi->TxXferCount -= 2U;
 1550              		.loc 1 926 13 is_stmt 0 view .LVU471
 1551 012a A36B     		ldr	r3, [r4, #56]
 926:Drivers/STM32G4xx_HAL_Driver/Src/stm32g4xx_hal_spi.c ****         hspi->TxXferCount -= 2U;
 1552              		.loc 1 926 26 view .LVU472
 1553 012c 0233     		adds	r3, r3, #2
 1554 012e A363     		str	r3, [r4, #56]
 927:Drivers/STM32G4xx_HAL_Driver/Src/stm32g4xx_hal_spi.c ****       }
 1555              		.loc 1 927 9 is_stmt 1 view .LVU473
 927:Drivers/STM32G4xx_HAL_Driver/Src/stm32g4xx_hal_spi.c ****       }
 1556              		.loc 1 927 13 is_stmt 0 view .LVU474
 1557 0130 E38F     		ldrh	r3, [r4, #62]
 1558 0132 9BB2     		uxth	r3, r3
 927:Drivers/STM32G4xx_HAL_Driver/Src/stm32g4xx_hal_spi.c ****       }
 1559              		.loc 1 927 27 view .LVU475
 1560 0134 023B     		subs	r3, r3, #2
 1561 0136 9BB2     		uxth	r3, r3
 1562 0138 E387     		strh	r3, [r4, #62]	@ movhi
 1563 013a 21E0     		b	.L121
 1564              	.L120:
 931:Drivers/STM32G4xx_HAL_Driver/Src/stm32g4xx_hal_spi.c ****         hspi->pTxBuffPtr ++;
 1565              		.loc 1 931 9 is_stmt 1 view .LVU476
 931:Drivers/STM32G4xx_HAL_Driver/Src/stm32g4xx_hal_spi.c ****         hspi->pTxBuffPtr ++;
 1566              		.loc 1 931 56 is_stmt 0 view .LVU477
 1567 013c A26B     		ldr	r2, [r4, #56]
 931:Drivers/STM32G4xx_HAL_Driver/Src/stm32g4xx_hal_spi.c ****         hspi->pTxBuffPtr ++;
 1568              		.loc 1 931 32 view .LVU478
 1569 013e 2368     		ldr	r3, [r4]
 931:Drivers/STM32G4xx_HAL_Driver/Src/stm32g4xx_hal_spi.c ****         hspi->pTxBuffPtr ++;
 1570              		.loc 1 931 51 view .LVU479
 1571 0140 1278     		ldrb	r2, [r2]	@ zero_extendqisi2
 931:Drivers/STM32G4xx_HAL_Driver/Src/stm32g4xx_hal_spi.c ****         hspi->pTxBuffPtr ++;
 1572              		.loc 1 931 48 view .LVU480
ARM GAS  C:\Users\Booster\AppData\Local\Temp\ccQdKe81.s 			page 112


 1573 0142 1A73     		strb	r2, [r3, #12]
 932:Drivers/STM32G4xx_HAL_Driver/Src/stm32g4xx_hal_spi.c ****         hspi->TxXferCount--;
 1574              		.loc 1 932 9 is_stmt 1 view .LVU481
 932:Drivers/STM32G4xx_HAL_Driver/Src/stm32g4xx_hal_spi.c ****         hspi->TxXferCount--;
 1575              		.loc 1 932 13 is_stmt 0 view .LVU482
 1576 0144 A36B     		ldr	r3, [r4, #56]
 932:Drivers/STM32G4xx_HAL_Driver/Src/stm32g4xx_hal_spi.c ****         hspi->TxXferCount--;
 1577              		.loc 1 932 26 view .LVU483
 1578 0146 0133     		adds	r3, r3, #1
 1579 0148 A363     		str	r3, [r4, #56]
 933:Drivers/STM32G4xx_HAL_Driver/Src/stm32g4xx_hal_spi.c ****       }
 1580              		.loc 1 933 9 is_stmt 1 view .LVU484
 933:Drivers/STM32G4xx_HAL_Driver/Src/stm32g4xx_hal_spi.c ****       }
 1581              		.loc 1 933 13 is_stmt 0 view .LVU485
 1582 014a E38F     		ldrh	r3, [r4, #62]
 1583 014c 9BB2     		uxth	r3, r3
 933:Drivers/STM32G4xx_HAL_Driver/Src/stm32g4xx_hal_spi.c ****       }
 1584              		.loc 1 933 26 view .LVU486
 1585 014e 013B     		subs	r3, r3, #1
 1586 0150 9BB2     		uxth	r3, r3
 1587 0152 E387     		strh	r3, [r4, #62]	@ movhi
 1588 0154 14E0     		b	.L121
 1589              	.LVL78:
 1590              	.L123:
 950:Drivers/STM32G4xx_HAL_Driver/Src/stm32g4xx_hal_spi.c ****           hspi->pTxBuffPtr++;
 1591              		.loc 1 950 11 is_stmt 1 view .LVU487
 950:Drivers/STM32G4xx_HAL_Driver/Src/stm32g4xx_hal_spi.c ****           hspi->pTxBuffPtr++;
 1592              		.loc 1 950 58 is_stmt 0 view .LVU488
 1593 0156 A36B     		ldr	r3, [r4, #56]
 950:Drivers/STM32G4xx_HAL_Driver/Src/stm32g4xx_hal_spi.c ****           hspi->pTxBuffPtr++;
 1594              		.loc 1 950 53 view .LVU489
 1595 0158 1B78     		ldrb	r3, [r3]	@ zero_extendqisi2
 950:Drivers/STM32G4xx_HAL_Driver/Src/stm32g4xx_hal_spi.c ****           hspi->pTxBuffPtr++;
 1596              		.loc 1 950 50 view .LVU490
 1597 015a 1373     		strb	r3, [r2, #12]
 951:Drivers/STM32G4xx_HAL_Driver/Src/stm32g4xx_hal_spi.c ****           hspi->TxXferCount--;
 1598              		.loc 1 951 11 is_stmt 1 view .LVU491
 951:Drivers/STM32G4xx_HAL_Driver/Src/stm32g4xx_hal_spi.c ****           hspi->TxXferCount--;
 1599              		.loc 1 951 15 is_stmt 0 view .LVU492
 1600 015c A36B     		ldr	r3, [r4, #56]
 951:Drivers/STM32G4xx_HAL_Driver/Src/stm32g4xx_hal_spi.c ****           hspi->TxXferCount--;
 1601              		.loc 1 951 27 view .LVU493
 1602 015e 0133     		adds	r3, r3, #1
 1603 0160 A363     		str	r3, [r4, #56]
 952:Drivers/STM32G4xx_HAL_Driver/Src/stm32g4xx_hal_spi.c ****         }
 1604              		.loc 1 952 11 is_stmt 1 view .LVU494
 952:Drivers/STM32G4xx_HAL_Driver/Src/stm32g4xx_hal_spi.c ****         }
 1605              		.loc 1 952 15 is_stmt 0 view .LVU495
 1606 0162 E38F     		ldrh	r3, [r4, #62]
 1607 0164 9BB2     		uxth	r3, r3
 952:Drivers/STM32G4xx_HAL_Driver/Src/stm32g4xx_hal_spi.c ****         }
 1608              		.loc 1 952 28 view .LVU496
 1609 0166 013B     		subs	r3, r3, #1
 1610 0168 9BB2     		uxth	r3, r3
 1611 016a E387     		strh	r3, [r4, #62]	@ movhi
 1612 016c 08E0     		b	.L121
 1613              	.L122:
ARM GAS  C:\Users\Booster\AppData\Local\Temp\ccQdKe81.s 			page 113


 958:Drivers/STM32G4xx_HAL_Driver/Src/stm32g4xx_hal_spi.c ****         {
 1614              		.loc 1 958 9 is_stmt 1 view .LVU497
 958:Drivers/STM32G4xx_HAL_Driver/Src/stm32g4xx_hal_spi.c ****         {
 1615              		.loc 1 958 16 is_stmt 0 view .LVU498
 1616 016e FFF7FEFF 		bl	HAL_GetTick
 1617              	.LVL79:
 958:Drivers/STM32G4xx_HAL_Driver/Src/stm32g4xx_hal_spi.c ****         {
 1618              		.loc 1 958 30 view .LVU499
 1619 0172 C01B     		subs	r0, r0, r7
 958:Drivers/STM32G4xx_HAL_Driver/Src/stm32g4xx_hal_spi.c ****         {
 1620              		.loc 1 958 12 view .LVU500
 1621 0174 A842     		cmp	r0, r5
 1622 0176 02D3     		bcc	.L125
 958:Drivers/STM32G4xx_HAL_Driver/Src/stm32g4xx_hal_spi.c ****         {
 1623              		.loc 1 958 56 discriminator 1 view .LVU501
 1624 0178 B5F1FF3F 		cmp	r5, #-1
 1625 017c 18D1     		bne	.L126
 1626              	.L125:
 958:Drivers/STM32G4xx_HAL_Driver/Src/stm32g4xx_hal_spi.c ****         {
 1627              		.loc 1 958 87 discriminator 3 view .LVU502
 1628 017e BDB1     		cbz	r5, .L126
 1629              	.L121:
 936:Drivers/STM32G4xx_HAL_Driver/Src/stm32g4xx_hal_spi.c ****     {
 1630              		.loc 1 936 30 is_stmt 1 view .LVU503
 936:Drivers/STM32G4xx_HAL_Driver/Src/stm32g4xx_hal_spi.c ****     {
 1631              		.loc 1 936 16 is_stmt 0 view .LVU504
 1632 0180 E38F     		ldrh	r3, [r4, #62]
 1633 0182 9BB2     		uxth	r3, r3
 936:Drivers/STM32G4xx_HAL_Driver/Src/stm32g4xx_hal_spi.c ****     {
 1634              		.loc 1 936 30 view .LVU505
 1635 0184 CBB1     		cbz	r3, .L117
 939:Drivers/STM32G4xx_HAL_Driver/Src/stm32g4xx_hal_spi.c ****       {
 1636              		.loc 1 939 7 is_stmt 1 view .LVU506
 939:Drivers/STM32G4xx_HAL_Driver/Src/stm32g4xx_hal_spi.c ****       {
 1637              		.loc 1 939 11 is_stmt 0 view .LVU507
 1638 0186 2268     		ldr	r2, [r4]
 1639 0188 9368     		ldr	r3, [r2, #8]
 939:Drivers/STM32G4xx_HAL_Driver/Src/stm32g4xx_hal_spi.c ****       {
 1640              		.loc 1 939 10 view .LVU508
 1641 018a 13F0020F 		tst	r3, #2
 1642 018e EED0     		beq	.L122
 941:Drivers/STM32G4xx_HAL_Driver/Src/stm32g4xx_hal_spi.c ****         {
 1643              		.loc 1 941 9 is_stmt 1 view .LVU509
 941:Drivers/STM32G4xx_HAL_Driver/Src/stm32g4xx_hal_spi.c ****         {
 1644              		.loc 1 941 17 is_stmt 0 view .LVU510
 1645 0190 E38F     		ldrh	r3, [r4, #62]
 1646 0192 9BB2     		uxth	r3, r3
 941:Drivers/STM32G4xx_HAL_Driver/Src/stm32g4xx_hal_spi.c ****         {
 1647              		.loc 1 941 12 view .LVU511
 1648 0194 012B     		cmp	r3, #1
 1649 0196 DED9     		bls	.L123
 944:Drivers/STM32G4xx_HAL_Driver/Src/stm32g4xx_hal_spi.c ****           hspi->pTxBuffPtr += sizeof(uint16_t);
 1650              		.loc 1 944 11 is_stmt 1 view .LVU512
 944:Drivers/STM32G4xx_HAL_Driver/Src/stm32g4xx_hal_spi.c ****           hspi->pTxBuffPtr += sizeof(uint16_t);
 1651              		.loc 1 944 50 is_stmt 0 view .LVU513
 1652 0198 A36B     		ldr	r3, [r4, #56]
 944:Drivers/STM32G4xx_HAL_Driver/Src/stm32g4xx_hal_spi.c ****           hspi->pTxBuffPtr += sizeof(uint16_t);
ARM GAS  C:\Users\Booster\AppData\Local\Temp\ccQdKe81.s 			page 114


 1653              		.loc 1 944 32 view .LVU514
 1654 019a 1B88     		ldrh	r3, [r3]
 944:Drivers/STM32G4xx_HAL_Driver/Src/stm32g4xx_hal_spi.c ****           hspi->pTxBuffPtr += sizeof(uint16_t);
 1655              		.loc 1 944 30 view .LVU515
 1656 019c D360     		str	r3, [r2, #12]
 945:Drivers/STM32G4xx_HAL_Driver/Src/stm32g4xx_hal_spi.c ****           hspi->TxXferCount -= 2U;
 1657              		.loc 1 945 11 is_stmt 1 view .LVU516
 945:Drivers/STM32G4xx_HAL_Driver/Src/stm32g4xx_hal_spi.c ****           hspi->TxXferCount -= 2U;
 1658              		.loc 1 945 15 is_stmt 0 view .LVU517
 1659 019e A36B     		ldr	r3, [r4, #56]
 945:Drivers/STM32G4xx_HAL_Driver/Src/stm32g4xx_hal_spi.c ****           hspi->TxXferCount -= 2U;
 1660              		.loc 1 945 28 view .LVU518
 1661 01a0 0233     		adds	r3, r3, #2
 1662 01a2 A363     		str	r3, [r4, #56]
 946:Drivers/STM32G4xx_HAL_Driver/Src/stm32g4xx_hal_spi.c ****         }
 1663              		.loc 1 946 11 is_stmt 1 view .LVU519
 946:Drivers/STM32G4xx_HAL_Driver/Src/stm32g4xx_hal_spi.c ****         }
 1664              		.loc 1 946 15 is_stmt 0 view .LVU520
 1665 01a4 E38F     		ldrh	r3, [r4, #62]
 1666 01a6 9BB2     		uxth	r3, r3
 946:Drivers/STM32G4xx_HAL_Driver/Src/stm32g4xx_hal_spi.c ****         }
 1667              		.loc 1 946 29 view .LVU521
 1668 01a8 023B     		subs	r3, r3, #2
 1669 01aa 9BB2     		uxth	r3, r3
 1670 01ac E387     		strh	r3, [r4, #62]	@ movhi
 1671 01ae E7E7     		b	.L121
 1672              	.L126:
 960:Drivers/STM32G4xx_HAL_Driver/Src/stm32g4xx_hal_spi.c ****           hspi->State = HAL_SPI_STATE_READY;
 1673              		.loc 1 960 11 is_stmt 1 view .LVU522
 1674              	.LVL80:
 961:Drivers/STM32G4xx_HAL_Driver/Src/stm32g4xx_hal_spi.c ****           goto error;
 1675              		.loc 1 961 11 view .LVU523
 961:Drivers/STM32G4xx_HAL_Driver/Src/stm32g4xx_hal_spi.c ****           goto error;
 1676              		.loc 1 961 23 is_stmt 0 view .LVU524
 1677 01b0 0123     		movs	r3, #1
 1678 01b2 84F85D30 		strb	r3, [r4, #93]
 962:Drivers/STM32G4xx_HAL_Driver/Src/stm32g4xx_hal_spi.c ****         }
 1679              		.loc 1 962 11 is_stmt 1 view .LVU525
 960:Drivers/STM32G4xx_HAL_Driver/Src/stm32g4xx_hal_spi.c ****           hspi->State = HAL_SPI_STATE_READY;
 1680              		.loc 1 960 21 is_stmt 0 view .LVU526
 1681 01b6 0326     		movs	r6, #3
 962:Drivers/STM32G4xx_HAL_Driver/Src/stm32g4xx_hal_spi.c ****         }
 1682              		.loc 1 962 11 view .LVU527
 1683 01b8 18E0     		b	.L105
 1684              	.LVL81:
 1685              	.L117:
 976:Drivers/STM32G4xx_HAL_Driver/Src/stm32g4xx_hal_spi.c ****   {
 1686              		.loc 1 976 3 is_stmt 1 view .LVU528
 976:Drivers/STM32G4xx_HAL_Driver/Src/stm32g4xx_hal_spi.c ****   {
 1687              		.loc 1 976 7 is_stmt 0 view .LVU529
 1688 01ba 3A46     		mov	r2, r7
 1689 01bc 2946     		mov	r1, r5
 1690 01be 2046     		mov	r0, r4
 1691 01c0 FFF7FEFF 		bl	SPI_EndRxTxTransaction
 1692              	.LVL82:
 976:Drivers/STM32G4xx_HAL_Driver/Src/stm32g4xx_hal_spi.c ****   {
 1693              		.loc 1 976 6 view .LVU530
ARM GAS  C:\Users\Booster\AppData\Local\Temp\ccQdKe81.s 			page 115


 1694 01c4 08B1     		cbz	r0, .L128
 978:Drivers/STM32G4xx_HAL_Driver/Src/stm32g4xx_hal_spi.c ****   }
 1695              		.loc 1 978 5 is_stmt 1 view .LVU531
 978:Drivers/STM32G4xx_HAL_Driver/Src/stm32g4xx_hal_spi.c ****   }
 1696              		.loc 1 978 21 is_stmt 0 view .LVU532
 1697 01c6 2023     		movs	r3, #32
 1698 01c8 2366     		str	r3, [r4, #96]
 1699              	.L128:
 982:Drivers/STM32G4xx_HAL_Driver/Src/stm32g4xx_hal_spi.c ****   {
 1700              		.loc 1 982 3 is_stmt 1 view .LVU533
 982:Drivers/STM32G4xx_HAL_Driver/Src/stm32g4xx_hal_spi.c ****   {
 1701              		.loc 1 982 17 is_stmt 0 view .LVU534
 1702 01ca A368     		ldr	r3, [r4, #8]
 982:Drivers/STM32G4xx_HAL_Driver/Src/stm32g4xx_hal_spi.c ****   {
 1703              		.loc 1 982 6 view .LVU535
 1704 01cc 33B9     		cbnz	r3, .L129
 984:Drivers/STM32G4xx_HAL_Driver/Src/stm32g4xx_hal_spi.c ****   }
 1705              		.loc 1 984 5 is_stmt 1 view .LVU536
 1706              	.LBB2:
 984:Drivers/STM32G4xx_HAL_Driver/Src/stm32g4xx_hal_spi.c ****   }
 1707              		.loc 1 984 5 view .LVU537
 1708 01ce 0193     		str	r3, [sp, #4]
 984:Drivers/STM32G4xx_HAL_Driver/Src/stm32g4xx_hal_spi.c ****   }
 1709              		.loc 1 984 5 view .LVU538
 1710 01d0 2368     		ldr	r3, [r4]
 1711 01d2 DA68     		ldr	r2, [r3, #12]
 1712 01d4 0192     		str	r2, [sp, #4]
 984:Drivers/STM32G4xx_HAL_Driver/Src/stm32g4xx_hal_spi.c ****   }
 1713              		.loc 1 984 5 view .LVU539
 1714 01d6 9B68     		ldr	r3, [r3, #8]
 1715 01d8 0193     		str	r3, [sp, #4]
 984:Drivers/STM32G4xx_HAL_Driver/Src/stm32g4xx_hal_spi.c ****   }
 1716              		.loc 1 984 5 view .LVU540
 1717 01da 019B     		ldr	r3, [sp, #4]
 1718              	.L129:
 1719              	.LBE2:
 984:Drivers/STM32G4xx_HAL_Driver/Src/stm32g4xx_hal_spi.c ****   }
 1720              		.loc 1 984 5 discriminator 1 view .LVU541
 987:Drivers/STM32G4xx_HAL_Driver/Src/stm32g4xx_hal_spi.c ****   {
 1721              		.loc 1 987 3 discriminator 1 view .LVU542
 987:Drivers/STM32G4xx_HAL_Driver/Src/stm32g4xx_hal_spi.c ****   {
 1722              		.loc 1 987 11 is_stmt 0 discriminator 1 view .LVU543
 1723 01dc 236E     		ldr	r3, [r4, #96]
 987:Drivers/STM32G4xx_HAL_Driver/Src/stm32g4xx_hal_spi.c ****   {
 1724              		.loc 1 987 6 discriminator 1 view .LVU544
 1725 01de 2BB9     		cbnz	r3, .L105
 993:Drivers/STM32G4xx_HAL_Driver/Src/stm32g4xx_hal_spi.c ****   }
 1726              		.loc 1 993 5 is_stmt 1 view .LVU545
 993:Drivers/STM32G4xx_HAL_Driver/Src/stm32g4xx_hal_spi.c ****   }
 1727              		.loc 1 993 17 is_stmt 0 view .LVU546
 1728 01e0 0123     		movs	r3, #1
 1729 01e2 84F85D30 		strb	r3, [r4, #93]
 824:Drivers/STM32G4xx_HAL_Driver/Src/stm32g4xx_hal_spi.c ****   uint16_t initial_TxXferCount;
 1730              		.loc 1 824 21 view .LVU547
 1731 01e6 0026     		movs	r6, #0
 1732 01e8 00E0     		b	.L105
 1733              	.LVL83:
ARM GAS  C:\Users\Booster\AppData\Local\Temp\ccQdKe81.s 			page 116


 1734              	.L131:
 839:Drivers/STM32G4xx_HAL_Driver/Src/stm32g4xx_hal_spi.c ****     goto error;
 1735              		.loc 1 839 15 view .LVU548
 1736 01ea 0226     		movs	r6, #2
 1737              	.LVL84:
 1738              	.L105:
 998:Drivers/STM32G4xx_HAL_Driver/Src/stm32g4xx_hal_spi.c ****   return errorcode;
 1739              		.loc 1 998 3 is_stmt 1 view .LVU549
 998:Drivers/STM32G4xx_HAL_Driver/Src/stm32g4xx_hal_spi.c ****   return errorcode;
 1740              		.loc 1 998 3 view .LVU550
 1741 01ec 0023     		movs	r3, #0
 1742 01ee 84F85C30 		strb	r3, [r4, #92]
 998:Drivers/STM32G4xx_HAL_Driver/Src/stm32g4xx_hal_spi.c ****   return errorcode;
 1743              		.loc 1 998 3 view .LVU551
 999:Drivers/STM32G4xx_HAL_Driver/Src/stm32g4xx_hal_spi.c **** }
 1744              		.loc 1 999 3 view .LVU552
 1745              	.LVL85:
 1746              	.L104:
1000:Drivers/STM32G4xx_HAL_Driver/Src/stm32g4xx_hal_spi.c **** 
 1747              		.loc 1 1000 1 is_stmt 0 view .LVU553
 1748 01f2 3046     		mov	r0, r6
 1749 01f4 03B0     		add	sp, sp, #12
 1750              	.LCFI26:
 1751              		.cfi_remember_state
 1752              		.cfi_def_cfa_offset 28
 1753              		@ sp needed
 1754 01f6 BDE8F083 		pop	{r4, r5, r6, r7, r8, r9, pc}
 1755              	.LVL86:
 1756              	.L130:
 1757              	.LCFI27:
 1758              		.cfi_restore_state
 831:Drivers/STM32G4xx_HAL_Driver/Src/stm32g4xx_hal_spi.c **** 
 1759              		.loc 1 831 3 view .LVU554
 1760 01fa 0226     		movs	r6, #2
 1761 01fc F9E7     		b	.L104
 1762              		.cfi_endproc
 1763              	.LFE333:
 1765              		.section	.text.HAL_SPI_TransmitReceive,"ax",%progbits
 1766              		.align	1
 1767              		.global	HAL_SPI_TransmitReceive
 1768              		.syntax unified
 1769              		.thumb
 1770              		.thumb_func
 1772              	HAL_SPI_TransmitReceive:
 1773              	.LVL87:
 1774              	.LFB335:
1258:Drivers/STM32G4xx_HAL_Driver/Src/stm32g4xx_hal_spi.c ****   uint16_t             initial_TxXferCount;
 1775              		.loc 1 1258 1 is_stmt 1 view -0
 1776              		.cfi_startproc
 1777              		@ args = 4, pretend = 0, frame = 0
 1778              		@ frame_needed = 0, uses_anonymous_args = 0
1258:Drivers/STM32G4xx_HAL_Driver/Src/stm32g4xx_hal_spi.c ****   uint16_t             initial_TxXferCount;
 1779              		.loc 1 1258 1 is_stmt 0 view .LVU556
 1780 0000 2DE9F843 		push	{r3, r4, r5, r6, r7, r8, r9, lr}
 1781              	.LCFI28:
 1782              		.cfi_def_cfa_offset 32
 1783              		.cfi_offset 3, -32
ARM GAS  C:\Users\Booster\AppData\Local\Temp\ccQdKe81.s 			page 117


 1784              		.cfi_offset 4, -28
 1785              		.cfi_offset 5, -24
 1786              		.cfi_offset 6, -20
 1787              		.cfi_offset 7, -16
 1788              		.cfi_offset 8, -12
 1789              		.cfi_offset 9, -8
 1790              		.cfi_offset 14, -4
 1791 0004 1F46     		mov	r7, r3
 1792 0006 089D     		ldr	r5, [sp, #32]
1259:Drivers/STM32G4xx_HAL_Driver/Src/stm32g4xx_hal_spi.c ****   uint16_t             initial_RxXferCount;
 1793              		.loc 1 1259 3 is_stmt 1 view .LVU557
1260:Drivers/STM32G4xx_HAL_Driver/Src/stm32g4xx_hal_spi.c ****   uint32_t             tmp_mode;
 1794              		.loc 1 1260 3 view .LVU558
1261:Drivers/STM32G4xx_HAL_Driver/Src/stm32g4xx_hal_spi.c ****   HAL_SPI_StateTypeDef tmp_state;
 1795              		.loc 1 1261 3 view .LVU559
1262:Drivers/STM32G4xx_HAL_Driver/Src/stm32g4xx_hal_spi.c ****   uint32_t             tickstart;
 1796              		.loc 1 1262 3 view .LVU560
1263:Drivers/STM32G4xx_HAL_Driver/Src/stm32g4xx_hal_spi.c **** #if (USE_SPI_CRC != 0U)
 1797              		.loc 1 1263 3 view .LVU561
1273:Drivers/STM32G4xx_HAL_Driver/Src/stm32g4xx_hal_spi.c ****   HAL_StatusTypeDef    errorcode = HAL_OK;
 1798              		.loc 1 1273 3 view .LVU562
 1799              	.LVL88:
1274:Drivers/STM32G4xx_HAL_Driver/Src/stm32g4xx_hal_spi.c **** 
 1800              		.loc 1 1274 3 view .LVU563
1277:Drivers/STM32G4xx_HAL_Driver/Src/stm32g4xx_hal_spi.c **** 
 1801              		.loc 1 1277 3 view .LVU564
1280:Drivers/STM32G4xx_HAL_Driver/Src/stm32g4xx_hal_spi.c **** 
 1802              		.loc 1 1280 3 view .LVU565
1280:Drivers/STM32G4xx_HAL_Driver/Src/stm32g4xx_hal_spi.c **** 
 1803              		.loc 1 1280 3 view .LVU566
 1804 0008 90F85C30 		ldrb	r3, [r0, #92]	@ zero_extendqisi2
 1805              	.LVL89:
1280:Drivers/STM32G4xx_HAL_Driver/Src/stm32g4xx_hal_spi.c **** 
 1806              		.loc 1 1280 3 is_stmt 0 view .LVU567
 1807 000c 012B     		cmp	r3, #1
 1808 000e 00F06B81 		beq	.L163
 1809 0012 0446     		mov	r4, r0
 1810 0014 8846     		mov	r8, r1
 1811 0016 9146     		mov	r9, r2
1280:Drivers/STM32G4xx_HAL_Driver/Src/stm32g4xx_hal_spi.c **** 
 1812              		.loc 1 1280 3 is_stmt 1 discriminator 2 view .LVU568
 1813 0018 0123     		movs	r3, #1
 1814 001a 80F85C30 		strb	r3, [r0, #92]
1280:Drivers/STM32G4xx_HAL_Driver/Src/stm32g4xx_hal_spi.c **** 
 1815              		.loc 1 1280 3 discriminator 2 view .LVU569
1283:Drivers/STM32G4xx_HAL_Driver/Src/stm32g4xx_hal_spi.c **** 
 1816              		.loc 1 1283 3 discriminator 2 view .LVU570
1283:Drivers/STM32G4xx_HAL_Driver/Src/stm32g4xx_hal_spi.c **** 
 1817              		.loc 1 1283 15 is_stmt 0 discriminator 2 view .LVU571
 1818 001e FFF7FEFF 		bl	HAL_GetTick
 1819              	.LVL90:
1283:Drivers/STM32G4xx_HAL_Driver/Src/stm32g4xx_hal_spi.c **** 
 1820              		.loc 1 1283 15 discriminator 2 view .LVU572
 1821 0022 0646     		mov	r6, r0
 1822              	.LVL91:
1286:Drivers/STM32G4xx_HAL_Driver/Src/stm32g4xx_hal_spi.c ****   tmp_mode            = hspi->Init.Mode;
 1823              		.loc 1 1286 3 is_stmt 1 discriminator 2 view .LVU573
ARM GAS  C:\Users\Booster\AppData\Local\Temp\ccQdKe81.s 			page 118


1286:Drivers/STM32G4xx_HAL_Driver/Src/stm32g4xx_hal_spi.c ****   tmp_mode            = hspi->Init.Mode;
 1824              		.loc 1 1286 23 is_stmt 0 discriminator 2 view .LVU574
 1825 0024 94F85D30 		ldrb	r3, [r4, #93]	@ zero_extendqisi2
 1826 0028 DBB2     		uxtb	r3, r3
 1827              	.LVL92:
1287:Drivers/STM32G4xx_HAL_Driver/Src/stm32g4xx_hal_spi.c ****   initial_TxXferCount = Size;
 1828              		.loc 1 1287 3 is_stmt 1 discriminator 2 view .LVU575
1287:Drivers/STM32G4xx_HAL_Driver/Src/stm32g4xx_hal_spi.c ****   initial_TxXferCount = Size;
 1829              		.loc 1 1287 23 is_stmt 0 discriminator 2 view .LVU576
 1830 002a 6268     		ldr	r2, [r4, #4]
 1831              	.LVL93:
1288:Drivers/STM32G4xx_HAL_Driver/Src/stm32g4xx_hal_spi.c ****   initial_RxXferCount = Size;
 1832              		.loc 1 1288 3 is_stmt 1 discriminator 2 view .LVU577
1289:Drivers/STM32G4xx_HAL_Driver/Src/stm32g4xx_hal_spi.c **** #if (USE_SPI_CRC != 0U)
 1833              		.loc 1 1289 3 discriminator 2 view .LVU578
1295:Drivers/STM32G4xx_HAL_Driver/Src/stm32g4xx_hal_spi.c ****         ((tmp_mode == SPI_MODE_MASTER) && (hspi->Init.Direction == SPI_DIRECTION_2LINES) && (tmp_st
 1834              		.loc 1 1295 3 discriminator 2 view .LVU579
1295:Drivers/STM32G4xx_HAL_Driver/Src/stm32g4xx_hal_spi.c ****         ((tmp_mode == SPI_MODE_MASTER) && (hspi->Init.Direction == SPI_DIRECTION_2LINES) && (tmp_st
 1835              		.loc 1 1295 6 is_stmt 0 discriminator 2 view .LVU580
 1836 002c 012B     		cmp	r3, #1
 1837 002e 0AD0     		beq	.L136
1295:Drivers/STM32G4xx_HAL_Driver/Src/stm32g4xx_hal_spi.c ****         ((tmp_mode == SPI_MODE_MASTER) && (hspi->Init.Direction == SPI_DIRECTION_2LINES) && (tmp_st
 1838              		.loc 1 1295 7 discriminator 1 view .LVU581
 1839 0030 B2F5827F 		cmp	r2, #260
 1840 0034 40F04681 		bne	.L164
1296:Drivers/STM32G4xx_HAL_Driver/Src/stm32g4xx_hal_spi.c ****   {
 1841              		.loc 1 1296 54 view .LVU582
 1842 0038 A268     		ldr	r2, [r4, #8]
 1843              	.LVL94:
1296:Drivers/STM32G4xx_HAL_Driver/Src/stm32g4xx_hal_spi.c ****   {
 1844              		.loc 1 1296 40 view .LVU583
 1845 003a 002A     		cmp	r2, #0
 1846 003c 40F04881 		bne	.L165
1296:Drivers/STM32G4xx_HAL_Driver/Src/stm32g4xx_hal_spi.c ****   {
 1847              		.loc 1 1296 90 discriminator 1 view .LVU584
 1848 0040 042B     		cmp	r3, #4
 1849 0042 40F04781 		bne	.L166
 1850              	.L136:
1302:Drivers/STM32G4xx_HAL_Driver/Src/stm32g4xx_hal_spi.c ****   {
 1851              		.loc 1 1302 3 is_stmt 1 view .LVU585
1302:Drivers/STM32G4xx_HAL_Driver/Src/stm32g4xx_hal_spi.c ****   {
 1852              		.loc 1 1302 6 is_stmt 0 view .LVU586
 1853 0046 B8F1000F 		cmp	r8, #0
 1854 004a 00F04581 		beq	.L167
1302:Drivers/STM32G4xx_HAL_Driver/Src/stm32g4xx_hal_spi.c ****   {
 1855              		.loc 1 1302 25 discriminator 1 view .LVU587
 1856 004e B9F1000F 		cmp	r9, #0
 1857 0052 00F04381 		beq	.L168
1302:Drivers/STM32G4xx_HAL_Driver/Src/stm32g4xx_hal_spi.c ****   {
 1858              		.loc 1 1302 46 discriminator 2 view .LVU588
 1859 0056 002F     		cmp	r7, #0
 1860 0058 00F04281 		beq	.L169
1309:Drivers/STM32G4xx_HAL_Driver/Src/stm32g4xx_hal_spi.c ****   {
 1861              		.loc 1 1309 3 is_stmt 1 view .LVU589
1309:Drivers/STM32G4xx_HAL_Driver/Src/stm32g4xx_hal_spi.c ****   {
 1862              		.loc 1 1309 11 is_stmt 0 view .LVU590
 1863 005c 94F85D30 		ldrb	r3, [r4, #93]	@ zero_extendqisi2
ARM GAS  C:\Users\Booster\AppData\Local\Temp\ccQdKe81.s 			page 119


 1864              	.LVL95:
1309:Drivers/STM32G4xx_HAL_Driver/Src/stm32g4xx_hal_spi.c ****   {
 1865              		.loc 1 1309 11 view .LVU591
 1866 0060 DBB2     		uxtb	r3, r3
1309:Drivers/STM32G4xx_HAL_Driver/Src/stm32g4xx_hal_spi.c ****   {
 1867              		.loc 1 1309 6 view .LVU592
 1868 0062 042B     		cmp	r3, #4
 1869 0064 02D0     		beq	.L138
1311:Drivers/STM32G4xx_HAL_Driver/Src/stm32g4xx_hal_spi.c ****   }
 1870              		.loc 1 1311 5 is_stmt 1 view .LVU593
1311:Drivers/STM32G4xx_HAL_Driver/Src/stm32g4xx_hal_spi.c ****   }
 1871              		.loc 1 1311 17 is_stmt 0 view .LVU594
 1872 0066 0523     		movs	r3, #5
 1873 0068 84F85D30 		strb	r3, [r4, #93]
 1874              	.L138:
1315:Drivers/STM32G4xx_HAL_Driver/Src/stm32g4xx_hal_spi.c ****   hspi->pRxBuffPtr  = (uint8_t *)pRxData;
 1875              		.loc 1 1315 3 is_stmt 1 view .LVU595
1315:Drivers/STM32G4xx_HAL_Driver/Src/stm32g4xx_hal_spi.c ****   hspi->pRxBuffPtr  = (uint8_t *)pRxData;
 1876              		.loc 1 1315 21 is_stmt 0 view .LVU596
 1877 006c 0023     		movs	r3, #0
 1878 006e 2366     		str	r3, [r4, #96]
1316:Drivers/STM32G4xx_HAL_Driver/Src/stm32g4xx_hal_spi.c ****   hspi->RxXferCount = Size;
 1879              		.loc 1 1316 3 is_stmt 1 view .LVU597
1316:Drivers/STM32G4xx_HAL_Driver/Src/stm32g4xx_hal_spi.c ****   hspi->RxXferCount = Size;
 1880              		.loc 1 1316 21 is_stmt 0 view .LVU598
 1881 0070 C4F84090 		str	r9, [r4, #64]
1317:Drivers/STM32G4xx_HAL_Driver/Src/stm32g4xx_hal_spi.c ****   hspi->RxXferSize  = Size;
 1882              		.loc 1 1317 3 is_stmt 1 view .LVU599
1317:Drivers/STM32G4xx_HAL_Driver/Src/stm32g4xx_hal_spi.c ****   hspi->RxXferSize  = Size;
 1883              		.loc 1 1317 21 is_stmt 0 view .LVU600
 1884 0074 A4F84670 		strh	r7, [r4, #70]	@ movhi
1318:Drivers/STM32G4xx_HAL_Driver/Src/stm32g4xx_hal_spi.c ****   hspi->pTxBuffPtr  = (uint8_t *)pTxData;
 1885              		.loc 1 1318 3 is_stmt 1 view .LVU601
1318:Drivers/STM32G4xx_HAL_Driver/Src/stm32g4xx_hal_spi.c ****   hspi->pTxBuffPtr  = (uint8_t *)pTxData;
 1886              		.loc 1 1318 21 is_stmt 0 view .LVU602
 1887 0078 A4F84470 		strh	r7, [r4, #68]	@ movhi
1319:Drivers/STM32G4xx_HAL_Driver/Src/stm32g4xx_hal_spi.c ****   hspi->TxXferCount = Size;
 1888              		.loc 1 1319 3 is_stmt 1 view .LVU603
1319:Drivers/STM32G4xx_HAL_Driver/Src/stm32g4xx_hal_spi.c ****   hspi->TxXferCount = Size;
 1889              		.loc 1 1319 21 is_stmt 0 view .LVU604
 1890 007c C4F83880 		str	r8, [r4, #56]
1320:Drivers/STM32G4xx_HAL_Driver/Src/stm32g4xx_hal_spi.c ****   hspi->TxXferSize  = Size;
 1891              		.loc 1 1320 3 is_stmt 1 view .LVU605
1320:Drivers/STM32G4xx_HAL_Driver/Src/stm32g4xx_hal_spi.c ****   hspi->TxXferSize  = Size;
 1892              		.loc 1 1320 21 is_stmt 0 view .LVU606
 1893 0080 E787     		strh	r7, [r4, #62]	@ movhi
1321:Drivers/STM32G4xx_HAL_Driver/Src/stm32g4xx_hal_spi.c **** 
 1894              		.loc 1 1321 3 is_stmt 1 view .LVU607
1321:Drivers/STM32G4xx_HAL_Driver/Src/stm32g4xx_hal_spi.c **** 
 1895              		.loc 1 1321 21 is_stmt 0 view .LVU608
 1896 0082 A787     		strh	r7, [r4, #60]	@ movhi
1324:Drivers/STM32G4xx_HAL_Driver/Src/stm32g4xx_hal_spi.c ****   hspi->TxISR       = NULL;
 1897              		.loc 1 1324 3 is_stmt 1 view .LVU609
1324:Drivers/STM32G4xx_HAL_Driver/Src/stm32g4xx_hal_spi.c ****   hspi->TxISR       = NULL;
 1898              		.loc 1 1324 21 is_stmt 0 view .LVU610
 1899 0084 E364     		str	r3, [r4, #76]
1325:Drivers/STM32G4xx_HAL_Driver/Src/stm32g4xx_hal_spi.c **** 
ARM GAS  C:\Users\Booster\AppData\Local\Temp\ccQdKe81.s 			page 120


 1900              		.loc 1 1325 3 is_stmt 1 view .LVU611
1325:Drivers/STM32G4xx_HAL_Driver/Src/stm32g4xx_hal_spi.c **** 
 1901              		.loc 1 1325 21 is_stmt 0 view .LVU612
 1902 0086 2365     		str	r3, [r4, #80]
1336:Drivers/STM32G4xx_HAL_Driver/Src/stm32g4xx_hal_spi.c ****   {
 1903              		.loc 1 1336 3 is_stmt 1 view .LVU613
1336:Drivers/STM32G4xx_HAL_Driver/Src/stm32g4xx_hal_spi.c ****   {
 1904              		.loc 1 1336 18 is_stmt 0 view .LVU614
 1905 0088 E368     		ldr	r3, [r4, #12]
1336:Drivers/STM32G4xx_HAL_Driver/Src/stm32g4xx_hal_spi.c ****   {
 1906              		.loc 1 1336 6 view .LVU615
 1907 008a B3F5E06F 		cmp	r3, #1792
 1908 008e 01D8     		bhi	.L139
1336:Drivers/STM32G4xx_HAL_Driver/Src/stm32g4xx_hal_spi.c ****   {
 1909              		.loc 1 1336 49 discriminator 1 view .LVU616
 1910 0090 012F     		cmp	r7, #1
 1911 0092 23D9     		bls	.L140
 1912              	.L139:
1339:Drivers/STM32G4xx_HAL_Driver/Src/stm32g4xx_hal_spi.c ****   }
 1913              		.loc 1 1339 5 is_stmt 1 view .LVU617
 1914 0094 2268     		ldr	r2, [r4]
 1915 0096 5368     		ldr	r3, [r2, #4]
 1916 0098 23F48053 		bic	r3, r3, #4096
 1917 009c 5360     		str	r3, [r2, #4]
 1918              	.LVL96:
 1919              	.L141:
1348:Drivers/STM32G4xx_HAL_Driver/Src/stm32g4xx_hal_spi.c ****   {
 1920              		.loc 1 1348 3 view .LVU618
1348:Drivers/STM32G4xx_HAL_Driver/Src/stm32g4xx_hal_spi.c ****   {
 1921              		.loc 1 1348 12 is_stmt 0 view .LVU619
 1922 009e 2368     		ldr	r3, [r4]
1348:Drivers/STM32G4xx_HAL_Driver/Src/stm32g4xx_hal_spi.c ****   {
 1923              		.loc 1 1348 22 view .LVU620
 1924 00a0 1A68     		ldr	r2, [r3]
1348:Drivers/STM32G4xx_HAL_Driver/Src/stm32g4xx_hal_spi.c ****   {
 1925              		.loc 1 1348 6 view .LVU621
 1926 00a2 12F0400F 		tst	r2, #64
 1927 00a6 03D1     		bne	.L142
1351:Drivers/STM32G4xx_HAL_Driver/Src/stm32g4xx_hal_spi.c ****   }
 1928              		.loc 1 1351 5 is_stmt 1 view .LVU622
 1929 00a8 1A68     		ldr	r2, [r3]
 1930 00aa 42F04002 		orr	r2, r2, #64
 1931 00ae 1A60     		str	r2, [r3]
 1932              	.L142:
1355:Drivers/STM32G4xx_HAL_Driver/Src/stm32g4xx_hal_spi.c ****   {
 1933              		.loc 1 1355 3 view .LVU623
1355:Drivers/STM32G4xx_HAL_Driver/Src/stm32g4xx_hal_spi.c ****   {
 1934              		.loc 1 1355 17 is_stmt 0 view .LVU624
 1935 00b0 E368     		ldr	r3, [r4, #12]
1355:Drivers/STM32G4xx_HAL_Driver/Src/stm32g4xx_hal_spi.c ****   {
 1936              		.loc 1 1355 6 view .LVU625
 1937 00b2 B3F5E06F 		cmp	r3, #1792
 1938 00b6 5CD9     		bls	.L143
1357:Drivers/STM32G4xx_HAL_Driver/Src/stm32g4xx_hal_spi.c ****     {
 1939              		.loc 1 1357 5 is_stmt 1 view .LVU626
1357:Drivers/STM32G4xx_HAL_Driver/Src/stm32g4xx_hal_spi.c ****     {
 1940              		.loc 1 1357 20 is_stmt 0 view .LVU627
ARM GAS  C:\Users\Booster\AppData\Local\Temp\ccQdKe81.s 			page 121


 1941 00b8 6368     		ldr	r3, [r4, #4]
1357:Drivers/STM32G4xx_HAL_Driver/Src/stm32g4xx_hal_spi.c ****     {
 1942              		.loc 1 1357 8 view .LVU628
 1943 00ba 0BB1     		cbz	r3, .L144
1357:Drivers/STM32G4xx_HAL_Driver/Src/stm32g4xx_hal_spi.c ****     {
 1944              		.loc 1 1357 45 discriminator 1 view .LVU629
 1945 00bc 012F     		cmp	r7, #1
 1946 00be 0BD1     		bne	.L145
 1947              	.L144:
1359:Drivers/STM32G4xx_HAL_Driver/Src/stm32g4xx_hal_spi.c ****       hspi->pTxBuffPtr += sizeof(uint16_t);
 1948              		.loc 1 1359 7 is_stmt 1 view .LVU630
1359:Drivers/STM32G4xx_HAL_Driver/Src/stm32g4xx_hal_spi.c ****       hspi->pTxBuffPtr += sizeof(uint16_t);
 1949              		.loc 1 1359 46 is_stmt 0 view .LVU631
 1950 00c0 A26B     		ldr	r2, [r4, #56]
1359:Drivers/STM32G4xx_HAL_Driver/Src/stm32g4xx_hal_spi.c ****       hspi->pTxBuffPtr += sizeof(uint16_t);
 1951              		.loc 1 1359 11 view .LVU632
 1952 00c2 2368     		ldr	r3, [r4]
1359:Drivers/STM32G4xx_HAL_Driver/Src/stm32g4xx_hal_spi.c ****       hspi->pTxBuffPtr += sizeof(uint16_t);
 1953              		.loc 1 1359 28 view .LVU633
 1954 00c4 1288     		ldrh	r2, [r2]
1359:Drivers/STM32G4xx_HAL_Driver/Src/stm32g4xx_hal_spi.c ****       hspi->pTxBuffPtr += sizeof(uint16_t);
 1955              		.loc 1 1359 26 view .LVU634
 1956 00c6 DA60     		str	r2, [r3, #12]
1360:Drivers/STM32G4xx_HAL_Driver/Src/stm32g4xx_hal_spi.c ****       hspi->TxXferCount--;
 1957              		.loc 1 1360 7 is_stmt 1 view .LVU635
1360:Drivers/STM32G4xx_HAL_Driver/Src/stm32g4xx_hal_spi.c ****       hspi->TxXferCount--;
 1958              		.loc 1 1360 11 is_stmt 0 view .LVU636
 1959 00c8 A36B     		ldr	r3, [r4, #56]
1360:Drivers/STM32G4xx_HAL_Driver/Src/stm32g4xx_hal_spi.c ****       hspi->TxXferCount--;
 1960              		.loc 1 1360 24 view .LVU637
 1961 00ca 0233     		adds	r3, r3, #2
 1962 00cc A363     		str	r3, [r4, #56]
1361:Drivers/STM32G4xx_HAL_Driver/Src/stm32g4xx_hal_spi.c **** 
 1963              		.loc 1 1361 7 is_stmt 1 view .LVU638
1361:Drivers/STM32G4xx_HAL_Driver/Src/stm32g4xx_hal_spi.c **** 
 1964              		.loc 1 1361 11 is_stmt 0 view .LVU639
 1965 00ce E38F     		ldrh	r3, [r4, #62]
 1966 00d0 9BB2     		uxth	r3, r3
1361:Drivers/STM32G4xx_HAL_Driver/Src/stm32g4xx_hal_spi.c **** 
 1967              		.loc 1 1361 24 view .LVU640
 1968 00d2 013B     		subs	r3, r3, #1
 1969 00d4 9BB2     		uxth	r3, r3
 1970 00d6 E387     		strh	r3, [r4, #62]	@ movhi
 1971              	.L145:
1409:Drivers/STM32G4xx_HAL_Driver/Src/stm32g4xx_hal_spi.c ****       }
 1972              		.loc 1 1409 19 view .LVU641
 1973 00d8 0127     		movs	r7, #1
 1974              	.LVL97:
1409:Drivers/STM32G4xx_HAL_Driver/Src/stm32g4xx_hal_spi.c ****       }
 1975              		.loc 1 1409 19 view .LVU642
 1976 00da 30E0     		b	.L146
 1977              	.LVL98:
 1978              	.L140:
1344:Drivers/STM32G4xx_HAL_Driver/Src/stm32g4xx_hal_spi.c ****   }
 1979              		.loc 1 1344 5 is_stmt 1 view .LVU643
 1980 00dc 2268     		ldr	r2, [r4]
 1981 00de 5368     		ldr	r3, [r2, #4]
ARM GAS  C:\Users\Booster\AppData\Local\Temp\ccQdKe81.s 			page 122


 1982 00e0 43F48053 		orr	r3, r3, #4096
 1983 00e4 5360     		str	r3, [r2, #4]
 1984              	.LVL99:
1344:Drivers/STM32G4xx_HAL_Driver/Src/stm32g4xx_hal_spi.c ****   }
 1985              		.loc 1 1344 5 is_stmt 0 view .LVU644
 1986 00e6 DAE7     		b	.L141
 1987              	.LVL100:
 1988              	.L174:
1382:Drivers/STM32G4xx_HAL_Driver/Src/stm32g4xx_hal_spi.c ****         hspi->pTxBuffPtr += sizeof(uint16_t);
 1989              		.loc 1 1382 9 is_stmt 1 view .LVU645
1382:Drivers/STM32G4xx_HAL_Driver/Src/stm32g4xx_hal_spi.c ****         hspi->pTxBuffPtr += sizeof(uint16_t);
 1990              		.loc 1 1382 48 is_stmt 0 view .LVU646
 1991 00e8 A26B     		ldr	r2, [r4, #56]
1382:Drivers/STM32G4xx_HAL_Driver/Src/stm32g4xx_hal_spi.c ****         hspi->pTxBuffPtr += sizeof(uint16_t);
 1992              		.loc 1 1382 30 view .LVU647
 1993 00ea 1288     		ldrh	r2, [r2]
1382:Drivers/STM32G4xx_HAL_Driver/Src/stm32g4xx_hal_spi.c ****         hspi->pTxBuffPtr += sizeof(uint16_t);
 1994              		.loc 1 1382 28 view .LVU648
 1995 00ec DA60     		str	r2, [r3, #12]
1383:Drivers/STM32G4xx_HAL_Driver/Src/stm32g4xx_hal_spi.c ****         hspi->TxXferCount--;
 1996              		.loc 1 1383 9 is_stmt 1 view .LVU649
1383:Drivers/STM32G4xx_HAL_Driver/Src/stm32g4xx_hal_spi.c ****         hspi->TxXferCount--;
 1997              		.loc 1 1383 13 is_stmt 0 view .LVU650
 1998 00ee A36B     		ldr	r3, [r4, #56]
1383:Drivers/STM32G4xx_HAL_Driver/Src/stm32g4xx_hal_spi.c ****         hspi->TxXferCount--;
 1999              		.loc 1 1383 26 view .LVU651
 2000 00f0 0233     		adds	r3, r3, #2
 2001 00f2 A363     		str	r3, [r4, #56]
1384:Drivers/STM32G4xx_HAL_Driver/Src/stm32g4xx_hal_spi.c ****         /* Next Data is a reception (Rx). Tx not allowed */
 2002              		.loc 1 1384 9 is_stmt 1 view .LVU652
1384:Drivers/STM32G4xx_HAL_Driver/Src/stm32g4xx_hal_spi.c ****         /* Next Data is a reception (Rx). Tx not allowed */
 2003              		.loc 1 1384 13 is_stmt 0 view .LVU653
 2004 00f4 E38F     		ldrh	r3, [r4, #62]
 2005 00f6 9BB2     		uxth	r3, r3
1384:Drivers/STM32G4xx_HAL_Driver/Src/stm32g4xx_hal_spi.c ****         /* Next Data is a reception (Rx). Tx not allowed */
 2006              		.loc 1 1384 26 view .LVU654
 2007 00f8 013B     		subs	r3, r3, #1
 2008 00fa 9BB2     		uxth	r3, r3
 2009 00fc E387     		strh	r3, [r4, #62]	@ movhi
1386:Drivers/STM32G4xx_HAL_Driver/Src/stm32g4xx_hal_spi.c **** 
 2010              		.loc 1 1386 9 is_stmt 1 view .LVU655
 2011              	.LVL101:
1386:Drivers/STM32G4xx_HAL_Driver/Src/stm32g4xx_hal_spi.c **** 
 2012              		.loc 1 1386 19 is_stmt 0 view .LVU656
 2013 00fe 0027     		movs	r7, #0
 2014              	.LVL102:
 2015              	.L147:
1403:Drivers/STM32G4xx_HAL_Driver/Src/stm32g4xx_hal_spi.c ****       {
 2016              		.loc 1 1403 7 is_stmt 1 view .LVU657
1403:Drivers/STM32G4xx_HAL_Driver/Src/stm32g4xx_hal_spi.c ****       {
 2017              		.loc 1 1403 12 is_stmt 0 view .LVU658
 2018 0100 2368     		ldr	r3, [r4]
 2019 0102 9A68     		ldr	r2, [r3, #8]
1403:Drivers/STM32G4xx_HAL_Driver/Src/stm32g4xx_hal_spi.c ****       {
 2020              		.loc 1 1403 10 view .LVU659
 2021 0104 12F0010F 		tst	r2, #1
 2022 0108 11D0     		beq	.L148
ARM GAS  C:\Users\Booster\AppData\Local\Temp\ccQdKe81.s 			page 123


1403:Drivers/STM32G4xx_HAL_Driver/Src/stm32g4xx_hal_spi.c ****       {
 2023              		.loc 1 1403 61 discriminator 1 view .LVU660
 2024 010a B4F84620 		ldrh	r2, [r4, #70]
 2025 010e 92B2     		uxth	r2, r2
1403:Drivers/STM32G4xx_HAL_Driver/Src/stm32g4xx_hal_spi.c ****       {
 2026              		.loc 1 1403 53 discriminator 1 view .LVU661
 2027 0110 6AB1     		cbz	r2, .L148
1405:Drivers/STM32G4xx_HAL_Driver/Src/stm32g4xx_hal_spi.c ****         hspi->pRxBuffPtr += sizeof(uint16_t);
 2028              		.loc 1 1405 9 is_stmt 1 view .LVU662
1405:Drivers/STM32G4xx_HAL_Driver/Src/stm32g4xx_hal_spi.c ****         hspi->pRxBuffPtr += sizeof(uint16_t);
 2029              		.loc 1 1405 67 is_stmt 0 view .LVU663
 2030 0112 DA68     		ldr	r2, [r3, #12]
1405:Drivers/STM32G4xx_HAL_Driver/Src/stm32g4xx_hal_spi.c ****         hspi->pRxBuffPtr += sizeof(uint16_t);
 2031              		.loc 1 1405 27 view .LVU664
 2032 0114 236C     		ldr	r3, [r4, #64]
1405:Drivers/STM32G4xx_HAL_Driver/Src/stm32g4xx_hal_spi.c ****         hspi->pRxBuffPtr += sizeof(uint16_t);
 2033              		.loc 1 1405 41 view .LVU665
 2034 0116 1A80     		strh	r2, [r3]	@ movhi
1406:Drivers/STM32G4xx_HAL_Driver/Src/stm32g4xx_hal_spi.c ****         hspi->RxXferCount--;
 2035              		.loc 1 1406 9 is_stmt 1 view .LVU666
1406:Drivers/STM32G4xx_HAL_Driver/Src/stm32g4xx_hal_spi.c ****         hspi->RxXferCount--;
 2036              		.loc 1 1406 13 is_stmt 0 view .LVU667
 2037 0118 236C     		ldr	r3, [r4, #64]
1406:Drivers/STM32G4xx_HAL_Driver/Src/stm32g4xx_hal_spi.c ****         hspi->RxXferCount--;
 2038              		.loc 1 1406 26 view .LVU668
 2039 011a 0233     		adds	r3, r3, #2
 2040 011c 2364     		str	r3, [r4, #64]
1407:Drivers/STM32G4xx_HAL_Driver/Src/stm32g4xx_hal_spi.c ****         /* Next Data is a Transmission (Tx). Tx is allowed */
 2041              		.loc 1 1407 9 is_stmt 1 view .LVU669
1407:Drivers/STM32G4xx_HAL_Driver/Src/stm32g4xx_hal_spi.c ****         /* Next Data is a Transmission (Tx). Tx is allowed */
 2042              		.loc 1 1407 13 is_stmt 0 view .LVU670
 2043 011e B4F84630 		ldrh	r3, [r4, #70]
 2044 0122 9BB2     		uxth	r3, r3
1407:Drivers/STM32G4xx_HAL_Driver/Src/stm32g4xx_hal_spi.c ****         /* Next Data is a Transmission (Tx). Tx is allowed */
 2045              		.loc 1 1407 26 view .LVU671
 2046 0124 013B     		subs	r3, r3, #1
 2047 0126 9BB2     		uxth	r3, r3
 2048 0128 A4F84630 		strh	r3, [r4, #70]	@ movhi
1409:Drivers/STM32G4xx_HAL_Driver/Src/stm32g4xx_hal_spi.c ****       }
 2049              		.loc 1 1409 9 is_stmt 1 view .LVU672
 2050              	.LVL103:
1409:Drivers/STM32G4xx_HAL_Driver/Src/stm32g4xx_hal_spi.c ****       }
 2051              		.loc 1 1409 19 is_stmt 0 view .LVU673
 2052 012c 0127     		movs	r7, #1
 2053              	.LVL104:
 2054              	.L148:
1411:Drivers/STM32G4xx_HAL_Driver/Src/stm32g4xx_hal_spi.c ****       {
 2055              		.loc 1 1411 7 is_stmt 1 view .LVU674
1411:Drivers/STM32G4xx_HAL_Driver/Src/stm32g4xx_hal_spi.c ****       {
 2056              		.loc 1 1411 13 is_stmt 0 view .LVU675
 2057 012e FFF7FEFF 		bl	HAL_GetTick
 2058              	.LVL105:
1411:Drivers/STM32G4xx_HAL_Driver/Src/stm32g4xx_hal_spi.c ****       {
 2059              		.loc 1 1411 27 view .LVU676
 2060 0132 831B     		subs	r3, r0, r6
1411:Drivers/STM32G4xx_HAL_Driver/Src/stm32g4xx_hal_spi.c ****       {
 2061              		.loc 1 1411 10 view .LVU677
ARM GAS  C:\Users\Booster\AppData\Local\Temp\ccQdKe81.s 			page 124


 2062 0134 AB42     		cmp	r3, r5
 2063 0136 02D3     		bcc	.L146
1411:Drivers/STM32G4xx_HAL_Driver/Src/stm32g4xx_hal_spi.c ****       {
 2064              		.loc 1 1411 53 discriminator 1 view .LVU678
 2065 0138 B5F1FF3F 		cmp	r5, #-1
 2066 013c 14D1     		bne	.L173
 2067              	.LVL106:
 2068              	.L146:
1377:Drivers/STM32G4xx_HAL_Driver/Src/stm32g4xx_hal_spi.c ****     {
 2069              		.loc 1 1377 37 is_stmt 1 view .LVU679
1377:Drivers/STM32G4xx_HAL_Driver/Src/stm32g4xx_hal_spi.c ****     {
 2070              		.loc 1 1377 17 is_stmt 0 view .LVU680
 2071 013e E38F     		ldrh	r3, [r4, #62]
 2072 0140 9BB2     		uxth	r3, r3
1377:Drivers/STM32G4xx_HAL_Driver/Src/stm32g4xx_hal_spi.c ****     {
 2073              		.loc 1 1377 37 view .LVU681
 2074 0142 2BB9     		cbnz	r3, .L149
1377:Drivers/STM32G4xx_HAL_Driver/Src/stm32g4xx_hal_spi.c ****     {
 2075              		.loc 1 1377 45 discriminator 1 view .LVU682
 2076 0144 B4F84630 		ldrh	r3, [r4, #70]
 2077 0148 9BB2     		uxth	r3, r3
1377:Drivers/STM32G4xx_HAL_Driver/Src/stm32g4xx_hal_spi.c ****     {
 2078              		.loc 1 1377 37 discriminator 1 view .LVU683
 2079 014a 002B     		cmp	r3, #0
 2080 014c 00F0AB80 		beq	.L150
 2081              	.L149:
1380:Drivers/STM32G4xx_HAL_Driver/Src/stm32g4xx_hal_spi.c ****       {
 2082              		.loc 1 1380 7 is_stmt 1 view .LVU684
1380:Drivers/STM32G4xx_HAL_Driver/Src/stm32g4xx_hal_spi.c ****       {
 2083              		.loc 1 1380 12 is_stmt 0 view .LVU685
 2084 0150 2368     		ldr	r3, [r4]
 2085 0152 9A68     		ldr	r2, [r3, #8]
1380:Drivers/STM32G4xx_HAL_Driver/Src/stm32g4xx_hal_spi.c ****       {
 2086              		.loc 1 1380 10 view .LVU686
 2087 0154 12F0020F 		tst	r2, #2
 2088 0158 D2D0     		beq	.L147
1380:Drivers/STM32G4xx_HAL_Driver/Src/stm32g4xx_hal_spi.c ****       {
 2089              		.loc 1 1380 60 discriminator 1 view .LVU687
 2090 015a E28F     		ldrh	r2, [r4, #62]
 2091 015c 92B2     		uxth	r2, r2
1380:Drivers/STM32G4xx_HAL_Driver/Src/stm32g4xx_hal_spi.c ****       {
 2092              		.loc 1 1380 52 discriminator 1 view .LVU688
 2093 015e 002A     		cmp	r2, #0
 2094 0160 CED0     		beq	.L147
1380:Drivers/STM32G4xx_HAL_Driver/Src/stm32g4xx_hal_spi.c ****       {
 2095              		.loc 1 1380 80 discriminator 2 view .LVU689
 2096 0162 002F     		cmp	r7, #0
 2097 0164 CCD0     		beq	.L147
 2098 0166 BFE7     		b	.L174
 2099              	.L173:
1413:Drivers/STM32G4xx_HAL_Driver/Src/stm32g4xx_hal_spi.c ****         hspi->State = HAL_SPI_STATE_READY;
 2100              		.loc 1 1413 9 is_stmt 1 view .LVU690
 2101              	.LVL107:
1414:Drivers/STM32G4xx_HAL_Driver/Src/stm32g4xx_hal_spi.c ****         goto error;
 2102              		.loc 1 1414 9 view .LVU691
1414:Drivers/STM32G4xx_HAL_Driver/Src/stm32g4xx_hal_spi.c ****         goto error;
 2103              		.loc 1 1414 21 is_stmt 0 view .LVU692
ARM GAS  C:\Users\Booster\AppData\Local\Temp\ccQdKe81.s 			page 125


 2104 0168 0123     		movs	r3, #1
 2105 016a 84F85D30 		strb	r3, [r4, #93]
1415:Drivers/STM32G4xx_HAL_Driver/Src/stm32g4xx_hal_spi.c ****       }
 2106              		.loc 1 1415 9 is_stmt 1 view .LVU693
1413:Drivers/STM32G4xx_HAL_Driver/Src/stm32g4xx_hal_spi.c ****         hspi->State = HAL_SPI_STATE_READY;
 2107              		.loc 1 1413 19 is_stmt 0 view .LVU694
 2108 016e 0320     		movs	r0, #3
1415:Drivers/STM32G4xx_HAL_Driver/Src/stm32g4xx_hal_spi.c ****       }
 2109              		.loc 1 1415 9 view .LVU695
 2110 0170 A9E0     		b	.L137
 2111              	.LVL108:
 2112              	.L143:
1422:Drivers/STM32G4xx_HAL_Driver/Src/stm32g4xx_hal_spi.c ****     {
 2113              		.loc 1 1422 5 is_stmt 1 view .LVU696
1422:Drivers/STM32G4xx_HAL_Driver/Src/stm32g4xx_hal_spi.c ****     {
 2114              		.loc 1 1422 20 is_stmt 0 view .LVU697
 2115 0172 6368     		ldr	r3, [r4, #4]
1422:Drivers/STM32G4xx_HAL_Driver/Src/stm32g4xx_hal_spi.c ****     {
 2116              		.loc 1 1422 8 view .LVU698
 2117 0174 0BB1     		cbz	r3, .L151
1422:Drivers/STM32G4xx_HAL_Driver/Src/stm32g4xx_hal_spi.c ****     {
 2118              		.loc 1 1422 45 discriminator 1 view .LVU699
 2119 0176 012F     		cmp	r7, #1
 2120 0178 0FD1     		bne	.L152
 2121              	.L151:
1424:Drivers/STM32G4xx_HAL_Driver/Src/stm32g4xx_hal_spi.c ****       {
 2122              		.loc 1 1424 7 is_stmt 1 view .LVU700
1424:Drivers/STM32G4xx_HAL_Driver/Src/stm32g4xx_hal_spi.c ****       {
 2123              		.loc 1 1424 15 is_stmt 0 view .LVU701
 2124 017a E38F     		ldrh	r3, [r4, #62]
 2125 017c 9BB2     		uxth	r3, r3
1424:Drivers/STM32G4xx_HAL_Driver/Src/stm32g4xx_hal_spi.c ****       {
 2126              		.loc 1 1424 10 view .LVU702
 2127 017e 012B     		cmp	r3, #1
 2128 0180 0DD9     		bls	.L153
1426:Drivers/STM32G4xx_HAL_Driver/Src/stm32g4xx_hal_spi.c ****         hspi->pTxBuffPtr += sizeof(uint16_t);
 2129              		.loc 1 1426 9 is_stmt 1 view .LVU703
1426:Drivers/STM32G4xx_HAL_Driver/Src/stm32g4xx_hal_spi.c ****         hspi->pTxBuffPtr += sizeof(uint16_t);
 2130              		.loc 1 1426 48 is_stmt 0 view .LVU704
 2131 0182 A26B     		ldr	r2, [r4, #56]
1426:Drivers/STM32G4xx_HAL_Driver/Src/stm32g4xx_hal_spi.c ****         hspi->pTxBuffPtr += sizeof(uint16_t);
 2132              		.loc 1 1426 13 view .LVU705
 2133 0184 2368     		ldr	r3, [r4]
1426:Drivers/STM32G4xx_HAL_Driver/Src/stm32g4xx_hal_spi.c ****         hspi->pTxBuffPtr += sizeof(uint16_t);
 2134              		.loc 1 1426 30 view .LVU706
 2135 0186 1288     		ldrh	r2, [r2]
1426:Drivers/STM32G4xx_HAL_Driver/Src/stm32g4xx_hal_spi.c ****         hspi->pTxBuffPtr += sizeof(uint16_t);
 2136              		.loc 1 1426 28 view .LVU707
 2137 0188 DA60     		str	r2, [r3, #12]
1427:Drivers/STM32G4xx_HAL_Driver/Src/stm32g4xx_hal_spi.c ****         hspi->TxXferCount -= 2U;
 2138              		.loc 1 1427 9 is_stmt 1 view .LVU708
1427:Drivers/STM32G4xx_HAL_Driver/Src/stm32g4xx_hal_spi.c ****         hspi->TxXferCount -= 2U;
 2139              		.loc 1 1427 13 is_stmt 0 view .LVU709
 2140 018a A36B     		ldr	r3, [r4, #56]
1427:Drivers/STM32G4xx_HAL_Driver/Src/stm32g4xx_hal_spi.c ****         hspi->TxXferCount -= 2U;
 2141              		.loc 1 1427 26 view .LVU710
 2142 018c 0233     		adds	r3, r3, #2
ARM GAS  C:\Users\Booster\AppData\Local\Temp\ccQdKe81.s 			page 126


 2143 018e A363     		str	r3, [r4, #56]
1428:Drivers/STM32G4xx_HAL_Driver/Src/stm32g4xx_hal_spi.c ****       }
 2144              		.loc 1 1428 9 is_stmt 1 view .LVU711
1428:Drivers/STM32G4xx_HAL_Driver/Src/stm32g4xx_hal_spi.c ****       }
 2145              		.loc 1 1428 13 is_stmt 0 view .LVU712
 2146 0190 E38F     		ldrh	r3, [r4, #62]
 2147 0192 9BB2     		uxth	r3, r3
1428:Drivers/STM32G4xx_HAL_Driver/Src/stm32g4xx_hal_spi.c ****       }
 2148              		.loc 1 1428 27 view .LVU713
 2149 0194 023B     		subs	r3, r3, #2
 2150 0196 9BB2     		uxth	r3, r3
 2151 0198 E387     		strh	r3, [r4, #62]	@ movhi
 2152              	.L152:
1505:Drivers/STM32G4xx_HAL_Driver/Src/stm32g4xx_hal_spi.c ****       }
 2153              		.loc 1 1505 19 view .LVU714
 2154 019a 0127     		movs	r7, #1
 2155              	.LVL109:
1505:Drivers/STM32G4xx_HAL_Driver/Src/stm32g4xx_hal_spi.c ****       }
 2156              		.loc 1 1505 19 view .LVU715
 2157 019c 49E0     		b	.L160
 2158              	.LVL110:
 2159              	.L153:
1432:Drivers/STM32G4xx_HAL_Driver/Src/stm32g4xx_hal_spi.c ****         hspi->pTxBuffPtr++;
 2160              		.loc 1 1432 9 is_stmt 1 view .LVU716
1432:Drivers/STM32G4xx_HAL_Driver/Src/stm32g4xx_hal_spi.c ****         hspi->pTxBuffPtr++;
 2161              		.loc 1 1432 54 is_stmt 0 view .LVU717
 2162 019e A26B     		ldr	r2, [r4, #56]
1432:Drivers/STM32G4xx_HAL_Driver/Src/stm32g4xx_hal_spi.c ****         hspi->pTxBuffPtr++;
 2163              		.loc 1 1432 31 view .LVU718
 2164 01a0 2368     		ldr	r3, [r4]
1432:Drivers/STM32G4xx_HAL_Driver/Src/stm32g4xx_hal_spi.c ****         hspi->pTxBuffPtr++;
 2165              		.loc 1 1432 49 view .LVU719
 2166 01a2 1278     		ldrb	r2, [r2]	@ zero_extendqisi2
1432:Drivers/STM32G4xx_HAL_Driver/Src/stm32g4xx_hal_spi.c ****         hspi->pTxBuffPtr++;
 2167              		.loc 1 1432 46 view .LVU720
 2168 01a4 1A73     		strb	r2, [r3, #12]
1433:Drivers/STM32G4xx_HAL_Driver/Src/stm32g4xx_hal_spi.c ****         hspi->TxXferCount--;
 2169              		.loc 1 1433 9 is_stmt 1 view .LVU721
1433:Drivers/STM32G4xx_HAL_Driver/Src/stm32g4xx_hal_spi.c ****         hspi->TxXferCount--;
 2170              		.loc 1 1433 13 is_stmt 0 view .LVU722
 2171 01a6 A36B     		ldr	r3, [r4, #56]
1433:Drivers/STM32G4xx_HAL_Driver/Src/stm32g4xx_hal_spi.c ****         hspi->TxXferCount--;
 2172              		.loc 1 1433 25 view .LVU723
 2173 01a8 0133     		adds	r3, r3, #1
 2174 01aa A363     		str	r3, [r4, #56]
1434:Drivers/STM32G4xx_HAL_Driver/Src/stm32g4xx_hal_spi.c **** 
 2175              		.loc 1 1434 9 is_stmt 1 view .LVU724
1434:Drivers/STM32G4xx_HAL_Driver/Src/stm32g4xx_hal_spi.c **** 
 2176              		.loc 1 1434 13 is_stmt 0 view .LVU725
 2177 01ac E38F     		ldrh	r3, [r4, #62]
 2178 01ae 9BB2     		uxth	r3, r3
1434:Drivers/STM32G4xx_HAL_Driver/Src/stm32g4xx_hal_spi.c **** 
 2179              		.loc 1 1434 26 view .LVU726
 2180 01b0 013B     		subs	r3, r3, #1
 2181 01b2 9BB2     		uxth	r3, r3
 2182 01b4 E387     		strh	r3, [r4, #62]	@ movhi
 2183 01b6 F0E7     		b	.L152
ARM GAS  C:\Users\Booster\AppData\Local\Temp\ccQdKe81.s 			page 127


 2184              	.LVL111:
 2185              	.L175:
1455:Drivers/STM32G4xx_HAL_Driver/Src/stm32g4xx_hal_spi.c ****         {
 2186              		.loc 1 1455 9 is_stmt 1 view .LVU727
1455:Drivers/STM32G4xx_HAL_Driver/Src/stm32g4xx_hal_spi.c ****         {
 2187              		.loc 1 1455 17 is_stmt 0 view .LVU728
 2188 01b8 E28F     		ldrh	r2, [r4, #62]
 2189 01ba 92B2     		uxth	r2, r2
1455:Drivers/STM32G4xx_HAL_Driver/Src/stm32g4xx_hal_spi.c ****         {
 2190              		.loc 1 1455 12 view .LVU729
 2191 01bc 012A     		cmp	r2, #1
 2192 01be 0CD9     		bls	.L155
1457:Drivers/STM32G4xx_HAL_Driver/Src/stm32g4xx_hal_spi.c ****           hspi->pTxBuffPtr += sizeof(uint16_t);
 2193              		.loc 1 1457 11 is_stmt 1 view .LVU730
1457:Drivers/STM32G4xx_HAL_Driver/Src/stm32g4xx_hal_spi.c ****           hspi->pTxBuffPtr += sizeof(uint16_t);
 2194              		.loc 1 1457 50 is_stmt 0 view .LVU731
 2195 01c0 A26B     		ldr	r2, [r4, #56]
1457:Drivers/STM32G4xx_HAL_Driver/Src/stm32g4xx_hal_spi.c ****           hspi->pTxBuffPtr += sizeof(uint16_t);
 2196              		.loc 1 1457 32 view .LVU732
 2197 01c2 1288     		ldrh	r2, [r2]
1457:Drivers/STM32G4xx_HAL_Driver/Src/stm32g4xx_hal_spi.c ****           hspi->pTxBuffPtr += sizeof(uint16_t);
 2198              		.loc 1 1457 30 view .LVU733
 2199 01c4 DA60     		str	r2, [r3, #12]
1458:Drivers/STM32G4xx_HAL_Driver/Src/stm32g4xx_hal_spi.c ****           hspi->TxXferCount -= 2U;
 2200              		.loc 1 1458 11 is_stmt 1 view .LVU734
1458:Drivers/STM32G4xx_HAL_Driver/Src/stm32g4xx_hal_spi.c ****           hspi->TxXferCount -= 2U;
 2201              		.loc 1 1458 15 is_stmt 0 view .LVU735
 2202 01c6 A36B     		ldr	r3, [r4, #56]
1458:Drivers/STM32G4xx_HAL_Driver/Src/stm32g4xx_hal_spi.c ****           hspi->TxXferCount -= 2U;
 2203              		.loc 1 1458 28 view .LVU736
 2204 01c8 0233     		adds	r3, r3, #2
 2205 01ca A363     		str	r3, [r4, #56]
1459:Drivers/STM32G4xx_HAL_Driver/Src/stm32g4xx_hal_spi.c ****         }
 2206              		.loc 1 1459 11 is_stmt 1 view .LVU737
1459:Drivers/STM32G4xx_HAL_Driver/Src/stm32g4xx_hal_spi.c ****         }
 2207              		.loc 1 1459 15 is_stmt 0 view .LVU738
 2208 01cc E38F     		ldrh	r3, [r4, #62]
 2209 01ce 9BB2     		uxth	r3, r3
1459:Drivers/STM32G4xx_HAL_Driver/Src/stm32g4xx_hal_spi.c ****         }
 2210              		.loc 1 1459 29 view .LVU739
 2211 01d0 023B     		subs	r3, r3, #2
 2212 01d2 9BB2     		uxth	r3, r3
 2213 01d4 E387     		strh	r3, [r4, #62]	@ movhi
1468:Drivers/STM32G4xx_HAL_Driver/Src/stm32g4xx_hal_spi.c **** 
 2214              		.loc 1 1468 19 view .LVU740
 2215 01d6 0027     		movs	r7, #0
 2216              	.LVL112:
1468:Drivers/STM32G4xx_HAL_Driver/Src/stm32g4xx_hal_spi.c **** 
 2217              		.loc 1 1468 19 view .LVU741
 2218 01d8 3DE0     		b	.L154
 2219              	.LVL113:
 2220              	.L155:
1463:Drivers/STM32G4xx_HAL_Driver/Src/stm32g4xx_hal_spi.c ****           hspi->pTxBuffPtr++;
 2221              		.loc 1 1463 11 is_stmt 1 view .LVU742
1463:Drivers/STM32G4xx_HAL_Driver/Src/stm32g4xx_hal_spi.c ****           hspi->pTxBuffPtr++;
 2222              		.loc 1 1463 56 is_stmt 0 view .LVU743
 2223 01da A26B     		ldr	r2, [r4, #56]
ARM GAS  C:\Users\Booster\AppData\Local\Temp\ccQdKe81.s 			page 128


1463:Drivers/STM32G4xx_HAL_Driver/Src/stm32g4xx_hal_spi.c ****           hspi->pTxBuffPtr++;
 2224              		.loc 1 1463 51 view .LVU744
 2225 01dc 1278     		ldrb	r2, [r2]	@ zero_extendqisi2
1463:Drivers/STM32G4xx_HAL_Driver/Src/stm32g4xx_hal_spi.c ****           hspi->pTxBuffPtr++;
 2226              		.loc 1 1463 48 view .LVU745
 2227 01de 1A73     		strb	r2, [r3, #12]
1464:Drivers/STM32G4xx_HAL_Driver/Src/stm32g4xx_hal_spi.c ****           hspi->TxXferCount--;
 2228              		.loc 1 1464 11 is_stmt 1 view .LVU746
1464:Drivers/STM32G4xx_HAL_Driver/Src/stm32g4xx_hal_spi.c ****           hspi->TxXferCount--;
 2229              		.loc 1 1464 15 is_stmt 0 view .LVU747
 2230 01e0 A36B     		ldr	r3, [r4, #56]
1464:Drivers/STM32G4xx_HAL_Driver/Src/stm32g4xx_hal_spi.c ****           hspi->TxXferCount--;
 2231              		.loc 1 1464 27 view .LVU748
 2232 01e2 0133     		adds	r3, r3, #1
 2233 01e4 A363     		str	r3, [r4, #56]
1465:Drivers/STM32G4xx_HAL_Driver/Src/stm32g4xx_hal_spi.c ****         }
 2234              		.loc 1 1465 11 is_stmt 1 view .LVU749
1465:Drivers/STM32G4xx_HAL_Driver/Src/stm32g4xx_hal_spi.c ****         }
 2235              		.loc 1 1465 15 is_stmt 0 view .LVU750
 2236 01e6 E38F     		ldrh	r3, [r4, #62]
 2237 01e8 9BB2     		uxth	r3, r3
1465:Drivers/STM32G4xx_HAL_Driver/Src/stm32g4xx_hal_spi.c ****         }
 2238              		.loc 1 1465 28 view .LVU751
 2239 01ea 013B     		subs	r3, r3, #1
 2240 01ec 9BB2     		uxth	r3, r3
 2241 01ee E387     		strh	r3, [r4, #62]	@ movhi
1468:Drivers/STM32G4xx_HAL_Driver/Src/stm32g4xx_hal_spi.c **** 
 2242              		.loc 1 1468 19 view .LVU752
 2243 01f0 0027     		movs	r7, #0
 2244              	.LVL114:
1468:Drivers/STM32G4xx_HAL_Driver/Src/stm32g4xx_hal_spi.c **** 
 2245              		.loc 1 1468 19 view .LVU753
 2246 01f2 30E0     		b	.L154
 2247              	.LVL115:
 2248              	.L176:
1495:Drivers/STM32G4xx_HAL_Driver/Src/stm32g4xx_hal_spi.c ****           }
 2249              		.loc 1 1495 13 is_stmt 1 view .LVU754
 2250 01f4 2268     		ldr	r2, [r4]
 2251 01f6 5368     		ldr	r3, [r2, #4]
 2252 01f8 43F48053 		orr	r3, r3, #4096
 2253 01fc 5360     		str	r3, [r2, #4]
1505:Drivers/STM32G4xx_HAL_Driver/Src/stm32g4xx_hal_spi.c ****       }
 2254              		.loc 1 1505 19 is_stmt 0 view .LVU755
 2255 01fe 0127     		movs	r7, #1
 2256              	.LVL116:
1505:Drivers/STM32G4xx_HAL_Driver/Src/stm32g4xx_hal_spi.c ****       }
 2257              		.loc 1 1505 19 view .LVU756
 2258 0200 0DE0     		b	.L156
 2259              	.LVL117:
 2260              	.L157:
1500:Drivers/STM32G4xx_HAL_Driver/Src/stm32g4xx_hal_spi.c ****           hspi->pRxBuffPtr++;
 2261              		.loc 1 1500 11 is_stmt 1 view .LVU757
1500:Drivers/STM32G4xx_HAL_Driver/Src/stm32g4xx_hal_spi.c ****           hspi->pRxBuffPtr++;
 2262              		.loc 1 1500 28 is_stmt 0 view .LVU758
 2263 0202 226C     		ldr	r2, [r4, #64]
1500:Drivers/STM32G4xx_HAL_Driver/Src/stm32g4xx_hal_spi.c ****           hspi->pRxBuffPtr++;
 2264              		.loc 1 1500 44 view .LVU759
ARM GAS  C:\Users\Booster\AppData\Local\Temp\ccQdKe81.s 			page 129


 2265 0204 1B7B     		ldrb	r3, [r3, #12]	@ zero_extendqisi2
1500:Drivers/STM32G4xx_HAL_Driver/Src/stm32g4xx_hal_spi.c ****           hspi->pRxBuffPtr++;
 2266              		.loc 1 1500 42 view .LVU760
 2267 0206 1370     		strb	r3, [r2]
1501:Drivers/STM32G4xx_HAL_Driver/Src/stm32g4xx_hal_spi.c ****           hspi->RxXferCount--;
 2268              		.loc 1 1501 11 is_stmt 1 view .LVU761
1501:Drivers/STM32G4xx_HAL_Driver/Src/stm32g4xx_hal_spi.c ****           hspi->RxXferCount--;
 2269              		.loc 1 1501 15 is_stmt 0 view .LVU762
 2270 0208 236C     		ldr	r3, [r4, #64]
1501:Drivers/STM32G4xx_HAL_Driver/Src/stm32g4xx_hal_spi.c ****           hspi->RxXferCount--;
 2271              		.loc 1 1501 27 view .LVU763
 2272 020a 0133     		adds	r3, r3, #1
 2273 020c 2364     		str	r3, [r4, #64]
1502:Drivers/STM32G4xx_HAL_Driver/Src/stm32g4xx_hal_spi.c ****         }
 2274              		.loc 1 1502 11 is_stmt 1 view .LVU764
1502:Drivers/STM32G4xx_HAL_Driver/Src/stm32g4xx_hal_spi.c ****         }
 2275              		.loc 1 1502 15 is_stmt 0 view .LVU765
 2276 020e B4F84630 		ldrh	r3, [r4, #70]
 2277 0212 9BB2     		uxth	r3, r3
1502:Drivers/STM32G4xx_HAL_Driver/Src/stm32g4xx_hal_spi.c ****         }
 2278              		.loc 1 1502 28 view .LVU766
 2279 0214 013B     		subs	r3, r3, #1
 2280 0216 9BB2     		uxth	r3, r3
 2281 0218 A4F84630 		strh	r3, [r4, #70]	@ movhi
1505:Drivers/STM32G4xx_HAL_Driver/Src/stm32g4xx_hal_spi.c ****       }
 2282              		.loc 1 1505 19 view .LVU767
 2283 021c 0127     		movs	r7, #1
 2284              	.LVL118:
 2285              	.L156:
1507:Drivers/STM32G4xx_HAL_Driver/Src/stm32g4xx_hal_spi.c ****       {
 2286              		.loc 1 1507 7 is_stmt 1 view .LVU768
1507:Drivers/STM32G4xx_HAL_Driver/Src/stm32g4xx_hal_spi.c ****       {
 2287              		.loc 1 1507 14 is_stmt 0 view .LVU769
 2288 021e FFF7FEFF 		bl	HAL_GetTick
 2289              	.LVL119:
1507:Drivers/STM32G4xx_HAL_Driver/Src/stm32g4xx_hal_spi.c ****       {
 2290              		.loc 1 1507 28 view .LVU770
 2291 0222 801B     		subs	r0, r0, r6
1507:Drivers/STM32G4xx_HAL_Driver/Src/stm32g4xx_hal_spi.c ****       {
 2292              		.loc 1 1507 10 view .LVU771
 2293 0224 A842     		cmp	r0, r5
 2294 0226 02D3     		bcc	.L158
1507:Drivers/STM32G4xx_HAL_Driver/Src/stm32g4xx_hal_spi.c ****       {
 2295              		.loc 1 1507 54 discriminator 1 view .LVU772
 2296 0228 B5F1FF3F 		cmp	r5, #-1
 2297 022c 36D1     		bne	.L159
 2298              	.L158:
1507:Drivers/STM32G4xx_HAL_Driver/Src/stm32g4xx_hal_spi.c ****       {
 2299              		.loc 1 1507 87 discriminator 3 view .LVU773
 2300 022e 002D     		cmp	r5, #0
 2301 0230 34D0     		beq	.L159
 2302              	.LVL120:
 2303              	.L160:
1450:Drivers/STM32G4xx_HAL_Driver/Src/stm32g4xx_hal_spi.c ****     {
 2304              		.loc 1 1450 37 is_stmt 1 view .LVU774
1450:Drivers/STM32G4xx_HAL_Driver/Src/stm32g4xx_hal_spi.c ****     {
 2305              		.loc 1 1450 17 is_stmt 0 view .LVU775
ARM GAS  C:\Users\Booster\AppData\Local\Temp\ccQdKe81.s 			page 130


 2306 0232 E38F     		ldrh	r3, [r4, #62]
 2307 0234 9BB2     		uxth	r3, r3
1450:Drivers/STM32G4xx_HAL_Driver/Src/stm32g4xx_hal_spi.c ****     {
 2308              		.loc 1 1450 37 view .LVU776
 2309 0236 23B9     		cbnz	r3, .L161
1450:Drivers/STM32G4xx_HAL_Driver/Src/stm32g4xx_hal_spi.c ****     {
 2310              		.loc 1 1450 45 discriminator 1 view .LVU777
 2311 0238 B4F84630 		ldrh	r3, [r4, #70]
 2312 023c 9BB2     		uxth	r3, r3
1450:Drivers/STM32G4xx_HAL_Driver/Src/stm32g4xx_hal_spi.c ****     {
 2313              		.loc 1 1450 37 discriminator 1 view .LVU778
 2314 023e 002B     		cmp	r3, #0
 2315 0240 31D0     		beq	.L150
 2316              	.L161:
1453:Drivers/STM32G4xx_HAL_Driver/Src/stm32g4xx_hal_spi.c ****       {
 2317              		.loc 1 1453 7 is_stmt 1 view .LVU779
1453:Drivers/STM32G4xx_HAL_Driver/Src/stm32g4xx_hal_spi.c ****       {
 2318              		.loc 1 1453 12 is_stmt 0 view .LVU780
 2319 0242 2368     		ldr	r3, [r4]
 2320 0244 9A68     		ldr	r2, [r3, #8]
1453:Drivers/STM32G4xx_HAL_Driver/Src/stm32g4xx_hal_spi.c ****       {
 2321              		.loc 1 1453 10 view .LVU781
 2322 0246 12F0020F 		tst	r2, #2
 2323 024a 04D0     		beq	.L154
1453:Drivers/STM32G4xx_HAL_Driver/Src/stm32g4xx_hal_spi.c ****       {
 2324              		.loc 1 1453 60 discriminator 1 view .LVU782
 2325 024c E28F     		ldrh	r2, [r4, #62]
 2326 024e 92B2     		uxth	r2, r2
1453:Drivers/STM32G4xx_HAL_Driver/Src/stm32g4xx_hal_spi.c ****       {
 2327              		.loc 1 1453 52 discriminator 1 view .LVU783
 2328 0250 0AB1     		cbz	r2, .L154
1453:Drivers/STM32G4xx_HAL_Driver/Src/stm32g4xx_hal_spi.c ****       {
 2329              		.loc 1 1453 80 discriminator 2 view .LVU784
 2330 0252 002F     		cmp	r7, #0
 2331 0254 B0D1     		bne	.L175
 2332              	.LVL121:
 2333              	.L154:
1485:Drivers/STM32G4xx_HAL_Driver/Src/stm32g4xx_hal_spi.c ****       {
 2334              		.loc 1 1485 7 is_stmt 1 view .LVU785
1485:Drivers/STM32G4xx_HAL_Driver/Src/stm32g4xx_hal_spi.c ****       {
 2335              		.loc 1 1485 12 is_stmt 0 view .LVU786
 2336 0256 2368     		ldr	r3, [r4]
 2337 0258 9A68     		ldr	r2, [r3, #8]
1485:Drivers/STM32G4xx_HAL_Driver/Src/stm32g4xx_hal_spi.c ****       {
 2338              		.loc 1 1485 10 view .LVU787
 2339 025a 12F0010F 		tst	r2, #1
 2340 025e DED0     		beq	.L156
1485:Drivers/STM32G4xx_HAL_Driver/Src/stm32g4xx_hal_spi.c ****       {
 2341              		.loc 1 1485 61 discriminator 1 view .LVU788
 2342 0260 B4F84620 		ldrh	r2, [r4, #70]
 2343 0264 92B2     		uxth	r2, r2
1485:Drivers/STM32G4xx_HAL_Driver/Src/stm32g4xx_hal_spi.c ****       {
 2344              		.loc 1 1485 53 discriminator 1 view .LVU789
 2345 0266 002A     		cmp	r2, #0
 2346 0268 D9D0     		beq	.L156
1487:Drivers/STM32G4xx_HAL_Driver/Src/stm32g4xx_hal_spi.c ****         {
 2347              		.loc 1 1487 9 is_stmt 1 view .LVU790
ARM GAS  C:\Users\Booster\AppData\Local\Temp\ccQdKe81.s 			page 131


1487:Drivers/STM32G4xx_HAL_Driver/Src/stm32g4xx_hal_spi.c ****         {
 2348              		.loc 1 1487 17 is_stmt 0 view .LVU791
 2349 026a B4F84620 		ldrh	r2, [r4, #70]
 2350 026e 92B2     		uxth	r2, r2
1487:Drivers/STM32G4xx_HAL_Driver/Src/stm32g4xx_hal_spi.c ****         {
 2351              		.loc 1 1487 12 view .LVU792
 2352 0270 012A     		cmp	r2, #1
 2353 0272 C6D9     		bls	.L157
1489:Drivers/STM32G4xx_HAL_Driver/Src/stm32g4xx_hal_spi.c ****           hspi->pRxBuffPtr += sizeof(uint16_t);
 2354              		.loc 1 1489 11 is_stmt 1 view .LVU793
1489:Drivers/STM32G4xx_HAL_Driver/Src/stm32g4xx_hal_spi.c ****           hspi->pRxBuffPtr += sizeof(uint16_t);
 2355              		.loc 1 1489 69 is_stmt 0 view .LVU794
 2356 0274 DA68     		ldr	r2, [r3, #12]
1489:Drivers/STM32G4xx_HAL_Driver/Src/stm32g4xx_hal_spi.c ****           hspi->pRxBuffPtr += sizeof(uint16_t);
 2357              		.loc 1 1489 29 view .LVU795
 2358 0276 236C     		ldr	r3, [r4, #64]
1489:Drivers/STM32G4xx_HAL_Driver/Src/stm32g4xx_hal_spi.c ****           hspi->pRxBuffPtr += sizeof(uint16_t);
 2359              		.loc 1 1489 43 view .LVU796
 2360 0278 1A80     		strh	r2, [r3]	@ movhi
1490:Drivers/STM32G4xx_HAL_Driver/Src/stm32g4xx_hal_spi.c ****           hspi->RxXferCount -= 2U;
 2361              		.loc 1 1490 11 is_stmt 1 view .LVU797
1490:Drivers/STM32G4xx_HAL_Driver/Src/stm32g4xx_hal_spi.c ****           hspi->RxXferCount -= 2U;
 2362              		.loc 1 1490 15 is_stmt 0 view .LVU798
 2363 027a 236C     		ldr	r3, [r4, #64]
1490:Drivers/STM32G4xx_HAL_Driver/Src/stm32g4xx_hal_spi.c ****           hspi->RxXferCount -= 2U;
 2364              		.loc 1 1490 28 view .LVU799
 2365 027c 0233     		adds	r3, r3, #2
 2366 027e 2364     		str	r3, [r4, #64]
1491:Drivers/STM32G4xx_HAL_Driver/Src/stm32g4xx_hal_spi.c ****           if (hspi->RxXferCount <= 1U)
 2367              		.loc 1 1491 11 is_stmt 1 view .LVU800
1491:Drivers/STM32G4xx_HAL_Driver/Src/stm32g4xx_hal_spi.c ****           if (hspi->RxXferCount <= 1U)
 2368              		.loc 1 1491 15 is_stmt 0 view .LVU801
 2369 0280 B4F84630 		ldrh	r3, [r4, #70]
 2370 0284 9BB2     		uxth	r3, r3
1491:Drivers/STM32G4xx_HAL_Driver/Src/stm32g4xx_hal_spi.c ****           if (hspi->RxXferCount <= 1U)
 2371              		.loc 1 1491 29 view .LVU802
 2372 0286 023B     		subs	r3, r3, #2
 2373 0288 9BB2     		uxth	r3, r3
 2374 028a A4F84630 		strh	r3, [r4, #70]	@ movhi
1492:Drivers/STM32G4xx_HAL_Driver/Src/stm32g4xx_hal_spi.c ****           {
 2375              		.loc 1 1492 11 is_stmt 1 view .LVU803
1492:Drivers/STM32G4xx_HAL_Driver/Src/stm32g4xx_hal_spi.c ****           {
 2376              		.loc 1 1492 19 is_stmt 0 view .LVU804
 2377 028e B4F84630 		ldrh	r3, [r4, #70]
 2378 0292 9BB2     		uxth	r3, r3
1492:Drivers/STM32G4xx_HAL_Driver/Src/stm32g4xx_hal_spi.c ****           {
 2379              		.loc 1 1492 14 view .LVU805
 2380 0294 012B     		cmp	r3, #1
 2381 0296 ADD9     		bls	.L176
1505:Drivers/STM32G4xx_HAL_Driver/Src/stm32g4xx_hal_spi.c ****       }
 2382              		.loc 1 1505 19 view .LVU806
 2383 0298 0127     		movs	r7, #1
 2384              	.LVL122:
1505:Drivers/STM32G4xx_HAL_Driver/Src/stm32g4xx_hal_spi.c ****       }
 2385              		.loc 1 1505 19 view .LVU807
 2386 029a C0E7     		b	.L156
 2387              	.LVL123:
ARM GAS  C:\Users\Booster\AppData\Local\Temp\ccQdKe81.s 			page 132


 2388              	.L159:
1509:Drivers/STM32G4xx_HAL_Driver/Src/stm32g4xx_hal_spi.c ****         hspi->State = HAL_SPI_STATE_READY;
 2389              		.loc 1 1509 9 is_stmt 1 view .LVU808
1510:Drivers/STM32G4xx_HAL_Driver/Src/stm32g4xx_hal_spi.c ****         goto error;
 2390              		.loc 1 1510 9 view .LVU809
1510:Drivers/STM32G4xx_HAL_Driver/Src/stm32g4xx_hal_spi.c ****         goto error;
 2391              		.loc 1 1510 21 is_stmt 0 view .LVU810
 2392 029c 0123     		movs	r3, #1
 2393 029e 84F85D30 		strb	r3, [r4, #93]
1511:Drivers/STM32G4xx_HAL_Driver/Src/stm32g4xx_hal_spi.c ****       }
 2394              		.loc 1 1511 9 is_stmt 1 view .LVU811
1509:Drivers/STM32G4xx_HAL_Driver/Src/stm32g4xx_hal_spi.c ****         hspi->State = HAL_SPI_STATE_READY;
 2395              		.loc 1 1509 19 is_stmt 0 view .LVU812
 2396 02a2 0320     		movs	r0, #3
1511:Drivers/STM32G4xx_HAL_Driver/Src/stm32g4xx_hal_spi.c ****       }
 2397              		.loc 1 1511 9 view .LVU813
 2398 02a4 0FE0     		b	.L137
 2399              	.LVL124:
 2400              	.L150:
1574:Drivers/STM32G4xx_HAL_Driver/Src/stm32g4xx_hal_spi.c ****   {
 2401              		.loc 1 1574 3 is_stmt 1 view .LVU814
1574:Drivers/STM32G4xx_HAL_Driver/Src/stm32g4xx_hal_spi.c ****   {
 2402              		.loc 1 1574 7 is_stmt 0 view .LVU815
 2403 02a6 3246     		mov	r2, r6
 2404 02a8 2946     		mov	r1, r5
 2405 02aa 2046     		mov	r0, r4
 2406 02ac FFF7FEFF 		bl	SPI_EndRxTxTransaction
 2407              	.LVL125:
1574:Drivers/STM32G4xx_HAL_Driver/Src/stm32g4xx_hal_spi.c ****   {
 2408              		.loc 1 1574 6 view .LVU816
 2409 02b0 10B1     		cbz	r0, .L162
1576:Drivers/STM32G4xx_HAL_Driver/Src/stm32g4xx_hal_spi.c ****     hspi->ErrorCode = HAL_SPI_ERROR_FLAG;
 2410              		.loc 1 1576 5 is_stmt 1 view .LVU817
 2411              	.LVL126:
1577:Drivers/STM32G4xx_HAL_Driver/Src/stm32g4xx_hal_spi.c ****   }
 2412              		.loc 1 1577 5 view .LVU818
1577:Drivers/STM32G4xx_HAL_Driver/Src/stm32g4xx_hal_spi.c ****   }
 2413              		.loc 1 1577 21 is_stmt 0 view .LVU819
 2414 02b2 2023     		movs	r3, #32
 2415 02b4 2366     		str	r3, [r4, #96]
1576:Drivers/STM32G4xx_HAL_Driver/Src/stm32g4xx_hal_spi.c ****     hspi->ErrorCode = HAL_SPI_ERROR_FLAG;
 2416              		.loc 1 1576 15 view .LVU820
 2417 02b6 0120     		movs	r0, #1
 2418              	.LVL127:
 2419              	.L162:
1580:Drivers/STM32G4xx_HAL_Driver/Src/stm32g4xx_hal_spi.c ****   {
 2420              		.loc 1 1580 3 is_stmt 1 view .LVU821
1580:Drivers/STM32G4xx_HAL_Driver/Src/stm32g4xx_hal_spi.c ****   {
 2421              		.loc 1 1580 11 is_stmt 0 view .LVU822
 2422 02b8 236E     		ldr	r3, [r4, #96]
1580:Drivers/STM32G4xx_HAL_Driver/Src/stm32g4xx_hal_spi.c ****   {
 2423              		.loc 1 1580 6 view .LVU823
 2424 02ba 9BB9     		cbnz	r3, .L171
1586:Drivers/STM32G4xx_HAL_Driver/Src/stm32g4xx_hal_spi.c ****   }
 2425              		.loc 1 1586 5 is_stmt 1 view .LVU824
1586:Drivers/STM32G4xx_HAL_Driver/Src/stm32g4xx_hal_spi.c ****   }
 2426              		.loc 1 1586 17 is_stmt 0 view .LVU825
ARM GAS  C:\Users\Booster\AppData\Local\Temp\ccQdKe81.s 			page 133


 2427 02bc 0123     		movs	r3, #1
 2428 02be 84F85D30 		strb	r3, [r4, #93]
 2429 02c2 00E0     		b	.L137
 2430              	.LVL128:
 2431              	.L164:
1298:Drivers/STM32G4xx_HAL_Driver/Src/stm32g4xx_hal_spi.c ****     goto error;
 2432              		.loc 1 1298 15 view .LVU826
 2433 02c4 0220     		movs	r0, #2
 2434              	.LVL129:
 2435              	.L137:
1590:Drivers/STM32G4xx_HAL_Driver/Src/stm32g4xx_hal_spi.c ****   return errorcode;
 2436              		.loc 1 1590 3 is_stmt 1 view .LVU827
1590:Drivers/STM32G4xx_HAL_Driver/Src/stm32g4xx_hal_spi.c ****   return errorcode;
 2437              		.loc 1 1590 3 view .LVU828
 2438 02c6 0023     		movs	r3, #0
 2439 02c8 84F85C30 		strb	r3, [r4, #92]
1590:Drivers/STM32G4xx_HAL_Driver/Src/stm32g4xx_hal_spi.c ****   return errorcode;
 2440              		.loc 1 1590 3 view .LVU829
1591:Drivers/STM32G4xx_HAL_Driver/Src/stm32g4xx_hal_spi.c **** }
 2441              		.loc 1 1591 3 view .LVU830
 2442              	.LVL130:
 2443              	.L135:
1592:Drivers/STM32G4xx_HAL_Driver/Src/stm32g4xx_hal_spi.c **** 
 2444              		.loc 1 1592 1 is_stmt 0 view .LVU831
 2445 02cc BDE8F883 		pop	{r3, r4, r5, r6, r7, r8, r9, pc}
 2446              	.LVL131:
 2447              	.L165:
1298:Drivers/STM32G4xx_HAL_Driver/Src/stm32g4xx_hal_spi.c ****     goto error;
 2448              		.loc 1 1298 15 view .LVU832
 2449 02d0 0220     		movs	r0, #2
 2450              	.LVL132:
1298:Drivers/STM32G4xx_HAL_Driver/Src/stm32g4xx_hal_spi.c ****     goto error;
 2451              		.loc 1 1298 15 view .LVU833
 2452 02d2 F8E7     		b	.L137
 2453              	.LVL133:
 2454              	.L166:
1298:Drivers/STM32G4xx_HAL_Driver/Src/stm32g4xx_hal_spi.c ****     goto error;
 2455              		.loc 1 1298 15 view .LVU834
 2456 02d4 0220     		movs	r0, #2
 2457              	.LVL134:
1298:Drivers/STM32G4xx_HAL_Driver/Src/stm32g4xx_hal_spi.c ****     goto error;
 2458              		.loc 1 1298 15 view .LVU835
 2459 02d6 F6E7     		b	.L137
 2460              	.LVL135:
 2461              	.L167:
1304:Drivers/STM32G4xx_HAL_Driver/Src/stm32g4xx_hal_spi.c ****     goto error;
 2462              		.loc 1 1304 15 view .LVU836
 2463 02d8 0120     		movs	r0, #1
 2464              	.LVL136:
1304:Drivers/STM32G4xx_HAL_Driver/Src/stm32g4xx_hal_spi.c ****     goto error;
 2465              		.loc 1 1304 15 view .LVU837
 2466 02da F4E7     		b	.L137
 2467              	.LVL137:
 2468              	.L168:
1304:Drivers/STM32G4xx_HAL_Driver/Src/stm32g4xx_hal_spi.c ****     goto error;
 2469              		.loc 1 1304 15 view .LVU838
 2470 02dc 0120     		movs	r0, #1
ARM GAS  C:\Users\Booster\AppData\Local\Temp\ccQdKe81.s 			page 134


 2471              	.LVL138:
1304:Drivers/STM32G4xx_HAL_Driver/Src/stm32g4xx_hal_spi.c ****     goto error;
 2472              		.loc 1 1304 15 view .LVU839
 2473 02de F2E7     		b	.L137
 2474              	.LVL139:
 2475              	.L169:
1304:Drivers/STM32G4xx_HAL_Driver/Src/stm32g4xx_hal_spi.c ****     goto error;
 2476              		.loc 1 1304 15 view .LVU840
 2477 02e0 0120     		movs	r0, #1
 2478              	.LVL140:
1304:Drivers/STM32G4xx_HAL_Driver/Src/stm32g4xx_hal_spi.c ****     goto error;
 2479              		.loc 1 1304 15 view .LVU841
 2480 02e2 F0E7     		b	.L137
 2481              	.LVL141:
 2482              	.L171:
1582:Drivers/STM32G4xx_HAL_Driver/Src/stm32g4xx_hal_spi.c ****   }
 2483              		.loc 1 1582 15 view .LVU842
 2484 02e4 0120     		movs	r0, #1
 2485              	.LVL142:
1582:Drivers/STM32G4xx_HAL_Driver/Src/stm32g4xx_hal_spi.c ****   }
 2486              		.loc 1 1582 15 view .LVU843
 2487 02e6 EEE7     		b	.L137
 2488              	.LVL143:
 2489              	.L163:
1280:Drivers/STM32G4xx_HAL_Driver/Src/stm32g4xx_hal_spi.c **** 
 2490              		.loc 1 1280 3 view .LVU844
 2491 02e8 0220     		movs	r0, #2
 2492              	.LVL144:
1280:Drivers/STM32G4xx_HAL_Driver/Src/stm32g4xx_hal_spi.c **** 
 2493              		.loc 1 1280 3 view .LVU845
 2494 02ea EFE7     		b	.L135
 2495              		.cfi_endproc
 2496              	.LFE335:
 2498              		.section	.text.HAL_SPI_Receive,"ax",%progbits
 2499              		.align	1
 2500              		.global	HAL_SPI_Receive
 2501              		.syntax unified
 2502              		.thumb
 2503              		.thumb_func
 2505              	HAL_SPI_Receive:
 2506              	.LVL145:
 2507              	.LFB334:
1012:Drivers/STM32G4xx_HAL_Driver/Src/stm32g4xx_hal_spi.c **** #if (USE_SPI_CRC != 0U)
 2508              		.loc 1 1012 1 is_stmt 1 view -0
 2509              		.cfi_startproc
 2510              		@ args = 0, pretend = 0, frame = 0
 2511              		@ frame_needed = 0, uses_anonymous_args = 0
1012:Drivers/STM32G4xx_HAL_Driver/Src/stm32g4xx_hal_spi.c **** #if (USE_SPI_CRC != 0U)
 2512              		.loc 1 1012 1 is_stmt 0 view .LVU847
 2513 0000 2DE9F043 		push	{r4, r5, r6, r7, r8, r9, lr}
 2514              	.LCFI29:
 2515              		.cfi_def_cfa_offset 28
 2516              		.cfi_offset 4, -28
 2517              		.cfi_offset 5, -24
 2518              		.cfi_offset 6, -20
 2519              		.cfi_offset 7, -16
 2520              		.cfi_offset 8, -12
ARM GAS  C:\Users\Booster\AppData\Local\Temp\ccQdKe81.s 			page 135


 2521              		.cfi_offset 9, -8
 2522              		.cfi_offset 14, -4
 2523 0004 83B0     		sub	sp, sp, #12
 2524              	.LCFI30:
 2525              		.cfi_def_cfa_offset 40
 2526 0006 0446     		mov	r4, r0
1018:Drivers/STM32G4xx_HAL_Driver/Src/stm32g4xx_hal_spi.c ****   HAL_StatusTypeDef errorcode = HAL_OK;
 2527              		.loc 1 1018 3 is_stmt 1 view .LVU848
1019:Drivers/STM32G4xx_HAL_Driver/Src/stm32g4xx_hal_spi.c **** 
 2528              		.loc 1 1019 3 view .LVU849
 2529              	.LVL146:
1021:Drivers/STM32G4xx_HAL_Driver/Src/stm32g4xx_hal_spi.c ****   {
 2530              		.loc 1 1021 3 view .LVU850
1021:Drivers/STM32G4xx_HAL_Driver/Src/stm32g4xx_hal_spi.c ****   {
 2531              		.loc 1 1021 11 is_stmt 0 view .LVU851
 2532 0008 90F85D60 		ldrb	r6, [r0, #93]	@ zero_extendqisi2
 2533 000c F6B2     		uxtb	r6, r6
1021:Drivers/STM32G4xx_HAL_Driver/Src/stm32g4xx_hal_spi.c ****   {
 2534              		.loc 1 1021 6 view .LVU852
 2535 000e 012E     		cmp	r6, #1
 2536 0010 40F0C080 		bne	.L199
 2537 0014 8846     		mov	r8, r1
 2538 0016 9146     		mov	r9, r2
 2539 0018 1D46     		mov	r5, r3
1027:Drivers/STM32G4xx_HAL_Driver/Src/stm32g4xx_hal_spi.c ****   {
 2540              		.loc 1 1027 3 is_stmt 1 view .LVU853
1027:Drivers/STM32G4xx_HAL_Driver/Src/stm32g4xx_hal_spi.c ****   {
 2541              		.loc 1 1027 18 is_stmt 0 view .LVU854
 2542 001a 4368     		ldr	r3, [r0, #4]
 2543              	.LVL147:
1027:Drivers/STM32G4xx_HAL_Driver/Src/stm32g4xx_hal_spi.c ****   {
 2544              		.loc 1 1027 6 view .LVU855
 2545 001c B3F5827F 		cmp	r3, #260
 2546 0020 3DD0     		beq	.L202
 2547              	.L179:
1035:Drivers/STM32G4xx_HAL_Driver/Src/stm32g4xx_hal_spi.c **** 
 2548              		.loc 1 1035 3 is_stmt 1 view .LVU856
1035:Drivers/STM32G4xx_HAL_Driver/Src/stm32g4xx_hal_spi.c **** 
 2549              		.loc 1 1035 3 view .LVU857
 2550 0022 94F85C30 		ldrb	r3, [r4, #92]	@ zero_extendqisi2
 2551 0026 012B     		cmp	r3, #1
 2552 0028 00F0BC80 		beq	.L200
1035:Drivers/STM32G4xx_HAL_Driver/Src/stm32g4xx_hal_spi.c **** 
 2553              		.loc 1 1035 3 discriminator 2 view .LVU858
 2554 002c 0123     		movs	r3, #1
 2555 002e 84F85C30 		strb	r3, [r4, #92]
1035:Drivers/STM32G4xx_HAL_Driver/Src/stm32g4xx_hal_spi.c **** 
 2556              		.loc 1 1035 3 discriminator 2 view .LVU859
1038:Drivers/STM32G4xx_HAL_Driver/Src/stm32g4xx_hal_spi.c **** 
 2557              		.loc 1 1038 3 discriminator 2 view .LVU860
1038:Drivers/STM32G4xx_HAL_Driver/Src/stm32g4xx_hal_spi.c **** 
 2558              		.loc 1 1038 15 is_stmt 0 discriminator 2 view .LVU861
 2559 0032 FFF7FEFF 		bl	HAL_GetTick
 2560              	.LVL148:
1038:Drivers/STM32G4xx_HAL_Driver/Src/stm32g4xx_hal_spi.c **** 
 2561              		.loc 1 1038 15 discriminator 2 view .LVU862
 2562 0036 0746     		mov	r7, r0
ARM GAS  C:\Users\Booster\AppData\Local\Temp\ccQdKe81.s 			page 136


 2563              	.LVL149:
1040:Drivers/STM32G4xx_HAL_Driver/Src/stm32g4xx_hal_spi.c ****   {
 2564              		.loc 1 1040 3 is_stmt 1 discriminator 2 view .LVU863
1040:Drivers/STM32G4xx_HAL_Driver/Src/stm32g4xx_hal_spi.c ****   {
 2565              		.loc 1 1040 6 is_stmt 0 discriminator 2 view .LVU864
 2566 0038 B8F1000F 		cmp	r8, #0
 2567 003c 00F0AB80 		beq	.L178
1040:Drivers/STM32G4xx_HAL_Driver/Src/stm32g4xx_hal_spi.c ****   {
 2568              		.loc 1 1040 23 discriminator 1 view .LVU865
 2569 0040 B9F1000F 		cmp	r9, #0
 2570 0044 00F0A780 		beq	.L178
1047:Drivers/STM32G4xx_HAL_Driver/Src/stm32g4xx_hal_spi.c ****   hspi->ErrorCode   = HAL_SPI_ERROR_NONE;
 2571              		.loc 1 1047 3 is_stmt 1 view .LVU866
1047:Drivers/STM32G4xx_HAL_Driver/Src/stm32g4xx_hal_spi.c ****   hspi->ErrorCode   = HAL_SPI_ERROR_NONE;
 2572              		.loc 1 1047 21 is_stmt 0 view .LVU867
 2573 0048 0423     		movs	r3, #4
 2574 004a 84F85D30 		strb	r3, [r4, #93]
1048:Drivers/STM32G4xx_HAL_Driver/Src/stm32g4xx_hal_spi.c ****   hspi->pRxBuffPtr  = (uint8_t *)pData;
 2575              		.loc 1 1048 3 is_stmt 1 view .LVU868
1048:Drivers/STM32G4xx_HAL_Driver/Src/stm32g4xx_hal_spi.c ****   hspi->pRxBuffPtr  = (uint8_t *)pData;
 2576              		.loc 1 1048 21 is_stmt 0 view .LVU869
 2577 004e 0023     		movs	r3, #0
 2578 0050 2366     		str	r3, [r4, #96]
1049:Drivers/STM32G4xx_HAL_Driver/Src/stm32g4xx_hal_spi.c ****   hspi->RxXferSize  = Size;
 2579              		.loc 1 1049 3 is_stmt 1 view .LVU870
1049:Drivers/STM32G4xx_HAL_Driver/Src/stm32g4xx_hal_spi.c ****   hspi->RxXferSize  = Size;
 2580              		.loc 1 1049 21 is_stmt 0 view .LVU871
 2581 0052 C4F84080 		str	r8, [r4, #64]
1050:Drivers/STM32G4xx_HAL_Driver/Src/stm32g4xx_hal_spi.c ****   hspi->RxXferCount = Size;
 2582              		.loc 1 1050 3 is_stmt 1 view .LVU872
1050:Drivers/STM32G4xx_HAL_Driver/Src/stm32g4xx_hal_spi.c ****   hspi->RxXferCount = Size;
 2583              		.loc 1 1050 21 is_stmt 0 view .LVU873
 2584 0056 A4F84490 		strh	r9, [r4, #68]	@ movhi
1051:Drivers/STM32G4xx_HAL_Driver/Src/stm32g4xx_hal_spi.c **** 
 2585              		.loc 1 1051 3 is_stmt 1 view .LVU874
1051:Drivers/STM32G4xx_HAL_Driver/Src/stm32g4xx_hal_spi.c **** 
 2586              		.loc 1 1051 21 is_stmt 0 view .LVU875
 2587 005a A4F84690 		strh	r9, [r4, #70]	@ movhi
1054:Drivers/STM32G4xx_HAL_Driver/Src/stm32g4xx_hal_spi.c ****   hspi->TxXferSize  = 0U;
 2588              		.loc 1 1054 3 is_stmt 1 view .LVU876
1054:Drivers/STM32G4xx_HAL_Driver/Src/stm32g4xx_hal_spi.c ****   hspi->TxXferSize  = 0U;
 2589              		.loc 1 1054 21 is_stmt 0 view .LVU877
 2590 005e A363     		str	r3, [r4, #56]
1055:Drivers/STM32G4xx_HAL_Driver/Src/stm32g4xx_hal_spi.c ****   hspi->TxXferCount = 0U;
 2591              		.loc 1 1055 3 is_stmt 1 view .LVU878
1055:Drivers/STM32G4xx_HAL_Driver/Src/stm32g4xx_hal_spi.c ****   hspi->TxXferCount = 0U;
 2592              		.loc 1 1055 21 is_stmt 0 view .LVU879
 2593 0060 A387     		strh	r3, [r4, #60]	@ movhi
1056:Drivers/STM32G4xx_HAL_Driver/Src/stm32g4xx_hal_spi.c ****   hspi->RxISR       = NULL;
 2594              		.loc 1 1056 3 is_stmt 1 view .LVU880
1056:Drivers/STM32G4xx_HAL_Driver/Src/stm32g4xx_hal_spi.c ****   hspi->RxISR       = NULL;
 2595              		.loc 1 1056 21 is_stmt 0 view .LVU881
 2596 0062 E387     		strh	r3, [r4, #62]	@ movhi
1057:Drivers/STM32G4xx_HAL_Driver/Src/stm32g4xx_hal_spi.c ****   hspi->TxISR       = NULL;
 2597              		.loc 1 1057 3 is_stmt 1 view .LVU882
1057:Drivers/STM32G4xx_HAL_Driver/Src/stm32g4xx_hal_spi.c ****   hspi->TxISR       = NULL;
 2598              		.loc 1 1057 21 is_stmt 0 view .LVU883
ARM GAS  C:\Users\Booster\AppData\Local\Temp\ccQdKe81.s 			page 137


 2599 0064 E364     		str	r3, [r4, #76]
1058:Drivers/STM32G4xx_HAL_Driver/Src/stm32g4xx_hal_spi.c **** 
 2600              		.loc 1 1058 3 is_stmt 1 view .LVU884
1058:Drivers/STM32G4xx_HAL_Driver/Src/stm32g4xx_hal_spi.c **** 
 2601              		.loc 1 1058 21 is_stmt 0 view .LVU885
 2602 0066 2365     		str	r3, [r4, #80]
1071:Drivers/STM32G4xx_HAL_Driver/Src/stm32g4xx_hal_spi.c ****   {
 2603              		.loc 1 1071 3 is_stmt 1 view .LVU886
1071:Drivers/STM32G4xx_HAL_Driver/Src/stm32g4xx_hal_spi.c ****   {
 2604              		.loc 1 1071 17 is_stmt 0 view .LVU887
 2605 0068 E368     		ldr	r3, [r4, #12]
1071:Drivers/STM32G4xx_HAL_Driver/Src/stm32g4xx_hal_spi.c ****   {
 2606              		.loc 1 1071 6 view .LVU888
 2607 006a B3F5E06F 		cmp	r3, #1792
 2608 006e 23D9     		bls	.L181
1074:Drivers/STM32G4xx_HAL_Driver/Src/stm32g4xx_hal_spi.c ****   }
 2609              		.loc 1 1074 5 is_stmt 1 view .LVU889
 2610 0070 2268     		ldr	r2, [r4]
 2611 0072 5368     		ldr	r3, [r2, #4]
 2612 0074 23F48053 		bic	r3, r3, #4096
 2613 0078 5360     		str	r3, [r2, #4]
 2614              	.L182:
1083:Drivers/STM32G4xx_HAL_Driver/Src/stm32g4xx_hal_spi.c ****   {
 2615              		.loc 1 1083 3 view .LVU890
1083:Drivers/STM32G4xx_HAL_Driver/Src/stm32g4xx_hal_spi.c ****   {
 2616              		.loc 1 1083 17 is_stmt 0 view .LVU891
 2617 007a A368     		ldr	r3, [r4, #8]
1083:Drivers/STM32G4xx_HAL_Driver/Src/stm32g4xx_hal_spi.c ****   {
 2618              		.loc 1 1083 6 view .LVU892
 2619 007c B3F5004F 		cmp	r3, #32768
 2620 0080 20D0     		beq	.L203
 2621              	.L183:
1091:Drivers/STM32G4xx_HAL_Driver/Src/stm32g4xx_hal_spi.c ****   {
 2622              		.loc 1 1091 3 is_stmt 1 view .LVU893
1091:Drivers/STM32G4xx_HAL_Driver/Src/stm32g4xx_hal_spi.c ****   {
 2623              		.loc 1 1091 12 is_stmt 0 view .LVU894
 2624 0082 2368     		ldr	r3, [r4]
1091:Drivers/STM32G4xx_HAL_Driver/Src/stm32g4xx_hal_spi.c ****   {
 2625              		.loc 1 1091 22 view .LVU895
 2626 0084 1A68     		ldr	r2, [r3]
1091:Drivers/STM32G4xx_HAL_Driver/Src/stm32g4xx_hal_spi.c ****   {
 2627              		.loc 1 1091 6 view .LVU896
 2628 0086 12F0400F 		tst	r2, #64
 2629 008a 03D1     		bne	.L184
1094:Drivers/STM32G4xx_HAL_Driver/Src/stm32g4xx_hal_spi.c ****   }
 2630              		.loc 1 1094 5 is_stmt 1 view .LVU897
 2631 008c 1A68     		ldr	r2, [r3]
 2632 008e 42F04002 		orr	r2, r2, #64
 2633 0092 1A60     		str	r2, [r3]
 2634              	.L184:
1098:Drivers/STM32G4xx_HAL_Driver/Src/stm32g4xx_hal_spi.c ****   {
 2635              		.loc 1 1098 3 view .LVU898
1098:Drivers/STM32G4xx_HAL_Driver/Src/stm32g4xx_hal_spi.c ****   {
 2636              		.loc 1 1098 17 is_stmt 0 view .LVU899
 2637 0094 E368     		ldr	r3, [r4, #12]
1098:Drivers/STM32G4xx_HAL_Driver/Src/stm32g4xx_hal_spi.c ****   {
 2638              		.loc 1 1098 6 view .LVU900
ARM GAS  C:\Users\Booster\AppData\Local\Temp\ccQdKe81.s 			page 138


 2639 0096 B3F5E06F 		cmp	r3, #1792
 2640 009a 27D9     		bls	.L185
 2641 009c 4CE0     		b	.L186
 2642              	.LVL150:
 2643              	.L202:
1027:Drivers/STM32G4xx_HAL_Driver/Src/stm32g4xx_hal_spi.c ****   {
 2644              		.loc 1 1027 58 discriminator 1 view .LVU901
 2645 009e 8368     		ldr	r3, [r0, #8]
1027:Drivers/STM32G4xx_HAL_Driver/Src/stm32g4xx_hal_spi.c ****   {
 2646              		.loc 1 1027 44 discriminator 1 view .LVU902
 2647 00a0 002B     		cmp	r3, #0
 2648 00a2 BED1     		bne	.L179
1029:Drivers/STM32G4xx_HAL_Driver/Src/stm32g4xx_hal_spi.c ****     /* Call transmit-receive function to send Dummy data on Tx line and generate clock on CLK line 
 2649              		.loc 1 1029 5 is_stmt 1 view .LVU903
1029:Drivers/STM32G4xx_HAL_Driver/Src/stm32g4xx_hal_spi.c ****     /* Call transmit-receive function to send Dummy data on Tx line and generate clock on CLK line 
 2650              		.loc 1 1029 17 is_stmt 0 view .LVU904
 2651 00a4 0423     		movs	r3, #4
 2652 00a6 80F85D30 		strb	r3, [r0, #93]
1031:Drivers/STM32G4xx_HAL_Driver/Src/stm32g4xx_hal_spi.c ****   }
 2653              		.loc 1 1031 5 is_stmt 1 view .LVU905
1031:Drivers/STM32G4xx_HAL_Driver/Src/stm32g4xx_hal_spi.c ****   }
 2654              		.loc 1 1031 12 is_stmt 0 view .LVU906
 2655 00aa 0095     		str	r5, [sp]
 2656 00ac 1346     		mov	r3, r2
 2657 00ae 0A46     		mov	r2, r1
 2658              	.LVL151:
1031:Drivers/STM32G4xx_HAL_Driver/Src/stm32g4xx_hal_spi.c ****   }
 2659              		.loc 1 1031 12 view .LVU907
 2660 00b0 FFF7FEFF 		bl	HAL_SPI_TransmitReceive
 2661              	.LVL152:
1031:Drivers/STM32G4xx_HAL_Driver/Src/stm32g4xx_hal_spi.c ****   }
 2662              		.loc 1 1031 12 view .LVU908
 2663 00b4 0646     		mov	r6, r0
 2664 00b6 71E0     		b	.L180
 2665              	.LVL153:
 2666              	.L181:
1079:Drivers/STM32G4xx_HAL_Driver/Src/stm32g4xx_hal_spi.c ****   }
 2667              		.loc 1 1079 5 is_stmt 1 view .LVU909
 2668 00b8 2268     		ldr	r2, [r4]
 2669 00ba 5368     		ldr	r3, [r2, #4]
 2670 00bc 43F48053 		orr	r3, r3, #4096
 2671 00c0 5360     		str	r3, [r2, #4]
 2672 00c2 DAE7     		b	.L182
 2673              	.L203:
1086:Drivers/STM32G4xx_HAL_Driver/Src/stm32g4xx_hal_spi.c ****     SPI_1LINE_RX(hspi);
 2674              		.loc 1 1086 5 view .LVU910
 2675 00c4 2268     		ldr	r2, [r4]
 2676 00c6 1368     		ldr	r3, [r2]
 2677 00c8 23F04003 		bic	r3, r3, #64
 2678 00cc 1360     		str	r3, [r2]
1087:Drivers/STM32G4xx_HAL_Driver/Src/stm32g4xx_hal_spi.c ****   }
 2679              		.loc 1 1087 5 view .LVU911
 2680 00ce 2268     		ldr	r2, [r4]
 2681 00d0 1368     		ldr	r3, [r2]
 2682 00d2 23F48043 		bic	r3, r3, #16384
 2683 00d6 1360     		str	r3, [r2]
 2684 00d8 D3E7     		b	.L183
ARM GAS  C:\Users\Booster\AppData\Local\Temp\ccQdKe81.s 			page 139


 2685              	.LVL154:
 2686              	.L187:
1114:Drivers/STM32G4xx_HAL_Driver/Src/stm32g4xx_hal_spi.c ****         {
 2687              		.loc 1 1114 9 view .LVU912
1114:Drivers/STM32G4xx_HAL_Driver/Src/stm32g4xx_hal_spi.c ****         {
 2688              		.loc 1 1114 16 is_stmt 0 view .LVU913
 2689 00da FFF7FEFF 		bl	HAL_GetTick
 2690              	.LVL155:
1114:Drivers/STM32G4xx_HAL_Driver/Src/stm32g4xx_hal_spi.c ****         {
 2691              		.loc 1 1114 30 view .LVU914
 2692 00de C01B     		subs	r0, r0, r7
1114:Drivers/STM32G4xx_HAL_Driver/Src/stm32g4xx_hal_spi.c ****         {
 2693              		.loc 1 1114 12 view .LVU915
 2694 00e0 A842     		cmp	r0, r5
 2695 00e2 02D3     		bcc	.L189
1114:Drivers/STM32G4xx_HAL_Driver/Src/stm32g4xx_hal_spi.c ****         {
 2696              		.loc 1 1114 56 discriminator 1 view .LVU916
 2697 00e4 B5F1FF3F 		cmp	r5, #-1
 2698 00e8 18D1     		bne	.L190
 2699              	.L189:
1114:Drivers/STM32G4xx_HAL_Driver/Src/stm32g4xx_hal_spi.c ****         {
 2700              		.loc 1 1114 87 discriminator 3 view .LVU917
 2701 00ea BDB1     		cbz	r5, .L190
 2702              	.L185:
1101:Drivers/STM32G4xx_HAL_Driver/Src/stm32g4xx_hal_spi.c ****     {
 2703              		.loc 1 1101 30 is_stmt 1 view .LVU918
1101:Drivers/STM32G4xx_HAL_Driver/Src/stm32g4xx_hal_spi.c ****     {
 2704              		.loc 1 1101 16 is_stmt 0 view .LVU919
 2705 00ec B4F84630 		ldrh	r3, [r4, #70]
 2706 00f0 9BB2     		uxth	r3, r3
1101:Drivers/STM32G4xx_HAL_Driver/Src/stm32g4xx_hal_spi.c ****     {
 2707              		.loc 1 1101 30 view .LVU920
 2708 00f2 002B     		cmp	r3, #0
 2709 00f4 3FD0     		beq	.L192
1104:Drivers/STM32G4xx_HAL_Driver/Src/stm32g4xx_hal_spi.c ****       {
 2710              		.loc 1 1104 7 is_stmt 1 view .LVU921
1104:Drivers/STM32G4xx_HAL_Driver/Src/stm32g4xx_hal_spi.c ****       {
 2711              		.loc 1 1104 11 is_stmt 0 view .LVU922
 2712 00f6 2368     		ldr	r3, [r4]
 2713 00f8 9A68     		ldr	r2, [r3, #8]
1104:Drivers/STM32G4xx_HAL_Driver/Src/stm32g4xx_hal_spi.c ****       {
 2714              		.loc 1 1104 10 view .LVU923
 2715 00fa 12F0010F 		tst	r2, #1
 2716 00fe ECD0     		beq	.L187
1107:Drivers/STM32G4xx_HAL_Driver/Src/stm32g4xx_hal_spi.c ****         hspi->pRxBuffPtr += sizeof(uint8_t);
 2717              		.loc 1 1107 9 is_stmt 1 view .LVU924
1107:Drivers/STM32G4xx_HAL_Driver/Src/stm32g4xx_hal_spi.c ****         hspi->pRxBuffPtr += sizeof(uint8_t);
 2718              		.loc 1 1107 27 is_stmt 0 view .LVU925
 2719 0100 226C     		ldr	r2, [r4, #64]
1107:Drivers/STM32G4xx_HAL_Driver/Src/stm32g4xx_hal_spi.c ****         hspi->pRxBuffPtr += sizeof(uint8_t);
 2720              		.loc 1 1107 43 view .LVU926
 2721 0102 1B7B     		ldrb	r3, [r3, #12]	@ zero_extendqisi2
1107:Drivers/STM32G4xx_HAL_Driver/Src/stm32g4xx_hal_spi.c ****         hspi->pRxBuffPtr += sizeof(uint8_t);
 2722              		.loc 1 1107 41 view .LVU927
 2723 0104 1370     		strb	r3, [r2]
1108:Drivers/STM32G4xx_HAL_Driver/Src/stm32g4xx_hal_spi.c ****         hspi->RxXferCount--;
 2724              		.loc 1 1108 9 is_stmt 1 view .LVU928
ARM GAS  C:\Users\Booster\AppData\Local\Temp\ccQdKe81.s 			page 140


1108:Drivers/STM32G4xx_HAL_Driver/Src/stm32g4xx_hal_spi.c ****         hspi->RxXferCount--;
 2725              		.loc 1 1108 13 is_stmt 0 view .LVU929
 2726 0106 236C     		ldr	r3, [r4, #64]
1108:Drivers/STM32G4xx_HAL_Driver/Src/stm32g4xx_hal_spi.c ****         hspi->RxXferCount--;
 2727              		.loc 1 1108 26 view .LVU930
 2728 0108 0133     		adds	r3, r3, #1
 2729 010a 2364     		str	r3, [r4, #64]
1109:Drivers/STM32G4xx_HAL_Driver/Src/stm32g4xx_hal_spi.c ****       }
 2730              		.loc 1 1109 9 is_stmt 1 view .LVU931
1109:Drivers/STM32G4xx_HAL_Driver/Src/stm32g4xx_hal_spi.c ****       }
 2731              		.loc 1 1109 13 is_stmt 0 view .LVU932
 2732 010c B4F84630 		ldrh	r3, [r4, #70]
 2733 0110 9BB2     		uxth	r3, r3
1109:Drivers/STM32G4xx_HAL_Driver/Src/stm32g4xx_hal_spi.c ****       }
 2734              		.loc 1 1109 26 view .LVU933
 2735 0112 013B     		subs	r3, r3, #1
 2736 0114 9BB2     		uxth	r3, r3
 2737 0116 A4F84630 		strh	r3, [r4, #70]	@ movhi
 2738 011a E7E7     		b	.L185
 2739              	.L190:
1116:Drivers/STM32G4xx_HAL_Driver/Src/stm32g4xx_hal_spi.c ****           hspi->State = HAL_SPI_STATE_READY;
 2740              		.loc 1 1116 11 is_stmt 1 view .LVU934
 2741              	.LVL156:
1117:Drivers/STM32G4xx_HAL_Driver/Src/stm32g4xx_hal_spi.c ****           goto error;
 2742              		.loc 1 1117 11 view .LVU935
1117:Drivers/STM32G4xx_HAL_Driver/Src/stm32g4xx_hal_spi.c ****           goto error;
 2743              		.loc 1 1117 23 is_stmt 0 view .LVU936
 2744 011c 0123     		movs	r3, #1
 2745 011e 84F85D30 		strb	r3, [r4, #93]
1118:Drivers/STM32G4xx_HAL_Driver/Src/stm32g4xx_hal_spi.c ****         }
 2746              		.loc 1 1118 11 is_stmt 1 view .LVU937
1116:Drivers/STM32G4xx_HAL_Driver/Src/stm32g4xx_hal_spi.c ****           hspi->State = HAL_SPI_STATE_READY;
 2747              		.loc 1 1116 21 is_stmt 0 view .LVU938
 2748 0122 0326     		movs	r6, #3
1118:Drivers/STM32G4xx_HAL_Driver/Src/stm32g4xx_hal_spi.c ****         }
 2749              		.loc 1 1118 11 view .LVU939
 2750 0124 37E0     		b	.L178
 2751              	.LVL157:
 2752              	.L193:
1138:Drivers/STM32G4xx_HAL_Driver/Src/stm32g4xx_hal_spi.c ****         {
 2753              		.loc 1 1138 9 is_stmt 1 view .LVU940
1138:Drivers/STM32G4xx_HAL_Driver/Src/stm32g4xx_hal_spi.c ****         {
 2754              		.loc 1 1138 16 is_stmt 0 view .LVU941
 2755 0126 FFF7FEFF 		bl	HAL_GetTick
 2756              	.LVL158:
1138:Drivers/STM32G4xx_HAL_Driver/Src/stm32g4xx_hal_spi.c ****         {
 2757              		.loc 1 1138 30 view .LVU942
 2758 012a C01B     		subs	r0, r0, r7
1138:Drivers/STM32G4xx_HAL_Driver/Src/stm32g4xx_hal_spi.c ****         {
 2759              		.loc 1 1138 12 view .LVU943
 2760 012c A842     		cmp	r0, r5
 2761 012e 02D3     		bcc	.L195
1138:Drivers/STM32G4xx_HAL_Driver/Src/stm32g4xx_hal_spi.c ****         {
 2762              		.loc 1 1138 56 discriminator 1 view .LVU944
 2763 0130 B5F1FF3F 		cmp	r5, #-1
 2764 0134 1AD1     		bne	.L196
 2765              	.L195:
ARM GAS  C:\Users\Booster\AppData\Local\Temp\ccQdKe81.s 			page 141


1138:Drivers/STM32G4xx_HAL_Driver/Src/stm32g4xx_hal_spi.c ****         {
 2766              		.loc 1 1138 87 discriminator 3 view .LVU945
 2767 0136 CDB1     		cbz	r5, .L196
 2768              	.L186:
1126:Drivers/STM32G4xx_HAL_Driver/Src/stm32g4xx_hal_spi.c ****     {
 2769              		.loc 1 1126 30 is_stmt 1 view .LVU946
1126:Drivers/STM32G4xx_HAL_Driver/Src/stm32g4xx_hal_spi.c ****     {
 2770              		.loc 1 1126 16 is_stmt 0 view .LVU947
 2771 0138 B4F84630 		ldrh	r3, [r4, #70]
 2772 013c 9BB2     		uxth	r3, r3
1126:Drivers/STM32G4xx_HAL_Driver/Src/stm32g4xx_hal_spi.c ****     {
 2773              		.loc 1 1126 30 view .LVU948
 2774 013e D3B1     		cbz	r3, .L192
1129:Drivers/STM32G4xx_HAL_Driver/Src/stm32g4xx_hal_spi.c ****       {
 2775              		.loc 1 1129 7 is_stmt 1 view .LVU949
1129:Drivers/STM32G4xx_HAL_Driver/Src/stm32g4xx_hal_spi.c ****       {
 2776              		.loc 1 1129 11 is_stmt 0 view .LVU950
 2777 0140 2368     		ldr	r3, [r4]
 2778 0142 9A68     		ldr	r2, [r3, #8]
1129:Drivers/STM32G4xx_HAL_Driver/Src/stm32g4xx_hal_spi.c ****       {
 2779              		.loc 1 1129 10 view .LVU951
 2780 0144 12F0010F 		tst	r2, #1
 2781 0148 EDD0     		beq	.L193
1131:Drivers/STM32G4xx_HAL_Driver/Src/stm32g4xx_hal_spi.c ****         hspi->pRxBuffPtr += sizeof(uint16_t);
 2782              		.loc 1 1131 9 is_stmt 1 view .LVU952
1131:Drivers/STM32G4xx_HAL_Driver/Src/stm32g4xx_hal_spi.c ****         hspi->pRxBuffPtr += sizeof(uint16_t);
 2783              		.loc 1 1131 67 is_stmt 0 view .LVU953
 2784 014a DA68     		ldr	r2, [r3, #12]
1131:Drivers/STM32G4xx_HAL_Driver/Src/stm32g4xx_hal_spi.c ****         hspi->pRxBuffPtr += sizeof(uint16_t);
 2785              		.loc 1 1131 27 view .LVU954
 2786 014c 236C     		ldr	r3, [r4, #64]
1131:Drivers/STM32G4xx_HAL_Driver/Src/stm32g4xx_hal_spi.c ****         hspi->pRxBuffPtr += sizeof(uint16_t);
 2787              		.loc 1 1131 41 view .LVU955
 2788 014e 1A80     		strh	r2, [r3]	@ movhi
1132:Drivers/STM32G4xx_HAL_Driver/Src/stm32g4xx_hal_spi.c ****         hspi->RxXferCount--;
 2789              		.loc 1 1132 9 is_stmt 1 view .LVU956
1132:Drivers/STM32G4xx_HAL_Driver/Src/stm32g4xx_hal_spi.c ****         hspi->RxXferCount--;
 2790              		.loc 1 1132 13 is_stmt 0 view .LVU957
 2791 0150 236C     		ldr	r3, [r4, #64]
1132:Drivers/STM32G4xx_HAL_Driver/Src/stm32g4xx_hal_spi.c ****         hspi->RxXferCount--;
 2792              		.loc 1 1132 26 view .LVU958
 2793 0152 0233     		adds	r3, r3, #2
 2794 0154 2364     		str	r3, [r4, #64]
1133:Drivers/STM32G4xx_HAL_Driver/Src/stm32g4xx_hal_spi.c ****       }
 2795              		.loc 1 1133 9 is_stmt 1 view .LVU959
1133:Drivers/STM32G4xx_HAL_Driver/Src/stm32g4xx_hal_spi.c ****       }
 2796              		.loc 1 1133 13 is_stmt 0 view .LVU960
 2797 0156 B4F846C0 		ldrh	ip, [r4, #70]
 2798 015a 1FFA8CFC 		uxth	ip, ip
1133:Drivers/STM32G4xx_HAL_Driver/Src/stm32g4xx_hal_spi.c ****       }
 2799              		.loc 1 1133 26 view .LVU961
 2800 015e 0CF1FF3C 		add	ip, ip, #-1
 2801 0162 1FFA8CFC 		uxth	ip, ip
 2802 0166 A4F846C0 		strh	ip, [r4, #70]	@ movhi
 2803 016a E5E7     		b	.L186
 2804              	.L196:
1140:Drivers/STM32G4xx_HAL_Driver/Src/stm32g4xx_hal_spi.c ****           hspi->State = HAL_SPI_STATE_READY;
ARM GAS  C:\Users\Booster\AppData\Local\Temp\ccQdKe81.s 			page 142


 2805              		.loc 1 1140 11 is_stmt 1 view .LVU962
 2806              	.LVL159:
1141:Drivers/STM32G4xx_HAL_Driver/Src/stm32g4xx_hal_spi.c ****           goto error;
 2807              		.loc 1 1141 11 view .LVU963
1141:Drivers/STM32G4xx_HAL_Driver/Src/stm32g4xx_hal_spi.c ****           goto error;
 2808              		.loc 1 1141 23 is_stmt 0 view .LVU964
 2809 016c 0123     		movs	r3, #1
 2810 016e 84F85D30 		strb	r3, [r4, #93]
1142:Drivers/STM32G4xx_HAL_Driver/Src/stm32g4xx_hal_spi.c ****         }
 2811              		.loc 1 1142 11 is_stmt 1 view .LVU965
1140:Drivers/STM32G4xx_HAL_Driver/Src/stm32g4xx_hal_spi.c ****           hspi->State = HAL_SPI_STATE_READY;
 2812              		.loc 1 1140 21 is_stmt 0 view .LVU966
 2813 0172 0326     		movs	r6, #3
1142:Drivers/STM32G4xx_HAL_Driver/Src/stm32g4xx_hal_spi.c ****         }
 2814              		.loc 1 1142 11 view .LVU967
 2815 0174 0FE0     		b	.L178
 2816              	.LVL160:
 2817              	.L192:
1218:Drivers/STM32G4xx_HAL_Driver/Src/stm32g4xx_hal_spi.c ****   {
 2818              		.loc 1 1218 3 is_stmt 1 view .LVU968
1218:Drivers/STM32G4xx_HAL_Driver/Src/stm32g4xx_hal_spi.c ****   {
 2819              		.loc 1 1218 7 is_stmt 0 view .LVU969
 2820 0176 3A46     		mov	r2, r7
 2821 0178 2946     		mov	r1, r5
 2822 017a 2046     		mov	r0, r4
 2823 017c FFF7FEFF 		bl	SPI_EndRxTransaction
 2824              	.LVL161:
1218:Drivers/STM32G4xx_HAL_Driver/Src/stm32g4xx_hal_spi.c ****   {
 2825              		.loc 1 1218 6 view .LVU970
 2826 0180 08B1     		cbz	r0, .L198
1220:Drivers/STM32G4xx_HAL_Driver/Src/stm32g4xx_hal_spi.c ****   }
 2827              		.loc 1 1220 5 is_stmt 1 view .LVU971
1220:Drivers/STM32G4xx_HAL_Driver/Src/stm32g4xx_hal_spi.c ****   }
 2828              		.loc 1 1220 21 is_stmt 0 view .LVU972
 2829 0182 2023     		movs	r3, #32
 2830 0184 2366     		str	r3, [r4, #96]
 2831              	.L198:
1232:Drivers/STM32G4xx_HAL_Driver/Src/stm32g4xx_hal_spi.c ****   {
 2832              		.loc 1 1232 3 is_stmt 1 view .LVU973
1232:Drivers/STM32G4xx_HAL_Driver/Src/stm32g4xx_hal_spi.c ****   {
 2833              		.loc 1 1232 11 is_stmt 0 view .LVU974
 2834 0186 236E     		ldr	r3, [r4, #96]
1232:Drivers/STM32G4xx_HAL_Driver/Src/stm32g4xx_hal_spi.c ****   {
 2835              		.loc 1 1232 6 view .LVU975
 2836 0188 2BB9     		cbnz	r3, .L178
1238:Drivers/STM32G4xx_HAL_Driver/Src/stm32g4xx_hal_spi.c ****   }
 2837              		.loc 1 1238 5 is_stmt 1 view .LVU976
1238:Drivers/STM32G4xx_HAL_Driver/Src/stm32g4xx_hal_spi.c ****   }
 2838              		.loc 1 1238 17 is_stmt 0 view .LVU977
 2839 018a 0123     		movs	r3, #1
 2840 018c 84F85D30 		strb	r3, [r4, #93]
1019:Drivers/STM32G4xx_HAL_Driver/Src/stm32g4xx_hal_spi.c **** 
 2841              		.loc 1 1019 21 view .LVU978
 2842 0190 0026     		movs	r6, #0
 2843 0192 00E0     		b	.L178
 2844              	.LVL162:
 2845              	.L199:
ARM GAS  C:\Users\Booster\AppData\Local\Temp\ccQdKe81.s 			page 143


1023:Drivers/STM32G4xx_HAL_Driver/Src/stm32g4xx_hal_spi.c ****     goto error;
 2846              		.loc 1 1023 15 view .LVU979
 2847 0194 0226     		movs	r6, #2
 2848              	.LVL163:
 2849              	.L178:
1242:Drivers/STM32G4xx_HAL_Driver/Src/stm32g4xx_hal_spi.c ****   return errorcode;
 2850              		.loc 1 1242 3 is_stmt 1 view .LVU980
1242:Drivers/STM32G4xx_HAL_Driver/Src/stm32g4xx_hal_spi.c ****   return errorcode;
 2851              		.loc 1 1242 3 view .LVU981
 2852 0196 0023     		movs	r3, #0
 2853 0198 84F85C30 		strb	r3, [r4, #92]
1242:Drivers/STM32G4xx_HAL_Driver/Src/stm32g4xx_hal_spi.c ****   return errorcode;
 2854              		.loc 1 1242 3 view .LVU982
1243:Drivers/STM32G4xx_HAL_Driver/Src/stm32g4xx_hal_spi.c **** }
 2855              		.loc 1 1243 3 view .LVU983
 2856              	.LVL164:
 2857              	.L180:
1244:Drivers/STM32G4xx_HAL_Driver/Src/stm32g4xx_hal_spi.c **** 
 2858              		.loc 1 1244 1 is_stmt 0 view .LVU984
 2859 019c 3046     		mov	r0, r6
 2860 019e 03B0     		add	sp, sp, #12
 2861              	.LCFI31:
 2862              		.cfi_remember_state
 2863              		.cfi_def_cfa_offset 28
 2864              		@ sp needed
 2865 01a0 BDE8F083 		pop	{r4, r5, r6, r7, r8, r9, pc}
 2866              	.LVL165:
 2867              	.L200:
 2868              	.LCFI32:
 2869              		.cfi_restore_state
1035:Drivers/STM32G4xx_HAL_Driver/Src/stm32g4xx_hal_spi.c **** 
 2870              		.loc 1 1035 3 view .LVU985
 2871 01a4 0226     		movs	r6, #2
 2872 01a6 F9E7     		b	.L180
 2873              		.cfi_endproc
 2874              	.LFE334:
 2876              		.section	.text.HAL_SPI_Transmit_IT,"ax",%progbits
 2877              		.align	1
 2878              		.global	HAL_SPI_Transmit_IT
 2879              		.syntax unified
 2880              		.thumb
 2881              		.thumb_func
 2883              	HAL_SPI_Transmit_IT:
 2884              	.LVL166:
 2885              	.LFB336:
1603:Drivers/STM32G4xx_HAL_Driver/Src/stm32g4xx_hal_spi.c ****   HAL_StatusTypeDef errorcode = HAL_OK;
 2886              		.loc 1 1603 1 is_stmt 1 view -0
 2887              		.cfi_startproc
 2888              		@ args = 0, pretend = 0, frame = 0
 2889              		@ frame_needed = 0, uses_anonymous_args = 0
 2890              		@ link register save eliminated.
1604:Drivers/STM32G4xx_HAL_Driver/Src/stm32g4xx_hal_spi.c **** 
 2891              		.loc 1 1604 3 view .LVU987
1607:Drivers/STM32G4xx_HAL_Driver/Src/stm32g4xx_hal_spi.c **** 
 2892              		.loc 1 1607 3 view .LVU988
1610:Drivers/STM32G4xx_HAL_Driver/Src/stm32g4xx_hal_spi.c ****   {
 2893              		.loc 1 1610 3 view .LVU989
ARM GAS  C:\Users\Booster\AppData\Local\Temp\ccQdKe81.s 			page 144


1610:Drivers/STM32G4xx_HAL_Driver/Src/stm32g4xx_hal_spi.c ****   {
 2894              		.loc 1 1610 6 is_stmt 0 view .LVU990
 2895 0000 0029     		cmp	r1, #0
 2896 0002 49D0     		beq	.L210
1603:Drivers/STM32G4xx_HAL_Driver/Src/stm32g4xx_hal_spi.c ****   HAL_StatusTypeDef errorcode = HAL_OK;
 2897              		.loc 1 1603 1 discriminator 1 view .LVU991
 2898 0004 10B4     		push	{r4}
 2899              	.LCFI33:
 2900              		.cfi_def_cfa_offset 4
 2901              		.cfi_offset 4, -4
1610:Drivers/STM32G4xx_HAL_Driver/Src/stm32g4xx_hal_spi.c ****   {
 2902              		.loc 1 1610 23 discriminator 1 view .LVU992
 2903 0006 002A     		cmp	r2, #0
 2904 0008 48D0     		beq	.L211
1616:Drivers/STM32G4xx_HAL_Driver/Src/stm32g4xx_hal_spi.c ****   {
 2905              		.loc 1 1616 3 is_stmt 1 view .LVU993
1616:Drivers/STM32G4xx_HAL_Driver/Src/stm32g4xx_hal_spi.c ****   {
 2906              		.loc 1 1616 11 is_stmt 0 view .LVU994
 2907 000a 90F85D30 		ldrb	r3, [r0, #93]	@ zero_extendqisi2
 2908 000e DBB2     		uxtb	r3, r3
1616:Drivers/STM32G4xx_HAL_Driver/Src/stm32g4xx_hal_spi.c ****   {
 2909              		.loc 1 1616 6 view .LVU995
 2910 0010 012B     		cmp	r3, #1
 2911 0012 45D1     		bne	.L212
1623:Drivers/STM32G4xx_HAL_Driver/Src/stm32g4xx_hal_spi.c **** 
 2912              		.loc 1 1623 3 is_stmt 1 view .LVU996
1623:Drivers/STM32G4xx_HAL_Driver/Src/stm32g4xx_hal_spi.c **** 
 2913              		.loc 1 1623 3 view .LVU997
 2914 0014 90F85C30 		ldrb	r3, [r0, #92]	@ zero_extendqisi2
 2915 0018 012B     		cmp	r3, #1
 2916 001a 43D0     		beq	.L213
1623:Drivers/STM32G4xx_HAL_Driver/Src/stm32g4xx_hal_spi.c **** 
 2917              		.loc 1 1623 3 discriminator 2 view .LVU998
 2918 001c 0123     		movs	r3, #1
 2919 001e 80F85C30 		strb	r3, [r0, #92]
1623:Drivers/STM32G4xx_HAL_Driver/Src/stm32g4xx_hal_spi.c **** 
 2920              		.loc 1 1623 3 discriminator 2 view .LVU999
1626:Drivers/STM32G4xx_HAL_Driver/Src/stm32g4xx_hal_spi.c ****   hspi->ErrorCode   = HAL_SPI_ERROR_NONE;
 2921              		.loc 1 1626 3 discriminator 2 view .LVU1000
1626:Drivers/STM32G4xx_HAL_Driver/Src/stm32g4xx_hal_spi.c ****   hspi->ErrorCode   = HAL_SPI_ERROR_NONE;
 2922              		.loc 1 1626 21 is_stmt 0 discriminator 2 view .LVU1001
 2923 0022 0323     		movs	r3, #3
 2924 0024 80F85D30 		strb	r3, [r0, #93]
1627:Drivers/STM32G4xx_HAL_Driver/Src/stm32g4xx_hal_spi.c ****   hspi->pTxBuffPtr  = (uint8_t *)pData;
 2925              		.loc 1 1627 3 is_stmt 1 discriminator 2 view .LVU1002
1627:Drivers/STM32G4xx_HAL_Driver/Src/stm32g4xx_hal_spi.c ****   hspi->pTxBuffPtr  = (uint8_t *)pData;
 2926              		.loc 1 1627 21 is_stmt 0 discriminator 2 view .LVU1003
 2927 0028 0023     		movs	r3, #0
 2928 002a 0366     		str	r3, [r0, #96]
1628:Drivers/STM32G4xx_HAL_Driver/Src/stm32g4xx_hal_spi.c ****   hspi->TxXferSize  = Size;
 2929              		.loc 1 1628 3 is_stmt 1 discriminator 2 view .LVU1004
1628:Drivers/STM32G4xx_HAL_Driver/Src/stm32g4xx_hal_spi.c ****   hspi->TxXferSize  = Size;
 2930              		.loc 1 1628 21 is_stmt 0 discriminator 2 view .LVU1005
 2931 002c 8163     		str	r1, [r0, #56]
1629:Drivers/STM32G4xx_HAL_Driver/Src/stm32g4xx_hal_spi.c ****   hspi->TxXferCount = Size;
 2932              		.loc 1 1629 3 is_stmt 1 discriminator 2 view .LVU1006
1629:Drivers/STM32G4xx_HAL_Driver/Src/stm32g4xx_hal_spi.c ****   hspi->TxXferCount = Size;
ARM GAS  C:\Users\Booster\AppData\Local\Temp\ccQdKe81.s 			page 145


 2933              		.loc 1 1629 21 is_stmt 0 discriminator 2 view .LVU1007
 2934 002e 8287     		strh	r2, [r0, #60]	@ movhi
1630:Drivers/STM32G4xx_HAL_Driver/Src/stm32g4xx_hal_spi.c **** 
 2935              		.loc 1 1630 3 is_stmt 1 discriminator 2 view .LVU1008
1630:Drivers/STM32G4xx_HAL_Driver/Src/stm32g4xx_hal_spi.c **** 
 2936              		.loc 1 1630 21 is_stmt 0 discriminator 2 view .LVU1009
 2937 0030 C287     		strh	r2, [r0, #62]	@ movhi
1633:Drivers/STM32G4xx_HAL_Driver/Src/stm32g4xx_hal_spi.c ****   hspi->RxXferSize  = 0U;
 2938              		.loc 1 1633 3 is_stmt 1 discriminator 2 view .LVU1010
1633:Drivers/STM32G4xx_HAL_Driver/Src/stm32g4xx_hal_spi.c ****   hspi->RxXferSize  = 0U;
 2939              		.loc 1 1633 21 is_stmt 0 discriminator 2 view .LVU1011
 2940 0032 0364     		str	r3, [r0, #64]
1634:Drivers/STM32G4xx_HAL_Driver/Src/stm32g4xx_hal_spi.c ****   hspi->RxXferCount = 0U;
 2941              		.loc 1 1634 3 is_stmt 1 discriminator 2 view .LVU1012
1634:Drivers/STM32G4xx_HAL_Driver/Src/stm32g4xx_hal_spi.c ****   hspi->RxXferCount = 0U;
 2942              		.loc 1 1634 21 is_stmt 0 discriminator 2 view .LVU1013
 2943 0034 A0F84430 		strh	r3, [r0, #68]	@ movhi
1635:Drivers/STM32G4xx_HAL_Driver/Src/stm32g4xx_hal_spi.c ****   hspi->RxISR       = NULL;
 2944              		.loc 1 1635 3 is_stmt 1 discriminator 2 view .LVU1014
1635:Drivers/STM32G4xx_HAL_Driver/Src/stm32g4xx_hal_spi.c ****   hspi->RxISR       = NULL;
 2945              		.loc 1 1635 21 is_stmt 0 discriminator 2 view .LVU1015
 2946 0038 A0F84630 		strh	r3, [r0, #70]	@ movhi
1636:Drivers/STM32G4xx_HAL_Driver/Src/stm32g4xx_hal_spi.c **** 
 2947              		.loc 1 1636 3 is_stmt 1 discriminator 2 view .LVU1016
1636:Drivers/STM32G4xx_HAL_Driver/Src/stm32g4xx_hal_spi.c **** 
 2948              		.loc 1 1636 21 is_stmt 0 discriminator 2 view .LVU1017
 2949 003c C364     		str	r3, [r0, #76]
1639:Drivers/STM32G4xx_HAL_Driver/Src/stm32g4xx_hal_spi.c ****   {
 2950              		.loc 1 1639 3 is_stmt 1 discriminator 2 view .LVU1018
1639:Drivers/STM32G4xx_HAL_Driver/Src/stm32g4xx_hal_spi.c ****   {
 2951              		.loc 1 1639 17 is_stmt 0 discriminator 2 view .LVU1019
 2952 003e C368     		ldr	r3, [r0, #12]
1639:Drivers/STM32G4xx_HAL_Driver/Src/stm32g4xx_hal_spi.c ****   {
 2953              		.loc 1 1639 6 discriminator 2 view .LVU1020
 2954 0040 B3F5E06F 		cmp	r3, #1792
 2955 0044 1AD9     		bls	.L206
1641:Drivers/STM32G4xx_HAL_Driver/Src/stm32g4xx_hal_spi.c ****   }
 2956              		.loc 1 1641 5 is_stmt 1 view .LVU1021
1641:Drivers/STM32G4xx_HAL_Driver/Src/stm32g4xx_hal_spi.c ****   }
 2957              		.loc 1 1641 17 is_stmt 0 view .LVU1022
 2958 0046 184B     		ldr	r3, .L219
 2959 0048 0365     		str	r3, [r0, #80]
 2960              	.L207:
1649:Drivers/STM32G4xx_HAL_Driver/Src/stm32g4xx_hal_spi.c ****   {
 2961              		.loc 1 1649 3 is_stmt 1 view .LVU1023
1649:Drivers/STM32G4xx_HAL_Driver/Src/stm32g4xx_hal_spi.c ****   {
 2962              		.loc 1 1649 17 is_stmt 0 view .LVU1024
 2963 004a 8368     		ldr	r3, [r0, #8]
1649:Drivers/STM32G4xx_HAL_Driver/Src/stm32g4xx_hal_spi.c ****   {
 2964              		.loc 1 1649 6 view .LVU1025
 2965 004c B3F5004F 		cmp	r3, #32768
 2966 0050 17D0     		beq	.L218
 2967              	.LVL167:
 2968              	.L208:
1665:Drivers/STM32G4xx_HAL_Driver/Src/stm32g4xx_hal_spi.c ****   {
 2969              		.loc 1 1665 3 is_stmt 1 view .LVU1026
1665:Drivers/STM32G4xx_HAL_Driver/Src/stm32g4xx_hal_spi.c ****   {
ARM GAS  C:\Users\Booster\AppData\Local\Temp\ccQdKe81.s 			page 146


 2970              		.loc 1 1665 12 is_stmt 0 view .LVU1027
 2971 0052 0368     		ldr	r3, [r0]
1665:Drivers/STM32G4xx_HAL_Driver/Src/stm32g4xx_hal_spi.c ****   {
 2972              		.loc 1 1665 22 view .LVU1028
 2973 0054 1A68     		ldr	r2, [r3]
1665:Drivers/STM32G4xx_HAL_Driver/Src/stm32g4xx_hal_spi.c ****   {
 2974              		.loc 1 1665 6 view .LVU1029
 2975 0056 12F0400F 		tst	r2, #64
 2976 005a 03D1     		bne	.L209
1668:Drivers/STM32G4xx_HAL_Driver/Src/stm32g4xx_hal_spi.c ****   }
 2977              		.loc 1 1668 5 is_stmt 1 view .LVU1030
 2978 005c 1A68     		ldr	r2, [r3]
 2979 005e 42F04002 		orr	r2, r2, #64
 2980 0062 1A60     		str	r2, [r3]
 2981              	.L209:
1672:Drivers/STM32G4xx_HAL_Driver/Src/stm32g4xx_hal_spi.c ****   /* Enable TXE and ERR interrupt */
 2982              		.loc 1 1672 3 view .LVU1031
1672:Drivers/STM32G4xx_HAL_Driver/Src/stm32g4xx_hal_spi.c ****   /* Enable TXE and ERR interrupt */
 2983              		.loc 1 1672 3 view .LVU1032
 2984 0064 0023     		movs	r3, #0
 2985 0066 80F85C30 		strb	r3, [r0, #92]
1672:Drivers/STM32G4xx_HAL_Driver/Src/stm32g4xx_hal_spi.c ****   /* Enable TXE and ERR interrupt */
 2986              		.loc 1 1672 3 view .LVU1033
1674:Drivers/STM32G4xx_HAL_Driver/Src/stm32g4xx_hal_spi.c **** 
 2987              		.loc 1 1674 3 view .LVU1034
 2988 006a 0168     		ldr	r1, [r0]
 2989              	.LVL168:
1674:Drivers/STM32G4xx_HAL_Driver/Src/stm32g4xx_hal_spi.c **** 
 2990              		.loc 1 1674 3 is_stmt 0 view .LVU1035
 2991 006c 4A68     		ldr	r2, [r1, #4]
 2992 006e 42F0A002 		orr	r2, r2, #160
 2993 0072 4A60     		str	r2, [r1, #4]
1604:Drivers/STM32G4xx_HAL_Driver/Src/stm32g4xx_hal_spi.c **** 
 2994              		.loc 1 1604 21 view .LVU1036
 2995 0074 1846     		mov	r0, r3
 2996              	.LVL169:
 2997              	.L205:
1678:Drivers/STM32G4xx_HAL_Driver/Src/stm32g4xx_hal_spi.c **** 
 2998              		.loc 1 1678 1 view .LVU1037
 2999 0076 5DF8044B 		ldr	r4, [sp], #4
 3000              	.LCFI34:
 3001              		.cfi_remember_state
 3002              		.cfi_restore 4
 3003              		.cfi_def_cfa_offset 0
 3004 007a 7047     		bx	lr
 3005              	.LVL170:
 3006              	.L206:
 3007              	.LCFI35:
 3008              		.cfi_restore_state
1645:Drivers/STM32G4xx_HAL_Driver/Src/stm32g4xx_hal_spi.c ****   }
 3009              		.loc 1 1645 5 is_stmt 1 view .LVU1038
1645:Drivers/STM32G4xx_HAL_Driver/Src/stm32g4xx_hal_spi.c ****   }
 3010              		.loc 1 1645 17 is_stmt 0 view .LVU1039
 3011 007c 0B4B     		ldr	r3, .L219+4
 3012 007e 0365     		str	r3, [r0, #80]
 3013 0080 E3E7     		b	.L207
 3014              	.L218:
ARM GAS  C:\Users\Booster\AppData\Local\Temp\ccQdKe81.s 			page 147


1652:Drivers/STM32G4xx_HAL_Driver/Src/stm32g4xx_hal_spi.c ****     SPI_1LINE_TX(hspi);
 3015              		.loc 1 1652 5 is_stmt 1 view .LVU1040
 3016 0082 0268     		ldr	r2, [r0]
 3017              	.LVL171:
1652:Drivers/STM32G4xx_HAL_Driver/Src/stm32g4xx_hal_spi.c ****     SPI_1LINE_TX(hspi);
 3018              		.loc 1 1652 5 is_stmt 0 view .LVU1041
 3019 0084 1368     		ldr	r3, [r2]
 3020 0086 23F04003 		bic	r3, r3, #64
 3021 008a 1360     		str	r3, [r2]
 3022              	.LVL172:
1653:Drivers/STM32G4xx_HAL_Driver/Src/stm32g4xx_hal_spi.c ****   }
 3023              		.loc 1 1653 5 is_stmt 1 view .LVU1042
 3024 008c 0268     		ldr	r2, [r0]
 3025 008e 1368     		ldr	r3, [r2]
 3026 0090 43F48043 		orr	r3, r3, #16384
 3027 0094 1360     		str	r3, [r2]
 3028 0096 DCE7     		b	.L208
 3029              	.LVL173:
 3030              	.L210:
 3031              	.LCFI36:
 3032              		.cfi_def_cfa_offset 0
 3033              		.cfi_restore 4
1612:Drivers/STM32G4xx_HAL_Driver/Src/stm32g4xx_hal_spi.c ****     goto error;
 3034              		.loc 1 1612 15 is_stmt 0 view .LVU1043
 3035 0098 0120     		movs	r0, #1
 3036              	.LVL174:
1678:Drivers/STM32G4xx_HAL_Driver/Src/stm32g4xx_hal_spi.c **** 
 3037              		.loc 1 1678 1 view .LVU1044
 3038 009a 7047     		bx	lr
 3039              	.LVL175:
 3040              	.L211:
 3041              	.LCFI37:
 3042              		.cfi_def_cfa_offset 4
 3043              		.cfi_offset 4, -4
1612:Drivers/STM32G4xx_HAL_Driver/Src/stm32g4xx_hal_spi.c ****     goto error;
 3044              		.loc 1 1612 15 view .LVU1045
 3045 009c 0120     		movs	r0, #1
 3046              	.LVL176:
1612:Drivers/STM32G4xx_HAL_Driver/Src/stm32g4xx_hal_spi.c ****     goto error;
 3047              		.loc 1 1612 15 view .LVU1046
 3048 009e EAE7     		b	.L205
 3049              	.LVL177:
 3050              	.L212:
1618:Drivers/STM32G4xx_HAL_Driver/Src/stm32g4xx_hal_spi.c ****     goto error;
 3051              		.loc 1 1618 15 view .LVU1047
 3052 00a0 0220     		movs	r0, #2
 3053              	.LVL178:
1618:Drivers/STM32G4xx_HAL_Driver/Src/stm32g4xx_hal_spi.c ****     goto error;
 3054              		.loc 1 1618 15 view .LVU1048
 3055 00a2 E8E7     		b	.L205
 3056              	.LVL179:
 3057              	.L213:
1623:Drivers/STM32G4xx_HAL_Driver/Src/stm32g4xx_hal_spi.c **** 
 3058              		.loc 1 1623 3 view .LVU1049
 3059 00a4 0220     		movs	r0, #2
 3060              	.LVL180:
1623:Drivers/STM32G4xx_HAL_Driver/Src/stm32g4xx_hal_spi.c **** 
ARM GAS  C:\Users\Booster\AppData\Local\Temp\ccQdKe81.s 			page 148


 3061              		.loc 1 1623 3 view .LVU1050
 3062 00a6 E6E7     		b	.L205
 3063              	.L220:
 3064              		.align	2
 3065              	.L219:
 3066 00a8 00000000 		.word	SPI_TxISR_16BIT
 3067 00ac 00000000 		.word	SPI_TxISR_8BIT
 3068              		.cfi_endproc
 3069              	.LFE336:
 3071              		.section	.text.HAL_SPI_TransmitReceive_IT,"ax",%progbits
 3072              		.align	1
 3073              		.global	HAL_SPI_TransmitReceive_IT
 3074              		.syntax unified
 3075              		.thumb
 3076              		.thumb_func
 3078              	HAL_SPI_TransmitReceive_IT:
 3079              	.LVL181:
 3080              	.LFB338:
1798:Drivers/STM32G4xx_HAL_Driver/Src/stm32g4xx_hal_spi.c ****   uint32_t             tmp_mode;
 3081              		.loc 1 1798 1 is_stmt 1 view -0
 3082              		.cfi_startproc
 3083              		@ args = 0, pretend = 0, frame = 0
 3084              		@ frame_needed = 0, uses_anonymous_args = 0
 3085              		@ link register save eliminated.
1798:Drivers/STM32G4xx_HAL_Driver/Src/stm32g4xx_hal_spi.c ****   uint32_t             tmp_mode;
 3086              		.loc 1 1798 1 is_stmt 0 view .LVU1052
 3087 0000 10B4     		push	{r4}
 3088              	.LCFI38:
 3089              		.cfi_def_cfa_offset 4
 3090              		.cfi_offset 4, -4
1799:Drivers/STM32G4xx_HAL_Driver/Src/stm32g4xx_hal_spi.c ****   HAL_SPI_StateTypeDef tmp_state;
 3091              		.loc 1 1799 3 is_stmt 1 view .LVU1053
1800:Drivers/STM32G4xx_HAL_Driver/Src/stm32g4xx_hal_spi.c ****   HAL_StatusTypeDef    errorcode = HAL_OK;
 3092              		.loc 1 1800 3 view .LVU1054
1801:Drivers/STM32G4xx_HAL_Driver/Src/stm32g4xx_hal_spi.c **** 
 3093              		.loc 1 1801 3 view .LVU1055
 3094              	.LVL182:
1804:Drivers/STM32G4xx_HAL_Driver/Src/stm32g4xx_hal_spi.c **** 
 3095              		.loc 1 1804 3 view .LVU1056
1807:Drivers/STM32G4xx_HAL_Driver/Src/stm32g4xx_hal_spi.c ****   tmp_mode            = hspi->Init.Mode;
 3096              		.loc 1 1807 3 view .LVU1057
1807:Drivers/STM32G4xx_HAL_Driver/Src/stm32g4xx_hal_spi.c ****   tmp_mode            = hspi->Init.Mode;
 3097              		.loc 1 1807 23 is_stmt 0 view .LVU1058
 3098 0002 90F85DC0 		ldrb	ip, [r0, #93]	@ zero_extendqisi2
 3099 0006 5FFA8CFC 		uxtb	ip, ip
 3100              	.LVL183:
1808:Drivers/STM32G4xx_HAL_Driver/Src/stm32g4xx_hal_spi.c **** 
 3101              		.loc 1 1808 3 is_stmt 1 view .LVU1059
1808:Drivers/STM32G4xx_HAL_Driver/Src/stm32g4xx_hal_spi.c **** 
 3102              		.loc 1 1808 23 is_stmt 0 view .LVU1060
 3103 000a 4468     		ldr	r4, [r0, #4]
 3104              	.LVL184:
1810:Drivers/STM32G4xx_HAL_Driver/Src/stm32g4xx_hal_spi.c ****         ((tmp_mode == SPI_MODE_MASTER) && (hspi->Init.Direction == SPI_DIRECTION_2LINES) && (tmp_st
 3105              		.loc 1 1810 3 is_stmt 1 view .LVU1061
1810:Drivers/STM32G4xx_HAL_Driver/Src/stm32g4xx_hal_spi.c ****         ((tmp_mode == SPI_MODE_MASTER) && (hspi->Init.Direction == SPI_DIRECTION_2LINES) && (tmp_st
 3106              		.loc 1 1810 6 is_stmt 0 view .LVU1062
 3107 000c BCF1010F 		cmp	ip, #1
ARM GAS  C:\Users\Booster\AppData\Local\Temp\ccQdKe81.s 			page 149


 3108 0010 08D0     		beq	.L222
1810:Drivers/STM32G4xx_HAL_Driver/Src/stm32g4xx_hal_spi.c ****         ((tmp_mode == SPI_MODE_MASTER) && (hspi->Init.Direction == SPI_DIRECTION_2LINES) && (tmp_st
 3109              		.loc 1 1810 7 discriminator 1 view .LVU1063
 3110 0012 B4F5827F 		cmp	r4, #260
 3111 0016 54D1     		bne	.L231
1811:Drivers/STM32G4xx_HAL_Driver/Src/stm32g4xx_hal_spi.c ****   {
 3112              		.loc 1 1811 54 view .LVU1064
 3113 0018 8468     		ldr	r4, [r0, #8]
 3114              	.LVL185:
1811:Drivers/STM32G4xx_HAL_Driver/Src/stm32g4xx_hal_spi.c ****   {
 3115              		.loc 1 1811 40 view .LVU1065
 3116 001a 002C     		cmp	r4, #0
 3117 001c 55D1     		bne	.L232
1811:Drivers/STM32G4xx_HAL_Driver/Src/stm32g4xx_hal_spi.c ****   {
 3118              		.loc 1 1811 90 discriminator 1 view .LVU1066
 3119 001e BCF1040F 		cmp	ip, #4
 3120 0022 54D1     		bne	.L233
 3121              	.L222:
1817:Drivers/STM32G4xx_HAL_Driver/Src/stm32g4xx_hal_spi.c ****   {
 3122              		.loc 1 1817 3 is_stmt 1 view .LVU1067
1817:Drivers/STM32G4xx_HAL_Driver/Src/stm32g4xx_hal_spi.c ****   {
 3123              		.loc 1 1817 6 is_stmt 0 view .LVU1068
 3124 0024 0029     		cmp	r1, #0
 3125 0026 54D0     		beq	.L234
1817:Drivers/STM32G4xx_HAL_Driver/Src/stm32g4xx_hal_spi.c ****   {
 3126              		.loc 1 1817 25 discriminator 1 view .LVU1069
 3127 0028 002A     		cmp	r2, #0
 3128 002a 54D0     		beq	.L235
1817:Drivers/STM32G4xx_HAL_Driver/Src/stm32g4xx_hal_spi.c ****   {
 3129              		.loc 1 1817 46 discriminator 2 view .LVU1070
 3130 002c 002B     		cmp	r3, #0
 3131 002e 54D0     		beq	.L236
1824:Drivers/STM32G4xx_HAL_Driver/Src/stm32g4xx_hal_spi.c **** 
 3132              		.loc 1 1824 3 is_stmt 1 view .LVU1071
1824:Drivers/STM32G4xx_HAL_Driver/Src/stm32g4xx_hal_spi.c **** 
 3133              		.loc 1 1824 3 view .LVU1072
 3134 0030 90F85C40 		ldrb	r4, [r0, #92]	@ zero_extendqisi2
 3135 0034 012C     		cmp	r4, #1
 3136 0036 52D0     		beq	.L237
1824:Drivers/STM32G4xx_HAL_Driver/Src/stm32g4xx_hal_spi.c **** 
 3137              		.loc 1 1824 3 discriminator 2 view .LVU1073
 3138 0038 0124     		movs	r4, #1
 3139 003a 80F85C40 		strb	r4, [r0, #92]
1824:Drivers/STM32G4xx_HAL_Driver/Src/stm32g4xx_hal_spi.c **** 
 3140              		.loc 1 1824 3 discriminator 2 view .LVU1074
1827:Drivers/STM32G4xx_HAL_Driver/Src/stm32g4xx_hal_spi.c ****   {
 3141              		.loc 1 1827 3 discriminator 2 view .LVU1075
1827:Drivers/STM32G4xx_HAL_Driver/Src/stm32g4xx_hal_spi.c ****   {
 3142              		.loc 1 1827 11 is_stmt 0 discriminator 2 view .LVU1076
 3143 003e 90F85D40 		ldrb	r4, [r0, #93]	@ zero_extendqisi2
 3144 0042 E4B2     		uxtb	r4, r4
1827:Drivers/STM32G4xx_HAL_Driver/Src/stm32g4xx_hal_spi.c ****   {
 3145              		.loc 1 1827 6 discriminator 2 view .LVU1077
 3146 0044 042C     		cmp	r4, #4
 3147 0046 02D0     		beq	.L224
1829:Drivers/STM32G4xx_HAL_Driver/Src/stm32g4xx_hal_spi.c ****   }
 3148              		.loc 1 1829 5 is_stmt 1 view .LVU1078
ARM GAS  C:\Users\Booster\AppData\Local\Temp\ccQdKe81.s 			page 150


1829:Drivers/STM32G4xx_HAL_Driver/Src/stm32g4xx_hal_spi.c ****   }
 3149              		.loc 1 1829 17 is_stmt 0 view .LVU1079
 3150 0048 0524     		movs	r4, #5
 3151 004a 80F85D40 		strb	r4, [r0, #93]
 3152              	.L224:
1833:Drivers/STM32G4xx_HAL_Driver/Src/stm32g4xx_hal_spi.c ****   hspi->pTxBuffPtr  = (uint8_t *)pTxData;
 3153              		.loc 1 1833 3 is_stmt 1 view .LVU1080
1833:Drivers/STM32G4xx_HAL_Driver/Src/stm32g4xx_hal_spi.c ****   hspi->pTxBuffPtr  = (uint8_t *)pTxData;
 3154              		.loc 1 1833 21 is_stmt 0 view .LVU1081
 3155 004e 0024     		movs	r4, #0
 3156 0050 0466     		str	r4, [r0, #96]
1834:Drivers/STM32G4xx_HAL_Driver/Src/stm32g4xx_hal_spi.c ****   hspi->TxXferSize  = Size;
 3157              		.loc 1 1834 3 is_stmt 1 view .LVU1082
1834:Drivers/STM32G4xx_HAL_Driver/Src/stm32g4xx_hal_spi.c ****   hspi->TxXferSize  = Size;
 3158              		.loc 1 1834 21 is_stmt 0 view .LVU1083
 3159 0052 8163     		str	r1, [r0, #56]
1835:Drivers/STM32G4xx_HAL_Driver/Src/stm32g4xx_hal_spi.c ****   hspi->TxXferCount = Size;
 3160              		.loc 1 1835 3 is_stmt 1 view .LVU1084
1835:Drivers/STM32G4xx_HAL_Driver/Src/stm32g4xx_hal_spi.c ****   hspi->TxXferCount = Size;
 3161              		.loc 1 1835 21 is_stmt 0 view .LVU1085
 3162 0054 8387     		strh	r3, [r0, #60]	@ movhi
1836:Drivers/STM32G4xx_HAL_Driver/Src/stm32g4xx_hal_spi.c ****   hspi->pRxBuffPtr  = (uint8_t *)pRxData;
 3163              		.loc 1 1836 3 is_stmt 1 view .LVU1086
1836:Drivers/STM32G4xx_HAL_Driver/Src/stm32g4xx_hal_spi.c ****   hspi->pRxBuffPtr  = (uint8_t *)pRxData;
 3164              		.loc 1 1836 21 is_stmt 0 view .LVU1087
 3165 0056 C387     		strh	r3, [r0, #62]	@ movhi
1837:Drivers/STM32G4xx_HAL_Driver/Src/stm32g4xx_hal_spi.c ****   hspi->RxXferSize  = Size;
 3166              		.loc 1 1837 3 is_stmt 1 view .LVU1088
1837:Drivers/STM32G4xx_HAL_Driver/Src/stm32g4xx_hal_spi.c ****   hspi->RxXferSize  = Size;
 3167              		.loc 1 1837 21 is_stmt 0 view .LVU1089
 3168 0058 0264     		str	r2, [r0, #64]
1838:Drivers/STM32G4xx_HAL_Driver/Src/stm32g4xx_hal_spi.c ****   hspi->RxXferCount = Size;
 3169              		.loc 1 1838 3 is_stmt 1 view .LVU1090
1838:Drivers/STM32G4xx_HAL_Driver/Src/stm32g4xx_hal_spi.c ****   hspi->RxXferCount = Size;
 3170              		.loc 1 1838 21 is_stmt 0 view .LVU1091
 3171 005a A0F84430 		strh	r3, [r0, #68]	@ movhi
1839:Drivers/STM32G4xx_HAL_Driver/Src/stm32g4xx_hal_spi.c **** 
 3172              		.loc 1 1839 3 is_stmt 1 view .LVU1092
1839:Drivers/STM32G4xx_HAL_Driver/Src/stm32g4xx_hal_spi.c **** 
 3173              		.loc 1 1839 21 is_stmt 0 view .LVU1093
 3174 005e A0F84630 		strh	r3, [r0, #70]	@ movhi
1842:Drivers/STM32G4xx_HAL_Driver/Src/stm32g4xx_hal_spi.c ****   {
 3175              		.loc 1 1842 3 is_stmt 1 view .LVU1094
1842:Drivers/STM32G4xx_HAL_Driver/Src/stm32g4xx_hal_spi.c ****   {
 3176              		.loc 1 1842 17 is_stmt 0 view .LVU1095
 3177 0062 C268     		ldr	r2, [r0, #12]
 3178              	.LVL186:
1842:Drivers/STM32G4xx_HAL_Driver/Src/stm32g4xx_hal_spi.c ****   {
 3179              		.loc 1 1842 6 view .LVU1096
 3180 0064 B2F5E06F 		cmp	r2, #1792
 3181 0068 20D9     		bls	.L225
1844:Drivers/STM32G4xx_HAL_Driver/Src/stm32g4xx_hal_spi.c ****     hspi->TxISR     = SPI_2linesTxISR_16BIT;
 3182              		.loc 1 1844 5 is_stmt 1 view .LVU1097
1844:Drivers/STM32G4xx_HAL_Driver/Src/stm32g4xx_hal_spi.c ****     hspi->TxISR     = SPI_2linesTxISR_16BIT;
 3183              		.loc 1 1844 21 is_stmt 0 view .LVU1098
 3184 006a 1E49     		ldr	r1, .L239
 3185              	.LVL187:
ARM GAS  C:\Users\Booster\AppData\Local\Temp\ccQdKe81.s 			page 151


1844:Drivers/STM32G4xx_HAL_Driver/Src/stm32g4xx_hal_spi.c ****     hspi->TxISR     = SPI_2linesTxISR_16BIT;
 3186              		.loc 1 1844 21 view .LVU1099
 3187 006c C164     		str	r1, [r0, #76]
1845:Drivers/STM32G4xx_HAL_Driver/Src/stm32g4xx_hal_spi.c ****   }
 3188              		.loc 1 1845 5 is_stmt 1 view .LVU1100
1845:Drivers/STM32G4xx_HAL_Driver/Src/stm32g4xx_hal_spi.c ****   }
 3189              		.loc 1 1845 21 is_stmt 0 view .LVU1101
 3190 006e 1E49     		ldr	r1, .L239+4
 3191 0070 0165     		str	r1, [r0, #80]
 3192              	.L226:
1871:Drivers/STM32G4xx_HAL_Driver/Src/stm32g4xx_hal_spi.c ****   {
 3193              		.loc 1 1871 3 is_stmt 1 view .LVU1102
1871:Drivers/STM32G4xx_HAL_Driver/Src/stm32g4xx_hal_spi.c ****   {
 3194              		.loc 1 1871 6 is_stmt 0 view .LVU1103
 3195 0072 B2F5E06F 		cmp	r2, #1792
 3196 0076 01D8     		bhi	.L227
1871:Drivers/STM32G4xx_HAL_Driver/Src/stm32g4xx_hal_spi.c ****   {
 3197              		.loc 1 1871 49 discriminator 1 view .LVU1104
 3198 0078 012B     		cmp	r3, #1
 3199 007a 1CD9     		bls	.L228
 3200              	.L227:
1874:Drivers/STM32G4xx_HAL_Driver/Src/stm32g4xx_hal_spi.c ****   }
 3201              		.loc 1 1874 5 is_stmt 1 view .LVU1105
 3202 007c 0268     		ldr	r2, [r0]
 3203 007e 5368     		ldr	r3, [r2, #4]
 3204              	.LVL188:
1874:Drivers/STM32G4xx_HAL_Driver/Src/stm32g4xx_hal_spi.c ****   }
 3205              		.loc 1 1874 5 is_stmt 0 view .LVU1106
 3206 0080 23F48053 		bic	r3, r3, #4096
 3207 0084 5360     		str	r3, [r2, #4]
 3208              	.LVL189:
 3209              	.L229:
1884:Drivers/STM32G4xx_HAL_Driver/Src/stm32g4xx_hal_spi.c ****   {
 3210              		.loc 1 1884 3 is_stmt 1 view .LVU1107
1884:Drivers/STM32G4xx_HAL_Driver/Src/stm32g4xx_hal_spi.c ****   {
 3211              		.loc 1 1884 12 is_stmt 0 view .LVU1108
 3212 0086 0368     		ldr	r3, [r0]
1884:Drivers/STM32G4xx_HAL_Driver/Src/stm32g4xx_hal_spi.c ****   {
 3213              		.loc 1 1884 22 view .LVU1109
 3214 0088 1A68     		ldr	r2, [r3]
1884:Drivers/STM32G4xx_HAL_Driver/Src/stm32g4xx_hal_spi.c ****   {
 3215              		.loc 1 1884 6 view .LVU1110
 3216 008a 12F0400F 		tst	r2, #64
 3217 008e 03D1     		bne	.L230
1887:Drivers/STM32G4xx_HAL_Driver/Src/stm32g4xx_hal_spi.c ****   }
 3218              		.loc 1 1887 5 is_stmt 1 view .LVU1111
 3219 0090 1A68     		ldr	r2, [r3]
 3220 0092 42F04002 		orr	r2, r2, #64
 3221 0096 1A60     		str	r2, [r3]
 3222              	.L230:
1891:Drivers/STM32G4xx_HAL_Driver/Src/stm32g4xx_hal_spi.c ****   /* Enable TXE, RXNE and ERR interrupt */
 3223              		.loc 1 1891 3 view .LVU1112
1891:Drivers/STM32G4xx_HAL_Driver/Src/stm32g4xx_hal_spi.c ****   /* Enable TXE, RXNE and ERR interrupt */
 3224              		.loc 1 1891 3 view .LVU1113
 3225 0098 0023     		movs	r3, #0
 3226 009a 80F85C30 		strb	r3, [r0, #92]
1891:Drivers/STM32G4xx_HAL_Driver/Src/stm32g4xx_hal_spi.c ****   /* Enable TXE, RXNE and ERR interrupt */
ARM GAS  C:\Users\Booster\AppData\Local\Temp\ccQdKe81.s 			page 152


 3227              		.loc 1 1891 3 view .LVU1114
1893:Drivers/STM32G4xx_HAL_Driver/Src/stm32g4xx_hal_spi.c **** 
 3228              		.loc 1 1893 3 view .LVU1115
 3229 009e 0168     		ldr	r1, [r0]
 3230 00a0 4A68     		ldr	r2, [r1, #4]
 3231 00a2 42F0E002 		orr	r2, r2, #224
 3232 00a6 4A60     		str	r2, [r1, #4]
1801:Drivers/STM32G4xx_HAL_Driver/Src/stm32g4xx_hal_spi.c **** 
 3233              		.loc 1 1801 24 is_stmt 0 view .LVU1116
 3234 00a8 1846     		mov	r0, r3
 3235              	.LVL190:
1801:Drivers/STM32G4xx_HAL_Driver/Src/stm32g4xx_hal_spi.c **** 
 3236              		.loc 1 1801 24 view .LVU1117
 3237 00aa 0BE0     		b	.L223
 3238              	.LVL191:
 3239              	.L225:
1849:Drivers/STM32G4xx_HAL_Driver/Src/stm32g4xx_hal_spi.c ****     hspi->TxISR     = SPI_2linesTxISR_8BIT;
 3240              		.loc 1 1849 5 is_stmt 1 view .LVU1118
1849:Drivers/STM32G4xx_HAL_Driver/Src/stm32g4xx_hal_spi.c ****     hspi->TxISR     = SPI_2linesTxISR_8BIT;
 3241              		.loc 1 1849 21 is_stmt 0 view .LVU1119
 3242 00ac 0F49     		ldr	r1, .L239+8
 3243              	.LVL192:
1849:Drivers/STM32G4xx_HAL_Driver/Src/stm32g4xx_hal_spi.c ****     hspi->TxISR     = SPI_2linesTxISR_8BIT;
 3244              		.loc 1 1849 21 view .LVU1120
 3245 00ae C164     		str	r1, [r0, #76]
1850:Drivers/STM32G4xx_HAL_Driver/Src/stm32g4xx_hal_spi.c ****   }
 3246              		.loc 1 1850 5 is_stmt 1 view .LVU1121
1850:Drivers/STM32G4xx_HAL_Driver/Src/stm32g4xx_hal_spi.c ****   }
 3247              		.loc 1 1850 21 is_stmt 0 view .LVU1122
 3248 00b0 0F49     		ldr	r1, .L239+12
 3249 00b2 0165     		str	r1, [r0, #80]
 3250 00b4 DDE7     		b	.L226
 3251              	.L228:
1879:Drivers/STM32G4xx_HAL_Driver/Src/stm32g4xx_hal_spi.c ****   }
 3252              		.loc 1 1879 5 is_stmt 1 view .LVU1123
 3253 00b6 0268     		ldr	r2, [r0]
 3254 00b8 5368     		ldr	r3, [r2, #4]
 3255              	.LVL193:
1879:Drivers/STM32G4xx_HAL_Driver/Src/stm32g4xx_hal_spi.c ****   }
 3256              		.loc 1 1879 5 is_stmt 0 view .LVU1124
 3257 00ba 43F48053 		orr	r3, r3, #4096
 3258 00be 5360     		str	r3, [r2, #4]
 3259              	.LVL194:
1879:Drivers/STM32G4xx_HAL_Driver/Src/stm32g4xx_hal_spi.c ****   }
 3260              		.loc 1 1879 5 view .LVU1125
 3261 00c0 E1E7     		b	.L229
 3262              	.LVL195:
 3263              	.L231:
1813:Drivers/STM32G4xx_HAL_Driver/Src/stm32g4xx_hal_spi.c ****     goto error;
 3264              		.loc 1 1813 15 view .LVU1126
 3265 00c2 0220     		movs	r0, #2
 3266              	.LVL196:
 3267              	.L223:
1897:Drivers/STM32G4xx_HAL_Driver/Src/stm32g4xx_hal_spi.c **** 
 3268              		.loc 1 1897 1 view .LVU1127
 3269 00c4 5DF8044B 		ldr	r4, [sp], #4
 3270              	.LCFI39:
ARM GAS  C:\Users\Booster\AppData\Local\Temp\ccQdKe81.s 			page 153


 3271              		.cfi_remember_state
 3272              		.cfi_restore 4
 3273              		.cfi_def_cfa_offset 0
 3274 00c8 7047     		bx	lr
 3275              	.LVL197:
 3276              	.L232:
 3277              	.LCFI40:
 3278              		.cfi_restore_state
1813:Drivers/STM32G4xx_HAL_Driver/Src/stm32g4xx_hal_spi.c ****     goto error;
 3279              		.loc 1 1813 15 view .LVU1128
 3280 00ca 0220     		movs	r0, #2
 3281              	.LVL198:
1813:Drivers/STM32G4xx_HAL_Driver/Src/stm32g4xx_hal_spi.c ****     goto error;
 3282              		.loc 1 1813 15 view .LVU1129
 3283 00cc FAE7     		b	.L223
 3284              	.LVL199:
 3285              	.L233:
1813:Drivers/STM32G4xx_HAL_Driver/Src/stm32g4xx_hal_spi.c ****     goto error;
 3286              		.loc 1 1813 15 view .LVU1130
 3287 00ce 0220     		movs	r0, #2
 3288              	.LVL200:
1813:Drivers/STM32G4xx_HAL_Driver/Src/stm32g4xx_hal_spi.c ****     goto error;
 3289              		.loc 1 1813 15 view .LVU1131
 3290 00d0 F8E7     		b	.L223
 3291              	.LVL201:
 3292              	.L234:
1819:Drivers/STM32G4xx_HAL_Driver/Src/stm32g4xx_hal_spi.c ****     goto error;
 3293              		.loc 1 1819 15 view .LVU1132
 3294 00d2 0120     		movs	r0, #1
 3295              	.LVL202:
1819:Drivers/STM32G4xx_HAL_Driver/Src/stm32g4xx_hal_spi.c ****     goto error;
 3296              		.loc 1 1819 15 view .LVU1133
 3297 00d4 F6E7     		b	.L223
 3298              	.LVL203:
 3299              	.L235:
1819:Drivers/STM32G4xx_HAL_Driver/Src/stm32g4xx_hal_spi.c ****     goto error;
 3300              		.loc 1 1819 15 view .LVU1134
 3301 00d6 0120     		movs	r0, #1
 3302              	.LVL204:
1819:Drivers/STM32G4xx_HAL_Driver/Src/stm32g4xx_hal_spi.c ****     goto error;
 3303              		.loc 1 1819 15 view .LVU1135
 3304 00d8 F4E7     		b	.L223
 3305              	.LVL205:
 3306              	.L236:
1819:Drivers/STM32G4xx_HAL_Driver/Src/stm32g4xx_hal_spi.c ****     goto error;
 3307              		.loc 1 1819 15 view .LVU1136
 3308 00da 0120     		movs	r0, #1
 3309              	.LVL206:
1819:Drivers/STM32G4xx_HAL_Driver/Src/stm32g4xx_hal_spi.c ****     goto error;
 3310              		.loc 1 1819 15 view .LVU1137
 3311 00dc F2E7     		b	.L223
 3312              	.LVL207:
 3313              	.L237:
1824:Drivers/STM32G4xx_HAL_Driver/Src/stm32g4xx_hal_spi.c **** 
 3314              		.loc 1 1824 3 view .LVU1138
 3315 00de 0220     		movs	r0, #2
 3316              	.LVL208:
ARM GAS  C:\Users\Booster\AppData\Local\Temp\ccQdKe81.s 			page 154


1824:Drivers/STM32G4xx_HAL_Driver/Src/stm32g4xx_hal_spi.c **** 
 3317              		.loc 1 1824 3 view .LVU1139
 3318 00e0 F0E7     		b	.L223
 3319              	.L240:
 3320 00e2 00BF     		.align	2
 3321              	.L239:
 3322 00e4 00000000 		.word	SPI_2linesRxISR_16BIT
 3323 00e8 00000000 		.word	SPI_2linesTxISR_16BIT
 3324 00ec 00000000 		.word	SPI_2linesRxISR_8BIT
 3325 00f0 00000000 		.word	SPI_2linesTxISR_8BIT
 3326              		.cfi_endproc
 3327              	.LFE338:
 3329              		.section	.text.HAL_SPI_Receive_IT,"ax",%progbits
 3330              		.align	1
 3331              		.global	HAL_SPI_Receive_IT
 3332              		.syntax unified
 3333              		.thumb
 3334              		.thumb_func
 3336              	HAL_SPI_Receive_IT:
 3337              	.LVL209:
 3338              	.LFB337:
1689:Drivers/STM32G4xx_HAL_Driver/Src/stm32g4xx_hal_spi.c ****   HAL_StatusTypeDef errorcode = HAL_OK;
 3339              		.loc 1 1689 1 is_stmt 1 view -0
 3340              		.cfi_startproc
 3341              		@ args = 0, pretend = 0, frame = 0
 3342              		@ frame_needed = 0, uses_anonymous_args = 0
1689:Drivers/STM32G4xx_HAL_Driver/Src/stm32g4xx_hal_spi.c ****   HAL_StatusTypeDef errorcode = HAL_OK;
 3343              		.loc 1 1689 1 is_stmt 0 view .LVU1141
 3344 0000 8446     		mov	ip, r0
1690:Drivers/STM32G4xx_HAL_Driver/Src/stm32g4xx_hal_spi.c **** 
 3345              		.loc 1 1690 3 is_stmt 1 view .LVU1142
 3346              	.LVL210:
1693:Drivers/STM32G4xx_HAL_Driver/Src/stm32g4xx_hal_spi.c ****   {
 3347              		.loc 1 1693 3 view .LVU1143
1693:Drivers/STM32G4xx_HAL_Driver/Src/stm32g4xx_hal_spi.c ****   {
 3348              		.loc 1 1693 11 is_stmt 0 view .LVU1144
 3349 0002 90F85D00 		ldrb	r0, [r0, #93]	@ zero_extendqisi2
 3350              	.LVL211:
1693:Drivers/STM32G4xx_HAL_Driver/Src/stm32g4xx_hal_spi.c ****   {
 3351              		.loc 1 1693 11 view .LVU1145
 3352 0006 C0B2     		uxtb	r0, r0
1693:Drivers/STM32G4xx_HAL_Driver/Src/stm32g4xx_hal_spi.c ****   {
 3353              		.loc 1 1693 6 view .LVU1146
 3354 0008 0128     		cmp	r0, #1
 3355 000a 6ED1     		bne	.L248
1689:Drivers/STM32G4xx_HAL_Driver/Src/stm32g4xx_hal_spi.c ****   HAL_StatusTypeDef errorcode = HAL_OK;
 3356              		.loc 1 1689 1 view .LVU1147
 3357 000c 08B5     		push	{r3, lr}
 3358              	.LCFI41:
 3359              		.cfi_def_cfa_offset 8
 3360              		.cfi_offset 3, -8
 3361              		.cfi_offset 14, -4
1699:Drivers/STM32G4xx_HAL_Driver/Src/stm32g4xx_hal_spi.c ****   {
 3362              		.loc 1 1699 3 is_stmt 1 view .LVU1148
1699:Drivers/STM32G4xx_HAL_Driver/Src/stm32g4xx_hal_spi.c ****   {
 3363              		.loc 1 1699 18 is_stmt 0 view .LVU1149
 3364 000e DCF80830 		ldr	r3, [ip, #8]
ARM GAS  C:\Users\Booster\AppData\Local\Temp\ccQdKe81.s 			page 155


1699:Drivers/STM32G4xx_HAL_Driver/Src/stm32g4xx_hal_spi.c ****   {
 3365              		.loc 1 1699 6 view .LVU1150
 3366 0012 23B9     		cbnz	r3, .L243
1699:Drivers/STM32G4xx_HAL_Driver/Src/stm32g4xx_hal_spi.c ****   {
 3367              		.loc 1 1699 68 discriminator 1 view .LVU1151
 3368 0014 DCF80430 		ldr	r3, [ip, #4]
1699:Drivers/STM32G4xx_HAL_Driver/Src/stm32g4xx_hal_spi.c ****   {
 3369              		.loc 1 1699 54 discriminator 1 view .LVU1152
 3370 0018 B3F5827F 		cmp	r3, #260
 3371 001c 45D0     		beq	.L254
 3372              	.L243:
1707:Drivers/STM32G4xx_HAL_Driver/Src/stm32g4xx_hal_spi.c ****   {
 3373              		.loc 1 1707 3 is_stmt 1 view .LVU1153
1707:Drivers/STM32G4xx_HAL_Driver/Src/stm32g4xx_hal_spi.c ****   {
 3374              		.loc 1 1707 6 is_stmt 0 view .LVU1154
 3375 001e 0029     		cmp	r1, #0
 3376 0020 42D0     		beq	.L242
1707:Drivers/STM32G4xx_HAL_Driver/Src/stm32g4xx_hal_spi.c ****   {
 3377              		.loc 1 1707 23 discriminator 1 view .LVU1155
 3378 0022 002A     		cmp	r2, #0
 3379 0024 40D0     		beq	.L242
1714:Drivers/STM32G4xx_HAL_Driver/Src/stm32g4xx_hal_spi.c **** 
 3380              		.loc 1 1714 3 is_stmt 1 view .LVU1156
1714:Drivers/STM32G4xx_HAL_Driver/Src/stm32g4xx_hal_spi.c **** 
 3381              		.loc 1 1714 3 view .LVU1157
 3382 0026 9CF85C30 		ldrb	r3, [ip, #92]	@ zero_extendqisi2
 3383 002a 012B     		cmp	r3, #1
 3384 002c 5FD0     		beq	.L249
1714:Drivers/STM32G4xx_HAL_Driver/Src/stm32g4xx_hal_spi.c **** 
 3385              		.loc 1 1714 3 discriminator 2 view .LVU1158
 3386 002e 0123     		movs	r3, #1
 3387 0030 8CF85C30 		strb	r3, [ip, #92]
1714:Drivers/STM32G4xx_HAL_Driver/Src/stm32g4xx_hal_spi.c **** 
 3388              		.loc 1 1714 3 discriminator 2 view .LVU1159
1717:Drivers/STM32G4xx_HAL_Driver/Src/stm32g4xx_hal_spi.c ****   hspi->ErrorCode   = HAL_SPI_ERROR_NONE;
 3389              		.loc 1 1717 3 discriminator 2 view .LVU1160
1717:Drivers/STM32G4xx_HAL_Driver/Src/stm32g4xx_hal_spi.c ****   hspi->ErrorCode   = HAL_SPI_ERROR_NONE;
 3390              		.loc 1 1717 21 is_stmt 0 discriminator 2 view .LVU1161
 3391 0034 0423     		movs	r3, #4
 3392 0036 8CF85D30 		strb	r3, [ip, #93]
1718:Drivers/STM32G4xx_HAL_Driver/Src/stm32g4xx_hal_spi.c ****   hspi->pRxBuffPtr  = (uint8_t *)pData;
 3393              		.loc 1 1718 3 is_stmt 1 discriminator 2 view .LVU1162
1718:Drivers/STM32G4xx_HAL_Driver/Src/stm32g4xx_hal_spi.c ****   hspi->pRxBuffPtr  = (uint8_t *)pData;
 3394              		.loc 1 1718 21 is_stmt 0 discriminator 2 view .LVU1163
 3395 003a 0023     		movs	r3, #0
 3396 003c CCF86030 		str	r3, [ip, #96]
1719:Drivers/STM32G4xx_HAL_Driver/Src/stm32g4xx_hal_spi.c ****   hspi->RxXferSize  = Size;
 3397              		.loc 1 1719 3 is_stmt 1 discriminator 2 view .LVU1164
1719:Drivers/STM32G4xx_HAL_Driver/Src/stm32g4xx_hal_spi.c ****   hspi->RxXferSize  = Size;
 3398              		.loc 1 1719 21 is_stmt 0 discriminator 2 view .LVU1165
 3399 0040 CCF84010 		str	r1, [ip, #64]
1720:Drivers/STM32G4xx_HAL_Driver/Src/stm32g4xx_hal_spi.c ****   hspi->RxXferCount = Size;
 3400              		.loc 1 1720 3 is_stmt 1 discriminator 2 view .LVU1166
1720:Drivers/STM32G4xx_HAL_Driver/Src/stm32g4xx_hal_spi.c ****   hspi->RxXferCount = Size;
 3401              		.loc 1 1720 21 is_stmt 0 discriminator 2 view .LVU1167
 3402 0044 ACF84420 		strh	r2, [ip, #68]	@ movhi
1721:Drivers/STM32G4xx_HAL_Driver/Src/stm32g4xx_hal_spi.c **** 
ARM GAS  C:\Users\Booster\AppData\Local\Temp\ccQdKe81.s 			page 156


 3403              		.loc 1 1721 3 is_stmt 1 discriminator 2 view .LVU1168
1721:Drivers/STM32G4xx_HAL_Driver/Src/stm32g4xx_hal_spi.c **** 
 3404              		.loc 1 1721 21 is_stmt 0 discriminator 2 view .LVU1169
 3405 0048 ACF84620 		strh	r2, [ip, #70]	@ movhi
1724:Drivers/STM32G4xx_HAL_Driver/Src/stm32g4xx_hal_spi.c ****   hspi->TxXferSize  = 0U;
 3406              		.loc 1 1724 3 is_stmt 1 discriminator 2 view .LVU1170
1724:Drivers/STM32G4xx_HAL_Driver/Src/stm32g4xx_hal_spi.c ****   hspi->TxXferSize  = 0U;
 3407              		.loc 1 1724 21 is_stmt 0 discriminator 2 view .LVU1171
 3408 004c CCF83830 		str	r3, [ip, #56]
1725:Drivers/STM32G4xx_HAL_Driver/Src/stm32g4xx_hal_spi.c ****   hspi->TxXferCount = 0U;
 3409              		.loc 1 1725 3 is_stmt 1 discriminator 2 view .LVU1172
1725:Drivers/STM32G4xx_HAL_Driver/Src/stm32g4xx_hal_spi.c ****   hspi->TxXferCount = 0U;
 3410              		.loc 1 1725 21 is_stmt 0 discriminator 2 view .LVU1173
 3411 0050 ACF83C30 		strh	r3, [ip, #60]	@ movhi
1726:Drivers/STM32G4xx_HAL_Driver/Src/stm32g4xx_hal_spi.c ****   hspi->TxISR       = NULL;
 3412              		.loc 1 1726 3 is_stmt 1 discriminator 2 view .LVU1174
1726:Drivers/STM32G4xx_HAL_Driver/Src/stm32g4xx_hal_spi.c ****   hspi->TxISR       = NULL;
 3413              		.loc 1 1726 21 is_stmt 0 discriminator 2 view .LVU1175
 3414 0054 ACF83E30 		strh	r3, [ip, #62]	@ movhi
1727:Drivers/STM32G4xx_HAL_Driver/Src/stm32g4xx_hal_spi.c **** 
 3415              		.loc 1 1727 3 is_stmt 1 discriminator 2 view .LVU1176
1727:Drivers/STM32G4xx_HAL_Driver/Src/stm32g4xx_hal_spi.c **** 
 3416              		.loc 1 1727 21 is_stmt 0 discriminator 2 view .LVU1177
 3417 0058 CCF85030 		str	r3, [ip, #80]
1730:Drivers/STM32G4xx_HAL_Driver/Src/stm32g4xx_hal_spi.c ****   {
 3418              		.loc 1 1730 3 is_stmt 1 discriminator 2 view .LVU1178
1730:Drivers/STM32G4xx_HAL_Driver/Src/stm32g4xx_hal_spi.c ****   {
 3419              		.loc 1 1730 17 is_stmt 0 discriminator 2 view .LVU1179
 3420 005c DCF80C30 		ldr	r3, [ip, #12]
1730:Drivers/STM32G4xx_HAL_Driver/Src/stm32g4xx_hal_spi.c ****   {
 3421              		.loc 1 1730 6 discriminator 2 view .LVU1180
 3422 0060 B3F5E06F 		cmp	r3, #1792
 3423 0064 2AD9     		bls	.L244
1733:Drivers/STM32G4xx_HAL_Driver/Src/stm32g4xx_hal_spi.c ****     hspi->RxISR = SPI_RxISR_16BIT;
 3424              		.loc 1 1733 5 is_stmt 1 view .LVU1181
 3425 0066 DCF80020 		ldr	r2, [ip]
 3426              	.LVL212:
1733:Drivers/STM32G4xx_HAL_Driver/Src/stm32g4xx_hal_spi.c ****     hspi->RxISR = SPI_RxISR_16BIT;
 3427              		.loc 1 1733 5 is_stmt 0 view .LVU1182
 3428 006a 5368     		ldr	r3, [r2, #4]
 3429 006c 23F48053 		bic	r3, r3, #4096
 3430 0070 5360     		str	r3, [r2, #4]
 3431              	.LVL213:
1734:Drivers/STM32G4xx_HAL_Driver/Src/stm32g4xx_hal_spi.c ****   }
 3432              		.loc 1 1734 5 is_stmt 1 view .LVU1183
1734:Drivers/STM32G4xx_HAL_Driver/Src/stm32g4xx_hal_spi.c ****   }
 3433              		.loc 1 1734 17 is_stmt 0 view .LVU1184
 3434 0072 204B     		ldr	r3, .L256
 3435 0074 CCF84C30 		str	r3, [ip, #76]
 3436              	.L245:
1744:Drivers/STM32G4xx_HAL_Driver/Src/stm32g4xx_hal_spi.c ****   {
 3437              		.loc 1 1744 3 is_stmt 1 view .LVU1185
1744:Drivers/STM32G4xx_HAL_Driver/Src/stm32g4xx_hal_spi.c ****   {
 3438              		.loc 1 1744 17 is_stmt 0 view .LVU1186
 3439 0078 DCF80830 		ldr	r3, [ip, #8]
1744:Drivers/STM32G4xx_HAL_Driver/Src/stm32g4xx_hal_spi.c ****   {
 3440              		.loc 1 1744 6 view .LVU1187
ARM GAS  C:\Users\Booster\AppData\Local\Temp\ccQdKe81.s 			page 157


 3441 007c B3F5004F 		cmp	r3, #32768
 3442 0080 26D0     		beq	.L255
 3443              	.L246:
1773:Drivers/STM32G4xx_HAL_Driver/Src/stm32g4xx_hal_spi.c ****   {
 3444              		.loc 1 1773 3 is_stmt 1 view .LVU1188
1773:Drivers/STM32G4xx_HAL_Driver/Src/stm32g4xx_hal_spi.c ****   {
 3445              		.loc 1 1773 12 is_stmt 0 view .LVU1189
 3446 0082 DCF80030 		ldr	r3, [ip]
1773:Drivers/STM32G4xx_HAL_Driver/Src/stm32g4xx_hal_spi.c ****   {
 3447              		.loc 1 1773 22 view .LVU1190
 3448 0086 1A68     		ldr	r2, [r3]
1773:Drivers/STM32G4xx_HAL_Driver/Src/stm32g4xx_hal_spi.c ****   {
 3449              		.loc 1 1773 6 view .LVU1191
 3450 0088 12F0400F 		tst	r2, #64
 3451 008c 03D1     		bne	.L247
1776:Drivers/STM32G4xx_HAL_Driver/Src/stm32g4xx_hal_spi.c ****   }
 3452              		.loc 1 1776 5 is_stmt 1 view .LVU1192
 3453 008e 1A68     		ldr	r2, [r3]
 3454 0090 42F04002 		orr	r2, r2, #64
 3455 0094 1A60     		str	r2, [r3]
 3456              	.L247:
1780:Drivers/STM32G4xx_HAL_Driver/Src/stm32g4xx_hal_spi.c ****   /* Enable RXNE and ERR interrupt */
 3457              		.loc 1 1780 3 view .LVU1193
1780:Drivers/STM32G4xx_HAL_Driver/Src/stm32g4xx_hal_spi.c ****   /* Enable RXNE and ERR interrupt */
 3458              		.loc 1 1780 3 view .LVU1194
 3459 0096 0020     		movs	r0, #0
 3460 0098 8CF85C00 		strb	r0, [ip, #92]
1780:Drivers/STM32G4xx_HAL_Driver/Src/stm32g4xx_hal_spi.c ****   /* Enable RXNE and ERR interrupt */
 3461              		.loc 1 1780 3 view .LVU1195
1782:Drivers/STM32G4xx_HAL_Driver/Src/stm32g4xx_hal_spi.c **** 
 3462              		.loc 1 1782 3 view .LVU1196
 3463 009c DCF80020 		ldr	r2, [ip]
 3464 00a0 5368     		ldr	r3, [r2, #4]
 3465 00a2 43F06003 		orr	r3, r3, #96
 3466 00a6 5360     		str	r3, [r2, #4]
 3467              	.LVL214:
 3468              	.L242:
1786:Drivers/STM32G4xx_HAL_Driver/Src/stm32g4xx_hal_spi.c **** 
 3469              		.loc 1 1786 1 is_stmt 0 view .LVU1197
 3470 00a8 08BD     		pop	{r3, pc}
 3471              	.LVL215:
 3472              	.L254:
1701:Drivers/STM32G4xx_HAL_Driver/Src/stm32g4xx_hal_spi.c ****     /* Call transmit-receive function to send Dummy data on Tx line and generate clock on CLK line 
 3473              		.loc 1 1701 5 is_stmt 1 view .LVU1198
1701:Drivers/STM32G4xx_HAL_Driver/Src/stm32g4xx_hal_spi.c ****     /* Call transmit-receive function to send Dummy data on Tx line and generate clock on CLK line 
 3474              		.loc 1 1701 17 is_stmt 0 view .LVU1199
 3475 00aa 0423     		movs	r3, #4
 3476 00ac 8CF85D30 		strb	r3, [ip, #93]
1703:Drivers/STM32G4xx_HAL_Driver/Src/stm32g4xx_hal_spi.c ****   }
 3477              		.loc 1 1703 5 is_stmt 1 view .LVU1200
1703:Drivers/STM32G4xx_HAL_Driver/Src/stm32g4xx_hal_spi.c ****   }
 3478              		.loc 1 1703 12 is_stmt 0 view .LVU1201
 3479 00b0 1346     		mov	r3, r2
 3480 00b2 0A46     		mov	r2, r1
 3481              	.LVL216:
1703:Drivers/STM32G4xx_HAL_Driver/Src/stm32g4xx_hal_spi.c ****   }
 3482              		.loc 1 1703 12 view .LVU1202
ARM GAS  C:\Users\Booster\AppData\Local\Temp\ccQdKe81.s 			page 158


 3483 00b4 6046     		mov	r0, ip
 3484 00b6 FFF7FEFF 		bl	HAL_SPI_TransmitReceive_IT
 3485              	.LVL217:
1703:Drivers/STM32G4xx_HAL_Driver/Src/stm32g4xx_hal_spi.c ****   }
 3486              		.loc 1 1703 12 view .LVU1203
 3487 00ba F5E7     		b	.L242
 3488              	.LVL218:
 3489              	.L244:
1739:Drivers/STM32G4xx_HAL_Driver/Src/stm32g4xx_hal_spi.c ****     hspi->RxISR = SPI_RxISR_8BIT;
 3490              		.loc 1 1739 5 is_stmt 1 view .LVU1204
 3491 00bc DCF80020 		ldr	r2, [ip]
 3492              	.LVL219:
1739:Drivers/STM32G4xx_HAL_Driver/Src/stm32g4xx_hal_spi.c ****     hspi->RxISR = SPI_RxISR_8BIT;
 3493              		.loc 1 1739 5 is_stmt 0 view .LVU1205
 3494 00c0 5368     		ldr	r3, [r2, #4]
 3495 00c2 43F48053 		orr	r3, r3, #4096
 3496 00c6 5360     		str	r3, [r2, #4]
 3497              	.LVL220:
1740:Drivers/STM32G4xx_HAL_Driver/Src/stm32g4xx_hal_spi.c ****   }
 3498              		.loc 1 1740 5 is_stmt 1 view .LVU1206
1740:Drivers/STM32G4xx_HAL_Driver/Src/stm32g4xx_hal_spi.c ****   }
 3499              		.loc 1 1740 17 is_stmt 0 view .LVU1207
 3500 00c8 0B4B     		ldr	r3, .L256+4
 3501 00ca CCF84C30 		str	r3, [ip, #76]
 3502 00ce D3E7     		b	.L245
 3503              	.L255:
1747:Drivers/STM32G4xx_HAL_Driver/Src/stm32g4xx_hal_spi.c ****     SPI_1LINE_RX(hspi);
 3504              		.loc 1 1747 5 is_stmt 1 view .LVU1208
 3505 00d0 DCF80020 		ldr	r2, [ip]
 3506 00d4 1368     		ldr	r3, [r2]
 3507 00d6 23F04003 		bic	r3, r3, #64
 3508 00da 1360     		str	r3, [r2]
1748:Drivers/STM32G4xx_HAL_Driver/Src/stm32g4xx_hal_spi.c ****   }
 3509              		.loc 1 1748 5 view .LVU1209
 3510 00dc DCF80020 		ldr	r2, [ip]
 3511 00e0 1368     		ldr	r3, [r2]
 3512 00e2 23F48043 		bic	r3, r3, #16384
 3513 00e6 1360     		str	r3, [r2]
 3514 00e8 CBE7     		b	.L246
 3515              	.LVL221:
 3516              	.L248:
 3517              	.LCFI42:
 3518              		.cfi_def_cfa_offset 0
 3519              		.cfi_restore 3
 3520              		.cfi_restore 14
1695:Drivers/STM32G4xx_HAL_Driver/Src/stm32g4xx_hal_spi.c ****     goto error;
 3521              		.loc 1 1695 15 is_stmt 0 view .LVU1210
 3522 00ea 0220     		movs	r0, #2
 3523              	.LVL222:
1786:Drivers/STM32G4xx_HAL_Driver/Src/stm32g4xx_hal_spi.c **** 
 3524              		.loc 1 1786 1 view .LVU1211
 3525 00ec 7047     		bx	lr
 3526              	.LVL223:
 3527              	.L249:
 3528              	.LCFI43:
 3529              		.cfi_def_cfa_offset 8
 3530              		.cfi_offset 3, -8
ARM GAS  C:\Users\Booster\AppData\Local\Temp\ccQdKe81.s 			page 159


 3531              		.cfi_offset 14, -4
1714:Drivers/STM32G4xx_HAL_Driver/Src/stm32g4xx_hal_spi.c **** 
 3532              		.loc 1 1714 3 view .LVU1212
 3533 00ee 0220     		movs	r0, #2
 3534 00f0 DAE7     		b	.L242
 3535              	.L257:
 3536 00f2 00BF     		.align	2
 3537              	.L256:
 3538 00f4 00000000 		.word	SPI_RxISR_16BIT
 3539 00f8 00000000 		.word	SPI_RxISR_8BIT
 3540              		.cfi_endproc
 3541              	.LFE337:
 3543              		.section	.text.HAL_SPI_Transmit_DMA,"ax",%progbits
 3544              		.align	1
 3545              		.global	HAL_SPI_Transmit_DMA
 3546              		.syntax unified
 3547              		.thumb
 3548              		.thumb_func
 3550              	HAL_SPI_Transmit_DMA:
 3551              	.LVL224:
 3552              	.LFB339:
1908:Drivers/STM32G4xx_HAL_Driver/Src/stm32g4xx_hal_spi.c ****   HAL_StatusTypeDef errorcode = HAL_OK;
 3553              		.loc 1 1908 1 is_stmt 1 view -0
 3554              		.cfi_startproc
 3555              		@ args = 0, pretend = 0, frame = 0
 3556              		@ frame_needed = 0, uses_anonymous_args = 0
1908:Drivers/STM32G4xx_HAL_Driver/Src/stm32g4xx_hal_spi.c ****   HAL_StatusTypeDef errorcode = HAL_OK;
 3557              		.loc 1 1908 1 is_stmt 0 view .LVU1214
 3558 0000 38B5     		push	{r3, r4, r5, lr}
 3559              	.LCFI44:
 3560              		.cfi_def_cfa_offset 16
 3561              		.cfi_offset 3, -16
 3562              		.cfi_offset 4, -12
 3563              		.cfi_offset 5, -8
 3564              		.cfi_offset 14, -4
1909:Drivers/STM32G4xx_HAL_Driver/Src/stm32g4xx_hal_spi.c **** 
 3565              		.loc 1 1909 3 is_stmt 1 view .LVU1215
 3566              	.LVL225:
1912:Drivers/STM32G4xx_HAL_Driver/Src/stm32g4xx_hal_spi.c **** 
 3567              		.loc 1 1912 3 view .LVU1216
1915:Drivers/STM32G4xx_HAL_Driver/Src/stm32g4xx_hal_spi.c **** 
 3568              		.loc 1 1915 3 view .LVU1217
1918:Drivers/STM32G4xx_HAL_Driver/Src/stm32g4xx_hal_spi.c **** 
 3569              		.loc 1 1918 3 view .LVU1218
1918:Drivers/STM32G4xx_HAL_Driver/Src/stm32g4xx_hal_spi.c **** 
 3570              		.loc 1 1918 3 view .LVU1219
 3571 0002 90F85C30 		ldrb	r3, [r0, #92]	@ zero_extendqisi2
 3572 0006 012B     		cmp	r3, #1
 3573 0008 00F08980 		beq	.L266
 3574 000c 0446     		mov	r4, r0
1918:Drivers/STM32G4xx_HAL_Driver/Src/stm32g4xx_hal_spi.c **** 
 3575              		.loc 1 1918 3 discriminator 2 view .LVU1220
 3576 000e 0123     		movs	r3, #1
 3577 0010 80F85C30 		strb	r3, [r0, #92]
1918:Drivers/STM32G4xx_HAL_Driver/Src/stm32g4xx_hal_spi.c **** 
 3578              		.loc 1 1918 3 discriminator 2 view .LVU1221
1920:Drivers/STM32G4xx_HAL_Driver/Src/stm32g4xx_hal_spi.c ****   {
ARM GAS  C:\Users\Booster\AppData\Local\Temp\ccQdKe81.s 			page 160


 3579              		.loc 1 1920 3 discriminator 2 view .LVU1222
1920:Drivers/STM32G4xx_HAL_Driver/Src/stm32g4xx_hal_spi.c ****   {
 3580              		.loc 1 1920 11 is_stmt 0 discriminator 2 view .LVU1223
 3581 0014 90F85D50 		ldrb	r5, [r0, #93]	@ zero_extendqisi2
 3582 0018 EDB2     		uxtb	r5, r5
1920:Drivers/STM32G4xx_HAL_Driver/Src/stm32g4xx_hal_spi.c ****   {
 3583              		.loc 1 1920 6 discriminator 2 view .LVU1224
 3584 001a 9D42     		cmp	r5, r3
 3585 001c 79D1     		bne	.L267
1926:Drivers/STM32G4xx_HAL_Driver/Src/stm32g4xx_hal_spi.c ****   {
 3586              		.loc 1 1926 3 is_stmt 1 view .LVU1225
1926:Drivers/STM32G4xx_HAL_Driver/Src/stm32g4xx_hal_spi.c ****   {
 3587              		.loc 1 1926 6 is_stmt 0 view .LVU1226
 3588 001e 0029     		cmp	r1, #0
 3589 0020 78D0     		beq	.L260
1926:Drivers/STM32G4xx_HAL_Driver/Src/stm32g4xx_hal_spi.c ****   {
 3590              		.loc 1 1926 23 discriminator 1 view .LVU1227
 3591 0022 002A     		cmp	r2, #0
 3592 0024 76D0     		beq	.L260
1933:Drivers/STM32G4xx_HAL_Driver/Src/stm32g4xx_hal_spi.c ****   hspi->ErrorCode   = HAL_SPI_ERROR_NONE;
 3593              		.loc 1 1933 3 is_stmt 1 view .LVU1228
1933:Drivers/STM32G4xx_HAL_Driver/Src/stm32g4xx_hal_spi.c ****   hspi->ErrorCode   = HAL_SPI_ERROR_NONE;
 3594              		.loc 1 1933 21 is_stmt 0 view .LVU1229
 3595 0026 0323     		movs	r3, #3
 3596 0028 80F85D30 		strb	r3, [r0, #93]
1934:Drivers/STM32G4xx_HAL_Driver/Src/stm32g4xx_hal_spi.c ****   hspi->pTxBuffPtr  = (uint8_t *)pData;
 3597              		.loc 1 1934 3 is_stmt 1 view .LVU1230
1934:Drivers/STM32G4xx_HAL_Driver/Src/stm32g4xx_hal_spi.c ****   hspi->pTxBuffPtr  = (uint8_t *)pData;
 3598              		.loc 1 1934 21 is_stmt 0 view .LVU1231
 3599 002c 0023     		movs	r3, #0
 3600 002e 0366     		str	r3, [r0, #96]
1935:Drivers/STM32G4xx_HAL_Driver/Src/stm32g4xx_hal_spi.c ****   hspi->TxXferSize  = Size;
 3601              		.loc 1 1935 3 is_stmt 1 view .LVU1232
1935:Drivers/STM32G4xx_HAL_Driver/Src/stm32g4xx_hal_spi.c ****   hspi->TxXferSize  = Size;
 3602              		.loc 1 1935 21 is_stmt 0 view .LVU1233
 3603 0030 8163     		str	r1, [r0, #56]
1936:Drivers/STM32G4xx_HAL_Driver/Src/stm32g4xx_hal_spi.c ****   hspi->TxXferCount = Size;
 3604              		.loc 1 1936 3 is_stmt 1 view .LVU1234
1936:Drivers/STM32G4xx_HAL_Driver/Src/stm32g4xx_hal_spi.c ****   hspi->TxXferCount = Size;
 3605              		.loc 1 1936 21 is_stmt 0 view .LVU1235
 3606 0032 8287     		strh	r2, [r0, #60]	@ movhi
1937:Drivers/STM32G4xx_HAL_Driver/Src/stm32g4xx_hal_spi.c **** 
 3607              		.loc 1 1937 3 is_stmt 1 view .LVU1236
1937:Drivers/STM32G4xx_HAL_Driver/Src/stm32g4xx_hal_spi.c **** 
 3608              		.loc 1 1937 21 is_stmt 0 view .LVU1237
 3609 0034 C287     		strh	r2, [r0, #62]	@ movhi
1940:Drivers/STM32G4xx_HAL_Driver/Src/stm32g4xx_hal_spi.c ****   hspi->TxISR       = NULL;
 3610              		.loc 1 1940 3 is_stmt 1 view .LVU1238
1940:Drivers/STM32G4xx_HAL_Driver/Src/stm32g4xx_hal_spi.c ****   hspi->TxISR       = NULL;
 3611              		.loc 1 1940 21 is_stmt 0 view .LVU1239
 3612 0036 0364     		str	r3, [r0, #64]
1941:Drivers/STM32G4xx_HAL_Driver/Src/stm32g4xx_hal_spi.c ****   hspi->RxISR       = NULL;
 3613              		.loc 1 1941 3 is_stmt 1 view .LVU1240
1941:Drivers/STM32G4xx_HAL_Driver/Src/stm32g4xx_hal_spi.c ****   hspi->RxISR       = NULL;
 3614              		.loc 1 1941 21 is_stmt 0 view .LVU1241
 3615 0038 0365     		str	r3, [r0, #80]
1942:Drivers/STM32G4xx_HAL_Driver/Src/stm32g4xx_hal_spi.c ****   hspi->RxXferSize  = 0U;
ARM GAS  C:\Users\Booster\AppData\Local\Temp\ccQdKe81.s 			page 161


 3616              		.loc 1 1942 3 is_stmt 1 view .LVU1242
1942:Drivers/STM32G4xx_HAL_Driver/Src/stm32g4xx_hal_spi.c ****   hspi->RxXferSize  = 0U;
 3617              		.loc 1 1942 21 is_stmt 0 view .LVU1243
 3618 003a C364     		str	r3, [r0, #76]
1943:Drivers/STM32G4xx_HAL_Driver/Src/stm32g4xx_hal_spi.c ****   hspi->RxXferCount = 0U;
 3619              		.loc 1 1943 3 is_stmt 1 view .LVU1244
1943:Drivers/STM32G4xx_HAL_Driver/Src/stm32g4xx_hal_spi.c ****   hspi->RxXferCount = 0U;
 3620              		.loc 1 1943 21 is_stmt 0 view .LVU1245
 3621 003c A0F84430 		strh	r3, [r0, #68]	@ movhi
1944:Drivers/STM32G4xx_HAL_Driver/Src/stm32g4xx_hal_spi.c **** 
 3622              		.loc 1 1944 3 is_stmt 1 view .LVU1246
1944:Drivers/STM32G4xx_HAL_Driver/Src/stm32g4xx_hal_spi.c **** 
 3623              		.loc 1 1944 21 is_stmt 0 view .LVU1247
 3624 0040 A0F84630 		strh	r3, [r0, #70]	@ movhi
1947:Drivers/STM32G4xx_HAL_Driver/Src/stm32g4xx_hal_spi.c ****   {
 3625              		.loc 1 1947 3 is_stmt 1 view .LVU1248
1947:Drivers/STM32G4xx_HAL_Driver/Src/stm32g4xx_hal_spi.c ****   {
 3626              		.loc 1 1947 17 is_stmt 0 view .LVU1249
 3627 0044 8368     		ldr	r3, [r0, #8]
1947:Drivers/STM32G4xx_HAL_Driver/Src/stm32g4xx_hal_spi.c ****   {
 3628              		.loc 1 1947 6 view .LVU1250
 3629 0046 B3F5004F 		cmp	r3, #32768
 3630 004a 39D0     		beq	.L269
 3631              	.LVL226:
 3632              	.L261:
1963:Drivers/STM32G4xx_HAL_Driver/Src/stm32g4xx_hal_spi.c **** 
 3633              		.loc 1 1963 3 is_stmt 1 view .LVU1251
1963:Drivers/STM32G4xx_HAL_Driver/Src/stm32g4xx_hal_spi.c **** 
 3634              		.loc 1 1963 7 is_stmt 0 view .LVU1252
 3635 004c 636D     		ldr	r3, [r4, #84]
1963:Drivers/STM32G4xx_HAL_Driver/Src/stm32g4xx_hal_spi.c **** 
 3636              		.loc 1 1963 38 view .LVU1253
 3637 004e 354A     		ldr	r2, .L272
 3638 0050 1A63     		str	r2, [r3, #48]
1966:Drivers/STM32G4xx_HAL_Driver/Src/stm32g4xx_hal_spi.c **** 
 3639              		.loc 1 1966 3 is_stmt 1 view .LVU1254
1966:Drivers/STM32G4xx_HAL_Driver/Src/stm32g4xx_hal_spi.c **** 
 3640              		.loc 1 1966 7 is_stmt 0 view .LVU1255
 3641 0052 636D     		ldr	r3, [r4, #84]
1966:Drivers/STM32G4xx_HAL_Driver/Src/stm32g4xx_hal_spi.c **** 
 3642              		.loc 1 1966 34 view .LVU1256
 3643 0054 344A     		ldr	r2, .L272+4
 3644 0056 DA62     		str	r2, [r3, #44]
1969:Drivers/STM32G4xx_HAL_Driver/Src/stm32g4xx_hal_spi.c **** 
 3645              		.loc 1 1969 3 is_stmt 1 view .LVU1257
1969:Drivers/STM32G4xx_HAL_Driver/Src/stm32g4xx_hal_spi.c **** 
 3646              		.loc 1 1969 7 is_stmt 0 view .LVU1258
 3647 0058 636D     		ldr	r3, [r4, #84]
1969:Drivers/STM32G4xx_HAL_Driver/Src/stm32g4xx_hal_spi.c **** 
 3648              		.loc 1 1969 35 view .LVU1259
 3649 005a 344A     		ldr	r2, .L272+8
 3650 005c 5A63     		str	r2, [r3, #52]
1972:Drivers/STM32G4xx_HAL_Driver/Src/stm32g4xx_hal_spi.c **** 
 3651              		.loc 1 1972 3 is_stmt 1 view .LVU1260
1972:Drivers/STM32G4xx_HAL_Driver/Src/stm32g4xx_hal_spi.c **** 
 3652              		.loc 1 1972 7 is_stmt 0 view .LVU1261
 3653 005e 636D     		ldr	r3, [r4, #84]
ARM GAS  C:\Users\Booster\AppData\Local\Temp\ccQdKe81.s 			page 162


1972:Drivers/STM32G4xx_HAL_Driver/Src/stm32g4xx_hal_spi.c **** 
 3654              		.loc 1 1972 35 view .LVU1262
 3655 0060 0022     		movs	r2, #0
 3656 0062 9A63     		str	r2, [r3, #56]
1974:Drivers/STM32G4xx_HAL_Driver/Src/stm32g4xx_hal_spi.c ****   /* Packing mode is enabled only if the DMA setting is HALWORD */
 3657              		.loc 1 1974 3 is_stmt 1 view .LVU1263
 3658 0064 2268     		ldr	r2, [r4]
 3659 0066 5368     		ldr	r3, [r2, #4]
 3660 0068 23F48043 		bic	r3, r3, #16384
 3661 006c 5360     		str	r3, [r2, #4]
1976:Drivers/STM32G4xx_HAL_Driver/Src/stm32g4xx_hal_spi.c ****   {
 3662              		.loc 1 1976 3 view .LVU1264
1976:Drivers/STM32G4xx_HAL_Driver/Src/stm32g4xx_hal_spi.c ****   {
 3663              		.loc 1 1976 18 is_stmt 0 view .LVU1265
 3664 006e E368     		ldr	r3, [r4, #12]
1976:Drivers/STM32G4xx_HAL_Driver/Src/stm32g4xx_hal_spi.c ****   {
 3665              		.loc 1 1976 6 view .LVU1266
 3666 0070 B3F5E06F 		cmp	r3, #1792
 3667 0074 04D8     		bhi	.L262
1976:Drivers/STM32G4xx_HAL_Driver/Src/stm32g4xx_hal_spi.c ****   {
 3668              		.loc 1 1976 58 discriminator 1 view .LVU1267
 3669 0076 636D     		ldr	r3, [r4, #84]
1976:Drivers/STM32G4xx_HAL_Driver/Src/stm32g4xx_hal_spi.c ****   {
 3670              		.loc 1 1976 72 discriminator 1 view .LVU1268
 3671 0078 9B69     		ldr	r3, [r3, #24]
1976:Drivers/STM32G4xx_HAL_Driver/Src/stm32g4xx_hal_spi.c ****   {
 3672              		.loc 1 1976 50 discriminator 1 view .LVU1269
 3673 007a B3F5806F 		cmp	r3, #1024
 3674 007e 2AD0     		beq	.L270
 3675              	.L262:
1992:Drivers/STM32G4xx_HAL_Driver/Src/stm32g4xx_hal_spi.c ****                                  hspi->TxXferCount))
 3676              		.loc 1 1992 3 is_stmt 1 view .LVU1270
1992:Drivers/STM32G4xx_HAL_Driver/Src/stm32g4xx_hal_spi.c ****                                  hspi->TxXferCount))
 3677              		.loc 1 1992 91 is_stmt 0 view .LVU1271
 3678 0080 2268     		ldr	r2, [r4]
1993:Drivers/STM32G4xx_HAL_Driver/Src/stm32g4xx_hal_spi.c ****   {
 3679              		.loc 1 1993 38 view .LVU1272
 3680 0082 E38F     		ldrh	r3, [r4, #62]
1992:Drivers/STM32G4xx_HAL_Driver/Src/stm32g4xx_hal_spi.c ****                                  hspi->TxXferCount))
 3681              		.loc 1 1992 17 view .LVU1273
 3682 0084 9BB2     		uxth	r3, r3
 3683 0086 0C32     		adds	r2, r2, #12
 3684 0088 A16B     		ldr	r1, [r4, #56]
 3685              	.LVL227:
1992:Drivers/STM32G4xx_HAL_Driver/Src/stm32g4xx_hal_spi.c ****                                  hspi->TxXferCount))
 3686              		.loc 1 1992 17 view .LVU1274
 3687 008a 606D     		ldr	r0, [r4, #84]
 3688              	.LVL228:
1992:Drivers/STM32G4xx_HAL_Driver/Src/stm32g4xx_hal_spi.c ****                                  hspi->TxXferCount))
 3689              		.loc 1 1992 17 view .LVU1275
 3690 008c FFF7FEFF 		bl	HAL_DMA_Start_IT
 3691              	.LVL229:
1992:Drivers/STM32G4xx_HAL_Driver/Src/stm32g4xx_hal_spi.c ****                                  hspi->TxXferCount))
 3692              		.loc 1 1992 6 view .LVU1276
 3693 0090 0146     		mov	r1, r0
 3694 0092 0028     		cmp	r0, #0
 3695 0094 38D1     		bne	.L271
ARM GAS  C:\Users\Booster\AppData\Local\Temp\ccQdKe81.s 			page 163


2003:Drivers/STM32G4xx_HAL_Driver/Src/stm32g4xx_hal_spi.c ****   {
 3696              		.loc 1 2003 3 is_stmt 1 view .LVU1277
2003:Drivers/STM32G4xx_HAL_Driver/Src/stm32g4xx_hal_spi.c ****   {
 3697              		.loc 1 2003 12 is_stmt 0 view .LVU1278
 3698 0096 2368     		ldr	r3, [r4]
2003:Drivers/STM32G4xx_HAL_Driver/Src/stm32g4xx_hal_spi.c ****   {
 3699              		.loc 1 2003 22 view .LVU1279
 3700 0098 1A68     		ldr	r2, [r3]
2003:Drivers/STM32G4xx_HAL_Driver/Src/stm32g4xx_hal_spi.c ****   {
 3701              		.loc 1 2003 6 view .LVU1280
 3702 009a 12F0400F 		tst	r2, #64
 3703 009e 03D1     		bne	.L265
2006:Drivers/STM32G4xx_HAL_Driver/Src/stm32g4xx_hal_spi.c ****   }
 3704              		.loc 1 2006 5 is_stmt 1 view .LVU1281
 3705 00a0 1A68     		ldr	r2, [r3]
 3706 00a2 42F04002 		orr	r2, r2, #64
 3707 00a6 1A60     		str	r2, [r3]
 3708              	.L265:
2010:Drivers/STM32G4xx_HAL_Driver/Src/stm32g4xx_hal_spi.c **** 
 3709              		.loc 1 2010 3 view .LVU1282
 3710 00a8 2268     		ldr	r2, [r4]
 3711 00aa 5368     		ldr	r3, [r2, #4]
 3712 00ac 43F02003 		orr	r3, r3, #32
 3713 00b0 5360     		str	r3, [r2, #4]
2013:Drivers/STM32G4xx_HAL_Driver/Src/stm32g4xx_hal_spi.c **** 
 3714              		.loc 1 2013 3 view .LVU1283
 3715 00b2 2268     		ldr	r2, [r4]
 3716 00b4 5368     		ldr	r3, [r2, #4]
 3717 00b6 43F00203 		orr	r3, r3, #2
 3718 00ba 5360     		str	r3, [r2, #4]
1909:Drivers/STM32G4xx_HAL_Driver/Src/stm32g4xx_hal_spi.c **** 
 3719              		.loc 1 1909 21 is_stmt 0 view .LVU1284
 3720 00bc 0D46     		mov	r5, r1
 3721 00be 29E0     		b	.L260
 3722              	.LVL230:
 3723              	.L269:
1950:Drivers/STM32G4xx_HAL_Driver/Src/stm32g4xx_hal_spi.c ****     SPI_1LINE_TX(hspi);
 3724              		.loc 1 1950 5 is_stmt 1 view .LVU1285
 3725 00c0 0268     		ldr	r2, [r0]
 3726              	.LVL231:
1950:Drivers/STM32G4xx_HAL_Driver/Src/stm32g4xx_hal_spi.c ****     SPI_1LINE_TX(hspi);
 3727              		.loc 1 1950 5 is_stmt 0 view .LVU1286
 3728 00c2 1368     		ldr	r3, [r2]
 3729 00c4 23F04003 		bic	r3, r3, #64
 3730 00c8 1360     		str	r3, [r2]
 3731              	.LVL232:
1951:Drivers/STM32G4xx_HAL_Driver/Src/stm32g4xx_hal_spi.c ****   }
 3732              		.loc 1 1951 5 is_stmt 1 view .LVU1287
 3733 00ca 0268     		ldr	r2, [r0]
 3734 00cc 1368     		ldr	r3, [r2]
 3735 00ce 43F48043 		orr	r3, r3, #16384
 3736 00d2 1360     		str	r3, [r2]
 3737 00d4 BAE7     		b	.L261
 3738              	.L270:
1979:Drivers/STM32G4xx_HAL_Driver/Src/stm32g4xx_hal_spi.c ****     {
 3739              		.loc 1 1979 5 view .LVU1288
1979:Drivers/STM32G4xx_HAL_Driver/Src/stm32g4xx_hal_spi.c ****     {
ARM GAS  C:\Users\Booster\AppData\Local\Temp\ccQdKe81.s 			page 164


 3740              		.loc 1 1979 14 is_stmt 0 view .LVU1289
 3741 00d6 E38F     		ldrh	r3, [r4, #62]
1979:Drivers/STM32G4xx_HAL_Driver/Src/stm32g4xx_hal_spi.c ****     {
 3742              		.loc 1 1979 8 view .LVU1290
 3743 00d8 13F0010F 		tst	r3, #1
 3744 00dc 09D1     		bne	.L263
1981:Drivers/STM32G4xx_HAL_Driver/Src/stm32g4xx_hal_spi.c ****       hspi->TxXferCount = (hspi->TxXferCount >> 1U);
 3745              		.loc 1 1981 7 is_stmt 1 view .LVU1291
 3746 00de 2268     		ldr	r2, [r4]
 3747 00e0 5368     		ldr	r3, [r2, #4]
 3748 00e2 23F48043 		bic	r3, r3, #16384
 3749 00e6 5360     		str	r3, [r2, #4]
1982:Drivers/STM32G4xx_HAL_Driver/Src/stm32g4xx_hal_spi.c ****     }
 3750              		.loc 1 1982 7 view .LVU1292
1982:Drivers/STM32G4xx_HAL_Driver/Src/stm32g4xx_hal_spi.c ****     }
 3751              		.loc 1 1982 32 is_stmt 0 view .LVU1293
 3752 00e8 E38F     		ldrh	r3, [r4, #62]
1982:Drivers/STM32G4xx_HAL_Driver/Src/stm32g4xx_hal_spi.c ****     }
 3753              		.loc 1 1982 25 view .LVU1294
 3754 00ea C3F34E03 		ubfx	r3, r3, #1, #15
 3755 00ee E387     		strh	r3, [r4, #62]	@ movhi
 3756 00f0 C6E7     		b	.L262
 3757              	.L263:
1986:Drivers/STM32G4xx_HAL_Driver/Src/stm32g4xx_hal_spi.c ****       hspi->TxXferCount = (hspi->TxXferCount >> 1U) + 1U;
 3758              		.loc 1 1986 7 is_stmt 1 view .LVU1295
 3759 00f2 2268     		ldr	r2, [r4]
 3760 00f4 5368     		ldr	r3, [r2, #4]
 3761 00f6 43F48043 		orr	r3, r3, #16384
 3762 00fa 5360     		str	r3, [r2, #4]
1987:Drivers/STM32G4xx_HAL_Driver/Src/stm32g4xx_hal_spi.c ****     }
 3763              		.loc 1 1987 7 view .LVU1296
1987:Drivers/STM32G4xx_HAL_Driver/Src/stm32g4xx_hal_spi.c ****     }
 3764              		.loc 1 1987 32 is_stmt 0 view .LVU1297
 3765 00fc E38F     		ldrh	r3, [r4, #62]
1987:Drivers/STM32G4xx_HAL_Driver/Src/stm32g4xx_hal_spi.c ****     }
 3766              		.loc 1 1987 53 view .LVU1298
 3767 00fe C3F34E03 		ubfx	r3, r3, #1, #15
 3768 0102 0133     		adds	r3, r3, #1
1987:Drivers/STM32G4xx_HAL_Driver/Src/stm32g4xx_hal_spi.c ****     }
 3769              		.loc 1 1987 25 view .LVU1299
 3770 0104 E387     		strh	r3, [r4, #62]	@ movhi
 3771 0106 BBE7     		b	.L262
 3772              	.LVL233:
 3773              	.L271:
1996:Drivers/STM32G4xx_HAL_Driver/Src/stm32g4xx_hal_spi.c ****     errorcode = HAL_ERROR;
 3774              		.loc 1 1996 5 is_stmt 1 view .LVU1300
 3775 0108 236E     		ldr	r3, [r4, #96]
 3776 010a 43F01003 		orr	r3, r3, #16
 3777 010e 2366     		str	r3, [r4, #96]
1997:Drivers/STM32G4xx_HAL_Driver/Src/stm32g4xx_hal_spi.c **** 
 3778              		.loc 1 1997 5 view .LVU1301
 3779              	.LVL234:
1999:Drivers/STM32G4xx_HAL_Driver/Src/stm32g4xx_hal_spi.c ****   }
 3780              		.loc 1 1999 5 view .LVU1302
 3781 0110 00E0     		b	.L260
 3782              	.LVL235:
 3783              	.L267:
ARM GAS  C:\Users\Booster\AppData\Local\Temp\ccQdKe81.s 			page 165


1922:Drivers/STM32G4xx_HAL_Driver/Src/stm32g4xx_hal_spi.c ****     goto error;
 3784              		.loc 1 1922 15 is_stmt 0 view .LVU1303
 3785 0112 0225     		movs	r5, #2
 3786              	.LVL236:
 3787              	.L260:
2017:Drivers/STM32G4xx_HAL_Driver/Src/stm32g4xx_hal_spi.c ****   return errorcode;
 3788              		.loc 1 2017 3 is_stmt 1 view .LVU1304
2017:Drivers/STM32G4xx_HAL_Driver/Src/stm32g4xx_hal_spi.c ****   return errorcode;
 3789              		.loc 1 2017 3 view .LVU1305
 3790 0114 0023     		movs	r3, #0
 3791 0116 84F85C30 		strb	r3, [r4, #92]
2017:Drivers/STM32G4xx_HAL_Driver/Src/stm32g4xx_hal_spi.c ****   return errorcode;
 3792              		.loc 1 2017 3 view .LVU1306
2018:Drivers/STM32G4xx_HAL_Driver/Src/stm32g4xx_hal_spi.c **** }
 3793              		.loc 1 2018 3 view .LVU1307
 3794              	.LVL237:
 3795              	.L259:
2019:Drivers/STM32G4xx_HAL_Driver/Src/stm32g4xx_hal_spi.c **** 
 3796              		.loc 1 2019 1 is_stmt 0 view .LVU1308
 3797 011a 2846     		mov	r0, r5
 3798 011c 38BD     		pop	{r3, r4, r5, pc}
 3799              	.LVL238:
 3800              	.L266:
1918:Drivers/STM32G4xx_HAL_Driver/Src/stm32g4xx_hal_spi.c **** 
 3801              		.loc 1 1918 3 view .LVU1309
 3802 011e 0225     		movs	r5, #2
 3803 0120 FBE7     		b	.L259
 3804              	.L273:
 3805 0122 00BF     		.align	2
 3806              	.L272:
 3807 0124 00000000 		.word	SPI_DMAHalfTransmitCplt
 3808 0128 00000000 		.word	SPI_DMATransmitCplt
 3809 012c 00000000 		.word	SPI_DMAError
 3810              		.cfi_endproc
 3811              	.LFE339:
 3813              		.section	.text.HAL_SPI_TransmitReceive_DMA,"ax",%progbits
 3814              		.align	1
 3815              		.global	HAL_SPI_TransmitReceive_DMA
 3816              		.syntax unified
 3817              		.thumb
 3818              		.thumb_func
 3820              	HAL_SPI_TransmitReceive_DMA:
 3821              	.LVL239:
 3822              	.LFB341:
2177:Drivers/STM32G4xx_HAL_Driver/Src/stm32g4xx_hal_spi.c ****   uint32_t             tmp_mode;
 3823              		.loc 1 2177 1 is_stmt 1 view -0
 3824              		.cfi_startproc
 3825              		@ args = 0, pretend = 0, frame = 0
 3826              		@ frame_needed = 0, uses_anonymous_args = 0
2177:Drivers/STM32G4xx_HAL_Driver/Src/stm32g4xx_hal_spi.c ****   uint32_t             tmp_mode;
 3827              		.loc 1 2177 1 is_stmt 0 view .LVU1311
 3828 0000 38B5     		push	{r3, r4, r5, lr}
 3829              	.LCFI45:
 3830              		.cfi_def_cfa_offset 16
 3831              		.cfi_offset 3, -16
 3832              		.cfi_offset 4, -12
 3833              		.cfi_offset 5, -8
ARM GAS  C:\Users\Booster\AppData\Local\Temp\ccQdKe81.s 			page 166


 3834              		.cfi_offset 14, -4
 3835 0002 0446     		mov	r4, r0
2178:Drivers/STM32G4xx_HAL_Driver/Src/stm32g4xx_hal_spi.c ****   HAL_SPI_StateTypeDef tmp_state;
 3836              		.loc 1 2178 3 is_stmt 1 view .LVU1312
2179:Drivers/STM32G4xx_HAL_Driver/Src/stm32g4xx_hal_spi.c ****   HAL_StatusTypeDef errorcode = HAL_OK;
 3837              		.loc 1 2179 3 view .LVU1313
2180:Drivers/STM32G4xx_HAL_Driver/Src/stm32g4xx_hal_spi.c **** 
 3838              		.loc 1 2180 3 view .LVU1314
 3839              	.LVL240:
2183:Drivers/STM32G4xx_HAL_Driver/Src/stm32g4xx_hal_spi.c ****   assert_param(IS_SPI_DMA_HANDLE(hspi->hdmatx));
 3840              		.loc 1 2183 3 view .LVU1315
2184:Drivers/STM32G4xx_HAL_Driver/Src/stm32g4xx_hal_spi.c **** 
 3841              		.loc 1 2184 3 view .LVU1316
2187:Drivers/STM32G4xx_HAL_Driver/Src/stm32g4xx_hal_spi.c **** 
 3842              		.loc 1 2187 3 view .LVU1317
2190:Drivers/STM32G4xx_HAL_Driver/Src/stm32g4xx_hal_spi.c **** 
 3843              		.loc 1 2190 3 view .LVU1318
2190:Drivers/STM32G4xx_HAL_Driver/Src/stm32g4xx_hal_spi.c **** 
 3844              		.loc 1 2190 3 view .LVU1319
 3845 0004 90F85C00 		ldrb	r0, [r0, #92]	@ zero_extendqisi2
 3846              	.LVL241:
2190:Drivers/STM32G4xx_HAL_Driver/Src/stm32g4xx_hal_spi.c **** 
 3847              		.loc 1 2190 3 is_stmt 0 view .LVU1320
 3848 0008 0128     		cmp	r0, #1
 3849 000a 00F0F380 		beq	.L289
2190:Drivers/STM32G4xx_HAL_Driver/Src/stm32g4xx_hal_spi.c **** 
 3850              		.loc 1 2190 3 is_stmt 1 discriminator 2 view .LVU1321
 3851 000e 0120     		movs	r0, #1
 3852 0010 84F85C00 		strb	r0, [r4, #92]
2190:Drivers/STM32G4xx_HAL_Driver/Src/stm32g4xx_hal_spi.c **** 
 3853              		.loc 1 2190 3 discriminator 2 view .LVU1322
2193:Drivers/STM32G4xx_HAL_Driver/Src/stm32g4xx_hal_spi.c ****   tmp_mode            = hspi->Init.Mode;
 3854              		.loc 1 2193 3 discriminator 2 view .LVU1323
2193:Drivers/STM32G4xx_HAL_Driver/Src/stm32g4xx_hal_spi.c ****   tmp_mode            = hspi->Init.Mode;
 3855              		.loc 1 2193 23 is_stmt 0 discriminator 2 view .LVU1324
 3856 0014 94F85D00 		ldrb	r0, [r4, #93]	@ zero_extendqisi2
 3857 0018 C0B2     		uxtb	r0, r0
 3858              	.LVL242:
2194:Drivers/STM32G4xx_HAL_Driver/Src/stm32g4xx_hal_spi.c **** 
 3859              		.loc 1 2194 3 is_stmt 1 discriminator 2 view .LVU1325
2194:Drivers/STM32G4xx_HAL_Driver/Src/stm32g4xx_hal_spi.c **** 
 3860              		.loc 1 2194 23 is_stmt 0 discriminator 2 view .LVU1326
 3861 001a 6568     		ldr	r5, [r4, #4]
 3862              	.LVL243:
2196:Drivers/STM32G4xx_HAL_Driver/Src/stm32g4xx_hal_spi.c ****         ((tmp_mode == SPI_MODE_MASTER) && (hspi->Init.Direction == SPI_DIRECTION_2LINES) && (tmp_st
 3863              		.loc 1 2196 3 is_stmt 1 discriminator 2 view .LVU1327
2196:Drivers/STM32G4xx_HAL_Driver/Src/stm32g4xx_hal_spi.c ****         ((tmp_mode == SPI_MODE_MASTER) && (hspi->Init.Direction == SPI_DIRECTION_2LINES) && (tmp_st
 3864              		.loc 1 2196 6 is_stmt 0 discriminator 2 view .LVU1328
 3865 001c 0128     		cmp	r0, #1
 3866 001e 0AD0     		beq	.L276
2196:Drivers/STM32G4xx_HAL_Driver/Src/stm32g4xx_hal_spi.c ****         ((tmp_mode == SPI_MODE_MASTER) && (hspi->Init.Direction == SPI_DIRECTION_2LINES) && (tmp_st
 3867              		.loc 1 2196 7 discriminator 1 view .LVU1329
 3868 0020 B5F5827F 		cmp	r5, #260
 3869 0024 40F0D780 		bne	.L290
2197:Drivers/STM32G4xx_HAL_Driver/Src/stm32g4xx_hal_spi.c ****   {
 3870              		.loc 1 2197 54 view .LVU1330
 3871 0028 A568     		ldr	r5, [r4, #8]
ARM GAS  C:\Users\Booster\AppData\Local\Temp\ccQdKe81.s 			page 167


 3872              	.LVL244:
2197:Drivers/STM32G4xx_HAL_Driver/Src/stm32g4xx_hal_spi.c ****   {
 3873              		.loc 1 2197 40 view .LVU1331
 3874 002a 002D     		cmp	r5, #0
 3875 002c 40F0D880 		bne	.L291
2197:Drivers/STM32G4xx_HAL_Driver/Src/stm32g4xx_hal_spi.c ****   {
 3876              		.loc 1 2197 90 discriminator 1 view .LVU1332
 3877 0030 0428     		cmp	r0, #4
 3878 0032 40F0D780 		bne	.L292
 3879              	.L276:
2203:Drivers/STM32G4xx_HAL_Driver/Src/stm32g4xx_hal_spi.c ****   {
 3880              		.loc 1 2203 3 is_stmt 1 view .LVU1333
2203:Drivers/STM32G4xx_HAL_Driver/Src/stm32g4xx_hal_spi.c ****   {
 3881              		.loc 1 2203 6 is_stmt 0 view .LVU1334
 3882 0036 0029     		cmp	r1, #0
 3883 0038 00F0D680 		beq	.L293
2203:Drivers/STM32G4xx_HAL_Driver/Src/stm32g4xx_hal_spi.c ****   {
 3884              		.loc 1 2203 25 discriminator 1 view .LVU1335
 3885 003c 002A     		cmp	r2, #0
 3886 003e 00F0D580 		beq	.L294
2203:Drivers/STM32G4xx_HAL_Driver/Src/stm32g4xx_hal_spi.c ****   {
 3887              		.loc 1 2203 46 discriminator 2 view .LVU1336
 3888 0042 002B     		cmp	r3, #0
 3889 0044 00F0D480 		beq	.L295
2210:Drivers/STM32G4xx_HAL_Driver/Src/stm32g4xx_hal_spi.c ****   {
 3890              		.loc 1 2210 3 is_stmt 1 view .LVU1337
2210:Drivers/STM32G4xx_HAL_Driver/Src/stm32g4xx_hal_spi.c ****   {
 3891              		.loc 1 2210 11 is_stmt 0 view .LVU1338
 3892 0048 94F85D00 		ldrb	r0, [r4, #93]	@ zero_extendqisi2
 3893              	.LVL245:
2210:Drivers/STM32G4xx_HAL_Driver/Src/stm32g4xx_hal_spi.c ****   {
 3894              		.loc 1 2210 11 view .LVU1339
 3895 004c C0B2     		uxtb	r0, r0
2210:Drivers/STM32G4xx_HAL_Driver/Src/stm32g4xx_hal_spi.c ****   {
 3896              		.loc 1 2210 6 view .LVU1340
 3897 004e 0428     		cmp	r0, #4
 3898 0050 02D0     		beq	.L278
2212:Drivers/STM32G4xx_HAL_Driver/Src/stm32g4xx_hal_spi.c ****   }
 3899              		.loc 1 2212 5 is_stmt 1 view .LVU1341
2212:Drivers/STM32G4xx_HAL_Driver/Src/stm32g4xx_hal_spi.c ****   }
 3900              		.loc 1 2212 17 is_stmt 0 view .LVU1342
 3901 0052 0520     		movs	r0, #5
 3902 0054 84F85D00 		strb	r0, [r4, #93]
 3903              	.L278:
2216:Drivers/STM32G4xx_HAL_Driver/Src/stm32g4xx_hal_spi.c ****   hspi->pTxBuffPtr  = (uint8_t *)pTxData;
 3904              		.loc 1 2216 3 is_stmt 1 view .LVU1343
2216:Drivers/STM32G4xx_HAL_Driver/Src/stm32g4xx_hal_spi.c ****   hspi->pTxBuffPtr  = (uint8_t *)pTxData;
 3905              		.loc 1 2216 21 is_stmt 0 view .LVU1344
 3906 0058 0020     		movs	r0, #0
 3907 005a 2066     		str	r0, [r4, #96]
2217:Drivers/STM32G4xx_HAL_Driver/Src/stm32g4xx_hal_spi.c ****   hspi->TxXferSize  = Size;
 3908              		.loc 1 2217 3 is_stmt 1 view .LVU1345
2217:Drivers/STM32G4xx_HAL_Driver/Src/stm32g4xx_hal_spi.c ****   hspi->TxXferSize  = Size;
 3909              		.loc 1 2217 21 is_stmt 0 view .LVU1346
 3910 005c A163     		str	r1, [r4, #56]
2218:Drivers/STM32G4xx_HAL_Driver/Src/stm32g4xx_hal_spi.c ****   hspi->TxXferCount = Size;
 3911              		.loc 1 2218 3 is_stmt 1 view .LVU1347
ARM GAS  C:\Users\Booster\AppData\Local\Temp\ccQdKe81.s 			page 168


2218:Drivers/STM32G4xx_HAL_Driver/Src/stm32g4xx_hal_spi.c ****   hspi->TxXferCount = Size;
 3912              		.loc 1 2218 21 is_stmt 0 view .LVU1348
 3913 005e A387     		strh	r3, [r4, #60]	@ movhi
2219:Drivers/STM32G4xx_HAL_Driver/Src/stm32g4xx_hal_spi.c ****   hspi->pRxBuffPtr  = (uint8_t *)pRxData;
 3914              		.loc 1 2219 3 is_stmt 1 view .LVU1349
2219:Drivers/STM32G4xx_HAL_Driver/Src/stm32g4xx_hal_spi.c ****   hspi->pRxBuffPtr  = (uint8_t *)pRxData;
 3915              		.loc 1 2219 21 is_stmt 0 view .LVU1350
 3916 0060 E387     		strh	r3, [r4, #62]	@ movhi
2220:Drivers/STM32G4xx_HAL_Driver/Src/stm32g4xx_hal_spi.c ****   hspi->RxXferSize  = Size;
 3917              		.loc 1 2220 3 is_stmt 1 view .LVU1351
2220:Drivers/STM32G4xx_HAL_Driver/Src/stm32g4xx_hal_spi.c ****   hspi->RxXferSize  = Size;
 3918              		.loc 1 2220 21 is_stmt 0 view .LVU1352
 3919 0062 2264     		str	r2, [r4, #64]
2221:Drivers/STM32G4xx_HAL_Driver/Src/stm32g4xx_hal_spi.c ****   hspi->RxXferCount = Size;
 3920              		.loc 1 2221 3 is_stmt 1 view .LVU1353
2221:Drivers/STM32G4xx_HAL_Driver/Src/stm32g4xx_hal_spi.c ****   hspi->RxXferCount = Size;
 3921              		.loc 1 2221 21 is_stmt 0 view .LVU1354
 3922 0064 A4F84430 		strh	r3, [r4, #68]	@ movhi
2222:Drivers/STM32G4xx_HAL_Driver/Src/stm32g4xx_hal_spi.c **** 
 3923              		.loc 1 2222 3 is_stmt 1 view .LVU1355
2222:Drivers/STM32G4xx_HAL_Driver/Src/stm32g4xx_hal_spi.c **** 
 3924              		.loc 1 2222 21 is_stmt 0 view .LVU1356
 3925 0068 A4F84630 		strh	r3, [r4, #70]	@ movhi
2225:Drivers/STM32G4xx_HAL_Driver/Src/stm32g4xx_hal_spi.c ****   hspi->TxISR       = NULL;
 3926              		.loc 1 2225 3 is_stmt 1 view .LVU1357
2225:Drivers/STM32G4xx_HAL_Driver/Src/stm32g4xx_hal_spi.c ****   hspi->TxISR       = NULL;
 3927              		.loc 1 2225 21 is_stmt 0 view .LVU1358
 3928 006c E064     		str	r0, [r4, #76]
2226:Drivers/STM32G4xx_HAL_Driver/Src/stm32g4xx_hal_spi.c **** 
 3929              		.loc 1 2226 3 is_stmt 1 view .LVU1359
2226:Drivers/STM32G4xx_HAL_Driver/Src/stm32g4xx_hal_spi.c **** 
 3930              		.loc 1 2226 21 is_stmt 0 view .LVU1360
 3931 006e 2065     		str	r0, [r4, #80]
2237:Drivers/STM32G4xx_HAL_Driver/Src/stm32g4xx_hal_spi.c **** 
 3932              		.loc 1 2237 3 is_stmt 1 view .LVU1361
 3933 0070 2268     		ldr	r2, [r4]
 3934              	.LVL246:
2237:Drivers/STM32G4xx_HAL_Driver/Src/stm32g4xx_hal_spi.c **** 
 3935              		.loc 1 2237 3 is_stmt 0 view .LVU1362
 3936 0072 5368     		ldr	r3, [r2, #4]
 3937              	.LVL247:
2237:Drivers/STM32G4xx_HAL_Driver/Src/stm32g4xx_hal_spi.c **** 
 3938              		.loc 1 2237 3 view .LVU1363
 3939 0074 23F4C043 		bic	r3, r3, #24576
 3940 0078 5360     		str	r3, [r2, #4]
 3941              	.LVL248:
2240:Drivers/STM32G4xx_HAL_Driver/Src/stm32g4xx_hal_spi.c ****   {
 3942              		.loc 1 2240 3 is_stmt 1 view .LVU1364
2240:Drivers/STM32G4xx_HAL_Driver/Src/stm32g4xx_hal_spi.c ****   {
 3943              		.loc 1 2240 17 is_stmt 0 view .LVU1365
 3944 007a E368     		ldr	r3, [r4, #12]
2240:Drivers/STM32G4xx_HAL_Driver/Src/stm32g4xx_hal_spi.c ****   {
 3945              		.loc 1 2240 6 view .LVU1366
 3946 007c B3F5E06F 		cmp	r3, #1792
 3947 0080 26D9     		bls	.L279
2243:Drivers/STM32G4xx_HAL_Driver/Src/stm32g4xx_hal_spi.c ****   }
 3948              		.loc 1 2243 5 is_stmt 1 view .LVU1367
ARM GAS  C:\Users\Booster\AppData\Local\Temp\ccQdKe81.s 			page 169


 3949 0082 2268     		ldr	r2, [r4]
 3950 0084 5368     		ldr	r3, [r2, #4]
 3951 0086 23F48053 		bic	r3, r3, #4096
 3952 008a 5360     		str	r3, [r2, #4]
 3953              	.L280:
2283:Drivers/STM32G4xx_HAL_Driver/Src/stm32g4xx_hal_spi.c ****   {
 3954              		.loc 1 2283 3 view .LVU1368
2283:Drivers/STM32G4xx_HAL_Driver/Src/stm32g4xx_hal_spi.c ****   {
 3955              		.loc 1 2283 11 is_stmt 0 view .LVU1369
 3956 008c 94F85D30 		ldrb	r3, [r4, #93]	@ zero_extendqisi2
 3957 0090 DBB2     		uxtb	r3, r3
2283:Drivers/STM32G4xx_HAL_Driver/Src/stm32g4xx_hal_spi.c ****   {
 3958              		.loc 1 2283 6 view .LVU1370
 3959 0092 042B     		cmp	r3, #4
 3960 0094 67D0     		beq	.L297
2292:Drivers/STM32G4xx_HAL_Driver/Src/stm32g4xx_hal_spi.c ****     hspi->hdmarx->XferCpltCallback     = SPI_DMATransmitReceiveCplt;
 3961              		.loc 1 2292 5 is_stmt 1 view .LVU1371
2292:Drivers/STM32G4xx_HAL_Driver/Src/stm32g4xx_hal_spi.c ****     hspi->hdmarx->XferCpltCallback     = SPI_DMATransmitReceiveCplt;
 3962              		.loc 1 2292 9 is_stmt 0 view .LVU1372
 3963 0096 A36D     		ldr	r3, [r4, #88]
2292:Drivers/STM32G4xx_HAL_Driver/Src/stm32g4xx_hal_spi.c ****     hspi->hdmarx->XferCpltCallback     = SPI_DMATransmitReceiveCplt;
 3964              		.loc 1 2292 40 view .LVU1373
 3965 0098 574A     		ldr	r2, .L300
 3966 009a 1A63     		str	r2, [r3, #48]
2293:Drivers/STM32G4xx_HAL_Driver/Src/stm32g4xx_hal_spi.c ****   }
 3967              		.loc 1 2293 5 is_stmt 1 view .LVU1374
2293:Drivers/STM32G4xx_HAL_Driver/Src/stm32g4xx_hal_spi.c ****   }
 3968              		.loc 1 2293 9 is_stmt 0 view .LVU1375
 3969 009c A36D     		ldr	r3, [r4, #88]
2293:Drivers/STM32G4xx_HAL_Driver/Src/stm32g4xx_hal_spi.c ****   }
 3970              		.loc 1 2293 40 view .LVU1376
 3971 009e 574A     		ldr	r2, .L300+4
 3972 00a0 DA62     		str	r2, [r3, #44]
 3973              	.L285:
2297:Drivers/STM32G4xx_HAL_Driver/Src/stm32g4xx_hal_spi.c **** 
 3974              		.loc 1 2297 3 is_stmt 1 view .LVU1377
2297:Drivers/STM32G4xx_HAL_Driver/Src/stm32g4xx_hal_spi.c **** 
 3975              		.loc 1 2297 7 is_stmt 0 view .LVU1378
 3976 00a2 A36D     		ldr	r3, [r4, #88]
2297:Drivers/STM32G4xx_HAL_Driver/Src/stm32g4xx_hal_spi.c **** 
 3977              		.loc 1 2297 35 view .LVU1379
 3978 00a4 564A     		ldr	r2, .L300+8
 3979 00a6 5A63     		str	r2, [r3, #52]
2300:Drivers/STM32G4xx_HAL_Driver/Src/stm32g4xx_hal_spi.c **** 
 3980              		.loc 1 2300 3 is_stmt 1 view .LVU1380
2300:Drivers/STM32G4xx_HAL_Driver/Src/stm32g4xx_hal_spi.c **** 
 3981              		.loc 1 2300 7 is_stmt 0 view .LVU1381
 3982 00a8 A36D     		ldr	r3, [r4, #88]
2300:Drivers/STM32G4xx_HAL_Driver/Src/stm32g4xx_hal_spi.c **** 
 3983              		.loc 1 2300 35 view .LVU1382
 3984 00aa 0022     		movs	r2, #0
 3985 00ac 9A63     		str	r2, [r3, #56]
2303:Drivers/STM32G4xx_HAL_Driver/Src/stm32g4xx_hal_spi.c ****                                  hspi->RxXferCount))
 3986              		.loc 1 2303 3 is_stmt 1 view .LVU1383
2303:Drivers/STM32G4xx_HAL_Driver/Src/stm32g4xx_hal_spi.c ****                                  hspi->RxXferCount))
 3987              		.loc 1 2303 63 is_stmt 0 view .LVU1384
 3988 00ae 2168     		ldr	r1, [r4]
ARM GAS  C:\Users\Booster\AppData\Local\Temp\ccQdKe81.s 			page 170


 3989              	.LVL249:
2304:Drivers/STM32G4xx_HAL_Driver/Src/stm32g4xx_hal_spi.c ****   {
 3990              		.loc 1 2304 38 view .LVU1385
 3991 00b0 B4F84630 		ldrh	r3, [r4, #70]
2303:Drivers/STM32G4xx_HAL_Driver/Src/stm32g4xx_hal_spi.c ****                                  hspi->RxXferCount))
 3992              		.loc 1 2303 17 view .LVU1386
 3993 00b4 9BB2     		uxth	r3, r3
 3994 00b6 226C     		ldr	r2, [r4, #64]
 3995 00b8 0C31     		adds	r1, r1, #12
 3996 00ba A06D     		ldr	r0, [r4, #88]
 3997 00bc FFF7FEFF 		bl	HAL_DMA_Start_IT
 3998              	.LVL250:
2303:Drivers/STM32G4xx_HAL_Driver/Src/stm32g4xx_hal_spi.c ****                                  hspi->RxXferCount))
 3999              		.loc 1 2303 6 view .LVU1387
 4000 00c0 0028     		cmp	r0, #0
 4001 00c2 57D0     		beq	.L286
2307:Drivers/STM32G4xx_HAL_Driver/Src/stm32g4xx_hal_spi.c ****     errorcode = HAL_ERROR;
 4002              		.loc 1 2307 5 is_stmt 1 view .LVU1388
 4003 00c4 236E     		ldr	r3, [r4, #96]
 4004 00c6 43F01003 		orr	r3, r3, #16
 4005 00ca 2366     		str	r3, [r4, #96]
2308:Drivers/STM32G4xx_HAL_Driver/Src/stm32g4xx_hal_spi.c **** 
 4006              		.loc 1 2308 5 view .LVU1389
 4007              	.LVL251:
2310:Drivers/STM32G4xx_HAL_Driver/Src/stm32g4xx_hal_spi.c ****   }
 4008              		.loc 1 2310 5 view .LVU1390
2308:Drivers/STM32G4xx_HAL_Driver/Src/stm32g4xx_hal_spi.c **** 
 4009              		.loc 1 2308 15 is_stmt 0 view .LVU1391
 4010 00cc 0120     		movs	r0, #1
2310:Drivers/STM32G4xx_HAL_Driver/Src/stm32g4xx_hal_spi.c ****   }
 4011              		.loc 1 2310 5 view .LVU1392
 4012 00ce 83E0     		b	.L277
 4013              	.LVL252:
 4014              	.L279:
2248:Drivers/STM32G4xx_HAL_Driver/Src/stm32g4xx_hal_spi.c **** 
 4015              		.loc 1 2248 5 is_stmt 1 view .LVU1393
 4016 00d0 2268     		ldr	r2, [r4]
 4017 00d2 5368     		ldr	r3, [r2, #4]
 4018 00d4 43F48053 		orr	r3, r3, #4096
 4019 00d8 5360     		str	r3, [r2, #4]
2250:Drivers/STM32G4xx_HAL_Driver/Src/stm32g4xx_hal_spi.c ****     {
 4020              		.loc 1 2250 5 view .LVU1394
2250:Drivers/STM32G4xx_HAL_Driver/Src/stm32g4xx_hal_spi.c ****     {
 4021              		.loc 1 2250 13 is_stmt 0 view .LVU1395
 4022 00da 636D     		ldr	r3, [r4, #84]
2250:Drivers/STM32G4xx_HAL_Driver/Src/stm32g4xx_hal_spi.c ****     {
 4023              		.loc 1 2250 27 view .LVU1396
 4024 00dc 9B69     		ldr	r3, [r3, #24]
2250:Drivers/STM32G4xx_HAL_Driver/Src/stm32g4xx_hal_spi.c ****     {
 4025              		.loc 1 2250 8 view .LVU1397
 4026 00de B3F5806F 		cmp	r3, #1024
 4027 00e2 1AD0     		beq	.L298
 4028              	.L281:
2264:Drivers/STM32G4xx_HAL_Driver/Src/stm32g4xx_hal_spi.c ****     {
 4029              		.loc 1 2264 5 is_stmt 1 view .LVU1398
2264:Drivers/STM32G4xx_HAL_Driver/Src/stm32g4xx_hal_spi.c ****     {
 4030              		.loc 1 2264 13 is_stmt 0 view .LVU1399
ARM GAS  C:\Users\Booster\AppData\Local\Temp\ccQdKe81.s 			page 171


 4031 00e4 A36D     		ldr	r3, [r4, #88]
2264:Drivers/STM32G4xx_HAL_Driver/Src/stm32g4xx_hal_spi.c ****     {
 4032              		.loc 1 2264 27 view .LVU1400
 4033 00e6 9B69     		ldr	r3, [r3, #24]
2264:Drivers/STM32G4xx_HAL_Driver/Src/stm32g4xx_hal_spi.c ****     {
 4034              		.loc 1 2264 8 view .LVU1401
 4035 00e8 B3F5806F 		cmp	r3, #1024
 4036 00ec CED1     		bne	.L280
2267:Drivers/STM32G4xx_HAL_Driver/Src/stm32g4xx_hal_spi.c **** 
 4037              		.loc 1 2267 7 is_stmt 1 view .LVU1402
 4038 00ee 2268     		ldr	r2, [r4]
 4039 00f0 5368     		ldr	r3, [r2, #4]
 4040 00f2 23F48053 		bic	r3, r3, #4096
 4041 00f6 5360     		str	r3, [r2, #4]
2269:Drivers/STM32G4xx_HAL_Driver/Src/stm32g4xx_hal_spi.c ****       {
 4042              		.loc 1 2269 7 view .LVU1403
2269:Drivers/STM32G4xx_HAL_Driver/Src/stm32g4xx_hal_spi.c ****       {
 4043              		.loc 1 2269 16 is_stmt 0 view .LVU1404
 4044 00f8 B4F84630 		ldrh	r3, [r4, #70]
2269:Drivers/STM32G4xx_HAL_Driver/Src/stm32g4xx_hal_spi.c ****       {
 4045              		.loc 1 2269 10 view .LVU1405
 4046 00fc 13F0010F 		tst	r3, #1
 4047 0100 24D1     		bne	.L283
2271:Drivers/STM32G4xx_HAL_Driver/Src/stm32g4xx_hal_spi.c ****         hspi->RxXferCount = hspi->RxXferCount >> 1U;
 4048              		.loc 1 2271 9 is_stmt 1 view .LVU1406
 4049 0102 2268     		ldr	r2, [r4]
 4050 0104 5368     		ldr	r3, [r2, #4]
 4051 0106 23F40053 		bic	r3, r3, #8192
 4052 010a 5360     		str	r3, [r2, #4]
2272:Drivers/STM32G4xx_HAL_Driver/Src/stm32g4xx_hal_spi.c ****       }
 4053              		.loc 1 2272 9 view .LVU1407
2272:Drivers/STM32G4xx_HAL_Driver/Src/stm32g4xx_hal_spi.c ****       }
 4054              		.loc 1 2272 33 is_stmt 0 view .LVU1408
 4055 010c B4F84630 		ldrh	r3, [r4, #70]
2272:Drivers/STM32G4xx_HAL_Driver/Src/stm32g4xx_hal_spi.c ****       }
 4056              		.loc 1 2272 27 view .LVU1409
 4057 0110 C3F34E03 		ubfx	r3, r3, #1, #15
 4058 0114 A4F84630 		strh	r3, [r4, #70]	@ movhi
 4059 0118 B8E7     		b	.L280
 4060              	.L298:
2252:Drivers/STM32G4xx_HAL_Driver/Src/stm32g4xx_hal_spi.c ****       {
 4061              		.loc 1 2252 7 is_stmt 1 view .LVU1410
2252:Drivers/STM32G4xx_HAL_Driver/Src/stm32g4xx_hal_spi.c ****       {
 4062              		.loc 1 2252 16 is_stmt 0 view .LVU1411
 4063 011a A38F     		ldrh	r3, [r4, #60]
2252:Drivers/STM32G4xx_HAL_Driver/Src/stm32g4xx_hal_spi.c ****       {
 4064              		.loc 1 2252 10 view .LVU1412
 4065 011c 13F0010F 		tst	r3, #1
 4066 0120 09D1     		bne	.L282
2254:Drivers/STM32G4xx_HAL_Driver/Src/stm32g4xx_hal_spi.c ****         hspi->TxXferCount = hspi->TxXferCount >> 1U;
 4067              		.loc 1 2254 9 is_stmt 1 view .LVU1413
 4068 0122 2268     		ldr	r2, [r4]
 4069 0124 5368     		ldr	r3, [r2, #4]
 4070 0126 23F48043 		bic	r3, r3, #16384
 4071 012a 5360     		str	r3, [r2, #4]
2255:Drivers/STM32G4xx_HAL_Driver/Src/stm32g4xx_hal_spi.c ****       }
 4072              		.loc 1 2255 9 view .LVU1414
ARM GAS  C:\Users\Booster\AppData\Local\Temp\ccQdKe81.s 			page 172


2255:Drivers/STM32G4xx_HAL_Driver/Src/stm32g4xx_hal_spi.c ****       }
 4073              		.loc 1 2255 33 is_stmt 0 view .LVU1415
 4074 012c E38F     		ldrh	r3, [r4, #62]
2255:Drivers/STM32G4xx_HAL_Driver/Src/stm32g4xx_hal_spi.c ****       }
 4075              		.loc 1 2255 27 view .LVU1416
 4076 012e C3F34E03 		ubfx	r3, r3, #1, #15
 4077 0132 E387     		strh	r3, [r4, #62]	@ movhi
 4078 0134 D6E7     		b	.L281
 4079              	.L282:
2259:Drivers/STM32G4xx_HAL_Driver/Src/stm32g4xx_hal_spi.c ****         hspi->TxXferCount = (hspi->TxXferCount >> 1U) + 1U;
 4080              		.loc 1 2259 9 is_stmt 1 view .LVU1417
 4081 0136 2268     		ldr	r2, [r4]
 4082 0138 5368     		ldr	r3, [r2, #4]
 4083 013a 43F48043 		orr	r3, r3, #16384
 4084 013e 5360     		str	r3, [r2, #4]
2260:Drivers/STM32G4xx_HAL_Driver/Src/stm32g4xx_hal_spi.c ****       }
 4085              		.loc 1 2260 9 view .LVU1418
2260:Drivers/STM32G4xx_HAL_Driver/Src/stm32g4xx_hal_spi.c ****       }
 4086              		.loc 1 2260 34 is_stmt 0 view .LVU1419
 4087 0140 E38F     		ldrh	r3, [r4, #62]
2260:Drivers/STM32G4xx_HAL_Driver/Src/stm32g4xx_hal_spi.c ****       }
 4088              		.loc 1 2260 55 view .LVU1420
 4089 0142 C3F34E03 		ubfx	r3, r3, #1, #15
 4090 0146 0133     		adds	r3, r3, #1
2260:Drivers/STM32G4xx_HAL_Driver/Src/stm32g4xx_hal_spi.c ****       }
 4091              		.loc 1 2260 27 view .LVU1421
 4092 0148 E387     		strh	r3, [r4, #62]	@ movhi
 4093 014a CBE7     		b	.L281
 4094              	.L283:
2276:Drivers/STM32G4xx_HAL_Driver/Src/stm32g4xx_hal_spi.c ****         hspi->RxXferCount = (hspi->RxXferCount >> 1U) + 1U;
 4095              		.loc 1 2276 9 is_stmt 1 view .LVU1422
 4096 014c 2268     		ldr	r2, [r4]
 4097 014e 5368     		ldr	r3, [r2, #4]
 4098 0150 43F40053 		orr	r3, r3, #8192
 4099 0154 5360     		str	r3, [r2, #4]
2277:Drivers/STM32G4xx_HAL_Driver/Src/stm32g4xx_hal_spi.c ****       }
 4100              		.loc 1 2277 9 view .LVU1423
2277:Drivers/STM32G4xx_HAL_Driver/Src/stm32g4xx_hal_spi.c ****       }
 4101              		.loc 1 2277 34 is_stmt 0 view .LVU1424
 4102 0156 B4F84630 		ldrh	r3, [r4, #70]
2277:Drivers/STM32G4xx_HAL_Driver/Src/stm32g4xx_hal_spi.c ****       }
 4103              		.loc 1 2277 55 view .LVU1425
 4104 015a C3F34E03 		ubfx	r3, r3, #1, #15
 4105 015e 0133     		adds	r3, r3, #1
2277:Drivers/STM32G4xx_HAL_Driver/Src/stm32g4xx_hal_spi.c ****       }
 4106              		.loc 1 2277 27 view .LVU1426
 4107 0160 A4F84630 		strh	r3, [r4, #70]	@ movhi
 4108 0164 92E7     		b	.L280
 4109              	.L297:
2286:Drivers/STM32G4xx_HAL_Driver/Src/stm32g4xx_hal_spi.c ****     hspi->hdmarx->XferCpltCallback     = SPI_DMAReceiveCplt;
 4110              		.loc 1 2286 5 is_stmt 1 view .LVU1427
2286:Drivers/STM32G4xx_HAL_Driver/Src/stm32g4xx_hal_spi.c ****     hspi->hdmarx->XferCpltCallback     = SPI_DMAReceiveCplt;
 4111              		.loc 1 2286 9 is_stmt 0 view .LVU1428
 4112 0166 A36D     		ldr	r3, [r4, #88]
2286:Drivers/STM32G4xx_HAL_Driver/Src/stm32g4xx_hal_spi.c ****     hspi->hdmarx->XferCpltCallback     = SPI_DMAReceiveCplt;
 4113              		.loc 1 2286 40 view .LVU1429
 4114 0168 264A     		ldr	r2, .L300+12
ARM GAS  C:\Users\Booster\AppData\Local\Temp\ccQdKe81.s 			page 173


 4115 016a 1A63     		str	r2, [r3, #48]
2287:Drivers/STM32G4xx_HAL_Driver/Src/stm32g4xx_hal_spi.c ****   }
 4116              		.loc 1 2287 5 is_stmt 1 view .LVU1430
2287:Drivers/STM32G4xx_HAL_Driver/Src/stm32g4xx_hal_spi.c ****   }
 4117              		.loc 1 2287 9 is_stmt 0 view .LVU1431
 4118 016c A36D     		ldr	r3, [r4, #88]
2287:Drivers/STM32G4xx_HAL_Driver/Src/stm32g4xx_hal_spi.c ****   }
 4119              		.loc 1 2287 40 view .LVU1432
 4120 016e 264A     		ldr	r2, .L300+16
 4121 0170 DA62     		str	r2, [r3, #44]
 4122 0172 96E7     		b	.L285
 4123              	.LVL253:
 4124              	.L286:
2314:Drivers/STM32G4xx_HAL_Driver/Src/stm32g4xx_hal_spi.c **** 
 4125              		.loc 1 2314 3 is_stmt 1 view .LVU1433
 4126 0174 2268     		ldr	r2, [r4]
 4127 0176 5368     		ldr	r3, [r2, #4]
 4128 0178 43F00103 		orr	r3, r3, #1
 4129 017c 5360     		str	r3, [r2, #4]
2318:Drivers/STM32G4xx_HAL_Driver/Src/stm32g4xx_hal_spi.c ****   hspi->hdmatx->XferCpltCallback     = NULL;
 4130              		.loc 1 2318 3 view .LVU1434
2318:Drivers/STM32G4xx_HAL_Driver/Src/stm32g4xx_hal_spi.c ****   hspi->hdmatx->XferCpltCallback     = NULL;
 4131              		.loc 1 2318 7 is_stmt 0 view .LVU1435
 4132 017e 626D     		ldr	r2, [r4, #84]
2318:Drivers/STM32G4xx_HAL_Driver/Src/stm32g4xx_hal_spi.c ****   hspi->hdmatx->XferCpltCallback     = NULL;
 4133              		.loc 1 2318 38 view .LVU1436
 4134 0180 0023     		movs	r3, #0
 4135 0182 1363     		str	r3, [r2, #48]
2319:Drivers/STM32G4xx_HAL_Driver/Src/stm32g4xx_hal_spi.c ****   hspi->hdmatx->XferErrorCallback    = NULL;
 4136              		.loc 1 2319 3 is_stmt 1 view .LVU1437
2319:Drivers/STM32G4xx_HAL_Driver/Src/stm32g4xx_hal_spi.c ****   hspi->hdmatx->XferErrorCallback    = NULL;
 4137              		.loc 1 2319 7 is_stmt 0 view .LVU1438
 4138 0184 626D     		ldr	r2, [r4, #84]
2319:Drivers/STM32G4xx_HAL_Driver/Src/stm32g4xx_hal_spi.c ****   hspi->hdmatx->XferErrorCallback    = NULL;
 4139              		.loc 1 2319 38 view .LVU1439
 4140 0186 D362     		str	r3, [r2, #44]
2320:Drivers/STM32G4xx_HAL_Driver/Src/stm32g4xx_hal_spi.c ****   hspi->hdmatx->XferAbortCallback    = NULL;
 4141              		.loc 1 2320 3 is_stmt 1 view .LVU1440
2320:Drivers/STM32G4xx_HAL_Driver/Src/stm32g4xx_hal_spi.c ****   hspi->hdmatx->XferAbortCallback    = NULL;
 4142              		.loc 1 2320 7 is_stmt 0 view .LVU1441
 4143 0188 626D     		ldr	r2, [r4, #84]
2320:Drivers/STM32G4xx_HAL_Driver/Src/stm32g4xx_hal_spi.c ****   hspi->hdmatx->XferAbortCallback    = NULL;
 4144              		.loc 1 2320 38 view .LVU1442
 4145 018a 5363     		str	r3, [r2, #52]
2321:Drivers/STM32G4xx_HAL_Driver/Src/stm32g4xx_hal_spi.c **** 
 4146              		.loc 1 2321 3 is_stmt 1 view .LVU1443
2321:Drivers/STM32G4xx_HAL_Driver/Src/stm32g4xx_hal_spi.c **** 
 4147              		.loc 1 2321 7 is_stmt 0 view .LVU1444
 4148 018c 626D     		ldr	r2, [r4, #84]
2321:Drivers/STM32G4xx_HAL_Driver/Src/stm32g4xx_hal_spi.c **** 
 4149              		.loc 1 2321 38 view .LVU1445
 4150 018e 9363     		str	r3, [r2, #56]
2324:Drivers/STM32G4xx_HAL_Driver/Src/stm32g4xx_hal_spi.c ****                                  hspi->TxXferCount))
 4151              		.loc 1 2324 3 is_stmt 1 view .LVU1446
2324:Drivers/STM32G4xx_HAL_Driver/Src/stm32g4xx_hal_spi.c ****                                  hspi->TxXferCount))
 4152              		.loc 1 2324 91 is_stmt 0 view .LVU1447
 4153 0190 2268     		ldr	r2, [r4]
ARM GAS  C:\Users\Booster\AppData\Local\Temp\ccQdKe81.s 			page 174


2325:Drivers/STM32G4xx_HAL_Driver/Src/stm32g4xx_hal_spi.c ****   {
 4154              		.loc 1 2325 38 view .LVU1448
 4155 0192 E38F     		ldrh	r3, [r4, #62]
2324:Drivers/STM32G4xx_HAL_Driver/Src/stm32g4xx_hal_spi.c ****                                  hspi->TxXferCount))
 4156              		.loc 1 2324 17 view .LVU1449
 4157 0194 9BB2     		uxth	r3, r3
 4158 0196 0C32     		adds	r2, r2, #12
 4159 0198 A16B     		ldr	r1, [r4, #56]
 4160 019a 606D     		ldr	r0, [r4, #84]
 4161 019c FFF7FEFF 		bl	HAL_DMA_Start_IT
 4162              	.LVL254:
2324:Drivers/STM32G4xx_HAL_Driver/Src/stm32g4xx_hal_spi.c ****                                  hspi->TxXferCount))
 4163              		.loc 1 2324 6 view .LVU1450
 4164 01a0 98B9     		cbnz	r0, .L299
2335:Drivers/STM32G4xx_HAL_Driver/Src/stm32g4xx_hal_spi.c ****   {
 4165              		.loc 1 2335 3 is_stmt 1 view .LVU1451
2335:Drivers/STM32G4xx_HAL_Driver/Src/stm32g4xx_hal_spi.c ****   {
 4166              		.loc 1 2335 12 is_stmt 0 view .LVU1452
 4167 01a2 2368     		ldr	r3, [r4]
2335:Drivers/STM32G4xx_HAL_Driver/Src/stm32g4xx_hal_spi.c ****   {
 4168              		.loc 1 2335 22 view .LVU1453
 4169 01a4 1A68     		ldr	r2, [r3]
2335:Drivers/STM32G4xx_HAL_Driver/Src/stm32g4xx_hal_spi.c ****   {
 4170              		.loc 1 2335 6 view .LVU1454
 4171 01a6 12F0400F 		tst	r2, #64
 4172 01aa 03D1     		bne	.L288
2338:Drivers/STM32G4xx_HAL_Driver/Src/stm32g4xx_hal_spi.c ****   }
 4173              		.loc 1 2338 5 is_stmt 1 view .LVU1455
 4174 01ac 1A68     		ldr	r2, [r3]
 4175 01ae 42F04002 		orr	r2, r2, #64
 4176 01b2 1A60     		str	r2, [r3]
 4177              	.L288:
2341:Drivers/STM32G4xx_HAL_Driver/Src/stm32g4xx_hal_spi.c **** 
 4178              		.loc 1 2341 3 view .LVU1456
 4179 01b4 2268     		ldr	r2, [r4]
 4180 01b6 5368     		ldr	r3, [r2, #4]
 4181 01b8 43F02003 		orr	r3, r3, #32
 4182 01bc 5360     		str	r3, [r2, #4]
2344:Drivers/STM32G4xx_HAL_Driver/Src/stm32g4xx_hal_spi.c **** 
 4183              		.loc 1 2344 3 view .LVU1457
 4184 01be 2268     		ldr	r2, [r4]
 4185 01c0 5368     		ldr	r3, [r2, #4]
 4186 01c2 43F00203 		orr	r3, r3, #2
 4187 01c6 5360     		str	r3, [r2, #4]
 4188 01c8 06E0     		b	.L277
 4189              	.L299:
2328:Drivers/STM32G4xx_HAL_Driver/Src/stm32g4xx_hal_spi.c ****     errorcode = HAL_ERROR;
 4190              		.loc 1 2328 5 view .LVU1458
 4191 01ca 236E     		ldr	r3, [r4, #96]
 4192 01cc 43F01003 		orr	r3, r3, #16
 4193 01d0 2366     		str	r3, [r4, #96]
2329:Drivers/STM32G4xx_HAL_Driver/Src/stm32g4xx_hal_spi.c **** 
 4194              		.loc 1 2329 5 view .LVU1459
 4195              	.LVL255:
2331:Drivers/STM32G4xx_HAL_Driver/Src/stm32g4xx_hal_spi.c ****   }
 4196              		.loc 1 2331 5 view .LVU1460
2329:Drivers/STM32G4xx_HAL_Driver/Src/stm32g4xx_hal_spi.c **** 
ARM GAS  C:\Users\Booster\AppData\Local\Temp\ccQdKe81.s 			page 175


 4197              		.loc 1 2329 15 is_stmt 0 view .LVU1461
 4198 01d2 0120     		movs	r0, #1
2331:Drivers/STM32G4xx_HAL_Driver/Src/stm32g4xx_hal_spi.c ****   }
 4199              		.loc 1 2331 5 view .LVU1462
 4200 01d4 00E0     		b	.L277
 4201              	.LVL256:
 4202              	.L290:
2199:Drivers/STM32G4xx_HAL_Driver/Src/stm32g4xx_hal_spi.c ****     goto error;
 4203              		.loc 1 2199 15 view .LVU1463
 4204 01d6 0220     		movs	r0, #2
 4205              	.LVL257:
 4206              	.L277:
2348:Drivers/STM32G4xx_HAL_Driver/Src/stm32g4xx_hal_spi.c ****   return errorcode;
 4207              		.loc 1 2348 3 is_stmt 1 view .LVU1464
2348:Drivers/STM32G4xx_HAL_Driver/Src/stm32g4xx_hal_spi.c ****   return errorcode;
 4208              		.loc 1 2348 3 view .LVU1465
 4209 01d8 0023     		movs	r3, #0
 4210 01da 84F85C30 		strb	r3, [r4, #92]
2348:Drivers/STM32G4xx_HAL_Driver/Src/stm32g4xx_hal_spi.c ****   return errorcode;
 4211              		.loc 1 2348 3 view .LVU1466
2349:Drivers/STM32G4xx_HAL_Driver/Src/stm32g4xx_hal_spi.c **** }
 4212              		.loc 1 2349 3 view .LVU1467
 4213              	.LVL258:
 4214              	.L275:
2350:Drivers/STM32G4xx_HAL_Driver/Src/stm32g4xx_hal_spi.c **** 
 4215              		.loc 1 2350 1 is_stmt 0 view .LVU1468
 4216 01de 38BD     		pop	{r3, r4, r5, pc}
 4217              	.LVL259:
 4218              	.L291:
2199:Drivers/STM32G4xx_HAL_Driver/Src/stm32g4xx_hal_spi.c ****     goto error;
 4219              		.loc 1 2199 15 view .LVU1469
 4220 01e0 0220     		movs	r0, #2
 4221              	.LVL260:
2199:Drivers/STM32G4xx_HAL_Driver/Src/stm32g4xx_hal_spi.c ****     goto error;
 4222              		.loc 1 2199 15 view .LVU1470
 4223 01e2 F9E7     		b	.L277
 4224              	.LVL261:
 4225              	.L292:
2199:Drivers/STM32G4xx_HAL_Driver/Src/stm32g4xx_hal_spi.c ****     goto error;
 4226              		.loc 1 2199 15 view .LVU1471
 4227 01e4 0220     		movs	r0, #2
 4228              	.LVL262:
2199:Drivers/STM32G4xx_HAL_Driver/Src/stm32g4xx_hal_spi.c ****     goto error;
 4229              		.loc 1 2199 15 view .LVU1472
 4230 01e6 F7E7     		b	.L277
 4231              	.LVL263:
 4232              	.L293:
2205:Drivers/STM32G4xx_HAL_Driver/Src/stm32g4xx_hal_spi.c ****     goto error;
 4233              		.loc 1 2205 15 view .LVU1473
 4234 01e8 0120     		movs	r0, #1
 4235              	.LVL264:
2205:Drivers/STM32G4xx_HAL_Driver/Src/stm32g4xx_hal_spi.c ****     goto error;
 4236              		.loc 1 2205 15 view .LVU1474
 4237 01ea F5E7     		b	.L277
 4238              	.LVL265:
 4239              	.L294:
2205:Drivers/STM32G4xx_HAL_Driver/Src/stm32g4xx_hal_spi.c ****     goto error;
ARM GAS  C:\Users\Booster\AppData\Local\Temp\ccQdKe81.s 			page 176


 4240              		.loc 1 2205 15 view .LVU1475
 4241 01ec 0120     		movs	r0, #1
 4242              	.LVL266:
2205:Drivers/STM32G4xx_HAL_Driver/Src/stm32g4xx_hal_spi.c ****     goto error;
 4243              		.loc 1 2205 15 view .LVU1476
 4244 01ee F3E7     		b	.L277
 4245              	.LVL267:
 4246              	.L295:
2205:Drivers/STM32G4xx_HAL_Driver/Src/stm32g4xx_hal_spi.c ****     goto error;
 4247              		.loc 1 2205 15 view .LVU1477
 4248 01f0 0120     		movs	r0, #1
 4249              	.LVL268:
2205:Drivers/STM32G4xx_HAL_Driver/Src/stm32g4xx_hal_spi.c ****     goto error;
 4250              		.loc 1 2205 15 view .LVU1478
 4251 01f2 F1E7     		b	.L277
 4252              	.LVL269:
 4253              	.L289:
2190:Drivers/STM32G4xx_HAL_Driver/Src/stm32g4xx_hal_spi.c **** 
 4254              		.loc 1 2190 3 view .LVU1479
 4255 01f4 0220     		movs	r0, #2
 4256 01f6 F2E7     		b	.L275
 4257              	.L301:
 4258              		.align	2
 4259              	.L300:
 4260 01f8 00000000 		.word	SPI_DMAHalfTransmitReceiveCplt
 4261 01fc 00000000 		.word	SPI_DMATransmitReceiveCplt
 4262 0200 00000000 		.word	SPI_DMAError
 4263 0204 00000000 		.word	SPI_DMAHalfReceiveCplt
 4264 0208 00000000 		.word	SPI_DMAReceiveCplt
 4265              		.cfi_endproc
 4266              	.LFE341:
 4268              		.section	.text.HAL_SPI_Receive_DMA,"ax",%progbits
 4269              		.align	1
 4270              		.global	HAL_SPI_Receive_DMA
 4271              		.syntax unified
 4272              		.thumb
 4273              		.thumb_func
 4275              	HAL_SPI_Receive_DMA:
 4276              	.LVL270:
 4277              	.LFB340:
2032:Drivers/STM32G4xx_HAL_Driver/Src/stm32g4xx_hal_spi.c ****   HAL_StatusTypeDef errorcode = HAL_OK;
 4278              		.loc 1 2032 1 is_stmt 1 view -0
 4279              		.cfi_startproc
 4280              		@ args = 0, pretend = 0, frame = 0
 4281              		@ frame_needed = 0, uses_anonymous_args = 0
2032:Drivers/STM32G4xx_HAL_Driver/Src/stm32g4xx_hal_spi.c ****   HAL_StatusTypeDef errorcode = HAL_OK;
 4282              		.loc 1 2032 1 is_stmt 0 view .LVU1481
 4283 0000 38B5     		push	{r3, r4, r5, lr}
 4284              	.LCFI46:
 4285              		.cfi_def_cfa_offset 16
 4286              		.cfi_offset 3, -16
 4287              		.cfi_offset 4, -12
 4288              		.cfi_offset 5, -8
 4289              		.cfi_offset 14, -4
 4290 0002 0446     		mov	r4, r0
2033:Drivers/STM32G4xx_HAL_Driver/Src/stm32g4xx_hal_spi.c **** 
 4291              		.loc 1 2033 3 is_stmt 1 view .LVU1482
ARM GAS  C:\Users\Booster\AppData\Local\Temp\ccQdKe81.s 			page 177


 4292              	.LVL271:
2036:Drivers/STM32G4xx_HAL_Driver/Src/stm32g4xx_hal_spi.c **** 
 4293              		.loc 1 2036 3 view .LVU1483
2038:Drivers/STM32G4xx_HAL_Driver/Src/stm32g4xx_hal_spi.c ****   {
 4294              		.loc 1 2038 3 view .LVU1484
2038:Drivers/STM32G4xx_HAL_Driver/Src/stm32g4xx_hal_spi.c ****   {
 4295              		.loc 1 2038 11 is_stmt 0 view .LVU1485
 4296 0004 90F85D50 		ldrb	r5, [r0, #93]	@ zero_extendqisi2
 4297 0008 EDB2     		uxtb	r5, r5
2038:Drivers/STM32G4xx_HAL_Driver/Src/stm32g4xx_hal_spi.c ****   {
 4298              		.loc 1 2038 6 view .LVU1486
 4299 000a 012D     		cmp	r5, #1
 4300 000c 40F0A780 		bne	.L312
2044:Drivers/STM32G4xx_HAL_Driver/Src/stm32g4xx_hal_spi.c ****   {
 4301              		.loc 1 2044 3 is_stmt 1 view .LVU1487
2044:Drivers/STM32G4xx_HAL_Driver/Src/stm32g4xx_hal_spi.c ****   {
 4302              		.loc 1 2044 18 is_stmt 0 view .LVU1488
 4303 0010 8068     		ldr	r0, [r0, #8]
 4304              	.LVL272:
2044:Drivers/STM32G4xx_HAL_Driver/Src/stm32g4xx_hal_spi.c ****   {
 4305              		.loc 1 2044 6 view .LVU1489
 4306 0012 18B9     		cbnz	r0, .L304
2044:Drivers/STM32G4xx_HAL_Driver/Src/stm32g4xx_hal_spi.c ****   {
 4307              		.loc 1 2044 68 discriminator 1 view .LVU1490
 4308 0014 6368     		ldr	r3, [r4, #4]
2044:Drivers/STM32G4xx_HAL_Driver/Src/stm32g4xx_hal_spi.c ****   {
 4309              		.loc 1 2044 54 discriminator 1 view .LVU1491
 4310 0016 B3F5827F 		cmp	r3, #260
 4311 001a 59D0     		beq	.L315
 4312              	.L304:
2056:Drivers/STM32G4xx_HAL_Driver/Src/stm32g4xx_hal_spi.c **** 
 4313              		.loc 1 2056 3 is_stmt 1 view .LVU1492
2056:Drivers/STM32G4xx_HAL_Driver/Src/stm32g4xx_hal_spi.c **** 
 4314              		.loc 1 2056 3 view .LVU1493
 4315 001c 94F85C30 		ldrb	r3, [r4, #92]	@ zero_extendqisi2
 4316 0020 012B     		cmp	r3, #1
 4317 0022 00F0A280 		beq	.L313
2056:Drivers/STM32G4xx_HAL_Driver/Src/stm32g4xx_hal_spi.c **** 
 4318              		.loc 1 2056 3 discriminator 2 view .LVU1494
 4319 0026 0123     		movs	r3, #1
 4320 0028 84F85C30 		strb	r3, [r4, #92]
2056:Drivers/STM32G4xx_HAL_Driver/Src/stm32g4xx_hal_spi.c **** 
 4321              		.loc 1 2056 3 discriminator 2 view .LVU1495
2058:Drivers/STM32G4xx_HAL_Driver/Src/stm32g4xx_hal_spi.c ****   {
 4322              		.loc 1 2058 3 discriminator 2 view .LVU1496
2058:Drivers/STM32G4xx_HAL_Driver/Src/stm32g4xx_hal_spi.c ****   {
 4323              		.loc 1 2058 6 is_stmt 0 discriminator 2 view .LVU1497
 4324 002c 0029     		cmp	r1, #0
 4325 002e 00F09780 		beq	.L303
2058:Drivers/STM32G4xx_HAL_Driver/Src/stm32g4xx_hal_spi.c ****   {
 4326              		.loc 1 2058 23 discriminator 1 view .LVU1498
 4327 0032 002A     		cmp	r2, #0
 4328 0034 00F09480 		beq	.L303
2065:Drivers/STM32G4xx_HAL_Driver/Src/stm32g4xx_hal_spi.c ****   hspi->ErrorCode   = HAL_SPI_ERROR_NONE;
 4329              		.loc 1 2065 3 is_stmt 1 view .LVU1499
2065:Drivers/STM32G4xx_HAL_Driver/Src/stm32g4xx_hal_spi.c ****   hspi->ErrorCode   = HAL_SPI_ERROR_NONE;
 4330              		.loc 1 2065 21 is_stmt 0 view .LVU1500
ARM GAS  C:\Users\Booster\AppData\Local\Temp\ccQdKe81.s 			page 178


 4331 0038 0423     		movs	r3, #4
 4332 003a 84F85D30 		strb	r3, [r4, #93]
2066:Drivers/STM32G4xx_HAL_Driver/Src/stm32g4xx_hal_spi.c ****   hspi->pRxBuffPtr  = (uint8_t *)pData;
 4333              		.loc 1 2066 3 is_stmt 1 view .LVU1501
2066:Drivers/STM32G4xx_HAL_Driver/Src/stm32g4xx_hal_spi.c ****   hspi->pRxBuffPtr  = (uint8_t *)pData;
 4334              		.loc 1 2066 21 is_stmt 0 view .LVU1502
 4335 003e 0023     		movs	r3, #0
 4336 0040 2366     		str	r3, [r4, #96]
2067:Drivers/STM32G4xx_HAL_Driver/Src/stm32g4xx_hal_spi.c ****   hspi->RxXferSize  = Size;
 4337              		.loc 1 2067 3 is_stmt 1 view .LVU1503
2067:Drivers/STM32G4xx_HAL_Driver/Src/stm32g4xx_hal_spi.c ****   hspi->RxXferSize  = Size;
 4338              		.loc 1 2067 21 is_stmt 0 view .LVU1504
 4339 0042 2164     		str	r1, [r4, #64]
2068:Drivers/STM32G4xx_HAL_Driver/Src/stm32g4xx_hal_spi.c ****   hspi->RxXferCount = Size;
 4340              		.loc 1 2068 3 is_stmt 1 view .LVU1505
2068:Drivers/STM32G4xx_HAL_Driver/Src/stm32g4xx_hal_spi.c ****   hspi->RxXferCount = Size;
 4341              		.loc 1 2068 21 is_stmt 0 view .LVU1506
 4342 0044 A4F84420 		strh	r2, [r4, #68]	@ movhi
2069:Drivers/STM32G4xx_HAL_Driver/Src/stm32g4xx_hal_spi.c **** 
 4343              		.loc 1 2069 3 is_stmt 1 view .LVU1507
2069:Drivers/STM32G4xx_HAL_Driver/Src/stm32g4xx_hal_spi.c **** 
 4344              		.loc 1 2069 21 is_stmt 0 view .LVU1508
 4345 0048 A4F84620 		strh	r2, [r4, #70]	@ movhi
2072:Drivers/STM32G4xx_HAL_Driver/Src/stm32g4xx_hal_spi.c ****   hspi->TxISR       = NULL;
 4346              		.loc 1 2072 3 is_stmt 1 view .LVU1509
2072:Drivers/STM32G4xx_HAL_Driver/Src/stm32g4xx_hal_spi.c ****   hspi->TxISR       = NULL;
 4347              		.loc 1 2072 21 is_stmt 0 view .LVU1510
 4348 004c E364     		str	r3, [r4, #76]
2073:Drivers/STM32G4xx_HAL_Driver/Src/stm32g4xx_hal_spi.c ****   hspi->TxXferSize  = 0U;
 4349              		.loc 1 2073 3 is_stmt 1 view .LVU1511
2073:Drivers/STM32G4xx_HAL_Driver/Src/stm32g4xx_hal_spi.c ****   hspi->TxXferSize  = 0U;
 4350              		.loc 1 2073 21 is_stmt 0 view .LVU1512
 4351 004e 2365     		str	r3, [r4, #80]
2074:Drivers/STM32G4xx_HAL_Driver/Src/stm32g4xx_hal_spi.c ****   hspi->TxXferCount = 0U;
 4352              		.loc 1 2074 3 is_stmt 1 view .LVU1513
2074:Drivers/STM32G4xx_HAL_Driver/Src/stm32g4xx_hal_spi.c ****   hspi->TxXferCount = 0U;
 4353              		.loc 1 2074 21 is_stmt 0 view .LVU1514
 4354 0050 A387     		strh	r3, [r4, #60]	@ movhi
2075:Drivers/STM32G4xx_HAL_Driver/Src/stm32g4xx_hal_spi.c **** 
 4355              		.loc 1 2075 3 is_stmt 1 view .LVU1515
2075:Drivers/STM32G4xx_HAL_Driver/Src/stm32g4xx_hal_spi.c **** 
 4356              		.loc 1 2075 21 is_stmt 0 view .LVU1516
 4357 0052 E387     		strh	r3, [r4, #62]	@ movhi
2078:Drivers/STM32G4xx_HAL_Driver/Src/stm32g4xx_hal_spi.c ****   {
 4358              		.loc 1 2078 3 is_stmt 1 view .LVU1517
2078:Drivers/STM32G4xx_HAL_Driver/Src/stm32g4xx_hal_spi.c ****   {
 4359              		.loc 1 2078 6 is_stmt 0 view .LVU1518
 4360 0054 B0F5004F 		cmp	r0, #32768
 4361 0058 44D0     		beq	.L316
 4362              	.LVL273:
 4363              	.L306:
2094:Drivers/STM32G4xx_HAL_Driver/Src/stm32g4xx_hal_spi.c ****   if (hspi->Init.DataSize > SPI_DATASIZE_8BIT)
 4364              		.loc 1 2094 3 is_stmt 1 view .LVU1519
 4365 005a 2268     		ldr	r2, [r4]
 4366 005c 5368     		ldr	r3, [r2, #4]
 4367 005e 23F40053 		bic	r3, r3, #8192
 4368 0062 5360     		str	r3, [r2, #4]
ARM GAS  C:\Users\Booster\AppData\Local\Temp\ccQdKe81.s 			page 179


2095:Drivers/STM32G4xx_HAL_Driver/Src/stm32g4xx_hal_spi.c ****   {
 4369              		.loc 1 2095 3 view .LVU1520
2095:Drivers/STM32G4xx_HAL_Driver/Src/stm32g4xx_hal_spi.c ****   {
 4370              		.loc 1 2095 17 is_stmt 0 view .LVU1521
 4371 0064 E368     		ldr	r3, [r4, #12]
2095:Drivers/STM32G4xx_HAL_Driver/Src/stm32g4xx_hal_spi.c ****   {
 4372              		.loc 1 2095 6 view .LVU1522
 4373 0066 B3F5E06F 		cmp	r3, #1792
 4374 006a 46D9     		bls	.L307
2098:Drivers/STM32G4xx_HAL_Driver/Src/stm32g4xx_hal_spi.c ****   }
 4375              		.loc 1 2098 5 is_stmt 1 view .LVU1523
 4376 006c 2268     		ldr	r2, [r4]
 4377 006e 5368     		ldr	r3, [r2, #4]
 4378 0070 23F48053 		bic	r3, r3, #4096
 4379 0074 5360     		str	r3, [r2, #4]
 4380              	.L308:
2124:Drivers/STM32G4xx_HAL_Driver/Src/stm32g4xx_hal_spi.c **** 
 4381              		.loc 1 2124 3 view .LVU1524
2124:Drivers/STM32G4xx_HAL_Driver/Src/stm32g4xx_hal_spi.c **** 
 4382              		.loc 1 2124 7 is_stmt 0 view .LVU1525
 4383 0076 A36D     		ldr	r3, [r4, #88]
2124:Drivers/STM32G4xx_HAL_Driver/Src/stm32g4xx_hal_spi.c **** 
 4384              		.loc 1 2124 38 view .LVU1526
 4385 0078 3D4A     		ldr	r2, .L318
 4386 007a 1A63     		str	r2, [r3, #48]
2127:Drivers/STM32G4xx_HAL_Driver/Src/stm32g4xx_hal_spi.c **** 
 4387              		.loc 1 2127 3 is_stmt 1 view .LVU1527
2127:Drivers/STM32G4xx_HAL_Driver/Src/stm32g4xx_hal_spi.c **** 
 4388              		.loc 1 2127 7 is_stmt 0 view .LVU1528
 4389 007c A36D     		ldr	r3, [r4, #88]
2127:Drivers/STM32G4xx_HAL_Driver/Src/stm32g4xx_hal_spi.c **** 
 4390              		.loc 1 2127 34 view .LVU1529
 4391 007e 3D4A     		ldr	r2, .L318+4
 4392 0080 DA62     		str	r2, [r3, #44]
2130:Drivers/STM32G4xx_HAL_Driver/Src/stm32g4xx_hal_spi.c **** 
 4393              		.loc 1 2130 3 is_stmt 1 view .LVU1530
2130:Drivers/STM32G4xx_HAL_Driver/Src/stm32g4xx_hal_spi.c **** 
 4394              		.loc 1 2130 7 is_stmt 0 view .LVU1531
 4395 0082 A36D     		ldr	r3, [r4, #88]
2130:Drivers/STM32G4xx_HAL_Driver/Src/stm32g4xx_hal_spi.c **** 
 4396              		.loc 1 2130 35 view .LVU1532
 4397 0084 3C4A     		ldr	r2, .L318+8
 4398 0086 5A63     		str	r2, [r3, #52]
2133:Drivers/STM32G4xx_HAL_Driver/Src/stm32g4xx_hal_spi.c **** 
 4399              		.loc 1 2133 3 is_stmt 1 view .LVU1533
2133:Drivers/STM32G4xx_HAL_Driver/Src/stm32g4xx_hal_spi.c **** 
 4400              		.loc 1 2133 7 is_stmt 0 view .LVU1534
 4401 0088 A36D     		ldr	r3, [r4, #88]
2133:Drivers/STM32G4xx_HAL_Driver/Src/stm32g4xx_hal_spi.c **** 
 4402              		.loc 1 2133 35 view .LVU1535
 4403 008a 0022     		movs	r2, #0
 4404 008c 9A63     		str	r2, [r3, #56]
2136:Drivers/STM32G4xx_HAL_Driver/Src/stm32g4xx_hal_spi.c ****                                  hspi->RxXferCount))
 4405              		.loc 1 2136 3 is_stmt 1 view .LVU1536
2136:Drivers/STM32G4xx_HAL_Driver/Src/stm32g4xx_hal_spi.c ****                                  hspi->RxXferCount))
 4406              		.loc 1 2136 63 is_stmt 0 view .LVU1537
 4407 008e 2168     		ldr	r1, [r4]
ARM GAS  C:\Users\Booster\AppData\Local\Temp\ccQdKe81.s 			page 180


 4408              	.LVL274:
2137:Drivers/STM32G4xx_HAL_Driver/Src/stm32g4xx_hal_spi.c ****   {
 4409              		.loc 1 2137 38 view .LVU1538
 4410 0090 B4F84630 		ldrh	r3, [r4, #70]
2136:Drivers/STM32G4xx_HAL_Driver/Src/stm32g4xx_hal_spi.c ****                                  hspi->RxXferCount))
 4411              		.loc 1 2136 17 view .LVU1539
 4412 0094 9BB2     		uxth	r3, r3
 4413 0096 226C     		ldr	r2, [r4, #64]
 4414 0098 0C31     		adds	r1, r1, #12
 4415 009a A06D     		ldr	r0, [r4, #88]
 4416 009c FFF7FEFF 		bl	HAL_DMA_Start_IT
 4417              	.LVL275:
2136:Drivers/STM32G4xx_HAL_Driver/Src/stm32g4xx_hal_spi.c ****                                  hspi->RxXferCount))
 4418              		.loc 1 2136 6 view .LVU1540
 4419 00a0 0146     		mov	r1, r0
 4420 00a2 0028     		cmp	r0, #0
 4421 00a4 56D1     		bne	.L317
2147:Drivers/STM32G4xx_HAL_Driver/Src/stm32g4xx_hal_spi.c ****   {
 4422              		.loc 1 2147 3 is_stmt 1 view .LVU1541
2147:Drivers/STM32G4xx_HAL_Driver/Src/stm32g4xx_hal_spi.c ****   {
 4423              		.loc 1 2147 12 is_stmt 0 view .LVU1542
 4424 00a6 2368     		ldr	r3, [r4]
2147:Drivers/STM32G4xx_HAL_Driver/Src/stm32g4xx_hal_spi.c ****   {
 4425              		.loc 1 2147 22 view .LVU1543
 4426 00a8 1A68     		ldr	r2, [r3]
2147:Drivers/STM32G4xx_HAL_Driver/Src/stm32g4xx_hal_spi.c ****   {
 4427              		.loc 1 2147 6 view .LVU1544
 4428 00aa 12F0400F 		tst	r2, #64
 4429 00ae 03D1     		bne	.L311
2150:Drivers/STM32G4xx_HAL_Driver/Src/stm32g4xx_hal_spi.c ****   }
 4430              		.loc 1 2150 5 is_stmt 1 view .LVU1545
 4431 00b0 1A68     		ldr	r2, [r3]
 4432 00b2 42F04002 		orr	r2, r2, #64
 4433 00b6 1A60     		str	r2, [r3]
 4434              	.L311:
2154:Drivers/STM32G4xx_HAL_Driver/Src/stm32g4xx_hal_spi.c **** 
 4435              		.loc 1 2154 3 view .LVU1546
 4436 00b8 2268     		ldr	r2, [r4]
 4437 00ba 5368     		ldr	r3, [r2, #4]
 4438 00bc 43F02003 		orr	r3, r3, #32
 4439 00c0 5360     		str	r3, [r2, #4]
2157:Drivers/STM32G4xx_HAL_Driver/Src/stm32g4xx_hal_spi.c **** 
 4440              		.loc 1 2157 3 view .LVU1547
 4441 00c2 2268     		ldr	r2, [r4]
 4442 00c4 5368     		ldr	r3, [r2, #4]
 4443 00c6 43F00103 		orr	r3, r3, #1
 4444 00ca 5360     		str	r3, [r2, #4]
2033:Drivers/STM32G4xx_HAL_Driver/Src/stm32g4xx_hal_spi.c **** 
 4445              		.loc 1 2033 21 is_stmt 0 view .LVU1548
 4446 00cc 0D46     		mov	r5, r1
 4447 00ce 47E0     		b	.L303
 4448              	.LVL276:
 4449              	.L315:
2046:Drivers/STM32G4xx_HAL_Driver/Src/stm32g4xx_hal_spi.c **** 
 4450              		.loc 1 2046 5 is_stmt 1 view .LVU1549
2046:Drivers/STM32G4xx_HAL_Driver/Src/stm32g4xx_hal_spi.c **** 
 4451              		.loc 1 2046 17 is_stmt 0 view .LVU1550
ARM GAS  C:\Users\Booster\AppData\Local\Temp\ccQdKe81.s 			page 181


 4452 00d0 0423     		movs	r3, #4
 4453 00d2 84F85D30 		strb	r3, [r4, #93]
2049:Drivers/STM32G4xx_HAL_Driver/Src/stm32g4xx_hal_spi.c **** 
 4454              		.loc 1 2049 5 is_stmt 1 view .LVU1551
2052:Drivers/STM32G4xx_HAL_Driver/Src/stm32g4xx_hal_spi.c ****   }
 4455              		.loc 1 2052 5 view .LVU1552
2052:Drivers/STM32G4xx_HAL_Driver/Src/stm32g4xx_hal_spi.c ****   }
 4456              		.loc 1 2052 12 is_stmt 0 view .LVU1553
 4457 00d6 1346     		mov	r3, r2
 4458 00d8 0A46     		mov	r2, r1
 4459              	.LVL277:
2052:Drivers/STM32G4xx_HAL_Driver/Src/stm32g4xx_hal_spi.c ****   }
 4460              		.loc 1 2052 12 view .LVU1554
 4461 00da 2046     		mov	r0, r4
 4462 00dc FFF7FEFF 		bl	HAL_SPI_TransmitReceive_DMA
 4463              	.LVL278:
2052:Drivers/STM32G4xx_HAL_Driver/Src/stm32g4xx_hal_spi.c ****   }
 4464              		.loc 1 2052 12 view .LVU1555
 4465 00e0 0546     		mov	r5, r0
 4466 00e2 40E0     		b	.L305
 4467              	.LVL279:
 4468              	.L316:
2081:Drivers/STM32G4xx_HAL_Driver/Src/stm32g4xx_hal_spi.c ****     SPI_1LINE_RX(hspi);
 4469              		.loc 1 2081 5 is_stmt 1 view .LVU1556
 4470 00e4 2268     		ldr	r2, [r4]
 4471              	.LVL280:
2081:Drivers/STM32G4xx_HAL_Driver/Src/stm32g4xx_hal_spi.c ****     SPI_1LINE_RX(hspi);
 4472              		.loc 1 2081 5 is_stmt 0 view .LVU1557
 4473 00e6 1368     		ldr	r3, [r2]
 4474 00e8 23F04003 		bic	r3, r3, #64
 4475 00ec 1360     		str	r3, [r2]
 4476              	.LVL281:
2082:Drivers/STM32G4xx_HAL_Driver/Src/stm32g4xx_hal_spi.c ****   }
 4477              		.loc 1 2082 5 is_stmt 1 view .LVU1558
 4478 00ee 2268     		ldr	r2, [r4]
 4479 00f0 1368     		ldr	r3, [r2]
 4480 00f2 23F48043 		bic	r3, r3, #16384
 4481 00f6 1360     		str	r3, [r2]
 4482 00f8 AFE7     		b	.L306
 4483              	.L307:
2103:Drivers/STM32G4xx_HAL_Driver/Src/stm32g4xx_hal_spi.c **** 
 4484              		.loc 1 2103 5 view .LVU1559
 4485 00fa 2268     		ldr	r2, [r4]
 4486 00fc 5368     		ldr	r3, [r2, #4]
 4487 00fe 43F48053 		orr	r3, r3, #4096
 4488 0102 5360     		str	r3, [r2, #4]
2105:Drivers/STM32G4xx_HAL_Driver/Src/stm32g4xx_hal_spi.c ****     {
 4489              		.loc 1 2105 5 view .LVU1560
2105:Drivers/STM32G4xx_HAL_Driver/Src/stm32g4xx_hal_spi.c ****     {
 4490              		.loc 1 2105 13 is_stmt 0 view .LVU1561
 4491 0104 A36D     		ldr	r3, [r4, #88]
2105:Drivers/STM32G4xx_HAL_Driver/Src/stm32g4xx_hal_spi.c ****     {
 4492              		.loc 1 2105 27 view .LVU1562
 4493 0106 9B69     		ldr	r3, [r3, #24]
2105:Drivers/STM32G4xx_HAL_Driver/Src/stm32g4xx_hal_spi.c ****     {
 4494              		.loc 1 2105 8 view .LVU1563
 4495 0108 B3F5806F 		cmp	r3, #1024
ARM GAS  C:\Users\Booster\AppData\Local\Temp\ccQdKe81.s 			page 182


 4496 010c B3D1     		bne	.L308
2108:Drivers/STM32G4xx_HAL_Driver/Src/stm32g4xx_hal_spi.c **** 
 4497              		.loc 1 2108 7 is_stmt 1 view .LVU1564
 4498 010e 2268     		ldr	r2, [r4]
 4499 0110 5368     		ldr	r3, [r2, #4]
 4500 0112 23F48053 		bic	r3, r3, #4096
 4501 0116 5360     		str	r3, [r2, #4]
2110:Drivers/STM32G4xx_HAL_Driver/Src/stm32g4xx_hal_spi.c ****       {
 4502              		.loc 1 2110 7 view .LVU1565
2110:Drivers/STM32G4xx_HAL_Driver/Src/stm32g4xx_hal_spi.c ****       {
 4503              		.loc 1 2110 16 is_stmt 0 view .LVU1566
 4504 0118 B4F84630 		ldrh	r3, [r4, #70]
2110:Drivers/STM32G4xx_HAL_Driver/Src/stm32g4xx_hal_spi.c ****       {
 4505              		.loc 1 2110 10 view .LVU1567
 4506 011c 13F0010F 		tst	r3, #1
 4507 0120 0BD1     		bne	.L309
2112:Drivers/STM32G4xx_HAL_Driver/Src/stm32g4xx_hal_spi.c ****         hspi->RxXferCount = hspi->RxXferCount >> 1U;
 4508              		.loc 1 2112 9 is_stmt 1 view .LVU1568
 4509 0122 2268     		ldr	r2, [r4]
 4510 0124 5368     		ldr	r3, [r2, #4]
 4511 0126 23F40053 		bic	r3, r3, #8192
 4512 012a 5360     		str	r3, [r2, #4]
2113:Drivers/STM32G4xx_HAL_Driver/Src/stm32g4xx_hal_spi.c ****       }
 4513              		.loc 1 2113 9 view .LVU1569
2113:Drivers/STM32G4xx_HAL_Driver/Src/stm32g4xx_hal_spi.c ****       }
 4514              		.loc 1 2113 33 is_stmt 0 view .LVU1570
 4515 012c B4F84630 		ldrh	r3, [r4, #70]
2113:Drivers/STM32G4xx_HAL_Driver/Src/stm32g4xx_hal_spi.c ****       }
 4516              		.loc 1 2113 27 view .LVU1571
 4517 0130 C3F34E03 		ubfx	r3, r3, #1, #15
 4518 0134 A4F84630 		strh	r3, [r4, #70]	@ movhi
 4519 0138 9DE7     		b	.L308
 4520              	.L309:
2117:Drivers/STM32G4xx_HAL_Driver/Src/stm32g4xx_hal_spi.c ****         hspi->RxXferCount = (hspi->RxXferCount >> 1U) + 1U;
 4521              		.loc 1 2117 9 is_stmt 1 view .LVU1572
 4522 013a 2268     		ldr	r2, [r4]
 4523 013c 5368     		ldr	r3, [r2, #4]
 4524 013e 43F40053 		orr	r3, r3, #8192
 4525 0142 5360     		str	r3, [r2, #4]
2118:Drivers/STM32G4xx_HAL_Driver/Src/stm32g4xx_hal_spi.c ****       }
 4526              		.loc 1 2118 9 view .LVU1573
2118:Drivers/STM32G4xx_HAL_Driver/Src/stm32g4xx_hal_spi.c ****       }
 4527              		.loc 1 2118 34 is_stmt 0 view .LVU1574
 4528 0144 B4F84630 		ldrh	r3, [r4, #70]
2118:Drivers/STM32G4xx_HAL_Driver/Src/stm32g4xx_hal_spi.c ****       }
 4529              		.loc 1 2118 55 view .LVU1575
 4530 0148 C3F34E03 		ubfx	r3, r3, #1, #15
 4531 014c 0133     		adds	r3, r3, #1
2118:Drivers/STM32G4xx_HAL_Driver/Src/stm32g4xx_hal_spi.c ****       }
 4532              		.loc 1 2118 27 view .LVU1576
 4533 014e A4F84630 		strh	r3, [r4, #70]	@ movhi
 4534 0152 90E7     		b	.L308
 4535              	.LVL282:
 4536              	.L317:
2140:Drivers/STM32G4xx_HAL_Driver/Src/stm32g4xx_hal_spi.c ****     errorcode = HAL_ERROR;
 4537              		.loc 1 2140 5 is_stmt 1 view .LVU1577
 4538 0154 236E     		ldr	r3, [r4, #96]
ARM GAS  C:\Users\Booster\AppData\Local\Temp\ccQdKe81.s 			page 183


 4539 0156 43F01003 		orr	r3, r3, #16
 4540 015a 2366     		str	r3, [r4, #96]
2141:Drivers/STM32G4xx_HAL_Driver/Src/stm32g4xx_hal_spi.c **** 
 4541              		.loc 1 2141 5 view .LVU1578
 4542              	.LVL283:
2143:Drivers/STM32G4xx_HAL_Driver/Src/stm32g4xx_hal_spi.c ****   }
 4543              		.loc 1 2143 5 view .LVU1579
 4544 015c 00E0     		b	.L303
 4545              	.LVL284:
 4546              	.L312:
2040:Drivers/STM32G4xx_HAL_Driver/Src/stm32g4xx_hal_spi.c ****     goto error;
 4547              		.loc 1 2040 15 is_stmt 0 view .LVU1580
 4548 015e 0225     		movs	r5, #2
 4549              	.LVL285:
 4550              	.L303:
2161:Drivers/STM32G4xx_HAL_Driver/Src/stm32g4xx_hal_spi.c ****   return errorcode;
 4551              		.loc 1 2161 3 is_stmt 1 view .LVU1581
2161:Drivers/STM32G4xx_HAL_Driver/Src/stm32g4xx_hal_spi.c ****   return errorcode;
 4552              		.loc 1 2161 3 view .LVU1582
 4553 0160 0023     		movs	r3, #0
 4554 0162 84F85C30 		strb	r3, [r4, #92]
2161:Drivers/STM32G4xx_HAL_Driver/Src/stm32g4xx_hal_spi.c ****   return errorcode;
 4555              		.loc 1 2161 3 view .LVU1583
2162:Drivers/STM32G4xx_HAL_Driver/Src/stm32g4xx_hal_spi.c **** }
 4556              		.loc 1 2162 3 view .LVU1584
 4557              	.LVL286:
 4558              	.L305:
2163:Drivers/STM32G4xx_HAL_Driver/Src/stm32g4xx_hal_spi.c **** 
 4559              		.loc 1 2163 1 is_stmt 0 view .LVU1585
 4560 0166 2846     		mov	r0, r5
 4561 0168 38BD     		pop	{r3, r4, r5, pc}
 4562              	.LVL287:
 4563              	.L313:
2056:Drivers/STM32G4xx_HAL_Driver/Src/stm32g4xx_hal_spi.c **** 
 4564              		.loc 1 2056 3 view .LVU1586
 4565 016a 0225     		movs	r5, #2
 4566 016c FBE7     		b	.L305
 4567              	.L319:
 4568 016e 00BF     		.align	2
 4569              	.L318:
 4570 0170 00000000 		.word	SPI_DMAHalfReceiveCplt
 4571 0174 00000000 		.word	SPI_DMAReceiveCplt
 4572 0178 00000000 		.word	SPI_DMAError
 4573              		.cfi_endproc
 4574              	.LFE340:
 4576              		.section	.text.HAL_SPI_Abort,"ax",%progbits
 4577              		.align	1
 4578              		.global	HAL_SPI_Abort
 4579              		.syntax unified
 4580              		.thumb
 4581              		.thumb_func
 4583              	HAL_SPI_Abort:
 4584              	.LVL288:
 4585              	.LFB342:
2366:Drivers/STM32G4xx_HAL_Driver/Src/stm32g4xx_hal_spi.c ****   HAL_StatusTypeDef errorcode;
 4586              		.loc 1 2366 1 is_stmt 1 view -0
 4587              		.cfi_startproc
ARM GAS  C:\Users\Booster\AppData\Local\Temp\ccQdKe81.s 			page 184


 4588              		@ args = 0, pretend = 0, frame = 16
 4589              		@ frame_needed = 0, uses_anonymous_args = 0
2366:Drivers/STM32G4xx_HAL_Driver/Src/stm32g4xx_hal_spi.c ****   HAL_StatusTypeDef errorcode;
 4590              		.loc 1 2366 1 is_stmt 0 view .LVU1588
 4591 0000 10B5     		push	{r4, lr}
 4592              	.LCFI47:
 4593              		.cfi_def_cfa_offset 8
 4594              		.cfi_offset 4, -8
 4595              		.cfi_offset 14, -4
 4596 0002 86B0     		sub	sp, sp, #24
 4597              	.LCFI48:
 4598              		.cfi_def_cfa_offset 32
 4599 0004 0446     		mov	r4, r0
2367:Drivers/STM32G4xx_HAL_Driver/Src/stm32g4xx_hal_spi.c ****   __IO uint32_t count;
 4600              		.loc 1 2367 3 is_stmt 1 view .LVU1589
2368:Drivers/STM32G4xx_HAL_Driver/Src/stm32g4xx_hal_spi.c ****   __IO uint32_t resetcount;
 4601              		.loc 1 2368 3 view .LVU1590
2369:Drivers/STM32G4xx_HAL_Driver/Src/stm32g4xx_hal_spi.c **** 
 4602              		.loc 1 2369 3 view .LVU1591
2372:Drivers/STM32G4xx_HAL_Driver/Src/stm32g4xx_hal_spi.c ****   resetcount = SPI_DEFAULT_TIMEOUT * (SystemCoreClock / 24U / 1000U);
 4603              		.loc 1 2372 3 view .LVU1592
 4604              	.LVL289:
2373:Drivers/STM32G4xx_HAL_Driver/Src/stm32g4xx_hal_spi.c ****   count = resetcount;
 4605              		.loc 1 2373 3 view .LVU1593
2373:Drivers/STM32G4xx_HAL_Driver/Src/stm32g4xx_hal_spi.c ****   count = resetcount;
 4606              		.loc 1 2373 61 is_stmt 0 view .LVU1594
 4607 0006 5E4B     		ldr	r3, .L341
 4608 0008 1B68     		ldr	r3, [r3]
 4609 000a 5E4A     		ldr	r2, .L341+4
 4610 000c A2FB0323 		umull	r2, r3, r2, r3
 4611 0010 5B0A     		lsrs	r3, r3, #9
2373:Drivers/STM32G4xx_HAL_Driver/Src/stm32g4xx_hal_spi.c ****   count = resetcount;
 4612              		.loc 1 2373 36 view .LVU1595
 4613 0012 6422     		movs	r2, #100
 4614 0014 02FB03F3 		mul	r3, r2, r3
2373:Drivers/STM32G4xx_HAL_Driver/Src/stm32g4xx_hal_spi.c ****   count = resetcount;
 4615              		.loc 1 2373 14 view .LVU1596
 4616 0018 0493     		str	r3, [sp, #16]
2374:Drivers/STM32G4xx_HAL_Driver/Src/stm32g4xx_hal_spi.c **** 
 4617              		.loc 1 2374 3 is_stmt 1 view .LVU1597
2374:Drivers/STM32G4xx_HAL_Driver/Src/stm32g4xx_hal_spi.c **** 
 4618              		.loc 1 2374 9 is_stmt 0 view .LVU1598
 4619 001a 049B     		ldr	r3, [sp, #16]
 4620 001c 0593     		str	r3, [sp, #20]
2377:Drivers/STM32G4xx_HAL_Driver/Src/stm32g4xx_hal_spi.c **** 
 4621              		.loc 1 2377 3 is_stmt 1 view .LVU1599
 4622 001e 0268     		ldr	r2, [r0]
 4623 0020 5368     		ldr	r3, [r2, #4]
 4624 0022 23F02003 		bic	r3, r3, #32
 4625 0026 5360     		str	r3, [r2, #4]
2380:Drivers/STM32G4xx_HAL_Driver/Src/stm32g4xx_hal_spi.c ****   {
 4626              		.loc 1 2380 3 view .LVU1600
2380:Drivers/STM32G4xx_HAL_Driver/Src/stm32g4xx_hal_spi.c ****   {
 4627              		.loc 1 2380 7 is_stmt 0 view .LVU1601
 4628 0028 0268     		ldr	r2, [r0]
 4629 002a 5368     		ldr	r3, [r2, #4]
2380:Drivers/STM32G4xx_HAL_Driver/Src/stm32g4xx_hal_spi.c ****   {
ARM GAS  C:\Users\Booster\AppData\Local\Temp\ccQdKe81.s 			page 185


 4630              		.loc 1 2380 6 view .LVU1602
 4631 002c 13F0800F 		tst	r3, #128
 4632 0030 12D0     		beq	.L321
2382:Drivers/STM32G4xx_HAL_Driver/Src/stm32g4xx_hal_spi.c ****     /* Wait HAL_SPI_STATE_ABORT state */
 4633              		.loc 1 2382 5 is_stmt 1 view .LVU1603
2382:Drivers/STM32G4xx_HAL_Driver/Src/stm32g4xx_hal_spi.c ****     /* Wait HAL_SPI_STATE_ABORT state */
 4634              		.loc 1 2382 17 is_stmt 0 view .LVU1604
 4635 0032 554B     		ldr	r3, .L341+8
 4636 0034 0365     		str	r3, [r0, #80]
 4637              	.L324:
2384:Drivers/STM32G4xx_HAL_Driver/Src/stm32g4xx_hal_spi.c ****     {
 4638              		.loc 1 2384 5 is_stmt 1 view .LVU1605
2386:Drivers/STM32G4xx_HAL_Driver/Src/stm32g4xx_hal_spi.c ****       {
 4639              		.loc 1 2386 7 view .LVU1606
2386:Drivers/STM32G4xx_HAL_Driver/Src/stm32g4xx_hal_spi.c ****       {
 4640              		.loc 1 2386 17 is_stmt 0 view .LVU1607
 4641 0036 059B     		ldr	r3, [sp, #20]
2386:Drivers/STM32G4xx_HAL_Driver/Src/stm32g4xx_hal_spi.c ****       {
 4642              		.loc 1 2386 10 view .LVU1608
 4643 0038 43B1     		cbz	r3, .L339
2391:Drivers/STM32G4xx_HAL_Driver/Src/stm32g4xx_hal_spi.c ****     } while (hspi->State != HAL_SPI_STATE_ABORT);
 4644              		.loc 1 2391 7 is_stmt 1 view .LVU1609
2391:Drivers/STM32G4xx_HAL_Driver/Src/stm32g4xx_hal_spi.c ****     } while (hspi->State != HAL_SPI_STATE_ABORT);
 4645              		.loc 1 2391 12 is_stmt 0 view .LVU1610
 4646 003a 059B     		ldr	r3, [sp, #20]
 4647 003c 013B     		subs	r3, r3, #1
 4648 003e 0593     		str	r3, [sp, #20]
2392:Drivers/STM32G4xx_HAL_Driver/Src/stm32g4xx_hal_spi.c ****     /* Reset Timeout Counter */
 4649              		.loc 1 2392 26 is_stmt 1 view .LVU1611
2392:Drivers/STM32G4xx_HAL_Driver/Src/stm32g4xx_hal_spi.c ****     /* Reset Timeout Counter */
 4650              		.loc 1 2392 18 is_stmt 0 view .LVU1612
 4651 0040 94F85D30 		ldrb	r3, [r4, #93]	@ zero_extendqisi2
 4652 0044 DBB2     		uxtb	r3, r3
2392:Drivers/STM32G4xx_HAL_Driver/Src/stm32g4xx_hal_spi.c ****     /* Reset Timeout Counter */
 4653              		.loc 1 2392 26 view .LVU1613
 4654 0046 072B     		cmp	r3, #7
 4655 0048 F5D1     		bne	.L324
 4656 004a 03E0     		b	.L323
 4657              	.L339:
2388:Drivers/STM32G4xx_HAL_Driver/Src/stm32g4xx_hal_spi.c ****         break;
 4658              		.loc 1 2388 9 is_stmt 1 view .LVU1614
 4659 004c 236E     		ldr	r3, [r4, #96]
 4660 004e 43F04003 		orr	r3, r3, #64
 4661 0052 2366     		str	r3, [r4, #96]
2389:Drivers/STM32G4xx_HAL_Driver/Src/stm32g4xx_hal_spi.c ****       }
 4662              		.loc 1 2389 9 view .LVU1615
 4663              	.L323:
2394:Drivers/STM32G4xx_HAL_Driver/Src/stm32g4xx_hal_spi.c ****   }
 4664              		.loc 1 2394 5 view .LVU1616
2394:Drivers/STM32G4xx_HAL_Driver/Src/stm32g4xx_hal_spi.c ****   }
 4665              		.loc 1 2394 11 is_stmt 0 view .LVU1617
 4666 0054 049B     		ldr	r3, [sp, #16]
 4667 0056 0593     		str	r3, [sp, #20]
 4668              	.L321:
2397:Drivers/STM32G4xx_HAL_Driver/Src/stm32g4xx_hal_spi.c ****   {
 4669              		.loc 1 2397 3 is_stmt 1 view .LVU1618
2397:Drivers/STM32G4xx_HAL_Driver/Src/stm32g4xx_hal_spi.c ****   {
ARM GAS  C:\Users\Booster\AppData\Local\Temp\ccQdKe81.s 			page 186


 4670              		.loc 1 2397 7 is_stmt 0 view .LVU1619
 4671 0058 5368     		ldr	r3, [r2, #4]
2397:Drivers/STM32G4xx_HAL_Driver/Src/stm32g4xx_hal_spi.c ****   {
 4672              		.loc 1 2397 6 view .LVU1620
 4673 005a 13F0400F 		tst	r3, #64
 4674 005e 12D0     		beq	.L325
2399:Drivers/STM32G4xx_HAL_Driver/Src/stm32g4xx_hal_spi.c ****     /* Wait HAL_SPI_STATE_ABORT state */
 4675              		.loc 1 2399 5 is_stmt 1 view .LVU1621
2399:Drivers/STM32G4xx_HAL_Driver/Src/stm32g4xx_hal_spi.c ****     /* Wait HAL_SPI_STATE_ABORT state */
 4676              		.loc 1 2399 17 is_stmt 0 view .LVU1622
 4677 0060 4A4B     		ldr	r3, .L341+12
 4678 0062 E364     		str	r3, [r4, #76]
 4679              	.L328:
2401:Drivers/STM32G4xx_HAL_Driver/Src/stm32g4xx_hal_spi.c ****     {
 4680              		.loc 1 2401 5 is_stmt 1 view .LVU1623
2403:Drivers/STM32G4xx_HAL_Driver/Src/stm32g4xx_hal_spi.c ****       {
 4681              		.loc 1 2403 7 view .LVU1624
2403:Drivers/STM32G4xx_HAL_Driver/Src/stm32g4xx_hal_spi.c ****       {
 4682              		.loc 1 2403 17 is_stmt 0 view .LVU1625
 4683 0064 059B     		ldr	r3, [sp, #20]
2403:Drivers/STM32G4xx_HAL_Driver/Src/stm32g4xx_hal_spi.c ****       {
 4684              		.loc 1 2403 10 view .LVU1626
 4685 0066 43B1     		cbz	r3, .L340
2408:Drivers/STM32G4xx_HAL_Driver/Src/stm32g4xx_hal_spi.c ****     } while (hspi->State != HAL_SPI_STATE_ABORT);
 4686              		.loc 1 2408 7 is_stmt 1 view .LVU1627
2408:Drivers/STM32G4xx_HAL_Driver/Src/stm32g4xx_hal_spi.c ****     } while (hspi->State != HAL_SPI_STATE_ABORT);
 4687              		.loc 1 2408 12 is_stmt 0 view .LVU1628
 4688 0068 059B     		ldr	r3, [sp, #20]
 4689 006a 013B     		subs	r3, r3, #1
 4690 006c 0593     		str	r3, [sp, #20]
2409:Drivers/STM32G4xx_HAL_Driver/Src/stm32g4xx_hal_spi.c ****     /* Reset Timeout Counter */
 4691              		.loc 1 2409 26 is_stmt 1 view .LVU1629
2409:Drivers/STM32G4xx_HAL_Driver/Src/stm32g4xx_hal_spi.c ****     /* Reset Timeout Counter */
 4692              		.loc 1 2409 18 is_stmt 0 view .LVU1630
 4693 006e 94F85D30 		ldrb	r3, [r4, #93]	@ zero_extendqisi2
 4694 0072 DBB2     		uxtb	r3, r3
2409:Drivers/STM32G4xx_HAL_Driver/Src/stm32g4xx_hal_spi.c ****     /* Reset Timeout Counter */
 4695              		.loc 1 2409 26 view .LVU1631
 4696 0074 072B     		cmp	r3, #7
 4697 0076 F5D1     		bne	.L328
 4698 0078 03E0     		b	.L327
 4699              	.L340:
2405:Drivers/STM32G4xx_HAL_Driver/Src/stm32g4xx_hal_spi.c ****         break;
 4700              		.loc 1 2405 9 is_stmt 1 view .LVU1632
 4701 007a 236E     		ldr	r3, [r4, #96]
 4702 007c 43F04003 		orr	r3, r3, #64
 4703 0080 2366     		str	r3, [r4, #96]
2406:Drivers/STM32G4xx_HAL_Driver/Src/stm32g4xx_hal_spi.c ****       }
 4704              		.loc 1 2406 9 view .LVU1633
 4705              	.L327:
2411:Drivers/STM32G4xx_HAL_Driver/Src/stm32g4xx_hal_spi.c ****   }
 4706              		.loc 1 2411 5 view .LVU1634
2411:Drivers/STM32G4xx_HAL_Driver/Src/stm32g4xx_hal_spi.c ****   }
 4707              		.loc 1 2411 11 is_stmt 0 view .LVU1635
 4708 0082 049B     		ldr	r3, [sp, #16]
 4709 0084 0593     		str	r3, [sp, #20]
 4710              	.L325:
ARM GAS  C:\Users\Booster\AppData\Local\Temp\ccQdKe81.s 			page 187


2415:Drivers/STM32G4xx_HAL_Driver/Src/stm32g4xx_hal_spi.c ****   {
 4711              		.loc 1 2415 3 is_stmt 1 view .LVU1636
2415:Drivers/STM32G4xx_HAL_Driver/Src/stm32g4xx_hal_spi.c ****   {
 4712              		.loc 1 2415 7 is_stmt 0 view .LVU1637
 4713 0086 5368     		ldr	r3, [r2, #4]
2415:Drivers/STM32G4xx_HAL_Driver/Src/stm32g4xx_hal_spi.c ****   {
 4714              		.loc 1 2415 6 view .LVU1638
 4715 0088 13F0020F 		tst	r3, #2
 4716 008c 2AD0     		beq	.L329
2418:Drivers/STM32G4xx_HAL_Driver/Src/stm32g4xx_hal_spi.c ****     {
 4717              		.loc 1 2418 5 is_stmt 1 view .LVU1639
2418:Drivers/STM32G4xx_HAL_Driver/Src/stm32g4xx_hal_spi.c ****     {
 4718              		.loc 1 2418 13 is_stmt 0 view .LVU1640
 4719 008e 636D     		ldr	r3, [r4, #84]
2418:Drivers/STM32G4xx_HAL_Driver/Src/stm32g4xx_hal_spi.c ****     {
 4720              		.loc 1 2418 8 view .LVU1641
 4721 0090 43B3     		cbz	r3, .L329
2422:Drivers/STM32G4xx_HAL_Driver/Src/stm32g4xx_hal_spi.c **** 
 4722              		.loc 1 2422 7 is_stmt 1 view .LVU1642
2422:Drivers/STM32G4xx_HAL_Driver/Src/stm32g4xx_hal_spi.c **** 
 4723              		.loc 1 2422 39 is_stmt 0 view .LVU1643
 4724 0092 0022     		movs	r2, #0
 4725 0094 9A63     		str	r2, [r3, #56]
2425:Drivers/STM32G4xx_HAL_Driver/Src/stm32g4xx_hal_spi.c ****       {
 4726              		.loc 1 2425 7 is_stmt 1 view .LVU1644
2425:Drivers/STM32G4xx_HAL_Driver/Src/stm32g4xx_hal_spi.c ****       {
 4727              		.loc 1 2425 11 is_stmt 0 view .LVU1645
 4728 0096 606D     		ldr	r0, [r4, #84]
 4729              	.LVL290:
2425:Drivers/STM32G4xx_HAL_Driver/Src/stm32g4xx_hal_spi.c ****       {
 4730              		.loc 1 2425 11 view .LVU1646
 4731 0098 FFF7FEFF 		bl	HAL_DMA_Abort
 4732              	.LVL291:
2425:Drivers/STM32G4xx_HAL_Driver/Src/stm32g4xx_hal_spi.c ****       {
 4733              		.loc 1 2425 10 view .LVU1647
 4734 009c 08B1     		cbz	r0, .L330
2427:Drivers/STM32G4xx_HAL_Driver/Src/stm32g4xx_hal_spi.c ****       }
 4735              		.loc 1 2427 9 is_stmt 1 view .LVU1648
2427:Drivers/STM32G4xx_HAL_Driver/Src/stm32g4xx_hal_spi.c ****       }
 4736              		.loc 1 2427 25 is_stmt 0 view .LVU1649
 4737 009e 4023     		movs	r3, #64
 4738 00a0 2366     		str	r3, [r4, #96]
 4739              	.L330:
2431:Drivers/STM32G4xx_HAL_Driver/Src/stm32g4xx_hal_spi.c **** 
 4740              		.loc 1 2431 7 is_stmt 1 view .LVU1650
 4741 00a2 2268     		ldr	r2, [r4]
 4742 00a4 5368     		ldr	r3, [r2, #4]
 4743 00a6 23F00203 		bic	r3, r3, #2
 4744 00aa 5360     		str	r3, [r2, #4]
2433:Drivers/STM32G4xx_HAL_Driver/Src/stm32g4xx_hal_spi.c ****       {
 4745              		.loc 1 2433 7 view .LVU1651
2433:Drivers/STM32G4xx_HAL_Driver/Src/stm32g4xx_hal_spi.c ****       {
 4746              		.loc 1 2433 11 is_stmt 0 view .LVU1652
 4747 00ac FFF7FEFF 		bl	HAL_GetTick
 4748              	.LVL292:
 4749 00b0 0246     		mov	r2, r0
 4750 00b2 6421     		movs	r1, #100
ARM GAS  C:\Users\Booster\AppData\Local\Temp\ccQdKe81.s 			page 188


 4751 00b4 2046     		mov	r0, r4
 4752 00b6 FFF7FEFF 		bl	SPI_EndRxTxTransaction
 4753              	.LVL293:
2433:Drivers/STM32G4xx_HAL_Driver/Src/stm32g4xx_hal_spi.c ****       {
 4754              		.loc 1 2433 10 view .LVU1653
 4755 00ba 08B1     		cbz	r0, .L331
2435:Drivers/STM32G4xx_HAL_Driver/Src/stm32g4xx_hal_spi.c ****       }
 4756              		.loc 1 2435 9 is_stmt 1 view .LVU1654
2435:Drivers/STM32G4xx_HAL_Driver/Src/stm32g4xx_hal_spi.c ****       }
 4757              		.loc 1 2435 25 is_stmt 0 view .LVU1655
 4758 00bc 4023     		movs	r3, #64
 4759 00be 2366     		str	r3, [r4, #96]
 4760              	.L331:
2439:Drivers/STM32G4xx_HAL_Driver/Src/stm32g4xx_hal_spi.c **** 
 4761              		.loc 1 2439 7 is_stmt 1 view .LVU1656
 4762 00c0 2268     		ldr	r2, [r4]
 4763 00c2 1368     		ldr	r3, [r2]
 4764 00c4 23F04003 		bic	r3, r3, #64
 4765 00c8 1360     		str	r3, [r2]
2442:Drivers/STM32G4xx_HAL_Driver/Src/stm32g4xx_hal_spi.c ****       {
 4766              		.loc 1 2442 7 view .LVU1657
2442:Drivers/STM32G4xx_HAL_Driver/Src/stm32g4xx_hal_spi.c ****       {
 4767              		.loc 1 2442 11 is_stmt 0 view .LVU1658
 4768 00ca FFF7FEFF 		bl	HAL_GetTick
 4769              	.LVL294:
 4770 00ce 0090     		str	r0, [sp]
 4771 00d0 6423     		movs	r3, #100
 4772 00d2 0022     		movs	r2, #0
 4773 00d4 4FF4C061 		mov	r1, #1536
 4774 00d8 2046     		mov	r0, r4
 4775 00da FFF7FEFF 		bl	SPI_WaitFifoStateUntilTimeout
 4776              	.LVL295:
2442:Drivers/STM32G4xx_HAL_Driver/Src/stm32g4xx_hal_spi.c ****       {
 4777              		.loc 1 2442 10 view .LVU1659
 4778 00de 08B1     		cbz	r0, .L329
2444:Drivers/STM32G4xx_HAL_Driver/Src/stm32g4xx_hal_spi.c ****       }
 4779              		.loc 1 2444 9 is_stmt 1 view .LVU1660
2444:Drivers/STM32G4xx_HAL_Driver/Src/stm32g4xx_hal_spi.c ****       }
 4780              		.loc 1 2444 25 is_stmt 0 view .LVU1661
 4781 00e0 4023     		movs	r3, #64
 4782 00e2 2366     		str	r3, [r4, #96]
 4783              	.L329:
2450:Drivers/STM32G4xx_HAL_Driver/Src/stm32g4xx_hal_spi.c ****   {
 4784              		.loc 1 2450 3 is_stmt 1 view .LVU1662
2450:Drivers/STM32G4xx_HAL_Driver/Src/stm32g4xx_hal_spi.c ****   {
 4785              		.loc 1 2450 7 is_stmt 0 view .LVU1663
 4786 00e4 2368     		ldr	r3, [r4]
 4787 00e6 5B68     		ldr	r3, [r3, #4]
2450:Drivers/STM32G4xx_HAL_Driver/Src/stm32g4xx_hal_spi.c ****   {
 4788              		.loc 1 2450 6 view .LVU1664
 4789 00e8 13F0010F 		tst	r3, #1
 4790 00ec 2CD0     		beq	.L332
2453:Drivers/STM32G4xx_HAL_Driver/Src/stm32g4xx_hal_spi.c ****     {
 4791              		.loc 1 2453 5 is_stmt 1 view .LVU1665
2453:Drivers/STM32G4xx_HAL_Driver/Src/stm32g4xx_hal_spi.c ****     {
 4792              		.loc 1 2453 13 is_stmt 0 view .LVU1666
 4793 00ee A36D     		ldr	r3, [r4, #88]
ARM GAS  C:\Users\Booster\AppData\Local\Temp\ccQdKe81.s 			page 189


2453:Drivers/STM32G4xx_HAL_Driver/Src/stm32g4xx_hal_spi.c ****     {
 4794              		.loc 1 2453 8 view .LVU1667
 4795 00f0 53B3     		cbz	r3, .L332
2457:Drivers/STM32G4xx_HAL_Driver/Src/stm32g4xx_hal_spi.c **** 
 4796              		.loc 1 2457 7 is_stmt 1 view .LVU1668
2457:Drivers/STM32G4xx_HAL_Driver/Src/stm32g4xx_hal_spi.c **** 
 4797              		.loc 1 2457 39 is_stmt 0 view .LVU1669
 4798 00f2 0022     		movs	r2, #0
 4799 00f4 9A63     		str	r2, [r3, #56]
2460:Drivers/STM32G4xx_HAL_Driver/Src/stm32g4xx_hal_spi.c ****       {
 4800              		.loc 1 2460 7 is_stmt 1 view .LVU1670
2460:Drivers/STM32G4xx_HAL_Driver/Src/stm32g4xx_hal_spi.c ****       {
 4801              		.loc 1 2460 11 is_stmt 0 view .LVU1671
 4802 00f6 A06D     		ldr	r0, [r4, #88]
 4803 00f8 FFF7FEFF 		bl	HAL_DMA_Abort
 4804              	.LVL296:
2460:Drivers/STM32G4xx_HAL_Driver/Src/stm32g4xx_hal_spi.c ****       {
 4805              		.loc 1 2460 10 view .LVU1672
 4806 00fc 08B1     		cbz	r0, .L333
2462:Drivers/STM32G4xx_HAL_Driver/Src/stm32g4xx_hal_spi.c ****       }
 4807              		.loc 1 2462 9 is_stmt 1 view .LVU1673
2462:Drivers/STM32G4xx_HAL_Driver/Src/stm32g4xx_hal_spi.c ****       }
 4808              		.loc 1 2462 25 is_stmt 0 view .LVU1674
 4809 00fe 4023     		movs	r3, #64
 4810 0100 2366     		str	r3, [r4, #96]
 4811              	.L333:
2466:Drivers/STM32G4xx_HAL_Driver/Src/stm32g4xx_hal_spi.c **** 
 4812              		.loc 1 2466 7 is_stmt 1 view .LVU1675
 4813 0102 2268     		ldr	r2, [r4]
 4814 0104 1368     		ldr	r3, [r2]
 4815 0106 23F04003 		bic	r3, r3, #64
 4816 010a 1360     		str	r3, [r2]
2469:Drivers/STM32G4xx_HAL_Driver/Src/stm32g4xx_hal_spi.c ****       {
 4817              		.loc 1 2469 7 view .LVU1676
2469:Drivers/STM32G4xx_HAL_Driver/Src/stm32g4xx_hal_spi.c ****       {
 4818              		.loc 1 2469 11 is_stmt 0 view .LVU1677
 4819 010c FFF7FEFF 		bl	HAL_GetTick
 4820              	.LVL297:
 4821 0110 0090     		str	r0, [sp]
 4822 0112 6423     		movs	r3, #100
 4823 0114 0022     		movs	r2, #0
 4824 0116 8021     		movs	r1, #128
 4825 0118 2046     		mov	r0, r4
 4826 011a FFF7FEFF 		bl	SPI_WaitFlagStateUntilTimeout
 4827              	.LVL298:
2469:Drivers/STM32G4xx_HAL_Driver/Src/stm32g4xx_hal_spi.c ****       {
 4828              		.loc 1 2469 10 view .LVU1678
 4829 011e 08B1     		cbz	r0, .L334
2471:Drivers/STM32G4xx_HAL_Driver/Src/stm32g4xx_hal_spi.c ****       }
 4830              		.loc 1 2471 9 is_stmt 1 view .LVU1679
2471:Drivers/STM32G4xx_HAL_Driver/Src/stm32g4xx_hal_spi.c ****       }
 4831              		.loc 1 2471 25 is_stmt 0 view .LVU1680
 4832 0120 4023     		movs	r3, #64
 4833 0122 2366     		str	r3, [r4, #96]
 4834              	.L334:
2475:Drivers/STM32G4xx_HAL_Driver/Src/stm32g4xx_hal_spi.c ****       {
 4835              		.loc 1 2475 7 is_stmt 1 view .LVU1681
ARM GAS  C:\Users\Booster\AppData\Local\Temp\ccQdKe81.s 			page 190


2475:Drivers/STM32G4xx_HAL_Driver/Src/stm32g4xx_hal_spi.c ****       {
 4836              		.loc 1 2475 11 is_stmt 0 view .LVU1682
 4837 0124 FFF7FEFF 		bl	HAL_GetTick
 4838              	.LVL299:
 4839 0128 0090     		str	r0, [sp]
 4840 012a 6423     		movs	r3, #100
 4841 012c 0022     		movs	r2, #0
 4842 012e 4FF4C061 		mov	r1, #1536
 4843 0132 2046     		mov	r0, r4
 4844 0134 FFF7FEFF 		bl	SPI_WaitFifoStateUntilTimeout
 4845              	.LVL300:
2475:Drivers/STM32G4xx_HAL_Driver/Src/stm32g4xx_hal_spi.c ****       {
 4846              		.loc 1 2475 10 view .LVU1683
 4847 0138 08B1     		cbz	r0, .L335
2477:Drivers/STM32G4xx_HAL_Driver/Src/stm32g4xx_hal_spi.c ****       }
 4848              		.loc 1 2477 9 is_stmt 1 view .LVU1684
2477:Drivers/STM32G4xx_HAL_Driver/Src/stm32g4xx_hal_spi.c ****       }
 4849              		.loc 1 2477 25 is_stmt 0 view .LVU1685
 4850 013a 4023     		movs	r3, #64
 4851 013c 2366     		str	r3, [r4, #96]
 4852              	.L335:
2481:Drivers/STM32G4xx_HAL_Driver/Src/stm32g4xx_hal_spi.c ****     }
 4853              		.loc 1 2481 7 is_stmt 1 view .LVU1686
 4854 013e 2268     		ldr	r2, [r4]
 4855 0140 5368     		ldr	r3, [r2, #4]
 4856 0142 23F00103 		bic	r3, r3, #1
 4857 0146 5360     		str	r3, [r2, #4]
 4858              	.L332:
2485:Drivers/STM32G4xx_HAL_Driver/Src/stm32g4xx_hal_spi.c ****   hspi->TxXferCount = 0U;
 4859              		.loc 1 2485 3 view .LVU1687
2485:Drivers/STM32G4xx_HAL_Driver/Src/stm32g4xx_hal_spi.c ****   hspi->TxXferCount = 0U;
 4860              		.loc 1 2485 21 is_stmt 0 view .LVU1688
 4861 0148 0023     		movs	r3, #0
 4862 014a A4F84630 		strh	r3, [r4, #70]	@ movhi
2486:Drivers/STM32G4xx_HAL_Driver/Src/stm32g4xx_hal_spi.c **** 
 4863              		.loc 1 2486 3 is_stmt 1 view .LVU1689
2486:Drivers/STM32G4xx_HAL_Driver/Src/stm32g4xx_hal_spi.c **** 
 4864              		.loc 1 2486 21 is_stmt 0 view .LVU1690
 4865 014e E387     		strh	r3, [r4, #62]	@ movhi
2489:Drivers/STM32G4xx_HAL_Driver/Src/stm32g4xx_hal_spi.c ****   {
 4866              		.loc 1 2489 3 is_stmt 1 view .LVU1691
2489:Drivers/STM32G4xx_HAL_Driver/Src/stm32g4xx_hal_spi.c ****   {
 4867              		.loc 1 2489 11 is_stmt 0 view .LVU1692
 4868 0150 236E     		ldr	r3, [r4, #96]
2489:Drivers/STM32G4xx_HAL_Driver/Src/stm32g4xx_hal_spi.c ****   {
 4869              		.loc 1 2489 6 view .LVU1693
 4870 0152 402B     		cmp	r3, #64
 4871 0154 12D0     		beq	.L337
2497:Drivers/STM32G4xx_HAL_Driver/Src/stm32g4xx_hal_spi.c ****   }
 4872              		.loc 1 2497 5 is_stmt 1 view .LVU1694
2497:Drivers/STM32G4xx_HAL_Driver/Src/stm32g4xx_hal_spi.c ****   }
 4873              		.loc 1 2497 21 is_stmt 0 view .LVU1695
 4874 0156 0020     		movs	r0, #0
 4875 0158 2066     		str	r0, [r4, #96]
 4876              	.L336:
 4877              	.LVL301:
2501:Drivers/STM32G4xx_HAL_Driver/Src/stm32g4xx_hal_spi.c ****   __HAL_SPI_CLEAR_FREFLAG(hspi);
ARM GAS  C:\Users\Booster\AppData\Local\Temp\ccQdKe81.s 			page 191


 4878              		.loc 1 2501 3 is_stmt 1 view .LVU1696
 4879              	.LBB3:
2501:Drivers/STM32G4xx_HAL_Driver/Src/stm32g4xx_hal_spi.c ****   __HAL_SPI_CLEAR_FREFLAG(hspi);
 4880              		.loc 1 2501 3 view .LVU1697
 4881 015a 0022     		movs	r2, #0
 4882 015c 0292     		str	r2, [sp, #8]
2501:Drivers/STM32G4xx_HAL_Driver/Src/stm32g4xx_hal_spi.c ****   __HAL_SPI_CLEAR_FREFLAG(hspi);
 4883              		.loc 1 2501 3 view .LVU1698
 4884 015e 2368     		ldr	r3, [r4]
 4885 0160 D968     		ldr	r1, [r3, #12]
 4886 0162 0291     		str	r1, [sp, #8]
2501:Drivers/STM32G4xx_HAL_Driver/Src/stm32g4xx_hal_spi.c ****   __HAL_SPI_CLEAR_FREFLAG(hspi);
 4887              		.loc 1 2501 3 view .LVU1699
 4888 0164 9968     		ldr	r1, [r3, #8]
 4889 0166 0291     		str	r1, [sp, #8]
2501:Drivers/STM32G4xx_HAL_Driver/Src/stm32g4xx_hal_spi.c ****   __HAL_SPI_CLEAR_FREFLAG(hspi);
 4890              		.loc 1 2501 3 view .LVU1700
 4891 0168 0299     		ldr	r1, [sp, #8]
 4892              	.LBE3:
2501:Drivers/STM32G4xx_HAL_Driver/Src/stm32g4xx_hal_spi.c ****   __HAL_SPI_CLEAR_FREFLAG(hspi);
 4893              		.loc 1 2501 3 view .LVU1701
2502:Drivers/STM32G4xx_HAL_Driver/Src/stm32g4xx_hal_spi.c **** 
 4894              		.loc 1 2502 3 view .LVU1702
 4895              	.LBB4:
2502:Drivers/STM32G4xx_HAL_Driver/Src/stm32g4xx_hal_spi.c **** 
 4896              		.loc 1 2502 3 view .LVU1703
 4897 016a 0392     		str	r2, [sp, #12]
2502:Drivers/STM32G4xx_HAL_Driver/Src/stm32g4xx_hal_spi.c **** 
 4898              		.loc 1 2502 3 view .LVU1704
 4899 016c 9B68     		ldr	r3, [r3, #8]
 4900 016e 0393     		str	r3, [sp, #12]
2502:Drivers/STM32G4xx_HAL_Driver/Src/stm32g4xx_hal_spi.c **** 
 4901              		.loc 1 2502 3 view .LVU1705
 4902 0170 039B     		ldr	r3, [sp, #12]
 4903              	.LBE4:
2502:Drivers/STM32G4xx_HAL_Driver/Src/stm32g4xx_hal_spi.c **** 
 4904              		.loc 1 2502 3 view .LVU1706
2505:Drivers/STM32G4xx_HAL_Driver/Src/stm32g4xx_hal_spi.c **** 
 4905              		.loc 1 2505 3 view .LVU1707
2505:Drivers/STM32G4xx_HAL_Driver/Src/stm32g4xx_hal_spi.c **** 
 4906              		.loc 1 2505 15 is_stmt 0 view .LVU1708
 4907 0172 0123     		movs	r3, #1
 4908 0174 84F85D30 		strb	r3, [r4, #93]
2507:Drivers/STM32G4xx_HAL_Driver/Src/stm32g4xx_hal_spi.c **** }
 4909              		.loc 1 2507 3 is_stmt 1 view .LVU1709
2508:Drivers/STM32G4xx_HAL_Driver/Src/stm32g4xx_hal_spi.c **** 
 4910              		.loc 1 2508 1 is_stmt 0 view .LVU1710
 4911 0178 06B0     		add	sp, sp, #24
 4912              	.LCFI49:
 4913              		.cfi_remember_state
 4914              		.cfi_def_cfa_offset 8
 4915              		@ sp needed
 4916 017a 10BD     		pop	{r4, pc}
 4917              	.LVL302:
 4918              	.L337:
 4919              	.LCFI50:
 4920              		.cfi_restore_state
ARM GAS  C:\Users\Booster\AppData\Local\Temp\ccQdKe81.s 			page 192


2492:Drivers/STM32G4xx_HAL_Driver/Src/stm32g4xx_hal_spi.c ****   }
 4921              		.loc 1 2492 15 view .LVU1711
 4922 017c 0120     		movs	r0, #1
 4923 017e ECE7     		b	.L336
 4924              	.L342:
 4925              		.align	2
 4926              	.L341:
 4927 0180 00000000 		.word	SystemCoreClock
 4928 0184 F1197605 		.word	91625969
 4929 0188 00000000 		.word	SPI_AbortTx_ISR
 4930 018c 00000000 		.word	SPI_AbortRx_ISR
 4931              		.cfi_endproc
 4932              	.LFE342:
 4934              		.section	.text.HAL_SPI_DMAPause,"ax",%progbits
 4935              		.align	1
 4936              		.global	HAL_SPI_DMAPause
 4937              		.syntax unified
 4938              		.thumb
 4939              		.thumb_func
 4941              	HAL_SPI_DMAPause:
 4942              	.LVL303:
 4943              	.LFB344:
2687:Drivers/STM32G4xx_HAL_Driver/Src/stm32g4xx_hal_spi.c ****   /* Process Locked */
 4944              		.loc 1 2687 1 is_stmt 1 view -0
 4945              		.cfi_startproc
 4946              		@ args = 0, pretend = 0, frame = 0
 4947              		@ frame_needed = 0, uses_anonymous_args = 0
 4948              		@ link register save eliminated.
2689:Drivers/STM32G4xx_HAL_Driver/Src/stm32g4xx_hal_spi.c **** 
 4949              		.loc 1 2689 3 view .LVU1713
2689:Drivers/STM32G4xx_HAL_Driver/Src/stm32g4xx_hal_spi.c **** 
 4950              		.loc 1 2689 3 view .LVU1714
 4951 0000 90F85C30 		ldrb	r3, [r0, #92]	@ zero_extendqisi2
 4952 0004 012B     		cmp	r3, #1
 4953 0006 0CD0     		beq	.L345
2689:Drivers/STM32G4xx_HAL_Driver/Src/stm32g4xx_hal_spi.c **** 
 4954              		.loc 1 2689 3 discriminator 2 view .LVU1715
 4955 0008 0123     		movs	r3, #1
 4956 000a 80F85C30 		strb	r3, [r0, #92]
2689:Drivers/STM32G4xx_HAL_Driver/Src/stm32g4xx_hal_spi.c **** 
 4957              		.loc 1 2689 3 discriminator 2 view .LVU1716
2692:Drivers/STM32G4xx_HAL_Driver/Src/stm32g4xx_hal_spi.c **** 
 4958              		.loc 1 2692 3 discriminator 2 view .LVU1717
 4959 000e 0268     		ldr	r2, [r0]
 4960 0010 5368     		ldr	r3, [r2, #4]
 4961 0012 23F00303 		bic	r3, r3, #3
 4962 0016 5360     		str	r3, [r2, #4]
2695:Drivers/STM32G4xx_HAL_Driver/Src/stm32g4xx_hal_spi.c **** 
 4963              		.loc 1 2695 3 discriminator 2 view .LVU1718
2695:Drivers/STM32G4xx_HAL_Driver/Src/stm32g4xx_hal_spi.c **** 
 4964              		.loc 1 2695 3 discriminator 2 view .LVU1719
 4965 0018 0023     		movs	r3, #0
 4966 001a 80F85C30 		strb	r3, [r0, #92]
2695:Drivers/STM32G4xx_HAL_Driver/Src/stm32g4xx_hal_spi.c **** 
 4967              		.loc 1 2695 3 discriminator 2 view .LVU1720
2697:Drivers/STM32G4xx_HAL_Driver/Src/stm32g4xx_hal_spi.c **** }
 4968              		.loc 1 2697 3 discriminator 2 view .LVU1721
ARM GAS  C:\Users\Booster\AppData\Local\Temp\ccQdKe81.s 			page 193


2697:Drivers/STM32G4xx_HAL_Driver/Src/stm32g4xx_hal_spi.c **** }
 4969              		.loc 1 2697 10 is_stmt 0 discriminator 2 view .LVU1722
 4970 001e 1846     		mov	r0, r3
 4971              	.LVL304:
2697:Drivers/STM32G4xx_HAL_Driver/Src/stm32g4xx_hal_spi.c **** }
 4972              		.loc 1 2697 10 discriminator 2 view .LVU1723
 4973 0020 7047     		bx	lr
 4974              	.LVL305:
 4975              	.L345:
2689:Drivers/STM32G4xx_HAL_Driver/Src/stm32g4xx_hal_spi.c **** 
 4976              		.loc 1 2689 3 view .LVU1724
 4977 0022 0220     		movs	r0, #2
 4978              	.LVL306:
2698:Drivers/STM32G4xx_HAL_Driver/Src/stm32g4xx_hal_spi.c **** 
 4979              		.loc 1 2698 1 view .LVU1725
 4980 0024 7047     		bx	lr
 4981              		.cfi_endproc
 4982              	.LFE344:
 4984              		.section	.text.HAL_SPI_DMAResume,"ax",%progbits
 4985              		.align	1
 4986              		.global	HAL_SPI_DMAResume
 4987              		.syntax unified
 4988              		.thumb
 4989              		.thumb_func
 4991              	HAL_SPI_DMAResume:
 4992              	.LVL307:
 4993              	.LFB345:
2707:Drivers/STM32G4xx_HAL_Driver/Src/stm32g4xx_hal_spi.c ****   /* Process Locked */
 4994              		.loc 1 2707 1 is_stmt 1 view -0
 4995              		.cfi_startproc
 4996              		@ args = 0, pretend = 0, frame = 0
 4997              		@ frame_needed = 0, uses_anonymous_args = 0
 4998              		@ link register save eliminated.
2709:Drivers/STM32G4xx_HAL_Driver/Src/stm32g4xx_hal_spi.c **** 
 4999              		.loc 1 2709 3 view .LVU1727
2709:Drivers/STM32G4xx_HAL_Driver/Src/stm32g4xx_hal_spi.c **** 
 5000              		.loc 1 2709 3 view .LVU1728
 5001 0000 90F85C30 		ldrb	r3, [r0, #92]	@ zero_extendqisi2
 5002 0004 012B     		cmp	r3, #1
 5003 0006 0CD0     		beq	.L348
2709:Drivers/STM32G4xx_HAL_Driver/Src/stm32g4xx_hal_spi.c **** 
 5004              		.loc 1 2709 3 discriminator 2 view .LVU1729
 5005 0008 0123     		movs	r3, #1
 5006 000a 80F85C30 		strb	r3, [r0, #92]
2709:Drivers/STM32G4xx_HAL_Driver/Src/stm32g4xx_hal_spi.c **** 
 5007              		.loc 1 2709 3 discriminator 2 view .LVU1730
2712:Drivers/STM32G4xx_HAL_Driver/Src/stm32g4xx_hal_spi.c **** 
 5008              		.loc 1 2712 3 discriminator 2 view .LVU1731
 5009 000e 0268     		ldr	r2, [r0]
 5010 0010 5368     		ldr	r3, [r2, #4]
 5011 0012 43F00303 		orr	r3, r3, #3
 5012 0016 5360     		str	r3, [r2, #4]
2715:Drivers/STM32G4xx_HAL_Driver/Src/stm32g4xx_hal_spi.c **** 
 5013              		.loc 1 2715 3 discriminator 2 view .LVU1732
2715:Drivers/STM32G4xx_HAL_Driver/Src/stm32g4xx_hal_spi.c **** 
 5014              		.loc 1 2715 3 discriminator 2 view .LVU1733
 5015 0018 0023     		movs	r3, #0
ARM GAS  C:\Users\Booster\AppData\Local\Temp\ccQdKe81.s 			page 194


 5016 001a 80F85C30 		strb	r3, [r0, #92]
2715:Drivers/STM32G4xx_HAL_Driver/Src/stm32g4xx_hal_spi.c **** 
 5017              		.loc 1 2715 3 discriminator 2 view .LVU1734
2717:Drivers/STM32G4xx_HAL_Driver/Src/stm32g4xx_hal_spi.c **** }
 5018              		.loc 1 2717 3 discriminator 2 view .LVU1735
2717:Drivers/STM32G4xx_HAL_Driver/Src/stm32g4xx_hal_spi.c **** }
 5019              		.loc 1 2717 10 is_stmt 0 discriminator 2 view .LVU1736
 5020 001e 1846     		mov	r0, r3
 5021              	.LVL308:
2717:Drivers/STM32G4xx_HAL_Driver/Src/stm32g4xx_hal_spi.c **** }
 5022              		.loc 1 2717 10 discriminator 2 view .LVU1737
 5023 0020 7047     		bx	lr
 5024              	.LVL309:
 5025              	.L348:
2709:Drivers/STM32G4xx_HAL_Driver/Src/stm32g4xx_hal_spi.c **** 
 5026              		.loc 1 2709 3 view .LVU1738
 5027 0022 0220     		movs	r0, #2
 5028              	.LVL310:
2718:Drivers/STM32G4xx_HAL_Driver/Src/stm32g4xx_hal_spi.c **** 
 5029              		.loc 1 2718 1 view .LVU1739
 5030 0024 7047     		bx	lr
 5031              		.cfi_endproc
 5032              	.LFE345:
 5034              		.section	.text.HAL_SPI_DMAStop,"ax",%progbits
 5035              		.align	1
 5036              		.global	HAL_SPI_DMAStop
 5037              		.syntax unified
 5038              		.thumb
 5039              		.thumb_func
 5041              	HAL_SPI_DMAStop:
 5042              	.LVL311:
 5043              	.LFB346:
2727:Drivers/STM32G4xx_HAL_Driver/Src/stm32g4xx_hal_spi.c ****   HAL_StatusTypeDef errorcode = HAL_OK;
 5044              		.loc 1 2727 1 is_stmt 1 view -0
 5045              		.cfi_startproc
 5046              		@ args = 0, pretend = 0, frame = 0
 5047              		@ frame_needed = 0, uses_anonymous_args = 0
2727:Drivers/STM32G4xx_HAL_Driver/Src/stm32g4xx_hal_spi.c ****   HAL_StatusTypeDef errorcode = HAL_OK;
 5048              		.loc 1 2727 1 is_stmt 0 view .LVU1741
 5049 0000 38B5     		push	{r3, r4, r5, lr}
 5050              	.LCFI51:
 5051              		.cfi_def_cfa_offset 16
 5052              		.cfi_offset 3, -16
 5053              		.cfi_offset 4, -12
 5054              		.cfi_offset 5, -8
 5055              		.cfi_offset 14, -4
 5056 0002 0446     		mov	r4, r0
2728:Drivers/STM32G4xx_HAL_Driver/Src/stm32g4xx_hal_spi.c ****   /* The Lock is not implemented on this API to allow the user application
 5057              		.loc 1 2728 3 is_stmt 1 view .LVU1742
 5058              	.LVL312:
2736:Drivers/STM32G4xx_HAL_Driver/Src/stm32g4xx_hal_spi.c ****   {
 5059              		.loc 1 2736 3 view .LVU1743
2736:Drivers/STM32G4xx_HAL_Driver/Src/stm32g4xx_hal_spi.c ****   {
 5060              		.loc 1 2736 11 is_stmt 0 view .LVU1744
 5061 0004 406D     		ldr	r0, [r0, #84]
 5062              	.LVL313:
2736:Drivers/STM32G4xx_HAL_Driver/Src/stm32g4xx_hal_spi.c ****   {
ARM GAS  C:\Users\Booster\AppData\Local\Temp\ccQdKe81.s 			page 195


 5063              		.loc 1 2736 6 view .LVU1745
 5064 0006 48B1     		cbz	r0, .L352
2738:Drivers/STM32G4xx_HAL_Driver/Src/stm32g4xx_hal_spi.c ****     {
 5065              		.loc 1 2738 5 is_stmt 1 view .LVU1746
2738:Drivers/STM32G4xx_HAL_Driver/Src/stm32g4xx_hal_spi.c ****     {
 5066              		.loc 1 2738 19 is_stmt 0 view .LVU1747
 5067 0008 FFF7FEFF 		bl	HAL_DMA_Abort
 5068              	.LVL314:
2738:Drivers/STM32G4xx_HAL_Driver/Src/stm32g4xx_hal_spi.c ****     {
 5069              		.loc 1 2738 8 view .LVU1748
 5070 000c 0546     		mov	r5, r0
 5071 000e 30B1     		cbz	r0, .L350
2740:Drivers/STM32G4xx_HAL_Driver/Src/stm32g4xx_hal_spi.c ****       errorcode = HAL_ERROR;
 5072              		.loc 1 2740 7 is_stmt 1 view .LVU1749
 5073 0010 236E     		ldr	r3, [r4, #96]
 5074 0012 43F01003 		orr	r3, r3, #16
 5075 0016 2366     		str	r3, [r4, #96]
2741:Drivers/STM32G4xx_HAL_Driver/Src/stm32g4xx_hal_spi.c ****     }
 5076              		.loc 1 2741 7 view .LVU1750
 5077              	.LVL315:
2741:Drivers/STM32G4xx_HAL_Driver/Src/stm32g4xx_hal_spi.c ****     }
 5078              		.loc 1 2741 17 is_stmt 0 view .LVU1751
 5079 0018 0125     		movs	r5, #1
 5080 001a 00E0     		b	.L350
 5081              	.LVL316:
 5082              	.L352:
2728:Drivers/STM32G4xx_HAL_Driver/Src/stm32g4xx_hal_spi.c ****   /* The Lock is not implemented on this API to allow the user application
 5083              		.loc 1 2728 21 view .LVU1752
 5084 001c 0025     		movs	r5, #0
 5085              	.LVL317:
 5086              	.L350:
2745:Drivers/STM32G4xx_HAL_Driver/Src/stm32g4xx_hal_spi.c ****   {
 5087              		.loc 1 2745 3 is_stmt 1 view .LVU1753
2745:Drivers/STM32G4xx_HAL_Driver/Src/stm32g4xx_hal_spi.c ****   {
 5088              		.loc 1 2745 11 is_stmt 0 view .LVU1754
 5089 001e A06D     		ldr	r0, [r4, #88]
2745:Drivers/STM32G4xx_HAL_Driver/Src/stm32g4xx_hal_spi.c ****   {
 5090              		.loc 1 2745 6 view .LVU1755
 5091 0020 38B1     		cbz	r0, .L351
2747:Drivers/STM32G4xx_HAL_Driver/Src/stm32g4xx_hal_spi.c ****     {
 5092              		.loc 1 2747 5 is_stmt 1 view .LVU1756
2747:Drivers/STM32G4xx_HAL_Driver/Src/stm32g4xx_hal_spi.c ****     {
 5093              		.loc 1 2747 19 is_stmt 0 view .LVU1757
 5094 0022 FFF7FEFF 		bl	HAL_DMA_Abort
 5095              	.LVL318:
2747:Drivers/STM32G4xx_HAL_Driver/Src/stm32g4xx_hal_spi.c ****     {
 5096              		.loc 1 2747 8 view .LVU1758
 5097 0026 20B1     		cbz	r0, .L351
2749:Drivers/STM32G4xx_HAL_Driver/Src/stm32g4xx_hal_spi.c ****       errorcode = HAL_ERROR;
 5098              		.loc 1 2749 7 is_stmt 1 view .LVU1759
 5099 0028 236E     		ldr	r3, [r4, #96]
 5100 002a 43F01003 		orr	r3, r3, #16
 5101 002e 2366     		str	r3, [r4, #96]
2750:Drivers/STM32G4xx_HAL_Driver/Src/stm32g4xx_hal_spi.c ****     }
 5102              		.loc 1 2750 7 view .LVU1760
 5103              	.LVL319:
2750:Drivers/STM32G4xx_HAL_Driver/Src/stm32g4xx_hal_spi.c ****     }
ARM GAS  C:\Users\Booster\AppData\Local\Temp\ccQdKe81.s 			page 196


 5104              		.loc 1 2750 17 is_stmt 0 view .LVU1761
 5105 0030 0125     		movs	r5, #1
 5106              	.LVL320:
 5107              	.L351:
2755:Drivers/STM32G4xx_HAL_Driver/Src/stm32g4xx_hal_spi.c ****   hspi->State = HAL_SPI_STATE_READY;
 5108              		.loc 1 2755 3 is_stmt 1 view .LVU1762
 5109 0032 2268     		ldr	r2, [r4]
 5110 0034 5368     		ldr	r3, [r2, #4]
 5111 0036 23F00303 		bic	r3, r3, #3
 5112 003a 5360     		str	r3, [r2, #4]
2756:Drivers/STM32G4xx_HAL_Driver/Src/stm32g4xx_hal_spi.c ****   return errorcode;
 5113              		.loc 1 2756 3 view .LVU1763
2756:Drivers/STM32G4xx_HAL_Driver/Src/stm32g4xx_hal_spi.c ****   return errorcode;
 5114              		.loc 1 2756 15 is_stmt 0 view .LVU1764
 5115 003c 0123     		movs	r3, #1
 5116 003e 84F85D30 		strb	r3, [r4, #93]
2757:Drivers/STM32G4xx_HAL_Driver/Src/stm32g4xx_hal_spi.c **** }
 5117              		.loc 1 2757 3 is_stmt 1 view .LVU1765
2758:Drivers/STM32G4xx_HAL_Driver/Src/stm32g4xx_hal_spi.c **** 
 5118              		.loc 1 2758 1 is_stmt 0 view .LVU1766
 5119 0042 2846     		mov	r0, r5
 5120 0044 38BD     		pop	{r3, r4, r5, pc}
2758:Drivers/STM32G4xx_HAL_Driver/Src/stm32g4xx_hal_spi.c **** 
 5121              		.loc 1 2758 1 view .LVU1767
 5122              		.cfi_endproc
 5123              	.LFE346:
 5125              		.section	.text.HAL_SPI_TxCpltCallback,"ax",%progbits
 5126              		.align	1
 5127              		.weak	HAL_SPI_TxCpltCallback
 5128              		.syntax unified
 5129              		.thumb
 5130              		.thumb_func
 5132              	HAL_SPI_TxCpltCallback:
 5133              	.LVL321:
 5134              	.LFB348:
2874:Drivers/STM32G4xx_HAL_Driver/Src/stm32g4xx_hal_spi.c ****   /* Prevent unused argument(s) compilation warning */
 5135              		.loc 1 2874 1 is_stmt 1 view -0
 5136              		.cfi_startproc
 5137              		@ args = 0, pretend = 0, frame = 0
 5138              		@ frame_needed = 0, uses_anonymous_args = 0
 5139              		@ link register save eliminated.
2876:Drivers/STM32G4xx_HAL_Driver/Src/stm32g4xx_hal_spi.c **** 
 5140              		.loc 1 2876 3 view .LVU1769
2881:Drivers/STM32G4xx_HAL_Driver/Src/stm32g4xx_hal_spi.c **** 
 5141              		.loc 1 2881 1 is_stmt 0 view .LVU1770
 5142 0000 7047     		bx	lr
 5143              		.cfi_endproc
 5144              	.LFE348:
 5146              		.section	.text.HAL_SPI_RxCpltCallback,"ax",%progbits
 5147              		.align	1
 5148              		.weak	HAL_SPI_RxCpltCallback
 5149              		.syntax unified
 5150              		.thumb
 5151              		.thumb_func
 5153              	HAL_SPI_RxCpltCallback:
 5154              	.LVL322:
 5155              	.LFB349:
ARM GAS  C:\Users\Booster\AppData\Local\Temp\ccQdKe81.s 			page 197


2890:Drivers/STM32G4xx_HAL_Driver/Src/stm32g4xx_hal_spi.c ****   /* Prevent unused argument(s) compilation warning */
 5156              		.loc 1 2890 1 is_stmt 1 view -0
 5157              		.cfi_startproc
 5158              		@ args = 0, pretend = 0, frame = 0
 5159              		@ frame_needed = 0, uses_anonymous_args = 0
 5160              		@ link register save eliminated.
2892:Drivers/STM32G4xx_HAL_Driver/Src/stm32g4xx_hal_spi.c **** 
 5161              		.loc 1 2892 3 view .LVU1772
2897:Drivers/STM32G4xx_HAL_Driver/Src/stm32g4xx_hal_spi.c **** 
 5162              		.loc 1 2897 1 is_stmt 0 view .LVU1773
 5163 0000 7047     		bx	lr
 5164              		.cfi_endproc
 5165              	.LFE349:
 5167              		.section	.text.HAL_SPI_TxRxCpltCallback,"ax",%progbits
 5168              		.align	1
 5169              		.weak	HAL_SPI_TxRxCpltCallback
 5170              		.syntax unified
 5171              		.thumb
 5172              		.thumb_func
 5174              	HAL_SPI_TxRxCpltCallback:
 5175              	.LVL323:
 5176              	.LFB350:
2906:Drivers/STM32G4xx_HAL_Driver/Src/stm32g4xx_hal_spi.c ****   /* Prevent unused argument(s) compilation warning */
 5177              		.loc 1 2906 1 is_stmt 1 view -0
 5178              		.cfi_startproc
 5179              		@ args = 0, pretend = 0, frame = 0
 5180              		@ frame_needed = 0, uses_anonymous_args = 0
 5181              		@ link register save eliminated.
2908:Drivers/STM32G4xx_HAL_Driver/Src/stm32g4xx_hal_spi.c **** 
 5182              		.loc 1 2908 3 view .LVU1775
2913:Drivers/STM32G4xx_HAL_Driver/Src/stm32g4xx_hal_spi.c **** 
 5183              		.loc 1 2913 1 is_stmt 0 view .LVU1776
 5184 0000 7047     		bx	lr
 5185              		.cfi_endproc
 5186              	.LFE350:
 5188              		.section	.text.HAL_SPI_TxHalfCpltCallback,"ax",%progbits
 5189              		.align	1
 5190              		.weak	HAL_SPI_TxHalfCpltCallback
 5191              		.syntax unified
 5192              		.thumb
 5193              		.thumb_func
 5195              	HAL_SPI_TxHalfCpltCallback:
 5196              	.LVL324:
 5197              	.LFB351:
2922:Drivers/STM32G4xx_HAL_Driver/Src/stm32g4xx_hal_spi.c ****   /* Prevent unused argument(s) compilation warning */
 5198              		.loc 1 2922 1 is_stmt 1 view -0
 5199              		.cfi_startproc
 5200              		@ args = 0, pretend = 0, frame = 0
 5201              		@ frame_needed = 0, uses_anonymous_args = 0
 5202              		@ link register save eliminated.
2924:Drivers/STM32G4xx_HAL_Driver/Src/stm32g4xx_hal_spi.c **** 
 5203              		.loc 1 2924 3 view .LVU1778
2929:Drivers/STM32G4xx_HAL_Driver/Src/stm32g4xx_hal_spi.c **** 
 5204              		.loc 1 2929 1 is_stmt 0 view .LVU1779
 5205 0000 7047     		bx	lr
 5206              		.cfi_endproc
 5207              	.LFE351:
ARM GAS  C:\Users\Booster\AppData\Local\Temp\ccQdKe81.s 			page 198


 5209              		.section	.text.SPI_DMAHalfTransmitCplt,"ax",%progbits
 5210              		.align	1
 5211              		.syntax unified
 5212              		.thumb
 5213              		.thumb_func
 5215              	SPI_DMAHalfTransmitCplt:
 5216              	.LVL325:
 5217              	.LFB361:
3334:Drivers/STM32G4xx_HAL_Driver/Src/stm32g4xx_hal_spi.c ****   SPI_HandleTypeDef *hspi = (SPI_HandleTypeDef *)(((DMA_HandleTypeDef *)hdma)->Parent); /* Derogati
 5218              		.loc 1 3334 1 is_stmt 1 view -0
 5219              		.cfi_startproc
 5220              		@ args = 0, pretend = 0, frame = 0
 5221              		@ frame_needed = 0, uses_anonymous_args = 0
3334:Drivers/STM32G4xx_HAL_Driver/Src/stm32g4xx_hal_spi.c ****   SPI_HandleTypeDef *hspi = (SPI_HandleTypeDef *)(((DMA_HandleTypeDef *)hdma)->Parent); /* Derogati
 5222              		.loc 1 3334 1 is_stmt 0 view .LVU1781
 5223 0000 08B5     		push	{r3, lr}
 5224              	.LCFI52:
 5225              		.cfi_def_cfa_offset 8
 5226              		.cfi_offset 3, -8
 5227              		.cfi_offset 14, -4
3335:Drivers/STM32G4xx_HAL_Driver/Src/stm32g4xx_hal_spi.c **** 
 5228              		.loc 1 3335 3 is_stmt 1 view .LVU1782
 5229              	.LVL326:
3341:Drivers/STM32G4xx_HAL_Driver/Src/stm32g4xx_hal_spi.c **** #endif /* USE_HAL_SPI_REGISTER_CALLBACKS */
 5230              		.loc 1 3341 3 view .LVU1783
 5231 0002 806A     		ldr	r0, [r0, #40]
 5232              	.LVL327:
3341:Drivers/STM32G4xx_HAL_Driver/Src/stm32g4xx_hal_spi.c **** #endif /* USE_HAL_SPI_REGISTER_CALLBACKS */
 5233              		.loc 1 3341 3 is_stmt 0 view .LVU1784
 5234 0004 FFF7FEFF 		bl	HAL_SPI_TxHalfCpltCallback
 5235              	.LVL328:
3343:Drivers/STM32G4xx_HAL_Driver/Src/stm32g4xx_hal_spi.c **** 
 5236              		.loc 1 3343 1 view .LVU1785
 5237 0008 08BD     		pop	{r3, pc}
 5238              		.cfi_endproc
 5239              	.LFE361:
 5241              		.section	.text.HAL_SPI_RxHalfCpltCallback,"ax",%progbits
 5242              		.align	1
 5243              		.weak	HAL_SPI_RxHalfCpltCallback
 5244              		.syntax unified
 5245              		.thumb
 5246              		.thumb_func
 5248              	HAL_SPI_RxHalfCpltCallback:
 5249              	.LVL329:
 5250              	.LFB352:
2938:Drivers/STM32G4xx_HAL_Driver/Src/stm32g4xx_hal_spi.c ****   /* Prevent unused argument(s) compilation warning */
 5251              		.loc 1 2938 1 is_stmt 1 view -0
 5252              		.cfi_startproc
 5253              		@ args = 0, pretend = 0, frame = 0
 5254              		@ frame_needed = 0, uses_anonymous_args = 0
 5255              		@ link register save eliminated.
2940:Drivers/STM32G4xx_HAL_Driver/Src/stm32g4xx_hal_spi.c **** 
 5256              		.loc 1 2940 3 view .LVU1787
2945:Drivers/STM32G4xx_HAL_Driver/Src/stm32g4xx_hal_spi.c **** 
 5257              		.loc 1 2945 1 is_stmt 0 view .LVU1788
 5258 0000 7047     		bx	lr
 5259              		.cfi_endproc
ARM GAS  C:\Users\Booster\AppData\Local\Temp\ccQdKe81.s 			page 199


 5260              	.LFE352:
 5262              		.section	.text.SPI_DMAHalfReceiveCplt,"ax",%progbits
 5263              		.align	1
 5264              		.syntax unified
 5265              		.thumb
 5266              		.thumb_func
 5268              	SPI_DMAHalfReceiveCplt:
 5269              	.LVL330:
 5270              	.LFB362:
3352:Drivers/STM32G4xx_HAL_Driver/Src/stm32g4xx_hal_spi.c ****   SPI_HandleTypeDef *hspi = (SPI_HandleTypeDef *)(((DMA_HandleTypeDef *)hdma)->Parent); /* Derogati
 5271              		.loc 1 3352 1 is_stmt 1 view -0
 5272              		.cfi_startproc
 5273              		@ args = 0, pretend = 0, frame = 0
 5274              		@ frame_needed = 0, uses_anonymous_args = 0
3352:Drivers/STM32G4xx_HAL_Driver/Src/stm32g4xx_hal_spi.c ****   SPI_HandleTypeDef *hspi = (SPI_HandleTypeDef *)(((DMA_HandleTypeDef *)hdma)->Parent); /* Derogati
 5275              		.loc 1 3352 1 is_stmt 0 view .LVU1790
 5276 0000 08B5     		push	{r3, lr}
 5277              	.LCFI53:
 5278              		.cfi_def_cfa_offset 8
 5279              		.cfi_offset 3, -8
 5280              		.cfi_offset 14, -4
3353:Drivers/STM32G4xx_HAL_Driver/Src/stm32g4xx_hal_spi.c **** 
 5281              		.loc 1 3353 3 is_stmt 1 view .LVU1791
 5282              	.LVL331:
3359:Drivers/STM32G4xx_HAL_Driver/Src/stm32g4xx_hal_spi.c **** #endif /* USE_HAL_SPI_REGISTER_CALLBACKS */
 5283              		.loc 1 3359 3 view .LVU1792
 5284 0002 806A     		ldr	r0, [r0, #40]
 5285              	.LVL332:
3359:Drivers/STM32G4xx_HAL_Driver/Src/stm32g4xx_hal_spi.c **** #endif /* USE_HAL_SPI_REGISTER_CALLBACKS */
 5286              		.loc 1 3359 3 is_stmt 0 view .LVU1793
 5287 0004 FFF7FEFF 		bl	HAL_SPI_RxHalfCpltCallback
 5288              	.LVL333:
3361:Drivers/STM32G4xx_HAL_Driver/Src/stm32g4xx_hal_spi.c **** 
 5289              		.loc 1 3361 1 view .LVU1794
 5290 0008 08BD     		pop	{r3, pc}
 5291              		.cfi_endproc
 5292              	.LFE362:
 5294              		.section	.text.HAL_SPI_TxRxHalfCpltCallback,"ax",%progbits
 5295              		.align	1
 5296              		.weak	HAL_SPI_TxRxHalfCpltCallback
 5297              		.syntax unified
 5298              		.thumb
 5299              		.thumb_func
 5301              	HAL_SPI_TxRxHalfCpltCallback:
 5302              	.LVL334:
 5303              	.LFB353:
2954:Drivers/STM32G4xx_HAL_Driver/Src/stm32g4xx_hal_spi.c ****   /* Prevent unused argument(s) compilation warning */
 5304              		.loc 1 2954 1 is_stmt 1 view -0
 5305              		.cfi_startproc
 5306              		@ args = 0, pretend = 0, frame = 0
 5307              		@ frame_needed = 0, uses_anonymous_args = 0
 5308              		@ link register save eliminated.
2956:Drivers/STM32G4xx_HAL_Driver/Src/stm32g4xx_hal_spi.c **** 
 5309              		.loc 1 2956 3 view .LVU1796
2961:Drivers/STM32G4xx_HAL_Driver/Src/stm32g4xx_hal_spi.c **** 
 5310              		.loc 1 2961 1 is_stmt 0 view .LVU1797
 5311 0000 7047     		bx	lr
ARM GAS  C:\Users\Booster\AppData\Local\Temp\ccQdKe81.s 			page 200


 5312              		.cfi_endproc
 5313              	.LFE353:
 5315              		.section	.text.SPI_DMAHalfTransmitReceiveCplt,"ax",%progbits
 5316              		.align	1
 5317              		.syntax unified
 5318              		.thumb
 5319              		.thumb_func
 5321              	SPI_DMAHalfTransmitReceiveCplt:
 5322              	.LVL335:
 5323              	.LFB363:
3370:Drivers/STM32G4xx_HAL_Driver/Src/stm32g4xx_hal_spi.c ****   SPI_HandleTypeDef *hspi = (SPI_HandleTypeDef *)(((DMA_HandleTypeDef *)hdma)->Parent); /* Derogati
 5324              		.loc 1 3370 1 is_stmt 1 view -0
 5325              		.cfi_startproc
 5326              		@ args = 0, pretend = 0, frame = 0
 5327              		@ frame_needed = 0, uses_anonymous_args = 0
3370:Drivers/STM32G4xx_HAL_Driver/Src/stm32g4xx_hal_spi.c ****   SPI_HandleTypeDef *hspi = (SPI_HandleTypeDef *)(((DMA_HandleTypeDef *)hdma)->Parent); /* Derogati
 5328              		.loc 1 3370 1 is_stmt 0 view .LVU1799
 5329 0000 08B5     		push	{r3, lr}
 5330              	.LCFI54:
 5331              		.cfi_def_cfa_offset 8
 5332              		.cfi_offset 3, -8
 5333              		.cfi_offset 14, -4
3371:Drivers/STM32G4xx_HAL_Driver/Src/stm32g4xx_hal_spi.c **** 
 5334              		.loc 1 3371 3 is_stmt 1 view .LVU1800
 5335              	.LVL336:
3377:Drivers/STM32G4xx_HAL_Driver/Src/stm32g4xx_hal_spi.c **** #endif /* USE_HAL_SPI_REGISTER_CALLBACKS */
 5336              		.loc 1 3377 3 view .LVU1801
 5337 0002 806A     		ldr	r0, [r0, #40]
 5338              	.LVL337:
3377:Drivers/STM32G4xx_HAL_Driver/Src/stm32g4xx_hal_spi.c **** #endif /* USE_HAL_SPI_REGISTER_CALLBACKS */
 5339              		.loc 1 3377 3 is_stmt 0 view .LVU1802
 5340 0004 FFF7FEFF 		bl	HAL_SPI_TxRxHalfCpltCallback
 5341              	.LVL338:
3379:Drivers/STM32G4xx_HAL_Driver/Src/stm32g4xx_hal_spi.c **** 
 5342              		.loc 1 3379 1 view .LVU1803
 5343 0008 08BD     		pop	{r3, pc}
 5344              		.cfi_endproc
 5345              	.LFE363:
 5347              		.section	.text.HAL_SPI_ErrorCallback,"ax",%progbits
 5348              		.align	1
 5349              		.weak	HAL_SPI_ErrorCallback
 5350              		.syntax unified
 5351              		.thumb
 5352              		.thumb_func
 5354              	HAL_SPI_ErrorCallback:
 5355              	.LVL339:
 5356              	.LFB354:
2970:Drivers/STM32G4xx_HAL_Driver/Src/stm32g4xx_hal_spi.c ****   /* Prevent unused argument(s) compilation warning */
 5357              		.loc 1 2970 1 is_stmt 1 view -0
 5358              		.cfi_startproc
 5359              		@ args = 0, pretend = 0, frame = 0
 5360              		@ frame_needed = 0, uses_anonymous_args = 0
 5361              		@ link register save eliminated.
2972:Drivers/STM32G4xx_HAL_Driver/Src/stm32g4xx_hal_spi.c **** 
 5362              		.loc 1 2972 3 view .LVU1805
2980:Drivers/STM32G4xx_HAL_Driver/Src/stm32g4xx_hal_spi.c **** 
 5363              		.loc 1 2980 1 is_stmt 0 view .LVU1806
ARM GAS  C:\Users\Booster\AppData\Local\Temp\ccQdKe81.s 			page 201


 5364 0000 7047     		bx	lr
 5365              		.cfi_endproc
 5366              	.LFE354:
 5368              		.section	.text.SPI_CloseTx_ISR,"ax",%progbits
 5369              		.align	1
 5370              		.syntax unified
 5371              		.thumb
 5372              		.thumb_func
 5374              	SPI_CloseTx_ISR:
 5375              	.LVL340:
 5376              	.LFB382:
4312:Drivers/STM32G4xx_HAL_Driver/Src/stm32g4xx_hal_spi.c ****   uint32_t tickstart;
 5377              		.loc 1 4312 1 is_stmt 1 view -0
 5378              		.cfi_startproc
 5379              		@ args = 0, pretend = 0, frame = 8
 5380              		@ frame_needed = 0, uses_anonymous_args = 0
4312:Drivers/STM32G4xx_HAL_Driver/Src/stm32g4xx_hal_spi.c ****   uint32_t tickstart;
 5381              		.loc 1 4312 1 is_stmt 0 view .LVU1808
 5382 0000 10B5     		push	{r4, lr}
 5383              	.LCFI55:
 5384              		.cfi_def_cfa_offset 8
 5385              		.cfi_offset 4, -8
 5386              		.cfi_offset 14, -4
 5387 0002 82B0     		sub	sp, sp, #8
 5388              	.LCFI56:
 5389              		.cfi_def_cfa_offset 16
 5390 0004 0446     		mov	r4, r0
4313:Drivers/STM32G4xx_HAL_Driver/Src/stm32g4xx_hal_spi.c **** 
 5391              		.loc 1 4313 3 is_stmt 1 view .LVU1809
4316:Drivers/STM32G4xx_HAL_Driver/Src/stm32g4xx_hal_spi.c **** 
 5392              		.loc 1 4316 3 view .LVU1810
4316:Drivers/STM32G4xx_HAL_Driver/Src/stm32g4xx_hal_spi.c **** 
 5393              		.loc 1 4316 15 is_stmt 0 view .LVU1811
 5394 0006 FFF7FEFF 		bl	HAL_GetTick
 5395              	.LVL341:
4316:Drivers/STM32G4xx_HAL_Driver/Src/stm32g4xx_hal_spi.c **** 
 5396              		.loc 1 4316 15 view .LVU1812
 5397 000a 0246     		mov	r2, r0
 5398              	.LVL342:
4319:Drivers/STM32G4xx_HAL_Driver/Src/stm32g4xx_hal_spi.c **** 
 5399              		.loc 1 4319 3 is_stmt 1 view .LVU1813
 5400 000c 2168     		ldr	r1, [r4]
 5401 000e 4B68     		ldr	r3, [r1, #4]
 5402 0010 23F0A003 		bic	r3, r3, #160
 5403 0014 4B60     		str	r3, [r1, #4]
4322:Drivers/STM32G4xx_HAL_Driver/Src/stm32g4xx_hal_spi.c ****   {
 5404              		.loc 1 4322 3 view .LVU1814
4322:Drivers/STM32G4xx_HAL_Driver/Src/stm32g4xx_hal_spi.c ****   {
 5405              		.loc 1 4322 7 is_stmt 0 view .LVU1815
 5406 0016 6421     		movs	r1, #100
 5407 0018 2046     		mov	r0, r4
 5408              	.LVL343:
4322:Drivers/STM32G4xx_HAL_Driver/Src/stm32g4xx_hal_spi.c ****   {
 5409              		.loc 1 4322 7 view .LVU1816
 5410 001a FFF7FEFF 		bl	SPI_EndRxTxTransaction
 5411              	.LVL344:
4322:Drivers/STM32G4xx_HAL_Driver/Src/stm32g4xx_hal_spi.c ****   {
ARM GAS  C:\Users\Booster\AppData\Local\Temp\ccQdKe81.s 			page 202


 5412              		.loc 1 4322 6 view .LVU1817
 5413 001e 18B1     		cbz	r0, .L368
4324:Drivers/STM32G4xx_HAL_Driver/Src/stm32g4xx_hal_spi.c ****   }
 5414              		.loc 1 4324 5 is_stmt 1 view .LVU1818
 5415 0020 236E     		ldr	r3, [r4, #96]
 5416 0022 43F02003 		orr	r3, r3, #32
 5417 0026 2366     		str	r3, [r4, #96]
 5418              	.L368:
4328:Drivers/STM32G4xx_HAL_Driver/Src/stm32g4xx_hal_spi.c ****   {
 5419              		.loc 1 4328 3 view .LVU1819
4328:Drivers/STM32G4xx_HAL_Driver/Src/stm32g4xx_hal_spi.c ****   {
 5420              		.loc 1 4328 17 is_stmt 0 view .LVU1820
 5421 0028 A368     		ldr	r3, [r4, #8]
4328:Drivers/STM32G4xx_HAL_Driver/Src/stm32g4xx_hal_spi.c ****   {
 5422              		.loc 1 4328 6 view .LVU1821
 5423 002a 33B9     		cbnz	r3, .L369
4330:Drivers/STM32G4xx_HAL_Driver/Src/stm32g4xx_hal_spi.c ****   }
 5424              		.loc 1 4330 5 is_stmt 1 view .LVU1822
 5425              	.LBB5:
4330:Drivers/STM32G4xx_HAL_Driver/Src/stm32g4xx_hal_spi.c ****   }
 5426              		.loc 1 4330 5 view .LVU1823
 5427 002c 0193     		str	r3, [sp, #4]
4330:Drivers/STM32G4xx_HAL_Driver/Src/stm32g4xx_hal_spi.c ****   }
 5428              		.loc 1 4330 5 view .LVU1824
 5429 002e 2368     		ldr	r3, [r4]
 5430 0030 DA68     		ldr	r2, [r3, #12]
 5431 0032 0192     		str	r2, [sp, #4]
4330:Drivers/STM32G4xx_HAL_Driver/Src/stm32g4xx_hal_spi.c ****   }
 5432              		.loc 1 4330 5 view .LVU1825
 5433 0034 9B68     		ldr	r3, [r3, #8]
 5434 0036 0193     		str	r3, [sp, #4]
4330:Drivers/STM32G4xx_HAL_Driver/Src/stm32g4xx_hal_spi.c ****   }
 5435              		.loc 1 4330 5 view .LVU1826
 5436 0038 019B     		ldr	r3, [sp, #4]
 5437              	.L369:
 5438              	.LBE5:
4330:Drivers/STM32G4xx_HAL_Driver/Src/stm32g4xx_hal_spi.c ****   }
 5439              		.loc 1 4330 5 discriminator 1 view .LVU1827
4333:Drivers/STM32G4xx_HAL_Driver/Src/stm32g4xx_hal_spi.c ****   if (hspi->ErrorCode != HAL_SPI_ERROR_NONE)
 5440              		.loc 1 4333 3 discriminator 1 view .LVU1828
4333:Drivers/STM32G4xx_HAL_Driver/Src/stm32g4xx_hal_spi.c ****   if (hspi->ErrorCode != HAL_SPI_ERROR_NONE)
 5441              		.loc 1 4333 15 is_stmt 0 discriminator 1 view .LVU1829
 5442 003a 0123     		movs	r3, #1
 5443 003c 84F85D30 		strb	r3, [r4, #93]
4334:Drivers/STM32G4xx_HAL_Driver/Src/stm32g4xx_hal_spi.c ****   {
 5444              		.loc 1 4334 3 is_stmt 1 discriminator 1 view .LVU1830
4334:Drivers/STM32G4xx_HAL_Driver/Src/stm32g4xx_hal_spi.c ****   {
 5445              		.loc 1 4334 11 is_stmt 0 discriminator 1 view .LVU1831
 5446 0040 236E     		ldr	r3, [r4, #96]
4334:Drivers/STM32G4xx_HAL_Driver/Src/stm32g4xx_hal_spi.c ****   {
 5447              		.loc 1 4334 6 discriminator 1 view .LVU1832
 5448 0042 23B1     		cbz	r3, .L370
4340:Drivers/STM32G4xx_HAL_Driver/Src/stm32g4xx_hal_spi.c **** #endif /* USE_HAL_SPI_REGISTER_CALLBACKS */
 5449              		.loc 1 4340 5 is_stmt 1 view .LVU1833
 5450 0044 2046     		mov	r0, r4
 5451 0046 FFF7FEFF 		bl	HAL_SPI_ErrorCallback
 5452              	.LVL345:
ARM GAS  C:\Users\Booster\AppData\Local\Temp\ccQdKe81.s 			page 203


 5453              	.L367:
4352:Drivers/STM32G4xx_HAL_Driver/Src/stm32g4xx_hal_spi.c **** 
 5454              		.loc 1 4352 1 is_stmt 0 view .LVU1834
 5455 004a 02B0     		add	sp, sp, #8
 5456              	.LCFI57:
 5457              		.cfi_remember_state
 5458              		.cfi_def_cfa_offset 8
 5459              		@ sp needed
 5460 004c 10BD     		pop	{r4, pc}
 5461              	.LVL346:
 5462              	.L370:
 5463              	.LCFI58:
 5464              		.cfi_restore_state
4349:Drivers/STM32G4xx_HAL_Driver/Src/stm32g4xx_hal_spi.c **** #endif /* USE_HAL_SPI_REGISTER_CALLBACKS */
 5465              		.loc 1 4349 5 is_stmt 1 view .LVU1835
 5466 004e 2046     		mov	r0, r4
 5467 0050 FFF7FEFF 		bl	HAL_SPI_TxCpltCallback
 5468              	.LVL347:
4352:Drivers/STM32G4xx_HAL_Driver/Src/stm32g4xx_hal_spi.c **** 
 5469              		.loc 1 4352 1 is_stmt 0 view .LVU1836
 5470 0054 F9E7     		b	.L367
 5471              		.cfi_endproc
 5472              	.LFE382:
 5474              		.section	.text.SPI_TxISR_8BIT,"ax",%progbits
 5475              		.align	1
 5476              		.syntax unified
 5477              		.thumb
 5478              		.thumb_func
 5480              	SPI_TxISR_8BIT:
 5481              	.LVL348:
 5482              	.LFB374:
3906:Drivers/STM32G4xx_HAL_Driver/Src/stm32g4xx_hal_spi.c ****   *(__IO uint8_t *)&hspi->Instance->DR = (*hspi->pTxBuffPtr);
 5483              		.loc 1 3906 1 is_stmt 1 view -0
 5484              		.cfi_startproc
 5485              		@ args = 0, pretend = 0, frame = 0
 5486              		@ frame_needed = 0, uses_anonymous_args = 0
3906:Drivers/STM32G4xx_HAL_Driver/Src/stm32g4xx_hal_spi.c ****   *(__IO uint8_t *)&hspi->Instance->DR = (*hspi->pTxBuffPtr);
 5487              		.loc 1 3906 1 is_stmt 0 view .LVU1838
 5488 0000 08B5     		push	{r3, lr}
 5489              	.LCFI59:
 5490              		.cfi_def_cfa_offset 8
 5491              		.cfi_offset 3, -8
 5492              		.cfi_offset 14, -4
3907:Drivers/STM32G4xx_HAL_Driver/Src/stm32g4xx_hal_spi.c ****   hspi->pTxBuffPtr++;
 5493              		.loc 1 3907 3 is_stmt 1 view .LVU1839
3907:Drivers/STM32G4xx_HAL_Driver/Src/stm32g4xx_hal_spi.c ****   hspi->pTxBuffPtr++;
 5494              		.loc 1 3907 48 is_stmt 0 view .LVU1840
 5495 0002 826B     		ldr	r2, [r0, #56]
3907:Drivers/STM32G4xx_HAL_Driver/Src/stm32g4xx_hal_spi.c ****   hspi->pTxBuffPtr++;
 5496              		.loc 1 3907 25 view .LVU1841
 5497 0004 0368     		ldr	r3, [r0]
3907:Drivers/STM32G4xx_HAL_Driver/Src/stm32g4xx_hal_spi.c ****   hspi->pTxBuffPtr++;
 5498              		.loc 1 3907 43 view .LVU1842
 5499 0006 1278     		ldrb	r2, [r2]	@ zero_extendqisi2
3907:Drivers/STM32G4xx_HAL_Driver/Src/stm32g4xx_hal_spi.c ****   hspi->pTxBuffPtr++;
 5500              		.loc 1 3907 40 view .LVU1843
 5501 0008 1A73     		strb	r2, [r3, #12]
ARM GAS  C:\Users\Booster\AppData\Local\Temp\ccQdKe81.s 			page 204


3908:Drivers/STM32G4xx_HAL_Driver/Src/stm32g4xx_hal_spi.c ****   hspi->TxXferCount--;
 5502              		.loc 1 3908 3 is_stmt 1 view .LVU1844
3908:Drivers/STM32G4xx_HAL_Driver/Src/stm32g4xx_hal_spi.c ****   hspi->TxXferCount--;
 5503              		.loc 1 3908 7 is_stmt 0 view .LVU1845
 5504 000a 836B     		ldr	r3, [r0, #56]
3908:Drivers/STM32G4xx_HAL_Driver/Src/stm32g4xx_hal_spi.c ****   hspi->TxXferCount--;
 5505              		.loc 1 3908 19 view .LVU1846
 5506 000c 0133     		adds	r3, r3, #1
 5507 000e 8363     		str	r3, [r0, #56]
3909:Drivers/STM32G4xx_HAL_Driver/Src/stm32g4xx_hal_spi.c **** 
 5508              		.loc 1 3909 3 is_stmt 1 view .LVU1847
3909:Drivers/STM32G4xx_HAL_Driver/Src/stm32g4xx_hal_spi.c **** 
 5509              		.loc 1 3909 7 is_stmt 0 view .LVU1848
 5510 0010 C38F     		ldrh	r3, [r0, #62]
 5511 0012 9BB2     		uxth	r3, r3
3909:Drivers/STM32G4xx_HAL_Driver/Src/stm32g4xx_hal_spi.c **** 
 5512              		.loc 1 3909 20 view .LVU1849
 5513 0014 013B     		subs	r3, r3, #1
 5514 0016 9BB2     		uxth	r3, r3
 5515 0018 C387     		strh	r3, [r0, #62]	@ movhi
3911:Drivers/STM32G4xx_HAL_Driver/Src/stm32g4xx_hal_spi.c ****   {
 5516              		.loc 1 3911 3 is_stmt 1 view .LVU1850
3911:Drivers/STM32G4xx_HAL_Driver/Src/stm32g4xx_hal_spi.c ****   {
 5517              		.loc 1 3911 11 is_stmt 0 view .LVU1851
 5518 001a C38F     		ldrh	r3, [r0, #62]
 5519 001c 9BB2     		uxth	r3, r3
3911:Drivers/STM32G4xx_HAL_Driver/Src/stm32g4xx_hal_spi.c ****   {
 5520              		.loc 1 3911 6 view .LVU1852
 5521 001e 03B1     		cbz	r3, .L376
 5522              	.LVL349:
 5523              	.L373:
3922:Drivers/STM32G4xx_HAL_Driver/Src/stm32g4xx_hal_spi.c **** 
 5524              		.loc 1 3922 1 view .LVU1853
 5525 0020 08BD     		pop	{r3, pc}
 5526              	.LVL350:
 5527              	.L376:
3920:Drivers/STM32G4xx_HAL_Driver/Src/stm32g4xx_hal_spi.c ****   }
 5528              		.loc 1 3920 5 is_stmt 1 view .LVU1854
 5529 0022 FFF7FEFF 		bl	SPI_CloseTx_ISR
 5530              	.LVL351:
3922:Drivers/STM32G4xx_HAL_Driver/Src/stm32g4xx_hal_spi.c **** 
 5531              		.loc 1 3922 1 is_stmt 0 view .LVU1855
 5532 0026 FBE7     		b	.L373
 5533              		.cfi_endproc
 5534              	.LFE374:
 5536              		.section	.text.SPI_TxISR_16BIT,"ax",%progbits
 5537              		.align	1
 5538              		.syntax unified
 5539              		.thumb
 5540              		.thumb_func
 5542              	SPI_TxISR_16BIT:
 5543              	.LVL352:
 5544              	.LFB375:
3931:Drivers/STM32G4xx_HAL_Driver/Src/stm32g4xx_hal_spi.c ****   /* Transmit data in 16 Bit mode */
 5545              		.loc 1 3931 1 is_stmt 1 view -0
 5546              		.cfi_startproc
 5547              		@ args = 0, pretend = 0, frame = 0
ARM GAS  C:\Users\Booster\AppData\Local\Temp\ccQdKe81.s 			page 205


 5548              		@ frame_needed = 0, uses_anonymous_args = 0
3931:Drivers/STM32G4xx_HAL_Driver/Src/stm32g4xx_hal_spi.c ****   /* Transmit data in 16 Bit mode */
 5549              		.loc 1 3931 1 is_stmt 0 view .LVU1857
 5550 0000 08B5     		push	{r3, lr}
 5551              	.LCFI60:
 5552              		.cfi_def_cfa_offset 8
 5553              		.cfi_offset 3, -8
 5554              		.cfi_offset 14, -4
3933:Drivers/STM32G4xx_HAL_Driver/Src/stm32g4xx_hal_spi.c ****   hspi->pTxBuffPtr += sizeof(uint16_t);
 5555              		.loc 1 3933 3 is_stmt 1 view .LVU1858
3933:Drivers/STM32G4xx_HAL_Driver/Src/stm32g4xx_hal_spi.c ****   hspi->pTxBuffPtr += sizeof(uint16_t);
 5556              		.loc 1 3933 42 is_stmt 0 view .LVU1859
 5557 0002 826B     		ldr	r2, [r0, #56]
3933:Drivers/STM32G4xx_HAL_Driver/Src/stm32g4xx_hal_spi.c ****   hspi->pTxBuffPtr += sizeof(uint16_t);
 5558              		.loc 1 3933 7 view .LVU1860
 5559 0004 0368     		ldr	r3, [r0]
3933:Drivers/STM32G4xx_HAL_Driver/Src/stm32g4xx_hal_spi.c ****   hspi->pTxBuffPtr += sizeof(uint16_t);
 5560              		.loc 1 3933 24 view .LVU1861
 5561 0006 1288     		ldrh	r2, [r2]
3933:Drivers/STM32G4xx_HAL_Driver/Src/stm32g4xx_hal_spi.c ****   hspi->pTxBuffPtr += sizeof(uint16_t);
 5562              		.loc 1 3933 22 view .LVU1862
 5563 0008 DA60     		str	r2, [r3, #12]
3934:Drivers/STM32G4xx_HAL_Driver/Src/stm32g4xx_hal_spi.c ****   hspi->TxXferCount--;
 5564              		.loc 1 3934 3 is_stmt 1 view .LVU1863
3934:Drivers/STM32G4xx_HAL_Driver/Src/stm32g4xx_hal_spi.c ****   hspi->TxXferCount--;
 5565              		.loc 1 3934 7 is_stmt 0 view .LVU1864
 5566 000a 836B     		ldr	r3, [r0, #56]
3934:Drivers/STM32G4xx_HAL_Driver/Src/stm32g4xx_hal_spi.c ****   hspi->TxXferCount--;
 5567              		.loc 1 3934 20 view .LVU1865
 5568 000c 0233     		adds	r3, r3, #2
 5569 000e 8363     		str	r3, [r0, #56]
3935:Drivers/STM32G4xx_HAL_Driver/Src/stm32g4xx_hal_spi.c **** 
 5570              		.loc 1 3935 3 is_stmt 1 view .LVU1866
3935:Drivers/STM32G4xx_HAL_Driver/Src/stm32g4xx_hal_spi.c **** 
 5571              		.loc 1 3935 7 is_stmt 0 view .LVU1867
 5572 0010 C38F     		ldrh	r3, [r0, #62]
 5573 0012 9BB2     		uxth	r3, r3
3935:Drivers/STM32G4xx_HAL_Driver/Src/stm32g4xx_hal_spi.c **** 
 5574              		.loc 1 3935 20 view .LVU1868
 5575 0014 013B     		subs	r3, r3, #1
 5576 0016 9BB2     		uxth	r3, r3
 5577 0018 C387     		strh	r3, [r0, #62]	@ movhi
3937:Drivers/STM32G4xx_HAL_Driver/Src/stm32g4xx_hal_spi.c ****   {
 5578              		.loc 1 3937 3 is_stmt 1 view .LVU1869
3937:Drivers/STM32G4xx_HAL_Driver/Src/stm32g4xx_hal_spi.c ****   {
 5579              		.loc 1 3937 11 is_stmt 0 view .LVU1870
 5580 001a C38F     		ldrh	r3, [r0, #62]
 5581 001c 9BB2     		uxth	r3, r3
3937:Drivers/STM32G4xx_HAL_Driver/Src/stm32g4xx_hal_spi.c ****   {
 5582              		.loc 1 3937 6 view .LVU1871
 5583 001e 03B1     		cbz	r3, .L380
 5584              	.LVL353:
 5585              	.L377:
3948:Drivers/STM32G4xx_HAL_Driver/Src/stm32g4xx_hal_spi.c **** 
 5586              		.loc 1 3948 1 view .LVU1872
 5587 0020 08BD     		pop	{r3, pc}
 5588              	.LVL354:
ARM GAS  C:\Users\Booster\AppData\Local\Temp\ccQdKe81.s 			page 206


 5589              	.L380:
3946:Drivers/STM32G4xx_HAL_Driver/Src/stm32g4xx_hal_spi.c ****   }
 5590              		.loc 1 3946 5 is_stmt 1 view .LVU1873
 5591 0022 FFF7FEFF 		bl	SPI_CloseTx_ISR
 5592              	.LVL355:
3948:Drivers/STM32G4xx_HAL_Driver/Src/stm32g4xx_hal_spi.c **** 
 5593              		.loc 1 3948 1 is_stmt 0 view .LVU1874
 5594 0026 FBE7     		b	.L377
 5595              		.cfi_endproc
 5596              	.LFE375:
 5598              		.section	.text.SPI_CloseRx_ISR,"ax",%progbits
 5599              		.align	1
 5600              		.syntax unified
 5601              		.thumb
 5602              		.thumb_func
 5604              	SPI_CloseRx_ISR:
 5605              	.LVL356:
 5606              	.LFB381:
4255:Drivers/STM32G4xx_HAL_Driver/Src/stm32g4xx_hal_spi.c ****   /* Disable RXNE and ERR interrupt */
 5607              		.loc 1 4255 1 is_stmt 1 view -0
 5608              		.cfi_startproc
 5609              		@ args = 0, pretend = 0, frame = 0
 5610              		@ frame_needed = 0, uses_anonymous_args = 0
4255:Drivers/STM32G4xx_HAL_Driver/Src/stm32g4xx_hal_spi.c ****   /* Disable RXNE and ERR interrupt */
 5611              		.loc 1 4255 1 is_stmt 0 view .LVU1876
 5612 0000 10B5     		push	{r4, lr}
 5613              	.LCFI61:
 5614              		.cfi_def_cfa_offset 8
 5615              		.cfi_offset 4, -8
 5616              		.cfi_offset 14, -4
 5617 0002 0446     		mov	r4, r0
4257:Drivers/STM32G4xx_HAL_Driver/Src/stm32g4xx_hal_spi.c **** 
 5618              		.loc 1 4257 3 is_stmt 1 view .LVU1877
 5619 0004 0268     		ldr	r2, [r0]
 5620 0006 5368     		ldr	r3, [r2, #4]
 5621 0008 23F06003 		bic	r3, r3, #96
 5622 000c 5360     		str	r3, [r2, #4]
4260:Drivers/STM32G4xx_HAL_Driver/Src/stm32g4xx_hal_spi.c ****   {
 5623              		.loc 1 4260 3 view .LVU1878
4260:Drivers/STM32G4xx_HAL_Driver/Src/stm32g4xx_hal_spi.c ****   {
 5624              		.loc 1 4260 7 is_stmt 0 view .LVU1879
 5625 000e FFF7FEFF 		bl	HAL_GetTick
 5626              	.LVL357:
4260:Drivers/STM32G4xx_HAL_Driver/Src/stm32g4xx_hal_spi.c ****   {
 5627              		.loc 1 4260 7 view .LVU1880
 5628 0012 0246     		mov	r2, r0
 5629 0014 6421     		movs	r1, #100
 5630 0016 2046     		mov	r0, r4
 5631 0018 FFF7FEFF 		bl	SPI_EndRxTransaction
 5632              	.LVL358:
4260:Drivers/STM32G4xx_HAL_Driver/Src/stm32g4xx_hal_spi.c ****   {
 5633              		.loc 1 4260 6 view .LVU1881
 5634 001c 18B1     		cbz	r0, .L382
4262:Drivers/STM32G4xx_HAL_Driver/Src/stm32g4xx_hal_spi.c ****   }
 5635              		.loc 1 4262 5 is_stmt 1 view .LVU1882
 5636 001e 236E     		ldr	r3, [r4, #96]
 5637 0020 43F02003 		orr	r3, r3, #32
ARM GAS  C:\Users\Booster\AppData\Local\Temp\ccQdKe81.s 			page 207


 5638 0024 2366     		str	r3, [r4, #96]
 5639              	.L382:
4264:Drivers/STM32G4xx_HAL_Driver/Src/stm32g4xx_hal_spi.c **** 
 5640              		.loc 1 4264 3 view .LVU1883
4264:Drivers/STM32G4xx_HAL_Driver/Src/stm32g4xx_hal_spi.c **** 
 5641              		.loc 1 4264 15 is_stmt 0 view .LVU1884
 5642 0026 0123     		movs	r3, #1
 5643 0028 84F85D30 		strb	r3, [r4, #93]
4282:Drivers/STM32G4xx_HAL_Driver/Src/stm32g4xx_hal_spi.c ****     {
 5644              		.loc 1 4282 5 is_stmt 1 view .LVU1885
4282:Drivers/STM32G4xx_HAL_Driver/Src/stm32g4xx_hal_spi.c ****     {
 5645              		.loc 1 4282 13 is_stmt 0 view .LVU1886
 5646 002c 236E     		ldr	r3, [r4, #96]
4282:Drivers/STM32G4xx_HAL_Driver/Src/stm32g4xx_hal_spi.c ****     {
 5647              		.loc 1 4282 8 view .LVU1887
 5648 002e 1BB9     		cbnz	r3, .L383
4288:Drivers/STM32G4xx_HAL_Driver/Src/stm32g4xx_hal_spi.c **** #endif /* USE_HAL_SPI_REGISTER_CALLBACKS */
 5649              		.loc 1 4288 7 is_stmt 1 view .LVU1888
 5650 0030 2046     		mov	r0, r4
 5651 0032 FFF7FEFF 		bl	HAL_SPI_RxCpltCallback
 5652              	.LVL359:
 5653              	.L381:
4303:Drivers/STM32G4xx_HAL_Driver/Src/stm32g4xx_hal_spi.c **** 
 5654              		.loc 1 4303 1 is_stmt 0 view .LVU1889
 5655 0036 10BD     		pop	{r4, pc}
 5656              	.LVL360:
 5657              	.L383:
4297:Drivers/STM32G4xx_HAL_Driver/Src/stm32g4xx_hal_spi.c **** #endif /* USE_HAL_SPI_REGISTER_CALLBACKS */
 5658              		.loc 1 4297 7 is_stmt 1 view .LVU1890
 5659 0038 2046     		mov	r0, r4
 5660 003a FFF7FEFF 		bl	HAL_SPI_ErrorCallback
 5661              	.LVL361:
4303:Drivers/STM32G4xx_HAL_Driver/Src/stm32g4xx_hal_spi.c **** 
 5662              		.loc 1 4303 1 is_stmt 0 view .LVU1891
 5663 003e FAE7     		b	.L381
 5664              		.cfi_endproc
 5665              	.LFE381:
 5667              		.section	.text.SPI_RxISR_8BIT,"ax",%progbits
 5668              		.align	1
 5669              		.syntax unified
 5670              		.thumb
 5671              		.thumb_func
 5673              	SPI_RxISR_8BIT:
 5674              	.LVL362:
 5675              	.LFB372:
3817:Drivers/STM32G4xx_HAL_Driver/Src/stm32g4xx_hal_spi.c ****   *hspi->pRxBuffPtr = (*(__IO uint8_t *)&hspi->Instance->DR);
 5676              		.loc 1 3817 1 is_stmt 1 view -0
 5677              		.cfi_startproc
 5678              		@ args = 0, pretend = 0, frame = 0
 5679              		@ frame_needed = 0, uses_anonymous_args = 0
3817:Drivers/STM32G4xx_HAL_Driver/Src/stm32g4xx_hal_spi.c ****   *hspi->pRxBuffPtr = (*(__IO uint8_t *)&hspi->Instance->DR);
 5680              		.loc 1 3817 1 is_stmt 0 view .LVU1893
 5681 0000 08B5     		push	{r3, lr}
 5682              	.LCFI62:
 5683              		.cfi_def_cfa_offset 8
 5684              		.cfi_offset 3, -8
 5685              		.cfi_offset 14, -4
ARM GAS  C:\Users\Booster\AppData\Local\Temp\ccQdKe81.s 			page 208


3818:Drivers/STM32G4xx_HAL_Driver/Src/stm32g4xx_hal_spi.c ****   hspi->pRxBuffPtr++;
 5686              		.loc 1 3818 3 is_stmt 1 view .LVU1894
3818:Drivers/STM32G4xx_HAL_Driver/Src/stm32g4xx_hal_spi.c ****   hspi->pRxBuffPtr++;
 5687              		.loc 1 3818 46 is_stmt 0 view .LVU1895
 5688 0002 0268     		ldr	r2, [r0]
3818:Drivers/STM32G4xx_HAL_Driver/Src/stm32g4xx_hal_spi.c ****   hspi->pRxBuffPtr++;
 5689              		.loc 1 3818 8 view .LVU1896
 5690 0004 036C     		ldr	r3, [r0, #64]
3818:Drivers/STM32G4xx_HAL_Driver/Src/stm32g4xx_hal_spi.c ****   hspi->pRxBuffPtr++;
 5691              		.loc 1 3818 24 view .LVU1897
 5692 0006 127B     		ldrb	r2, [r2, #12]	@ zero_extendqisi2
3818:Drivers/STM32G4xx_HAL_Driver/Src/stm32g4xx_hal_spi.c ****   hspi->pRxBuffPtr++;
 5693              		.loc 1 3818 21 view .LVU1898
 5694 0008 1A70     		strb	r2, [r3]
3819:Drivers/STM32G4xx_HAL_Driver/Src/stm32g4xx_hal_spi.c ****   hspi->RxXferCount--;
 5695              		.loc 1 3819 3 is_stmt 1 view .LVU1899
3819:Drivers/STM32G4xx_HAL_Driver/Src/stm32g4xx_hal_spi.c ****   hspi->RxXferCount--;
 5696              		.loc 1 3819 7 is_stmt 0 view .LVU1900
 5697 000a 036C     		ldr	r3, [r0, #64]
3819:Drivers/STM32G4xx_HAL_Driver/Src/stm32g4xx_hal_spi.c ****   hspi->RxXferCount--;
 5698              		.loc 1 3819 19 view .LVU1901
 5699 000c 0133     		adds	r3, r3, #1
 5700 000e 0364     		str	r3, [r0, #64]
3820:Drivers/STM32G4xx_HAL_Driver/Src/stm32g4xx_hal_spi.c **** 
 5701              		.loc 1 3820 3 is_stmt 1 view .LVU1902
3820:Drivers/STM32G4xx_HAL_Driver/Src/stm32g4xx_hal_spi.c **** 
 5702              		.loc 1 3820 7 is_stmt 0 view .LVU1903
 5703 0010 B0F84630 		ldrh	r3, [r0, #70]
 5704 0014 9BB2     		uxth	r3, r3
3820:Drivers/STM32G4xx_HAL_Driver/Src/stm32g4xx_hal_spi.c **** 
 5705              		.loc 1 3820 20 view .LVU1904
 5706 0016 013B     		subs	r3, r3, #1
 5707 0018 9BB2     		uxth	r3, r3
 5708 001a A0F84630 		strh	r3, [r0, #70]	@ movhi
3830:Drivers/STM32G4xx_HAL_Driver/Src/stm32g4xx_hal_spi.c ****   {
 5709              		.loc 1 3830 3 is_stmt 1 view .LVU1905
3830:Drivers/STM32G4xx_HAL_Driver/Src/stm32g4xx_hal_spi.c ****   {
 5710              		.loc 1 3830 11 is_stmt 0 view .LVU1906
 5711 001e B0F84630 		ldrh	r3, [r0, #70]
 5712 0022 9BB2     		uxth	r3, r3
3830:Drivers/STM32G4xx_HAL_Driver/Src/stm32g4xx_hal_spi.c ****   {
 5713              		.loc 1 3830 6 view .LVU1907
 5714 0024 03B1     		cbz	r3, .L389
 5715              	.LVL363:
 5716              	.L386:
3841:Drivers/STM32G4xx_HAL_Driver/Src/stm32g4xx_hal_spi.c **** 
 5717              		.loc 1 3841 1 view .LVU1908
 5718 0026 08BD     		pop	{r3, pc}
 5719              	.LVL364:
 5720              	.L389:
3839:Drivers/STM32G4xx_HAL_Driver/Src/stm32g4xx_hal_spi.c ****   }
 5721              		.loc 1 3839 5 is_stmt 1 view .LVU1909
 5722 0028 FFF7FEFF 		bl	SPI_CloseRx_ISR
 5723              	.LVL365:
3841:Drivers/STM32G4xx_HAL_Driver/Src/stm32g4xx_hal_spi.c **** 
 5724              		.loc 1 3841 1 is_stmt 0 view .LVU1910
 5725 002c FBE7     		b	.L386
ARM GAS  C:\Users\Booster\AppData\Local\Temp\ccQdKe81.s 			page 209


 5726              		.cfi_endproc
 5727              	.LFE372:
 5729              		.section	.text.SPI_RxISR_16BIT,"ax",%progbits
 5730              		.align	1
 5731              		.syntax unified
 5732              		.thumb
 5733              		.thumb_func
 5735              	SPI_RxISR_16BIT:
 5736              	.LVL366:
 5737              	.LFB373:
3873:Drivers/STM32G4xx_HAL_Driver/Src/stm32g4xx_hal_spi.c ****   *((uint16_t *)hspi->pRxBuffPtr) = (uint16_t)(hspi->Instance->DR);
 5738              		.loc 1 3873 1 is_stmt 1 view -0
 5739              		.cfi_startproc
 5740              		@ args = 0, pretend = 0, frame = 0
 5741              		@ frame_needed = 0, uses_anonymous_args = 0
3873:Drivers/STM32G4xx_HAL_Driver/Src/stm32g4xx_hal_spi.c ****   *((uint16_t *)hspi->pRxBuffPtr) = (uint16_t)(hspi->Instance->DR);
 5742              		.loc 1 3873 1 is_stmt 0 view .LVU1912
 5743 0000 08B5     		push	{r3, lr}
 5744              	.LCFI63:
 5745              		.cfi_def_cfa_offset 8
 5746              		.cfi_offset 3, -8
 5747              		.cfi_offset 14, -4
3874:Drivers/STM32G4xx_HAL_Driver/Src/stm32g4xx_hal_spi.c ****   hspi->pRxBuffPtr += sizeof(uint16_t);
 5748              		.loc 1 3874 3 is_stmt 1 view .LVU1913
3874:Drivers/STM32G4xx_HAL_Driver/Src/stm32g4xx_hal_spi.c ****   hspi->pRxBuffPtr += sizeof(uint16_t);
 5749              		.loc 1 3874 52 is_stmt 0 view .LVU1914
 5750 0002 0368     		ldr	r3, [r0]
3874:Drivers/STM32G4xx_HAL_Driver/Src/stm32g4xx_hal_spi.c ****   hspi->pRxBuffPtr += sizeof(uint16_t);
 5751              		.loc 1 3874 62 view .LVU1915
 5752 0004 DA68     		ldr	r2, [r3, #12]
3874:Drivers/STM32G4xx_HAL_Driver/Src/stm32g4xx_hal_spi.c ****   hspi->pRxBuffPtr += sizeof(uint16_t);
 5753              		.loc 1 3874 21 view .LVU1916
 5754 0006 036C     		ldr	r3, [r0, #64]
3874:Drivers/STM32G4xx_HAL_Driver/Src/stm32g4xx_hal_spi.c ****   hspi->pRxBuffPtr += sizeof(uint16_t);
 5755              		.loc 1 3874 35 view .LVU1917
 5756 0008 1A80     		strh	r2, [r3]	@ movhi
3875:Drivers/STM32G4xx_HAL_Driver/Src/stm32g4xx_hal_spi.c ****   hspi->RxXferCount--;
 5757              		.loc 1 3875 3 is_stmt 1 view .LVU1918
3875:Drivers/STM32G4xx_HAL_Driver/Src/stm32g4xx_hal_spi.c ****   hspi->RxXferCount--;
 5758              		.loc 1 3875 7 is_stmt 0 view .LVU1919
 5759 000a 036C     		ldr	r3, [r0, #64]
3875:Drivers/STM32G4xx_HAL_Driver/Src/stm32g4xx_hal_spi.c ****   hspi->RxXferCount--;
 5760              		.loc 1 3875 20 view .LVU1920
 5761 000c 0233     		adds	r3, r3, #2
 5762 000e 0364     		str	r3, [r0, #64]
3876:Drivers/STM32G4xx_HAL_Driver/Src/stm32g4xx_hal_spi.c **** 
 5763              		.loc 1 3876 3 is_stmt 1 view .LVU1921
3876:Drivers/STM32G4xx_HAL_Driver/Src/stm32g4xx_hal_spi.c **** 
 5764              		.loc 1 3876 7 is_stmt 0 view .LVU1922
 5765 0010 B0F84630 		ldrh	r3, [r0, #70]
 5766 0014 9BB2     		uxth	r3, r3
3876:Drivers/STM32G4xx_HAL_Driver/Src/stm32g4xx_hal_spi.c **** 
 5767              		.loc 1 3876 20 view .LVU1923
 5768 0016 013B     		subs	r3, r3, #1
 5769 0018 9BB2     		uxth	r3, r3
 5770 001a A0F84630 		strh	r3, [r0, #70]	@ movhi
3886:Drivers/STM32G4xx_HAL_Driver/Src/stm32g4xx_hal_spi.c ****   {
ARM GAS  C:\Users\Booster\AppData\Local\Temp\ccQdKe81.s 			page 210


 5771              		.loc 1 3886 3 is_stmt 1 view .LVU1924
3886:Drivers/STM32G4xx_HAL_Driver/Src/stm32g4xx_hal_spi.c ****   {
 5772              		.loc 1 3886 11 is_stmt 0 view .LVU1925
 5773 001e B0F84630 		ldrh	r3, [r0, #70]
 5774 0022 9BB2     		uxth	r3, r3
3886:Drivers/STM32G4xx_HAL_Driver/Src/stm32g4xx_hal_spi.c ****   {
 5775              		.loc 1 3886 6 view .LVU1926
 5776 0024 03B1     		cbz	r3, .L393
 5777              	.LVL367:
 5778              	.L390:
3897:Drivers/STM32G4xx_HAL_Driver/Src/stm32g4xx_hal_spi.c **** 
 5779              		.loc 1 3897 1 view .LVU1927
 5780 0026 08BD     		pop	{r3, pc}
 5781              	.LVL368:
 5782              	.L393:
3895:Drivers/STM32G4xx_HAL_Driver/Src/stm32g4xx_hal_spi.c ****   }
 5783              		.loc 1 3895 5 is_stmt 1 view .LVU1928
 5784 0028 FFF7FEFF 		bl	SPI_CloseRx_ISR
 5785              	.LVL369:
3897:Drivers/STM32G4xx_HAL_Driver/Src/stm32g4xx_hal_spi.c **** 
 5786              		.loc 1 3897 1 is_stmt 0 view .LVU1929
 5787 002c FBE7     		b	.L390
 5788              		.cfi_endproc
 5789              	.LFE373:
 5791              		.section	.text.SPI_CloseRxTx_ISR,"ax",%progbits
 5792              		.align	1
 5793              		.syntax unified
 5794              		.thumb
 5795              		.thumb_func
 5797              	SPI_CloseRxTx_ISR:
 5798              	.LVL370:
 5799              	.LFB380:
4178:Drivers/STM32G4xx_HAL_Driver/Src/stm32g4xx_hal_spi.c ****   uint32_t tickstart;
 5800              		.loc 1 4178 1 is_stmt 1 view -0
 5801              		.cfi_startproc
 5802              		@ args = 0, pretend = 0, frame = 0
 5803              		@ frame_needed = 0, uses_anonymous_args = 0
4178:Drivers/STM32G4xx_HAL_Driver/Src/stm32g4xx_hal_spi.c ****   uint32_t tickstart;
 5804              		.loc 1 4178 1 is_stmt 0 view .LVU1931
 5805 0000 10B5     		push	{r4, lr}
 5806              	.LCFI64:
 5807              		.cfi_def_cfa_offset 8
 5808              		.cfi_offset 4, -8
 5809              		.cfi_offset 14, -4
 5810 0002 0446     		mov	r4, r0
4179:Drivers/STM32G4xx_HAL_Driver/Src/stm32g4xx_hal_spi.c **** 
 5811              		.loc 1 4179 3 is_stmt 1 view .LVU1932
4182:Drivers/STM32G4xx_HAL_Driver/Src/stm32g4xx_hal_spi.c **** 
 5812              		.loc 1 4182 3 view .LVU1933
4182:Drivers/STM32G4xx_HAL_Driver/Src/stm32g4xx_hal_spi.c **** 
 5813              		.loc 1 4182 15 is_stmt 0 view .LVU1934
 5814 0004 FFF7FEFF 		bl	HAL_GetTick
 5815              	.LVL371:
4182:Drivers/STM32G4xx_HAL_Driver/Src/stm32g4xx_hal_spi.c **** 
 5816              		.loc 1 4182 15 view .LVU1935
 5817 0008 0246     		mov	r2, r0
 5818              	.LVL372:
ARM GAS  C:\Users\Booster\AppData\Local\Temp\ccQdKe81.s 			page 211


4185:Drivers/STM32G4xx_HAL_Driver/Src/stm32g4xx_hal_spi.c **** 
 5819              		.loc 1 4185 3 is_stmt 1 view .LVU1936
 5820 000a 2168     		ldr	r1, [r4]
 5821 000c 4B68     		ldr	r3, [r1, #4]
 5822 000e 23F02003 		bic	r3, r3, #32
 5823 0012 4B60     		str	r3, [r1, #4]
4188:Drivers/STM32G4xx_HAL_Driver/Src/stm32g4xx_hal_spi.c ****   {
 5824              		.loc 1 4188 3 view .LVU1937
4188:Drivers/STM32G4xx_HAL_Driver/Src/stm32g4xx_hal_spi.c ****   {
 5825              		.loc 1 4188 7 is_stmt 0 view .LVU1938
 5826 0014 6421     		movs	r1, #100
 5827 0016 2046     		mov	r0, r4
 5828              	.LVL373:
4188:Drivers/STM32G4xx_HAL_Driver/Src/stm32g4xx_hal_spi.c ****   {
 5829              		.loc 1 4188 7 view .LVU1939
 5830 0018 FFF7FEFF 		bl	SPI_EndRxTxTransaction
 5831              	.LVL374:
4188:Drivers/STM32G4xx_HAL_Driver/Src/stm32g4xx_hal_spi.c ****   {
 5832              		.loc 1 4188 6 view .LVU1940
 5833 001c 18B1     		cbz	r0, .L395
4190:Drivers/STM32G4xx_HAL_Driver/Src/stm32g4xx_hal_spi.c ****   }
 5834              		.loc 1 4190 5 is_stmt 1 view .LVU1941
 5835 001e 236E     		ldr	r3, [r4, #96]
 5836 0020 43F02003 		orr	r3, r3, #32
 5837 0024 2366     		str	r3, [r4, #96]
 5838              	.L395:
4210:Drivers/STM32G4xx_HAL_Driver/Src/stm32g4xx_hal_spi.c ****     {
 5839              		.loc 1 4210 5 view .LVU1942
4210:Drivers/STM32G4xx_HAL_Driver/Src/stm32g4xx_hal_spi.c ****     {
 5840              		.loc 1 4210 13 is_stmt 0 view .LVU1943
 5841 0026 236E     		ldr	r3, [r4, #96]
4210:Drivers/STM32G4xx_HAL_Driver/Src/stm32g4xx_hal_spi.c ****     {
 5842              		.loc 1 4210 8 view .LVU1944
 5843 0028 93B9     		cbnz	r3, .L396
4212:Drivers/STM32G4xx_HAL_Driver/Src/stm32g4xx_hal_spi.c ****       {
 5844              		.loc 1 4212 7 is_stmt 1 view .LVU1945
4212:Drivers/STM32G4xx_HAL_Driver/Src/stm32g4xx_hal_spi.c ****       {
 5845              		.loc 1 4212 15 is_stmt 0 view .LVU1946
 5846 002a 94F85D30 		ldrb	r3, [r4, #93]	@ zero_extendqisi2
 5847 002e DBB2     		uxtb	r3, r3
4212:Drivers/STM32G4xx_HAL_Driver/Src/stm32g4xx_hal_spi.c ****       {
 5848              		.loc 1 4212 10 view .LVU1947
 5849 0030 042B     		cmp	r3, #4
 5850 0032 06D0     		beq	.L400
4224:Drivers/STM32G4xx_HAL_Driver/Src/stm32g4xx_hal_spi.c ****         /* Call user TxRx complete callback */
 5851              		.loc 1 4224 9 is_stmt 1 view .LVU1948
4224:Drivers/STM32G4xx_HAL_Driver/Src/stm32g4xx_hal_spi.c ****         /* Call user TxRx complete callback */
 5852              		.loc 1 4224 21 is_stmt 0 view .LVU1949
 5853 0034 0123     		movs	r3, #1
 5854 0036 84F85D30 		strb	r3, [r4, #93]
4229:Drivers/STM32G4xx_HAL_Driver/Src/stm32g4xx_hal_spi.c **** #endif /* USE_HAL_SPI_REGISTER_CALLBACKS */
 5855              		.loc 1 4229 9 is_stmt 1 view .LVU1950
 5856 003a 2046     		mov	r0, r4
 5857 003c FFF7FEFF 		bl	HAL_SPI_TxRxCpltCallback
 5858              	.LVL375:
 5859              	.L394:
4246:Drivers/STM32G4xx_HAL_Driver/Src/stm32g4xx_hal_spi.c **** 
ARM GAS  C:\Users\Booster\AppData\Local\Temp\ccQdKe81.s 			page 212


 5860              		.loc 1 4246 1 is_stmt 0 view .LVU1951
 5861 0040 10BD     		pop	{r4, pc}
 5862              	.LVL376:
 5863              	.L400:
4214:Drivers/STM32G4xx_HAL_Driver/Src/stm32g4xx_hal_spi.c ****         /* Call user Rx complete callback */
 5864              		.loc 1 4214 9 is_stmt 1 view .LVU1952
4214:Drivers/STM32G4xx_HAL_Driver/Src/stm32g4xx_hal_spi.c ****         /* Call user Rx complete callback */
 5865              		.loc 1 4214 21 is_stmt 0 view .LVU1953
 5866 0042 0123     		movs	r3, #1
 5867 0044 84F85D30 		strb	r3, [r4, #93]
4219:Drivers/STM32G4xx_HAL_Driver/Src/stm32g4xx_hal_spi.c **** #endif /* USE_HAL_SPI_REGISTER_CALLBACKS */
 5868              		.loc 1 4219 9 is_stmt 1 view .LVU1954
 5869 0048 2046     		mov	r0, r4
 5870 004a FFF7FEFF 		bl	HAL_SPI_RxCpltCallback
 5871              	.LVL377:
 5872 004e F7E7     		b	.L394
 5873              	.L396:
4235:Drivers/STM32G4xx_HAL_Driver/Src/stm32g4xx_hal_spi.c ****       /* Call user error callback */
 5874              		.loc 1 4235 7 view .LVU1955
4235:Drivers/STM32G4xx_HAL_Driver/Src/stm32g4xx_hal_spi.c ****       /* Call user error callback */
 5875              		.loc 1 4235 19 is_stmt 0 view .LVU1956
 5876 0050 0123     		movs	r3, #1
 5877 0052 84F85D30 		strb	r3, [r4, #93]
4240:Drivers/STM32G4xx_HAL_Driver/Src/stm32g4xx_hal_spi.c **** #endif /* USE_HAL_SPI_REGISTER_CALLBACKS */
 5878              		.loc 1 4240 7 is_stmt 1 view .LVU1957
 5879 0056 2046     		mov	r0, r4
 5880 0058 FFF7FEFF 		bl	HAL_SPI_ErrorCallback
 5881              	.LVL378:
4246:Drivers/STM32G4xx_HAL_Driver/Src/stm32g4xx_hal_spi.c **** 
 5882              		.loc 1 4246 1 is_stmt 0 view .LVU1958
 5883 005c F0E7     		b	.L394
 5884              		.cfi_endproc
 5885              	.LFE380:
 5887              		.section	.text.SPI_2linesTxISR_8BIT,"ax",%progbits
 5888              		.align	1
 5889              		.syntax unified
 5890              		.thumb
 5891              		.thumb_func
 5893              	SPI_2linesTxISR_8BIT:
 5894              	.LVL379:
 5895              	.LFB369:
3649:Drivers/STM32G4xx_HAL_Driver/Src/stm32g4xx_hal_spi.c ****   /* Transmit data in packing Bit mode */
 5896              		.loc 1 3649 1 is_stmt 1 view -0
 5897              		.cfi_startproc
 5898              		@ args = 0, pretend = 0, frame = 0
 5899              		@ frame_needed = 0, uses_anonymous_args = 0
3649:Drivers/STM32G4xx_HAL_Driver/Src/stm32g4xx_hal_spi.c ****   /* Transmit data in packing Bit mode */
 5900              		.loc 1 3649 1 is_stmt 0 view .LVU1960
 5901 0000 08B5     		push	{r3, lr}
 5902              	.LCFI65:
 5903              		.cfi_def_cfa_offset 8
 5904              		.cfi_offset 3, -8
 5905              		.cfi_offset 14, -4
3651:Drivers/STM32G4xx_HAL_Driver/Src/stm32g4xx_hal_spi.c ****   {
 5906              		.loc 1 3651 3 is_stmt 1 view .LVU1961
3651:Drivers/STM32G4xx_HAL_Driver/Src/stm32g4xx_hal_spi.c ****   {
 5907              		.loc 1 3651 11 is_stmt 0 view .LVU1962
ARM GAS  C:\Users\Booster\AppData\Local\Temp\ccQdKe81.s 			page 213


 5908 0002 C38F     		ldrh	r3, [r0, #62]
 5909 0004 9BB2     		uxth	r3, r3
3651:Drivers/STM32G4xx_HAL_Driver/Src/stm32g4xx_hal_spi.c ****   {
 5910              		.loc 1 3651 6 view .LVU1963
 5911 0006 012B     		cmp	r3, #1
 5912 0008 18D9     		bls	.L402
3653:Drivers/STM32G4xx_HAL_Driver/Src/stm32g4xx_hal_spi.c ****     hspi->pTxBuffPtr += sizeof(uint16_t);
 5913              		.loc 1 3653 5 is_stmt 1 view .LVU1964
3653:Drivers/STM32G4xx_HAL_Driver/Src/stm32g4xx_hal_spi.c ****     hspi->pTxBuffPtr += sizeof(uint16_t);
 5914              		.loc 1 3653 44 is_stmt 0 view .LVU1965
 5915 000a 826B     		ldr	r2, [r0, #56]
3653:Drivers/STM32G4xx_HAL_Driver/Src/stm32g4xx_hal_spi.c ****     hspi->pTxBuffPtr += sizeof(uint16_t);
 5916              		.loc 1 3653 9 view .LVU1966
 5917 000c 0368     		ldr	r3, [r0]
3653:Drivers/STM32G4xx_HAL_Driver/Src/stm32g4xx_hal_spi.c ****     hspi->pTxBuffPtr += sizeof(uint16_t);
 5918              		.loc 1 3653 26 view .LVU1967
 5919 000e 1288     		ldrh	r2, [r2]
3653:Drivers/STM32G4xx_HAL_Driver/Src/stm32g4xx_hal_spi.c ****     hspi->pTxBuffPtr += sizeof(uint16_t);
 5920              		.loc 1 3653 24 view .LVU1968
 5921 0010 DA60     		str	r2, [r3, #12]
3654:Drivers/STM32G4xx_HAL_Driver/Src/stm32g4xx_hal_spi.c ****     hspi->TxXferCount -= 2U;
 5922              		.loc 1 3654 5 is_stmt 1 view .LVU1969
3654:Drivers/STM32G4xx_HAL_Driver/Src/stm32g4xx_hal_spi.c ****     hspi->TxXferCount -= 2U;
 5923              		.loc 1 3654 9 is_stmt 0 view .LVU1970
 5924 0012 836B     		ldr	r3, [r0, #56]
3654:Drivers/STM32G4xx_HAL_Driver/Src/stm32g4xx_hal_spi.c ****     hspi->TxXferCount -= 2U;
 5925              		.loc 1 3654 22 view .LVU1971
 5926 0014 0233     		adds	r3, r3, #2
 5927 0016 8363     		str	r3, [r0, #56]
3655:Drivers/STM32G4xx_HAL_Driver/Src/stm32g4xx_hal_spi.c ****   }
 5928              		.loc 1 3655 5 is_stmt 1 view .LVU1972
3655:Drivers/STM32G4xx_HAL_Driver/Src/stm32g4xx_hal_spi.c ****   }
 5929              		.loc 1 3655 9 is_stmt 0 view .LVU1973
 5930 0018 C38F     		ldrh	r3, [r0, #62]
 5931 001a 9BB2     		uxth	r3, r3
3655:Drivers/STM32G4xx_HAL_Driver/Src/stm32g4xx_hal_spi.c ****   }
 5932              		.loc 1 3655 23 view .LVU1974
 5933 001c 023B     		subs	r3, r3, #2
 5934 001e 9BB2     		uxth	r3, r3
 5935 0020 C387     		strh	r3, [r0, #62]	@ movhi
 5936              	.L403:
3666:Drivers/STM32G4xx_HAL_Driver/Src/stm32g4xx_hal_spi.c ****   {
 5937              		.loc 1 3666 3 is_stmt 1 view .LVU1975
3666:Drivers/STM32G4xx_HAL_Driver/Src/stm32g4xx_hal_spi.c ****   {
 5938              		.loc 1 3666 11 is_stmt 0 view .LVU1976
 5939 0022 C38F     		ldrh	r3, [r0, #62]
 5940 0024 9BB2     		uxth	r3, r3
3666:Drivers/STM32G4xx_HAL_Driver/Src/stm32g4xx_hal_spi.c ****   {
 5941              		.loc 1 3666 6 view .LVU1977
 5942 0026 43B9     		cbnz	r3, .L401
3680:Drivers/STM32G4xx_HAL_Driver/Src/stm32g4xx_hal_spi.c **** 
 5943              		.loc 1 3680 5 is_stmt 1 view .LVU1978
 5944 0028 0268     		ldr	r2, [r0]
 5945 002a 5368     		ldr	r3, [r2, #4]
 5946 002c 23F08003 		bic	r3, r3, #128
 5947 0030 5360     		str	r3, [r2, #4]
3682:Drivers/STM32G4xx_HAL_Driver/Src/stm32g4xx_hal_spi.c ****     {
ARM GAS  C:\Users\Booster\AppData\Local\Temp\ccQdKe81.s 			page 214


 5948              		.loc 1 3682 5 view .LVU1979
3682:Drivers/STM32G4xx_HAL_Driver/Src/stm32g4xx_hal_spi.c ****     {
 5949              		.loc 1 3682 13 is_stmt 0 view .LVU1980
 5950 0032 B0F84630 		ldrh	r3, [r0, #70]
 5951 0036 9BB2     		uxth	r3, r3
3682:Drivers/STM32G4xx_HAL_Driver/Src/stm32g4xx_hal_spi.c ****     {
 5952              		.loc 1 3682 8 view .LVU1981
 5953 0038 6BB1     		cbz	r3, .L406
 5954              	.LVL380:
 5955              	.L401:
3687:Drivers/STM32G4xx_HAL_Driver/Src/stm32g4xx_hal_spi.c **** 
 5956              		.loc 1 3687 1 view .LVU1982
 5957 003a 08BD     		pop	{r3, pc}
 5958              	.LVL381:
 5959              	.L402:
3660:Drivers/STM32G4xx_HAL_Driver/Src/stm32g4xx_hal_spi.c ****     hspi->pTxBuffPtr++;
 5960              		.loc 1 3660 5 is_stmt 1 view .LVU1983
3660:Drivers/STM32G4xx_HAL_Driver/Src/stm32g4xx_hal_spi.c ****     hspi->pTxBuffPtr++;
 5961              		.loc 1 3660 50 is_stmt 0 view .LVU1984
 5962 003c 826B     		ldr	r2, [r0, #56]
3660:Drivers/STM32G4xx_HAL_Driver/Src/stm32g4xx_hal_spi.c ****     hspi->pTxBuffPtr++;
 5963              		.loc 1 3660 27 view .LVU1985
 5964 003e 0368     		ldr	r3, [r0]
3660:Drivers/STM32G4xx_HAL_Driver/Src/stm32g4xx_hal_spi.c ****     hspi->pTxBuffPtr++;
 5965              		.loc 1 3660 45 view .LVU1986
 5966 0040 1278     		ldrb	r2, [r2]	@ zero_extendqisi2
3660:Drivers/STM32G4xx_HAL_Driver/Src/stm32g4xx_hal_spi.c ****     hspi->pTxBuffPtr++;
 5967              		.loc 1 3660 42 view .LVU1987
 5968 0042 1A73     		strb	r2, [r3, #12]
3661:Drivers/STM32G4xx_HAL_Driver/Src/stm32g4xx_hal_spi.c ****     hspi->TxXferCount--;
 5969              		.loc 1 3661 5 is_stmt 1 view .LVU1988
3661:Drivers/STM32G4xx_HAL_Driver/Src/stm32g4xx_hal_spi.c ****     hspi->TxXferCount--;
 5970              		.loc 1 3661 9 is_stmt 0 view .LVU1989
 5971 0044 836B     		ldr	r3, [r0, #56]
3661:Drivers/STM32G4xx_HAL_Driver/Src/stm32g4xx_hal_spi.c ****     hspi->TxXferCount--;
 5972              		.loc 1 3661 21 view .LVU1990
 5973 0046 0133     		adds	r3, r3, #1
 5974 0048 8363     		str	r3, [r0, #56]
3662:Drivers/STM32G4xx_HAL_Driver/Src/stm32g4xx_hal_spi.c ****   }
 5975              		.loc 1 3662 5 is_stmt 1 view .LVU1991
3662:Drivers/STM32G4xx_HAL_Driver/Src/stm32g4xx_hal_spi.c ****   }
 5976              		.loc 1 3662 9 is_stmt 0 view .LVU1992
 5977 004a C38F     		ldrh	r3, [r0, #62]
 5978 004c 9BB2     		uxth	r3, r3
3662:Drivers/STM32G4xx_HAL_Driver/Src/stm32g4xx_hal_spi.c ****   }
 5979              		.loc 1 3662 22 view .LVU1993
 5980 004e 013B     		subs	r3, r3, #1
 5981 0050 9BB2     		uxth	r3, r3
 5982 0052 C387     		strh	r3, [r0, #62]	@ movhi
 5983 0054 E5E7     		b	.L403
 5984              	.L406:
3684:Drivers/STM32G4xx_HAL_Driver/Src/stm32g4xx_hal_spi.c ****     }
 5985              		.loc 1 3684 7 is_stmt 1 view .LVU1994
 5986 0056 FFF7FEFF 		bl	SPI_CloseRxTx_ISR
 5987              	.LVL382:
3687:Drivers/STM32G4xx_HAL_Driver/Src/stm32g4xx_hal_spi.c **** 
 5988              		.loc 1 3687 1 is_stmt 0 view .LVU1995
ARM GAS  C:\Users\Booster\AppData\Local\Temp\ccQdKe81.s 			page 215


 5989 005a EEE7     		b	.L401
 5990              		.cfi_endproc
 5991              	.LFE369:
 5993              		.section	.text.SPI_2linesRxISR_8BIT,"ax",%progbits
 5994              		.align	1
 5995              		.syntax unified
 5996              		.thumb
 5997              		.thumb_func
 5999              	SPI_2linesRxISR_8BIT:
 6000              	.LVL383:
 6001              	.LFB368:
3564:Drivers/STM32G4xx_HAL_Driver/Src/stm32g4xx_hal_spi.c ****   /* Receive data in packing mode */
 6002              		.loc 1 3564 1 is_stmt 1 view -0
 6003              		.cfi_startproc
 6004              		@ args = 0, pretend = 0, frame = 0
 6005              		@ frame_needed = 0, uses_anonymous_args = 0
3564:Drivers/STM32G4xx_HAL_Driver/Src/stm32g4xx_hal_spi.c ****   /* Receive data in packing mode */
 6006              		.loc 1 3564 1 is_stmt 0 view .LVU1997
 6007 0000 08B5     		push	{r3, lr}
 6008              	.LCFI66:
 6009              		.cfi_def_cfa_offset 8
 6010              		.cfi_offset 3, -8
 6011              		.cfi_offset 14, -4
3566:Drivers/STM32G4xx_HAL_Driver/Src/stm32g4xx_hal_spi.c ****   {
 6012              		.loc 1 3566 3 is_stmt 1 view .LVU1998
3566:Drivers/STM32G4xx_HAL_Driver/Src/stm32g4xx_hal_spi.c ****   {
 6013              		.loc 1 3566 11 is_stmt 0 view .LVU1999
 6014 0002 B0F84630 		ldrh	r3, [r0, #70]
 6015 0006 9BB2     		uxth	r3, r3
3566:Drivers/STM32G4xx_HAL_Driver/Src/stm32g4xx_hal_spi.c ****   {
 6016              		.loc 1 3566 6 view .LVU2000
 6017 0008 012B     		cmp	r3, #1
 6018 000a 18D9     		bls	.L408
3568:Drivers/STM32G4xx_HAL_Driver/Src/stm32g4xx_hal_spi.c ****     hspi->pRxBuffPtr += sizeof(uint16_t);
 6019              		.loc 1 3568 5 is_stmt 1 view .LVU2001
3568:Drivers/STM32G4xx_HAL_Driver/Src/stm32g4xx_hal_spi.c ****     hspi->pRxBuffPtr += sizeof(uint16_t);
 6020              		.loc 1 3568 54 is_stmt 0 view .LVU2002
 6021 000c 0368     		ldr	r3, [r0]
3568:Drivers/STM32G4xx_HAL_Driver/Src/stm32g4xx_hal_spi.c ****     hspi->pRxBuffPtr += sizeof(uint16_t);
 6022              		.loc 1 3568 64 view .LVU2003
 6023 000e DA68     		ldr	r2, [r3, #12]
3568:Drivers/STM32G4xx_HAL_Driver/Src/stm32g4xx_hal_spi.c ****     hspi->pRxBuffPtr += sizeof(uint16_t);
 6024              		.loc 1 3568 23 view .LVU2004
 6025 0010 036C     		ldr	r3, [r0, #64]
3568:Drivers/STM32G4xx_HAL_Driver/Src/stm32g4xx_hal_spi.c ****     hspi->pRxBuffPtr += sizeof(uint16_t);
 6026              		.loc 1 3568 37 view .LVU2005
 6027 0012 1A80     		strh	r2, [r3]	@ movhi
3569:Drivers/STM32G4xx_HAL_Driver/Src/stm32g4xx_hal_spi.c ****     hspi->RxXferCount -= 2U;
 6028              		.loc 1 3569 5 is_stmt 1 view .LVU2006
3569:Drivers/STM32G4xx_HAL_Driver/Src/stm32g4xx_hal_spi.c ****     hspi->RxXferCount -= 2U;
 6029              		.loc 1 3569 9 is_stmt 0 view .LVU2007
 6030 0014 036C     		ldr	r3, [r0, #64]
3569:Drivers/STM32G4xx_HAL_Driver/Src/stm32g4xx_hal_spi.c ****     hspi->RxXferCount -= 2U;
 6031              		.loc 1 3569 22 view .LVU2008
 6032 0016 0233     		adds	r3, r3, #2
 6033 0018 0364     		str	r3, [r0, #64]
3570:Drivers/STM32G4xx_HAL_Driver/Src/stm32g4xx_hal_spi.c ****     if (hspi->RxXferCount == 1U)
ARM GAS  C:\Users\Booster\AppData\Local\Temp\ccQdKe81.s 			page 216


 6034              		.loc 1 3570 5 is_stmt 1 view .LVU2009
3570:Drivers/STM32G4xx_HAL_Driver/Src/stm32g4xx_hal_spi.c ****     if (hspi->RxXferCount == 1U)
 6035              		.loc 1 3570 9 is_stmt 0 view .LVU2010
 6036 001a B0F84630 		ldrh	r3, [r0, #70]
 6037 001e 9BB2     		uxth	r3, r3
3570:Drivers/STM32G4xx_HAL_Driver/Src/stm32g4xx_hal_spi.c ****     if (hspi->RxXferCount == 1U)
 6038              		.loc 1 3570 23 view .LVU2011
 6039 0020 023B     		subs	r3, r3, #2
 6040 0022 9BB2     		uxth	r3, r3
 6041 0024 A0F84630 		strh	r3, [r0, #70]	@ movhi
3571:Drivers/STM32G4xx_HAL_Driver/Src/stm32g4xx_hal_spi.c ****     {
 6042              		.loc 1 3571 5 is_stmt 1 view .LVU2012
3571:Drivers/STM32G4xx_HAL_Driver/Src/stm32g4xx_hal_spi.c ****     {
 6043              		.loc 1 3571 13 is_stmt 0 view .LVU2013
 6044 0028 B0F84630 		ldrh	r3, [r0, #70]
 6045 002c 9BB2     		uxth	r3, r3
3571:Drivers/STM32G4xx_HAL_Driver/Src/stm32g4xx_hal_spi.c ****     {
 6046              		.loc 1 3571 8 view .LVU2014
 6047 002e 012B     		cmp	r3, #1
 6048 0030 13D1     		bne	.L409
3574:Drivers/STM32G4xx_HAL_Driver/Src/stm32g4xx_hal_spi.c ****     }
 6049              		.loc 1 3574 7 is_stmt 1 view .LVU2015
 6050 0032 0268     		ldr	r2, [r0]
 6051 0034 5368     		ldr	r3, [r2, #4]
 6052 0036 43F48053 		orr	r3, r3, #4096
 6053 003a 5360     		str	r3, [r2, #4]
 6054 003c 0DE0     		b	.L409
 6055              	.L408:
3580:Drivers/STM32G4xx_HAL_Driver/Src/stm32g4xx_hal_spi.c ****     hspi->pRxBuffPtr++;
 6056              		.loc 1 3580 5 view .LVU2016
3580:Drivers/STM32G4xx_HAL_Driver/Src/stm32g4xx_hal_spi.c ****     hspi->pRxBuffPtr++;
 6057              		.loc 1 3580 48 is_stmt 0 view .LVU2017
 6058 003e 0268     		ldr	r2, [r0]
3580:Drivers/STM32G4xx_HAL_Driver/Src/stm32g4xx_hal_spi.c ****     hspi->pRxBuffPtr++;
 6059              		.loc 1 3580 10 view .LVU2018
 6060 0040 036C     		ldr	r3, [r0, #64]
3580:Drivers/STM32G4xx_HAL_Driver/Src/stm32g4xx_hal_spi.c ****     hspi->pRxBuffPtr++;
 6061              		.loc 1 3580 25 view .LVU2019
 6062 0042 127B     		ldrb	r2, [r2, #12]	@ zero_extendqisi2
3580:Drivers/STM32G4xx_HAL_Driver/Src/stm32g4xx_hal_spi.c ****     hspi->pRxBuffPtr++;
 6063              		.loc 1 3580 23 view .LVU2020
 6064 0044 1A70     		strb	r2, [r3]
3581:Drivers/STM32G4xx_HAL_Driver/Src/stm32g4xx_hal_spi.c ****     hspi->RxXferCount--;
 6065              		.loc 1 3581 5 is_stmt 1 view .LVU2021
3581:Drivers/STM32G4xx_HAL_Driver/Src/stm32g4xx_hal_spi.c ****     hspi->RxXferCount--;
 6066              		.loc 1 3581 9 is_stmt 0 view .LVU2022
 6067 0046 036C     		ldr	r3, [r0, #64]
3581:Drivers/STM32G4xx_HAL_Driver/Src/stm32g4xx_hal_spi.c ****     hspi->RxXferCount--;
 6068              		.loc 1 3581 21 view .LVU2023
 6069 0048 0133     		adds	r3, r3, #1
 6070 004a 0364     		str	r3, [r0, #64]
3582:Drivers/STM32G4xx_HAL_Driver/Src/stm32g4xx_hal_spi.c ****   }
 6071              		.loc 1 3582 5 is_stmt 1 view .LVU2024
3582:Drivers/STM32G4xx_HAL_Driver/Src/stm32g4xx_hal_spi.c ****   }
 6072              		.loc 1 3582 9 is_stmt 0 view .LVU2025
 6073 004c B0F84630 		ldrh	r3, [r0, #70]
 6074 0050 9BB2     		uxth	r3, r3
ARM GAS  C:\Users\Booster\AppData\Local\Temp\ccQdKe81.s 			page 217


3582:Drivers/STM32G4xx_HAL_Driver/Src/stm32g4xx_hal_spi.c ****   }
 6075              		.loc 1 3582 22 view .LVU2026
 6076 0052 013B     		subs	r3, r3, #1
 6077 0054 9BB2     		uxth	r3, r3
 6078 0056 A0F84630 		strh	r3, [r0, #70]	@ movhi
 6079              	.L409:
3586:Drivers/STM32G4xx_HAL_Driver/Src/stm32g4xx_hal_spi.c ****   {
 6080              		.loc 1 3586 3 is_stmt 1 view .LVU2027
3586:Drivers/STM32G4xx_HAL_Driver/Src/stm32g4xx_hal_spi.c ****   {
 6081              		.loc 1 3586 11 is_stmt 0 view .LVU2028
 6082 005a B0F84630 		ldrh	r3, [r0, #70]
 6083 005e 9BB2     		uxth	r3, r3
3586:Drivers/STM32G4xx_HAL_Driver/Src/stm32g4xx_hal_spi.c ****   {
 6084              		.loc 1 3586 6 view .LVU2029
 6085 0060 3BB9     		cbnz	r3, .L407
3598:Drivers/STM32G4xx_HAL_Driver/Src/stm32g4xx_hal_spi.c **** 
 6086              		.loc 1 3598 5 is_stmt 1 view .LVU2030
 6087 0062 0268     		ldr	r2, [r0]
 6088 0064 5368     		ldr	r3, [r2, #4]
 6089 0066 23F06003 		bic	r3, r3, #96
 6090 006a 5360     		str	r3, [r2, #4]
3600:Drivers/STM32G4xx_HAL_Driver/Src/stm32g4xx_hal_spi.c ****     {
 6091              		.loc 1 3600 5 view .LVU2031
3600:Drivers/STM32G4xx_HAL_Driver/Src/stm32g4xx_hal_spi.c ****     {
 6092              		.loc 1 3600 13 is_stmt 0 view .LVU2032
 6093 006c C38F     		ldrh	r3, [r0, #62]
 6094 006e 9BB2     		uxth	r3, r3
3600:Drivers/STM32G4xx_HAL_Driver/Src/stm32g4xx_hal_spi.c ****     {
 6095              		.loc 1 3600 8 view .LVU2033
 6096 0070 03B1     		cbz	r3, .L412
 6097              	.LVL384:
 6098              	.L407:
3605:Drivers/STM32G4xx_HAL_Driver/Src/stm32g4xx_hal_spi.c **** 
 6099              		.loc 1 3605 1 view .LVU2034
 6100 0072 08BD     		pop	{r3, pc}
 6101              	.LVL385:
 6102              	.L412:
3602:Drivers/STM32G4xx_HAL_Driver/Src/stm32g4xx_hal_spi.c ****     }
 6103              		.loc 1 3602 7 is_stmt 1 view .LVU2035
 6104 0074 FFF7FEFF 		bl	SPI_CloseRxTx_ISR
 6105              	.LVL386:
3605:Drivers/STM32G4xx_HAL_Driver/Src/stm32g4xx_hal_spi.c **** 
 6106              		.loc 1 3605 1 is_stmt 0 view .LVU2036
 6107 0078 FBE7     		b	.L407
 6108              		.cfi_endproc
 6109              	.LFE368:
 6111              		.section	.text.SPI_2linesTxISR_16BIT,"ax",%progbits
 6112              		.align	1
 6113              		.syntax unified
 6114              		.thumb
 6115              		.thumb_func
 6117              	SPI_2linesTxISR_16BIT:
 6118              	.LVL387:
 6119              	.LFB371:
3752:Drivers/STM32G4xx_HAL_Driver/Src/stm32g4xx_hal_spi.c ****   /* Transmit data in 16 Bit mode */
 6120              		.loc 1 3752 1 is_stmt 1 view -0
 6121              		.cfi_startproc
ARM GAS  C:\Users\Booster\AppData\Local\Temp\ccQdKe81.s 			page 218


 6122              		@ args = 0, pretend = 0, frame = 0
 6123              		@ frame_needed = 0, uses_anonymous_args = 0
3752:Drivers/STM32G4xx_HAL_Driver/Src/stm32g4xx_hal_spi.c ****   /* Transmit data in 16 Bit mode */
 6124              		.loc 1 3752 1 is_stmt 0 view .LVU2038
 6125 0000 08B5     		push	{r3, lr}
 6126              	.LCFI67:
 6127              		.cfi_def_cfa_offset 8
 6128              		.cfi_offset 3, -8
 6129              		.cfi_offset 14, -4
3754:Drivers/STM32G4xx_HAL_Driver/Src/stm32g4xx_hal_spi.c ****   hspi->pTxBuffPtr += sizeof(uint16_t);
 6130              		.loc 1 3754 3 is_stmt 1 view .LVU2039
3754:Drivers/STM32G4xx_HAL_Driver/Src/stm32g4xx_hal_spi.c ****   hspi->pTxBuffPtr += sizeof(uint16_t);
 6131              		.loc 1 3754 42 is_stmt 0 view .LVU2040
 6132 0002 826B     		ldr	r2, [r0, #56]
3754:Drivers/STM32G4xx_HAL_Driver/Src/stm32g4xx_hal_spi.c ****   hspi->pTxBuffPtr += sizeof(uint16_t);
 6133              		.loc 1 3754 7 view .LVU2041
 6134 0004 0368     		ldr	r3, [r0]
3754:Drivers/STM32G4xx_HAL_Driver/Src/stm32g4xx_hal_spi.c ****   hspi->pTxBuffPtr += sizeof(uint16_t);
 6135              		.loc 1 3754 24 view .LVU2042
 6136 0006 1288     		ldrh	r2, [r2]
3754:Drivers/STM32G4xx_HAL_Driver/Src/stm32g4xx_hal_spi.c ****   hspi->pTxBuffPtr += sizeof(uint16_t);
 6137              		.loc 1 3754 22 view .LVU2043
 6138 0008 DA60     		str	r2, [r3, #12]
3755:Drivers/STM32G4xx_HAL_Driver/Src/stm32g4xx_hal_spi.c ****   hspi->TxXferCount--;
 6139              		.loc 1 3755 3 is_stmt 1 view .LVU2044
3755:Drivers/STM32G4xx_HAL_Driver/Src/stm32g4xx_hal_spi.c ****   hspi->TxXferCount--;
 6140              		.loc 1 3755 7 is_stmt 0 view .LVU2045
 6141 000a 836B     		ldr	r3, [r0, #56]
3755:Drivers/STM32G4xx_HAL_Driver/Src/stm32g4xx_hal_spi.c ****   hspi->TxXferCount--;
 6142              		.loc 1 3755 20 view .LVU2046
 6143 000c 0233     		adds	r3, r3, #2
 6144 000e 8363     		str	r3, [r0, #56]
3756:Drivers/STM32G4xx_HAL_Driver/Src/stm32g4xx_hal_spi.c **** 
 6145              		.loc 1 3756 3 is_stmt 1 view .LVU2047
3756:Drivers/STM32G4xx_HAL_Driver/Src/stm32g4xx_hal_spi.c **** 
 6146              		.loc 1 3756 7 is_stmt 0 view .LVU2048
 6147 0010 C38F     		ldrh	r3, [r0, #62]
 6148 0012 9BB2     		uxth	r3, r3
3756:Drivers/STM32G4xx_HAL_Driver/Src/stm32g4xx_hal_spi.c **** 
 6149              		.loc 1 3756 20 view .LVU2049
 6150 0014 013B     		subs	r3, r3, #1
 6151 0016 9BB2     		uxth	r3, r3
 6152 0018 C387     		strh	r3, [r0, #62]	@ movhi
3759:Drivers/STM32G4xx_HAL_Driver/Src/stm32g4xx_hal_spi.c ****   {
 6153              		.loc 1 3759 3 is_stmt 1 view .LVU2050
3759:Drivers/STM32G4xx_HAL_Driver/Src/stm32g4xx_hal_spi.c ****   {
 6154              		.loc 1 3759 11 is_stmt 0 view .LVU2051
 6155 001a C38F     		ldrh	r3, [r0, #62]
 6156 001c 9BB2     		uxth	r3, r3
3759:Drivers/STM32G4xx_HAL_Driver/Src/stm32g4xx_hal_spi.c ****   {
 6157              		.loc 1 3759 6 view .LVU2052
 6158 001e 43B9     		cbnz	r3, .L413
3773:Drivers/STM32G4xx_HAL_Driver/Src/stm32g4xx_hal_spi.c **** 
 6159              		.loc 1 3773 5 is_stmt 1 view .LVU2053
 6160 0020 0268     		ldr	r2, [r0]
 6161 0022 5368     		ldr	r3, [r2, #4]
 6162 0024 23F08003 		bic	r3, r3, #128
ARM GAS  C:\Users\Booster\AppData\Local\Temp\ccQdKe81.s 			page 219


 6163 0028 5360     		str	r3, [r2, #4]
3775:Drivers/STM32G4xx_HAL_Driver/Src/stm32g4xx_hal_spi.c ****     {
 6164              		.loc 1 3775 5 view .LVU2054
3775:Drivers/STM32G4xx_HAL_Driver/Src/stm32g4xx_hal_spi.c ****     {
 6165              		.loc 1 3775 13 is_stmt 0 view .LVU2055
 6166 002a B0F84630 		ldrh	r3, [r0, #70]
 6167 002e 9BB2     		uxth	r3, r3
3775:Drivers/STM32G4xx_HAL_Driver/Src/stm32g4xx_hal_spi.c ****     {
 6168              		.loc 1 3775 8 view .LVU2056
 6169 0030 03B1     		cbz	r3, .L416
 6170              	.LVL388:
 6171              	.L413:
3780:Drivers/STM32G4xx_HAL_Driver/Src/stm32g4xx_hal_spi.c **** 
 6172              		.loc 1 3780 1 view .LVU2057
 6173 0032 08BD     		pop	{r3, pc}
 6174              	.LVL389:
 6175              	.L416:
3777:Drivers/STM32G4xx_HAL_Driver/Src/stm32g4xx_hal_spi.c ****     }
 6176              		.loc 1 3777 7 is_stmt 1 view .LVU2058
 6177 0034 FFF7FEFF 		bl	SPI_CloseRxTx_ISR
 6178              	.LVL390:
3780:Drivers/STM32G4xx_HAL_Driver/Src/stm32g4xx_hal_spi.c **** 
 6179              		.loc 1 3780 1 is_stmt 0 view .LVU2059
 6180 0038 FBE7     		b	.L413
 6181              		.cfi_endproc
 6182              	.LFE371:
 6184              		.section	.text.SPI_2linesRxISR_16BIT,"ax",%progbits
 6185              		.align	1
 6186              		.syntax unified
 6187              		.thumb
 6188              		.thumb_func
 6190              	SPI_2linesRxISR_16BIT:
 6191              	.LVL391:
 6192              	.LFB370:
3696:Drivers/STM32G4xx_HAL_Driver/Src/stm32g4xx_hal_spi.c ****   /* Receive data in 16 Bit mode */
 6193              		.loc 1 3696 1 is_stmt 1 view -0
 6194              		.cfi_startproc
 6195              		@ args = 0, pretend = 0, frame = 0
 6196              		@ frame_needed = 0, uses_anonymous_args = 0
3696:Drivers/STM32G4xx_HAL_Driver/Src/stm32g4xx_hal_spi.c ****   /* Receive data in 16 Bit mode */
 6197              		.loc 1 3696 1 is_stmt 0 view .LVU2061
 6198 0000 08B5     		push	{r3, lr}
 6199              	.LCFI68:
 6200              		.cfi_def_cfa_offset 8
 6201              		.cfi_offset 3, -8
 6202              		.cfi_offset 14, -4
3698:Drivers/STM32G4xx_HAL_Driver/Src/stm32g4xx_hal_spi.c ****   hspi->pRxBuffPtr += sizeof(uint16_t);
 6203              		.loc 1 3698 3 is_stmt 1 view .LVU2062
3698:Drivers/STM32G4xx_HAL_Driver/Src/stm32g4xx_hal_spi.c ****   hspi->pRxBuffPtr += sizeof(uint16_t);
 6204              		.loc 1 3698 52 is_stmt 0 view .LVU2063
 6205 0002 0368     		ldr	r3, [r0]
3698:Drivers/STM32G4xx_HAL_Driver/Src/stm32g4xx_hal_spi.c ****   hspi->pRxBuffPtr += sizeof(uint16_t);
 6206              		.loc 1 3698 62 view .LVU2064
 6207 0004 DA68     		ldr	r2, [r3, #12]
3698:Drivers/STM32G4xx_HAL_Driver/Src/stm32g4xx_hal_spi.c ****   hspi->pRxBuffPtr += sizeof(uint16_t);
 6208              		.loc 1 3698 21 view .LVU2065
 6209 0006 036C     		ldr	r3, [r0, #64]
ARM GAS  C:\Users\Booster\AppData\Local\Temp\ccQdKe81.s 			page 220


3698:Drivers/STM32G4xx_HAL_Driver/Src/stm32g4xx_hal_spi.c ****   hspi->pRxBuffPtr += sizeof(uint16_t);
 6210              		.loc 1 3698 35 view .LVU2066
 6211 0008 1A80     		strh	r2, [r3]	@ movhi
3699:Drivers/STM32G4xx_HAL_Driver/Src/stm32g4xx_hal_spi.c ****   hspi->RxXferCount--;
 6212              		.loc 1 3699 3 is_stmt 1 view .LVU2067
3699:Drivers/STM32G4xx_HAL_Driver/Src/stm32g4xx_hal_spi.c ****   hspi->RxXferCount--;
 6213              		.loc 1 3699 7 is_stmt 0 view .LVU2068
 6214 000a 036C     		ldr	r3, [r0, #64]
3699:Drivers/STM32G4xx_HAL_Driver/Src/stm32g4xx_hal_spi.c ****   hspi->RxXferCount--;
 6215              		.loc 1 3699 20 view .LVU2069
 6216 000c 0233     		adds	r3, r3, #2
 6217 000e 0364     		str	r3, [r0, #64]
3700:Drivers/STM32G4xx_HAL_Driver/Src/stm32g4xx_hal_spi.c **** 
 6218              		.loc 1 3700 3 is_stmt 1 view .LVU2070
3700:Drivers/STM32G4xx_HAL_Driver/Src/stm32g4xx_hal_spi.c **** 
 6219              		.loc 1 3700 7 is_stmt 0 view .LVU2071
 6220 0010 B0F84630 		ldrh	r3, [r0, #70]
 6221 0014 9BB2     		uxth	r3, r3
3700:Drivers/STM32G4xx_HAL_Driver/Src/stm32g4xx_hal_spi.c **** 
 6222              		.loc 1 3700 20 view .LVU2072
 6223 0016 013B     		subs	r3, r3, #1
 6224 0018 9BB2     		uxth	r3, r3
 6225 001a A0F84630 		strh	r3, [r0, #70]	@ movhi
3702:Drivers/STM32G4xx_HAL_Driver/Src/stm32g4xx_hal_spi.c ****   {
 6226              		.loc 1 3702 3 is_stmt 1 view .LVU2073
3702:Drivers/STM32G4xx_HAL_Driver/Src/stm32g4xx_hal_spi.c ****   {
 6227              		.loc 1 3702 11 is_stmt 0 view .LVU2074
 6228 001e B0F84630 		ldrh	r3, [r0, #70]
 6229 0022 9BB2     		uxth	r3, r3
3702:Drivers/STM32G4xx_HAL_Driver/Src/stm32g4xx_hal_spi.c ****   {
 6230              		.loc 1 3702 6 view .LVU2075
 6231 0024 3BB9     		cbnz	r3, .L417
3713:Drivers/STM32G4xx_HAL_Driver/Src/stm32g4xx_hal_spi.c **** 
 6232              		.loc 1 3713 5 is_stmt 1 view .LVU2076
 6233 0026 0268     		ldr	r2, [r0]
 6234 0028 5368     		ldr	r3, [r2, #4]
 6235 002a 23F04003 		bic	r3, r3, #64
 6236 002e 5360     		str	r3, [r2, #4]
3715:Drivers/STM32G4xx_HAL_Driver/Src/stm32g4xx_hal_spi.c ****     {
 6237              		.loc 1 3715 5 view .LVU2077
3715:Drivers/STM32G4xx_HAL_Driver/Src/stm32g4xx_hal_spi.c ****     {
 6238              		.loc 1 3715 13 is_stmt 0 view .LVU2078
 6239 0030 C38F     		ldrh	r3, [r0, #62]
 6240 0032 9BB2     		uxth	r3, r3
3715:Drivers/STM32G4xx_HAL_Driver/Src/stm32g4xx_hal_spi.c ****     {
 6241              		.loc 1 3715 8 view .LVU2079
 6242 0034 03B1     		cbz	r3, .L420
 6243              	.LVL392:
 6244              	.L417:
3720:Drivers/STM32G4xx_HAL_Driver/Src/stm32g4xx_hal_spi.c **** 
 6245              		.loc 1 3720 1 view .LVU2080
 6246 0036 08BD     		pop	{r3, pc}
 6247              	.LVL393:
 6248              	.L420:
3717:Drivers/STM32G4xx_HAL_Driver/Src/stm32g4xx_hal_spi.c ****     }
 6249              		.loc 1 3717 7 is_stmt 1 view .LVU2081
 6250 0038 FFF7FEFF 		bl	SPI_CloseRxTx_ISR
ARM GAS  C:\Users\Booster\AppData\Local\Temp\ccQdKe81.s 			page 221


 6251              	.LVL394:
3720:Drivers/STM32G4xx_HAL_Driver/Src/stm32g4xx_hal_spi.c **** 
 6252              		.loc 1 3720 1 is_stmt 0 view .LVU2082
 6253 003c FBE7     		b	.L417
 6254              		.cfi_endproc
 6255              	.LFE370:
 6257              		.section	.text.SPI_DMAError,"ax",%progbits
 6258              		.align	1
 6259              		.syntax unified
 6260              		.thumb
 6261              		.thumb_func
 6263              	SPI_DMAError:
 6264              	.LVL395:
 6265              	.LFB364:
3388:Drivers/STM32G4xx_HAL_Driver/Src/stm32g4xx_hal_spi.c ****   SPI_HandleTypeDef *hspi = (SPI_HandleTypeDef *)(((DMA_HandleTypeDef *)hdma)->Parent); /* Derogati
 6266              		.loc 1 3388 1 is_stmt 1 view -0
 6267              		.cfi_startproc
 6268              		@ args = 0, pretend = 0, frame = 0
 6269              		@ frame_needed = 0, uses_anonymous_args = 0
3388:Drivers/STM32G4xx_HAL_Driver/Src/stm32g4xx_hal_spi.c ****   SPI_HandleTypeDef *hspi = (SPI_HandleTypeDef *)(((DMA_HandleTypeDef *)hdma)->Parent); /* Derogati
 6270              		.loc 1 3388 1 is_stmt 0 view .LVU2084
 6271 0000 08B5     		push	{r3, lr}
 6272              	.LCFI69:
 6273              		.cfi_def_cfa_offset 8
 6274              		.cfi_offset 3, -8
 6275              		.cfi_offset 14, -4
3389:Drivers/STM32G4xx_HAL_Driver/Src/stm32g4xx_hal_spi.c **** 
 6276              		.loc 1 3389 3 is_stmt 1 view .LVU2085
3389:Drivers/STM32G4xx_HAL_Driver/Src/stm32g4xx_hal_spi.c **** 
 6277              		.loc 1 3389 22 is_stmt 0 view .LVU2086
 6278 0002 806A     		ldr	r0, [r0, #40]
 6279              	.LVL396:
3392:Drivers/STM32G4xx_HAL_Driver/Src/stm32g4xx_hal_spi.c **** 
 6280              		.loc 1 3392 3 is_stmt 1 view .LVU2087
 6281 0004 0268     		ldr	r2, [r0]
 6282 0006 5368     		ldr	r3, [r2, #4]
 6283 0008 23F00303 		bic	r3, r3, #3
 6284 000c 5360     		str	r3, [r2, #4]
3394:Drivers/STM32G4xx_HAL_Driver/Src/stm32g4xx_hal_spi.c ****   hspi->State = HAL_SPI_STATE_READY;
 6285              		.loc 1 3394 3 view .LVU2088
 6286 000e 036E     		ldr	r3, [r0, #96]
 6287 0010 43F01003 		orr	r3, r3, #16
 6288 0014 0366     		str	r3, [r0, #96]
3395:Drivers/STM32G4xx_HAL_Driver/Src/stm32g4xx_hal_spi.c ****   /* Call user error callback */
 6289              		.loc 1 3395 3 view .LVU2089
3395:Drivers/STM32G4xx_HAL_Driver/Src/stm32g4xx_hal_spi.c ****   /* Call user error callback */
 6290              		.loc 1 3395 15 is_stmt 0 view .LVU2090
 6291 0016 0123     		movs	r3, #1
 6292 0018 80F85D30 		strb	r3, [r0, #93]
3400:Drivers/STM32G4xx_HAL_Driver/Src/stm32g4xx_hal_spi.c **** #endif /* USE_HAL_SPI_REGISTER_CALLBACKS */
 6293              		.loc 1 3400 3 is_stmt 1 view .LVU2091
 6294 001c FFF7FEFF 		bl	HAL_SPI_ErrorCallback
 6295              	.LVL397:
3402:Drivers/STM32G4xx_HAL_Driver/Src/stm32g4xx_hal_spi.c **** 
 6296              		.loc 1 3402 1 is_stmt 0 view .LVU2092
 6297 0020 08BD     		pop	{r3, pc}
 6298              		.cfi_endproc
ARM GAS  C:\Users\Booster\AppData\Local\Temp\ccQdKe81.s 			page 222


 6299              	.LFE364:
 6301              		.section	.text.SPI_DMATransmitCplt,"ax",%progbits
 6302              		.align	1
 6303              		.syntax unified
 6304              		.thumb
 6305              		.thumb_func
 6307              	SPI_DMATransmitCplt:
 6308              	.LVL398:
 6309              	.LFB358:
3060:Drivers/STM32G4xx_HAL_Driver/Src/stm32g4xx_hal_spi.c ****   SPI_HandleTypeDef *hspi = (SPI_HandleTypeDef *)(((DMA_HandleTypeDef *)hdma)->Parent); /* Derogati
 6310              		.loc 1 3060 1 is_stmt 1 view -0
 6311              		.cfi_startproc
 6312              		@ args = 0, pretend = 0, frame = 8
 6313              		@ frame_needed = 0, uses_anonymous_args = 0
3060:Drivers/STM32G4xx_HAL_Driver/Src/stm32g4xx_hal_spi.c ****   SPI_HandleTypeDef *hspi = (SPI_HandleTypeDef *)(((DMA_HandleTypeDef *)hdma)->Parent); /* Derogati
 6314              		.loc 1 3060 1 is_stmt 0 view .LVU2094
 6315 0000 30B5     		push	{r4, r5, lr}
 6316              	.LCFI70:
 6317              		.cfi_def_cfa_offset 12
 6318              		.cfi_offset 4, -12
 6319              		.cfi_offset 5, -8
 6320              		.cfi_offset 14, -4
 6321 0002 83B0     		sub	sp, sp, #12
 6322              	.LCFI71:
 6323              		.cfi_def_cfa_offset 24
 6324 0004 0546     		mov	r5, r0
3061:Drivers/STM32G4xx_HAL_Driver/Src/stm32g4xx_hal_spi.c ****   uint32_t tickstart;
 6325              		.loc 1 3061 3 is_stmt 1 view .LVU2095
3061:Drivers/STM32G4xx_HAL_Driver/Src/stm32g4xx_hal_spi.c ****   uint32_t tickstart;
 6326              		.loc 1 3061 22 is_stmt 0 view .LVU2096
 6327 0006 846A     		ldr	r4, [r0, #40]
 6328              	.LVL399:
3062:Drivers/STM32G4xx_HAL_Driver/Src/stm32g4xx_hal_spi.c **** 
 6329              		.loc 1 3062 3 is_stmt 1 view .LVU2097
3065:Drivers/STM32G4xx_HAL_Driver/Src/stm32g4xx_hal_spi.c **** 
 6330              		.loc 1 3065 3 view .LVU2098
3065:Drivers/STM32G4xx_HAL_Driver/Src/stm32g4xx_hal_spi.c **** 
 6331              		.loc 1 3065 15 is_stmt 0 view .LVU2099
 6332 0008 FFF7FEFF 		bl	HAL_GetTick
 6333              	.LVL400:
3068:Drivers/STM32G4xx_HAL_Driver/Src/stm32g4xx_hal_spi.c ****   {
 6334              		.loc 1 3068 3 is_stmt 1 view .LVU2100
3068:Drivers/STM32G4xx_HAL_Driver/Src/stm32g4xx_hal_spi.c ****   {
 6335              		.loc 1 3068 12 is_stmt 0 view .LVU2101
 6336 000c 2B68     		ldr	r3, [r5]
3068:Drivers/STM32G4xx_HAL_Driver/Src/stm32g4xx_hal_spi.c ****   {
 6337              		.loc 1 3068 22 view .LVU2102
 6338 000e 1B68     		ldr	r3, [r3]
3068:Drivers/STM32G4xx_HAL_Driver/Src/stm32g4xx_hal_spi.c ****   {
 6339              		.loc 1 3068 6 view .LVU2103
 6340 0010 13F0200F 		tst	r3, #32
 6341 0014 23D1     		bne	.L424
 6342 0016 0246     		mov	r2, r0
3071:Drivers/STM32G4xx_HAL_Driver/Src/stm32g4xx_hal_spi.c **** 
 6343              		.loc 1 3071 5 is_stmt 1 view .LVU2104
 6344 0018 2168     		ldr	r1, [r4]
 6345 001a 4B68     		ldr	r3, [r1, #4]
ARM GAS  C:\Users\Booster\AppData\Local\Temp\ccQdKe81.s 			page 223


 6346 001c 23F02003 		bic	r3, r3, #32
 6347 0020 4B60     		str	r3, [r1, #4]
3074:Drivers/STM32G4xx_HAL_Driver/Src/stm32g4xx_hal_spi.c **** 
 6348              		.loc 1 3074 5 view .LVU2105
 6349 0022 2168     		ldr	r1, [r4]
 6350 0024 4B68     		ldr	r3, [r1, #4]
 6351 0026 23F00203 		bic	r3, r3, #2
 6352 002a 4B60     		str	r3, [r1, #4]
3077:Drivers/STM32G4xx_HAL_Driver/Src/stm32g4xx_hal_spi.c ****     {
 6353              		.loc 1 3077 5 view .LVU2106
3077:Drivers/STM32G4xx_HAL_Driver/Src/stm32g4xx_hal_spi.c ****     {
 6354              		.loc 1 3077 9 is_stmt 0 view .LVU2107
 6355 002c 6421     		movs	r1, #100
 6356 002e 2046     		mov	r0, r4
 6357              	.LVL401:
3077:Drivers/STM32G4xx_HAL_Driver/Src/stm32g4xx_hal_spi.c ****     {
 6358              		.loc 1 3077 9 view .LVU2108
 6359 0030 FFF7FEFF 		bl	SPI_EndRxTxTransaction
 6360              	.LVL402:
3077:Drivers/STM32G4xx_HAL_Driver/Src/stm32g4xx_hal_spi.c ****     {
 6361              		.loc 1 3077 8 view .LVU2109
 6362 0034 18B1     		cbz	r0, .L425
3079:Drivers/STM32G4xx_HAL_Driver/Src/stm32g4xx_hal_spi.c ****     }
 6363              		.loc 1 3079 7 is_stmt 1 view .LVU2110
 6364 0036 236E     		ldr	r3, [r4, #96]
 6365 0038 43F02003 		orr	r3, r3, #32
 6366 003c 2366     		str	r3, [r4, #96]
 6367              	.L425:
3083:Drivers/STM32G4xx_HAL_Driver/Src/stm32g4xx_hal_spi.c ****     {
 6368              		.loc 1 3083 5 view .LVU2111
3083:Drivers/STM32G4xx_HAL_Driver/Src/stm32g4xx_hal_spi.c ****     {
 6369              		.loc 1 3083 19 is_stmt 0 view .LVU2112
 6370 003e A368     		ldr	r3, [r4, #8]
3083:Drivers/STM32G4xx_HAL_Driver/Src/stm32g4xx_hal_spi.c ****     {
 6371              		.loc 1 3083 8 view .LVU2113
 6372 0040 33B9     		cbnz	r3, .L426
3085:Drivers/STM32G4xx_HAL_Driver/Src/stm32g4xx_hal_spi.c ****     }
 6373              		.loc 1 3085 7 is_stmt 1 view .LVU2114
 6374              	.LBB6:
3085:Drivers/STM32G4xx_HAL_Driver/Src/stm32g4xx_hal_spi.c ****     }
 6375              		.loc 1 3085 7 view .LVU2115
 6376 0042 0193     		str	r3, [sp, #4]
3085:Drivers/STM32G4xx_HAL_Driver/Src/stm32g4xx_hal_spi.c ****     }
 6377              		.loc 1 3085 7 view .LVU2116
 6378 0044 2368     		ldr	r3, [r4]
 6379 0046 DA68     		ldr	r2, [r3, #12]
 6380 0048 0192     		str	r2, [sp, #4]
3085:Drivers/STM32G4xx_HAL_Driver/Src/stm32g4xx_hal_spi.c ****     }
 6381              		.loc 1 3085 7 view .LVU2117
 6382 004a 9B68     		ldr	r3, [r3, #8]
 6383 004c 0193     		str	r3, [sp, #4]
3085:Drivers/STM32G4xx_HAL_Driver/Src/stm32g4xx_hal_spi.c ****     }
 6384              		.loc 1 3085 7 view .LVU2118
 6385 004e 019B     		ldr	r3, [sp, #4]
 6386              	.L426:
 6387              	.LBE6:
3085:Drivers/STM32G4xx_HAL_Driver/Src/stm32g4xx_hal_spi.c ****     }
ARM GAS  C:\Users\Booster\AppData\Local\Temp\ccQdKe81.s 			page 224


 6388              		.loc 1 3085 7 discriminator 1 view .LVU2119
3088:Drivers/STM32G4xx_HAL_Driver/Src/stm32g4xx_hal_spi.c ****     hspi->State = HAL_SPI_STATE_READY;
 6389              		.loc 1 3088 5 discriminator 1 view .LVU2120
3088:Drivers/STM32G4xx_HAL_Driver/Src/stm32g4xx_hal_spi.c ****     hspi->State = HAL_SPI_STATE_READY;
 6390              		.loc 1 3088 23 is_stmt 0 discriminator 1 view .LVU2121
 6391 0050 0023     		movs	r3, #0
 6392 0052 E387     		strh	r3, [r4, #62]	@ movhi
3089:Drivers/STM32G4xx_HAL_Driver/Src/stm32g4xx_hal_spi.c **** 
 6393              		.loc 1 3089 5 is_stmt 1 discriminator 1 view .LVU2122
3089:Drivers/STM32G4xx_HAL_Driver/Src/stm32g4xx_hal_spi.c **** 
 6394              		.loc 1 3089 17 is_stmt 0 discriminator 1 view .LVU2123
 6395 0054 0123     		movs	r3, #1
 6396 0056 84F85D30 		strb	r3, [r4, #93]
3091:Drivers/STM32G4xx_HAL_Driver/Src/stm32g4xx_hal_spi.c ****     {
 6397              		.loc 1 3091 5 is_stmt 1 discriminator 1 view .LVU2124
3091:Drivers/STM32G4xx_HAL_Driver/Src/stm32g4xx_hal_spi.c ****     {
 6398              		.loc 1 3091 13 is_stmt 0 discriminator 1 view .LVU2125
 6399 005a 236E     		ldr	r3, [r4, #96]
3091:Drivers/STM32G4xx_HAL_Driver/Src/stm32g4xx_hal_spi.c ****     {
 6400              		.loc 1 3091 8 discriminator 1 view .LVU2126
 6401 005c 23B9     		cbnz	r3, .L429
 6402              	.L424:
3106:Drivers/STM32G4xx_HAL_Driver/Src/stm32g4xx_hal_spi.c **** #endif /* USE_HAL_SPI_REGISTER_CALLBACKS */
 6403              		.loc 1 3106 3 is_stmt 1 view .LVU2127
 6404 005e 2046     		mov	r0, r4
 6405 0060 FFF7FEFF 		bl	HAL_SPI_TxCpltCallback
 6406              	.LVL403:
 6407              	.L423:
3108:Drivers/STM32G4xx_HAL_Driver/Src/stm32g4xx_hal_spi.c **** 
 6408              		.loc 1 3108 1 is_stmt 0 view .LVU2128
 6409 0064 03B0     		add	sp, sp, #12
 6410              	.LCFI72:
 6411              		.cfi_remember_state
 6412              		.cfi_def_cfa_offset 12
 6413              		@ sp needed
 6414 0066 30BD     		pop	{r4, r5, pc}
 6415              	.LVL404:
 6416              	.L429:
 6417              	.LCFI73:
 6418              		.cfi_restore_state
3097:Drivers/STM32G4xx_HAL_Driver/Src/stm32g4xx_hal_spi.c **** #endif /* USE_HAL_SPI_REGISTER_CALLBACKS */
 6419              		.loc 1 3097 7 is_stmt 1 view .LVU2129
 6420 0068 2046     		mov	r0, r4
 6421 006a FFF7FEFF 		bl	HAL_SPI_ErrorCallback
 6422              	.LVL405:
3099:Drivers/STM32G4xx_HAL_Driver/Src/stm32g4xx_hal_spi.c ****     }
 6423              		.loc 1 3099 7 view .LVU2130
 6424 006e F9E7     		b	.L423
 6425              		.cfi_endproc
 6426              	.LFE358:
 6428              		.section	.text.SPI_DMAReceiveCplt,"ax",%progbits
 6429              		.align	1
 6430              		.syntax unified
 6431              		.thumb
 6432              		.thumb_func
 6434              	SPI_DMAReceiveCplt:
 6435              	.LVL406:
ARM GAS  C:\Users\Booster\AppData\Local\Temp\ccQdKe81.s 			page 225


 6436              	.LFB359:
3117:Drivers/STM32G4xx_HAL_Driver/Src/stm32g4xx_hal_spi.c ****   SPI_HandleTypeDef *hspi = (SPI_HandleTypeDef *)(((DMA_HandleTypeDef *)hdma)->Parent); /* Derogati
 6437              		.loc 1 3117 1 view -0
 6438              		.cfi_startproc
 6439              		@ args = 0, pretend = 0, frame = 0
 6440              		@ frame_needed = 0, uses_anonymous_args = 0
3117:Drivers/STM32G4xx_HAL_Driver/Src/stm32g4xx_hal_spi.c ****   SPI_HandleTypeDef *hspi = (SPI_HandleTypeDef *)(((DMA_HandleTypeDef *)hdma)->Parent); /* Derogati
 6441              		.loc 1 3117 1 is_stmt 0 view .LVU2132
 6442 0000 38B5     		push	{r3, r4, r5, lr}
 6443              	.LCFI74:
 6444              		.cfi_def_cfa_offset 16
 6445              		.cfi_offset 3, -16
 6446              		.cfi_offset 4, -12
 6447              		.cfi_offset 5, -8
 6448              		.cfi_offset 14, -4
 6449 0002 0546     		mov	r5, r0
3118:Drivers/STM32G4xx_HAL_Driver/Src/stm32g4xx_hal_spi.c ****   uint32_t tickstart;
 6450              		.loc 1 3118 3 is_stmt 1 view .LVU2133
3118:Drivers/STM32G4xx_HAL_Driver/Src/stm32g4xx_hal_spi.c ****   uint32_t tickstart;
 6451              		.loc 1 3118 22 is_stmt 0 view .LVU2134
 6452 0004 846A     		ldr	r4, [r0, #40]
 6453              	.LVL407:
3119:Drivers/STM32G4xx_HAL_Driver/Src/stm32g4xx_hal_spi.c **** #if (USE_SPI_CRC != 0U)
 6454              		.loc 1 3119 3 is_stmt 1 view .LVU2135
3127:Drivers/STM32G4xx_HAL_Driver/Src/stm32g4xx_hal_spi.c **** 
 6455              		.loc 1 3127 3 view .LVU2136
3127:Drivers/STM32G4xx_HAL_Driver/Src/stm32g4xx_hal_spi.c **** 
 6456              		.loc 1 3127 15 is_stmt 0 view .LVU2137
 6457 0006 FFF7FEFF 		bl	HAL_GetTick
 6458              	.LVL408:
3130:Drivers/STM32G4xx_HAL_Driver/Src/stm32g4xx_hal_spi.c ****   {
 6459              		.loc 1 3130 3 is_stmt 1 view .LVU2138
3130:Drivers/STM32G4xx_HAL_Driver/Src/stm32g4xx_hal_spi.c ****   {
 6460              		.loc 1 3130 12 is_stmt 0 view .LVU2139
 6461 000a 2B68     		ldr	r3, [r5]
3130:Drivers/STM32G4xx_HAL_Driver/Src/stm32g4xx_hal_spi.c ****   {
 6462              		.loc 1 3130 22 view .LVU2140
 6463 000c 1B68     		ldr	r3, [r3]
3130:Drivers/STM32G4xx_HAL_Driver/Src/stm32g4xx_hal_spi.c ****   {
 6464              		.loc 1 3130 6 view .LVU2141
 6465 000e 13F0200F 		tst	r3, #32
 6466 0012 1FD1     		bne	.L431
 6467 0014 0246     		mov	r2, r0
3133:Drivers/STM32G4xx_HAL_Driver/Src/stm32g4xx_hal_spi.c **** 
 6468              		.loc 1 3133 5 is_stmt 1 view .LVU2142
 6469 0016 2168     		ldr	r1, [r4]
 6470 0018 4B68     		ldr	r3, [r1, #4]
 6471 001a 23F02003 		bic	r3, r3, #32
 6472 001e 4B60     		str	r3, [r1, #4]
3179:Drivers/STM32G4xx_HAL_Driver/Src/stm32g4xx_hal_spi.c ****     {
 6473              		.loc 1 3179 5 view .LVU2143
3179:Drivers/STM32G4xx_HAL_Driver/Src/stm32g4xx_hal_spi.c ****     {
 6474              		.loc 1 3179 20 is_stmt 0 view .LVU2144
 6475 0020 A368     		ldr	r3, [r4, #8]
3179:Drivers/STM32G4xx_HAL_Driver/Src/stm32g4xx_hal_spi.c ****     {
 6476              		.loc 1 3179 8 view .LVU2145
 6477 0022 1BB9     		cbnz	r3, .L432
ARM GAS  C:\Users\Booster\AppData\Local\Temp\ccQdKe81.s 			page 226


3179:Drivers/STM32G4xx_HAL_Driver/Src/stm32g4xx_hal_spi.c ****     {
 6478              		.loc 1 3179 70 discriminator 1 view .LVU2146
 6479 0024 6368     		ldr	r3, [r4, #4]
3179:Drivers/STM32G4xx_HAL_Driver/Src/stm32g4xx_hal_spi.c ****     {
 6480              		.loc 1 3179 56 discriminator 1 view .LVU2147
 6481 0026 B3F5827F 		cmp	r3, #260
 6482 002a 17D0     		beq	.L437
 6483              	.L432:
3187:Drivers/STM32G4xx_HAL_Driver/Src/stm32g4xx_hal_spi.c ****     }
 6484              		.loc 1 3187 7 is_stmt 1 view .LVU2148
 6485 002c 2168     		ldr	r1, [r4]
 6486 002e 4B68     		ldr	r3, [r1, #4]
 6487 0030 23F00103 		bic	r3, r3, #1
 6488 0034 4B60     		str	r3, [r1, #4]
 6489              	.L433:
3191:Drivers/STM32G4xx_HAL_Driver/Src/stm32g4xx_hal_spi.c ****     {
 6490              		.loc 1 3191 5 view .LVU2149
3191:Drivers/STM32G4xx_HAL_Driver/Src/stm32g4xx_hal_spi.c ****     {
 6491              		.loc 1 3191 9 is_stmt 0 view .LVU2150
 6492 0036 6421     		movs	r1, #100
 6493 0038 2046     		mov	r0, r4
 6494              	.LVL409:
3191:Drivers/STM32G4xx_HAL_Driver/Src/stm32g4xx_hal_spi.c ****     {
 6495              		.loc 1 3191 9 view .LVU2151
 6496 003a FFF7FEFF 		bl	SPI_EndRxTransaction
 6497              	.LVL410:
3191:Drivers/STM32G4xx_HAL_Driver/Src/stm32g4xx_hal_spi.c ****     {
 6498              		.loc 1 3191 8 view .LVU2152
 6499 003e 08B1     		cbz	r0, .L434
3193:Drivers/STM32G4xx_HAL_Driver/Src/stm32g4xx_hal_spi.c ****     }
 6500              		.loc 1 3193 7 is_stmt 1 view .LVU2153
3193:Drivers/STM32G4xx_HAL_Driver/Src/stm32g4xx_hal_spi.c ****     }
 6501              		.loc 1 3193 23 is_stmt 0 view .LVU2154
 6502 0040 2023     		movs	r3, #32
 6503 0042 2366     		str	r3, [r4, #96]
 6504              	.L434:
3196:Drivers/STM32G4xx_HAL_Driver/Src/stm32g4xx_hal_spi.c ****     hspi->State = HAL_SPI_STATE_READY;
 6505              		.loc 1 3196 5 is_stmt 1 view .LVU2155
3196:Drivers/STM32G4xx_HAL_Driver/Src/stm32g4xx_hal_spi.c ****     hspi->State = HAL_SPI_STATE_READY;
 6506              		.loc 1 3196 23 is_stmt 0 view .LVU2156
 6507 0044 0023     		movs	r3, #0
 6508 0046 A4F84630 		strh	r3, [r4, #70]	@ movhi
3197:Drivers/STM32G4xx_HAL_Driver/Src/stm32g4xx_hal_spi.c **** 
 6509              		.loc 1 3197 5 is_stmt 1 view .LVU2157
3197:Drivers/STM32G4xx_HAL_Driver/Src/stm32g4xx_hal_spi.c **** 
 6510              		.loc 1 3197 17 is_stmt 0 view .LVU2158
 6511 004a 0123     		movs	r3, #1
 6512 004c 84F85D30 		strb	r3, [r4, #93]
3208:Drivers/STM32G4xx_HAL_Driver/Src/stm32g4xx_hal_spi.c ****     {
 6513              		.loc 1 3208 5 is_stmt 1 view .LVU2159
3208:Drivers/STM32G4xx_HAL_Driver/Src/stm32g4xx_hal_spi.c ****     {
 6514              		.loc 1 3208 13 is_stmt 0 view .LVU2160
 6515 0050 236E     		ldr	r3, [r4, #96]
3208:Drivers/STM32G4xx_HAL_Driver/Src/stm32g4xx_hal_spi.c ****     {
 6516              		.loc 1 3208 8 view .LVU2161
 6517 0052 4BB9     		cbnz	r3, .L438
 6518              	.L431:
ARM GAS  C:\Users\Booster\AppData\Local\Temp\ccQdKe81.s 			page 227


3223:Drivers/STM32G4xx_HAL_Driver/Src/stm32g4xx_hal_spi.c **** #endif /* USE_HAL_SPI_REGISTER_CALLBACKS */
 6519              		.loc 1 3223 3 is_stmt 1 view .LVU2162
 6520 0054 2046     		mov	r0, r4
 6521 0056 FFF7FEFF 		bl	HAL_SPI_RxCpltCallback
 6522              	.LVL411:
 6523              	.L430:
3225:Drivers/STM32G4xx_HAL_Driver/Src/stm32g4xx_hal_spi.c **** 
 6524              		.loc 1 3225 1 is_stmt 0 view .LVU2163
 6525 005a 38BD     		pop	{r3, r4, r5, pc}
 6526              	.LVL412:
 6527              	.L437:
3182:Drivers/STM32G4xx_HAL_Driver/Src/stm32g4xx_hal_spi.c ****     }
 6528              		.loc 1 3182 7 is_stmt 1 view .LVU2164
 6529 005c 2168     		ldr	r1, [r4]
 6530 005e 4B68     		ldr	r3, [r1, #4]
 6531 0060 23F00303 		bic	r3, r3, #3
 6532 0064 4B60     		str	r3, [r1, #4]
 6533 0066 E6E7     		b	.L433
 6534              	.LVL413:
 6535              	.L438:
3214:Drivers/STM32G4xx_HAL_Driver/Src/stm32g4xx_hal_spi.c **** #endif /* USE_HAL_SPI_REGISTER_CALLBACKS */
 6536              		.loc 1 3214 7 view .LVU2165
 6537 0068 2046     		mov	r0, r4
 6538 006a FFF7FEFF 		bl	HAL_SPI_ErrorCallback
 6539              	.LVL414:
3216:Drivers/STM32G4xx_HAL_Driver/Src/stm32g4xx_hal_spi.c ****     }
 6540              		.loc 1 3216 7 view .LVU2166
 6541 006e F4E7     		b	.L430
 6542              		.cfi_endproc
 6543              	.LFE359:
 6545              		.section	.text.SPI_DMATransmitReceiveCplt,"ax",%progbits
 6546              		.align	1
 6547              		.syntax unified
 6548              		.thumb
 6549              		.thumb_func
 6551              	SPI_DMATransmitReceiveCplt:
 6552              	.LVL415:
 6553              	.LFB360:
3234:Drivers/STM32G4xx_HAL_Driver/Src/stm32g4xx_hal_spi.c ****   SPI_HandleTypeDef *hspi = (SPI_HandleTypeDef *)(((DMA_HandleTypeDef *)hdma)->Parent); /* Derogati
 6554              		.loc 1 3234 1 view -0
 6555              		.cfi_startproc
 6556              		@ args = 0, pretend = 0, frame = 0
 6557              		@ frame_needed = 0, uses_anonymous_args = 0
3234:Drivers/STM32G4xx_HAL_Driver/Src/stm32g4xx_hal_spi.c ****   SPI_HandleTypeDef *hspi = (SPI_HandleTypeDef *)(((DMA_HandleTypeDef *)hdma)->Parent); /* Derogati
 6558              		.loc 1 3234 1 is_stmt 0 view .LVU2168
 6559 0000 38B5     		push	{r3, r4, r5, lr}
 6560              	.LCFI75:
 6561              		.cfi_def_cfa_offset 16
 6562              		.cfi_offset 3, -16
 6563              		.cfi_offset 4, -12
 6564              		.cfi_offset 5, -8
 6565              		.cfi_offset 14, -4
 6566 0002 0546     		mov	r5, r0
3235:Drivers/STM32G4xx_HAL_Driver/Src/stm32g4xx_hal_spi.c ****   uint32_t tickstart;
 6567              		.loc 1 3235 3 is_stmt 1 view .LVU2169
3235:Drivers/STM32G4xx_HAL_Driver/Src/stm32g4xx_hal_spi.c ****   uint32_t tickstart;
 6568              		.loc 1 3235 22 is_stmt 0 view .LVU2170
ARM GAS  C:\Users\Booster\AppData\Local\Temp\ccQdKe81.s 			page 228


 6569 0004 846A     		ldr	r4, [r0, #40]
 6570              	.LVL416:
3236:Drivers/STM32G4xx_HAL_Driver/Src/stm32g4xx_hal_spi.c **** #if (USE_SPI_CRC != 0U)
 6571              		.loc 1 3236 3 is_stmt 1 view .LVU2171
3244:Drivers/STM32G4xx_HAL_Driver/Src/stm32g4xx_hal_spi.c **** 
 6572              		.loc 1 3244 3 view .LVU2172
3244:Drivers/STM32G4xx_HAL_Driver/Src/stm32g4xx_hal_spi.c **** 
 6573              		.loc 1 3244 15 is_stmt 0 view .LVU2173
 6574 0006 FFF7FEFF 		bl	HAL_GetTick
 6575              	.LVL417:
3247:Drivers/STM32G4xx_HAL_Driver/Src/stm32g4xx_hal_spi.c ****   {
 6576              		.loc 1 3247 3 is_stmt 1 view .LVU2174
3247:Drivers/STM32G4xx_HAL_Driver/Src/stm32g4xx_hal_spi.c ****   {
 6577              		.loc 1 3247 12 is_stmt 0 view .LVU2175
 6578 000a 2B68     		ldr	r3, [r5]
3247:Drivers/STM32G4xx_HAL_Driver/Src/stm32g4xx_hal_spi.c ****   {
 6579              		.loc 1 3247 22 view .LVU2176
 6580 000c 1B68     		ldr	r3, [r3]
3247:Drivers/STM32G4xx_HAL_Driver/Src/stm32g4xx_hal_spi.c ****   {
 6581              		.loc 1 3247 6 view .LVU2177
 6582 000e 13F0200F 		tst	r3, #32
 6583 0012 1CD1     		bne	.L440
 6584 0014 0246     		mov	r2, r0
3250:Drivers/STM32G4xx_HAL_Driver/Src/stm32g4xx_hal_spi.c **** 
 6585              		.loc 1 3250 5 is_stmt 1 view .LVU2178
 6586 0016 2168     		ldr	r1, [r4]
 6587 0018 4B68     		ldr	r3, [r1, #4]
 6588 001a 23F02003 		bic	r3, r3, #32
 6589 001e 4B60     		str	r3, [r1, #4]
3287:Drivers/STM32G4xx_HAL_Driver/Src/stm32g4xx_hal_spi.c ****     {
 6590              		.loc 1 3287 5 view .LVU2179
3287:Drivers/STM32G4xx_HAL_Driver/Src/stm32g4xx_hal_spi.c ****     {
 6591              		.loc 1 3287 9 is_stmt 0 view .LVU2180
 6592 0020 6421     		movs	r1, #100
 6593 0022 2046     		mov	r0, r4
 6594              	.LVL418:
3287:Drivers/STM32G4xx_HAL_Driver/Src/stm32g4xx_hal_spi.c ****     {
 6595              		.loc 1 3287 9 view .LVU2181
 6596 0024 FFF7FEFF 		bl	SPI_EndRxTxTransaction
 6597              	.LVL419:
3287:Drivers/STM32G4xx_HAL_Driver/Src/stm32g4xx_hal_spi.c ****     {
 6598              		.loc 1 3287 8 view .LVU2182
 6599 0028 18B1     		cbz	r0, .L441
3289:Drivers/STM32G4xx_HAL_Driver/Src/stm32g4xx_hal_spi.c ****     }
 6600              		.loc 1 3289 7 is_stmt 1 view .LVU2183
 6601 002a 236E     		ldr	r3, [r4, #96]
 6602 002c 43F02003 		orr	r3, r3, #32
 6603 0030 2366     		str	r3, [r4, #96]
 6604              	.L441:
3293:Drivers/STM32G4xx_HAL_Driver/Src/stm32g4xx_hal_spi.c **** 
 6605              		.loc 1 3293 5 view .LVU2184
 6606 0032 2268     		ldr	r2, [r4]
 6607 0034 5368     		ldr	r3, [r2, #4]
 6608 0036 23F00303 		bic	r3, r3, #3
 6609 003a 5360     		str	r3, [r2, #4]
3295:Drivers/STM32G4xx_HAL_Driver/Src/stm32g4xx_hal_spi.c ****     hspi->RxXferCount = 0U;
 6610              		.loc 1 3295 5 view .LVU2185
ARM GAS  C:\Users\Booster\AppData\Local\Temp\ccQdKe81.s 			page 229


3295:Drivers/STM32G4xx_HAL_Driver/Src/stm32g4xx_hal_spi.c ****     hspi->RxXferCount = 0U;
 6611              		.loc 1 3295 23 is_stmt 0 view .LVU2186
 6612 003c 0023     		movs	r3, #0
 6613 003e E387     		strh	r3, [r4, #62]	@ movhi
3296:Drivers/STM32G4xx_HAL_Driver/Src/stm32g4xx_hal_spi.c ****     hspi->State = HAL_SPI_STATE_READY;
 6614              		.loc 1 3296 5 is_stmt 1 view .LVU2187
3296:Drivers/STM32G4xx_HAL_Driver/Src/stm32g4xx_hal_spi.c ****     hspi->State = HAL_SPI_STATE_READY;
 6615              		.loc 1 3296 23 is_stmt 0 view .LVU2188
 6616 0040 A4F84630 		strh	r3, [r4, #70]	@ movhi
3297:Drivers/STM32G4xx_HAL_Driver/Src/stm32g4xx_hal_spi.c **** 
 6617              		.loc 1 3297 5 is_stmt 1 view .LVU2189
3297:Drivers/STM32G4xx_HAL_Driver/Src/stm32g4xx_hal_spi.c **** 
 6618              		.loc 1 3297 17 is_stmt 0 view .LVU2190
 6619 0044 0123     		movs	r3, #1
 6620 0046 84F85D30 		strb	r3, [r4, #93]
3308:Drivers/STM32G4xx_HAL_Driver/Src/stm32g4xx_hal_spi.c ****     {
 6621              		.loc 1 3308 5 is_stmt 1 view .LVU2191
3308:Drivers/STM32G4xx_HAL_Driver/Src/stm32g4xx_hal_spi.c ****     {
 6622              		.loc 1 3308 13 is_stmt 0 view .LVU2192
 6623 004a 236E     		ldr	r3, [r4, #96]
3308:Drivers/STM32G4xx_HAL_Driver/Src/stm32g4xx_hal_spi.c ****     {
 6624              		.loc 1 3308 8 view .LVU2193
 6625 004c 1BB9     		cbnz	r3, .L444
 6626              	.L440:
3323:Drivers/STM32G4xx_HAL_Driver/Src/stm32g4xx_hal_spi.c **** #endif /* USE_HAL_SPI_REGISTER_CALLBACKS */
 6627              		.loc 1 3323 3 is_stmt 1 view .LVU2194
 6628 004e 2046     		mov	r0, r4
 6629 0050 FFF7FEFF 		bl	HAL_SPI_TxRxCpltCallback
 6630              	.LVL420:
 6631              	.L439:
3325:Drivers/STM32G4xx_HAL_Driver/Src/stm32g4xx_hal_spi.c **** 
 6632              		.loc 1 3325 1 is_stmt 0 view .LVU2195
 6633 0054 38BD     		pop	{r3, r4, r5, pc}
 6634              	.LVL421:
 6635              	.L444:
3314:Drivers/STM32G4xx_HAL_Driver/Src/stm32g4xx_hal_spi.c **** #endif /* USE_HAL_SPI_REGISTER_CALLBACKS */
 6636              		.loc 1 3314 7 is_stmt 1 view .LVU2196
 6637 0056 2046     		mov	r0, r4
 6638 0058 FFF7FEFF 		bl	HAL_SPI_ErrorCallback
 6639              	.LVL422:
3316:Drivers/STM32G4xx_HAL_Driver/Src/stm32g4xx_hal_spi.c ****     }
 6640              		.loc 1 3316 7 view .LVU2197
 6641 005c FAE7     		b	.L439
 6642              		.cfi_endproc
 6643              	.LFE360:
 6645              		.section	.text.HAL_SPI_IRQHandler,"ax",%progbits
 6646              		.align	1
 6647              		.global	HAL_SPI_IRQHandler
 6648              		.syntax unified
 6649              		.thumb
 6650              		.thumb_func
 6652              	HAL_SPI_IRQHandler:
 6653              	.LVL423:
 6654              	.LFB347:
2767:Drivers/STM32G4xx_HAL_Driver/Src/stm32g4xx_hal_spi.c ****   uint32_t itsource = hspi->Instance->CR2;
 6655              		.loc 1 2767 1 view -0
 6656              		.cfi_startproc
ARM GAS  C:\Users\Booster\AppData\Local\Temp\ccQdKe81.s 			page 230


 6657              		@ args = 0, pretend = 0, frame = 16
 6658              		@ frame_needed = 0, uses_anonymous_args = 0
2767:Drivers/STM32G4xx_HAL_Driver/Src/stm32g4xx_hal_spi.c ****   uint32_t itsource = hspi->Instance->CR2;
 6659              		.loc 1 2767 1 is_stmt 0 view .LVU2199
 6660 0000 10B5     		push	{r4, lr}
 6661              	.LCFI76:
 6662              		.cfi_def_cfa_offset 8
 6663              		.cfi_offset 4, -8
 6664              		.cfi_offset 14, -4
 6665 0002 84B0     		sub	sp, sp, #16
 6666              	.LCFI77:
 6667              		.cfi_def_cfa_offset 24
 6668 0004 0446     		mov	r4, r0
2768:Drivers/STM32G4xx_HAL_Driver/Src/stm32g4xx_hal_spi.c ****   uint32_t itflag   = hspi->Instance->SR;
 6669              		.loc 1 2768 3 is_stmt 1 view .LVU2200
2768:Drivers/STM32G4xx_HAL_Driver/Src/stm32g4xx_hal_spi.c ****   uint32_t itflag   = hspi->Instance->SR;
 6670              		.loc 1 2768 27 is_stmt 0 view .LVU2201
 6671 0006 0268     		ldr	r2, [r0]
2768:Drivers/STM32G4xx_HAL_Driver/Src/stm32g4xx_hal_spi.c ****   uint32_t itflag   = hspi->Instance->SR;
 6672              		.loc 1 2768 12 view .LVU2202
 6673 0008 5168     		ldr	r1, [r2, #4]
 6674              	.LVL424:
2769:Drivers/STM32G4xx_HAL_Driver/Src/stm32g4xx_hal_spi.c **** 
 6675              		.loc 1 2769 3 is_stmt 1 view .LVU2203
2769:Drivers/STM32G4xx_HAL_Driver/Src/stm32g4xx_hal_spi.c **** 
 6676              		.loc 1 2769 12 is_stmt 0 view .LVU2204
 6677 000a 9368     		ldr	r3, [r2, #8]
 6678              	.LVL425:
2772:Drivers/STM32G4xx_HAL_Driver/Src/stm32g4xx_hal_spi.c ****       (SPI_CHECK_FLAG(itflag, SPI_FLAG_RXNE) != RESET) && (SPI_CHECK_IT_SOURCE(itsource, SPI_IT_RXN
 6679              		.loc 1 2772 3 is_stmt 1 view .LVU2205
2772:Drivers/STM32G4xx_HAL_Driver/Src/stm32g4xx_hal_spi.c ****       (SPI_CHECK_FLAG(itflag, SPI_FLAG_RXNE) != RESET) && (SPI_CHECK_IT_SOURCE(itsource, SPI_IT_RXN
 6680              		.loc 1 2772 55 is_stmt 0 view .LVU2206
 6681 000c 03F04100 		and	r0, r3, #65
 6682              	.LVL426:
2772:Drivers/STM32G4xx_HAL_Driver/Src/stm32g4xx_hal_spi.c ****       (SPI_CHECK_FLAG(itflag, SPI_FLAG_RXNE) != RESET) && (SPI_CHECK_IT_SOURCE(itsource, SPI_IT_RXN
 6683              		.loc 1 2772 6 view .LVU2207
 6684 0010 0128     		cmp	r0, #1
 6685 0012 67D0     		beq	.L457
 6686              	.L446:
2780:Drivers/STM32G4xx_HAL_Driver/Src/stm32g4xx_hal_spi.c ****   {
 6687              		.loc 1 2780 3 is_stmt 1 view .LVU2208
2780:Drivers/STM32G4xx_HAL_Driver/Src/stm32g4xx_hal_spi.c ****   {
 6688              		.loc 1 2780 6 is_stmt 0 view .LVU2209
 6689 0014 13F0020F 		tst	r3, #2
 6690 0018 02D0     		beq	.L448
2780:Drivers/STM32G4xx_HAL_Driver/Src/stm32g4xx_hal_spi.c ****   {
 6691              		.loc 1 2780 55 discriminator 1 view .LVU2210
 6692 001a 11F0800F 		tst	r1, #128
 6693 001e 68D1     		bne	.L458
 6694              	.L448:
2787:Drivers/STM32G4xx_HAL_Driver/Src/stm32g4xx_hal_spi.c ****        || (SPI_CHECK_FLAG(itflag, SPI_FLAG_FRE) != RESET)) && (SPI_CHECK_IT_SOURCE(itsource, SPI_IT
 6695              		.loc 1 2787 3 is_stmt 1 view .LVU2211
2787:Drivers/STM32G4xx_HAL_Driver/Src/stm32g4xx_hal_spi.c ****        || (SPI_CHECK_FLAG(itflag, SPI_FLAG_FRE) != RESET)) && (SPI_CHECK_IT_SOURCE(itsource, SPI_IT
 6696              		.loc 1 2787 6 is_stmt 0 view .LVU2212
 6697 0020 13F4B07F 		tst	r3, #352
 6698 0024 68D0     		beq	.L445
2788:Drivers/STM32G4xx_HAL_Driver/Src/stm32g4xx_hal_spi.c ****   {
ARM GAS  C:\Users\Booster\AppData\Local\Temp\ccQdKe81.s 			page 231


 6699              		.loc 1 2788 60 view .LVU2213
 6700 0026 11F0200F 		tst	r1, #32
 6701 002a 65D0     		beq	.L445
2791:Drivers/STM32G4xx_HAL_Driver/Src/stm32g4xx_hal_spi.c ****     {
 6702              		.loc 1 2791 5 is_stmt 1 view .LVU2214
2791:Drivers/STM32G4xx_HAL_Driver/Src/stm32g4xx_hal_spi.c ****     {
 6703              		.loc 1 2791 8 is_stmt 0 view .LVU2215
 6704 002c 13F0400F 		tst	r3, #64
 6705 0030 0FD0     		beq	.L449
2793:Drivers/STM32G4xx_HAL_Driver/Src/stm32g4xx_hal_spi.c ****       {
 6706              		.loc 1 2793 7 is_stmt 1 view .LVU2216
2793:Drivers/STM32G4xx_HAL_Driver/Src/stm32g4xx_hal_spi.c ****       {
 6707              		.loc 1 2793 15 is_stmt 0 view .LVU2217
 6708 0032 94F85D00 		ldrb	r0, [r4, #93]	@ zero_extendqisi2
 6709 0036 C0B2     		uxtb	r0, r0
2793:Drivers/STM32G4xx_HAL_Driver/Src/stm32g4xx_hal_spi.c ****       {
 6710              		.loc 1 2793 10 view .LVU2218
 6711 0038 0328     		cmp	r0, #3
 6712 003a 5FD0     		beq	.L450
2795:Drivers/STM32G4xx_HAL_Driver/Src/stm32g4xx_hal_spi.c ****         __HAL_SPI_CLEAR_OVRFLAG(hspi);
 6713              		.loc 1 2795 9 is_stmt 1 view .LVU2219
 6714 003c 206E     		ldr	r0, [r4, #96]
 6715 003e 40F00400 		orr	r0, r0, #4
 6716 0042 2066     		str	r0, [r4, #96]
2796:Drivers/STM32G4xx_HAL_Driver/Src/stm32g4xx_hal_spi.c ****       }
 6717              		.loc 1 2796 9 view .LVU2220
 6718              	.LBB7:
2796:Drivers/STM32G4xx_HAL_Driver/Src/stm32g4xx_hal_spi.c ****       }
 6719              		.loc 1 2796 9 view .LVU2221
 6720 0044 0020     		movs	r0, #0
 6721 0046 0090     		str	r0, [sp]
2796:Drivers/STM32G4xx_HAL_Driver/Src/stm32g4xx_hal_spi.c ****       }
 6722              		.loc 1 2796 9 view .LVU2222
 6723 0048 D068     		ldr	r0, [r2, #12]
 6724 004a 0090     		str	r0, [sp]
2796:Drivers/STM32G4xx_HAL_Driver/Src/stm32g4xx_hal_spi.c ****       }
 6725              		.loc 1 2796 9 view .LVU2223
 6726 004c 9068     		ldr	r0, [r2, #8]
 6727 004e 0090     		str	r0, [sp]
2796:Drivers/STM32G4xx_HAL_Driver/Src/stm32g4xx_hal_spi.c ****       }
 6728              		.loc 1 2796 9 view .LVU2224
 6729 0050 0098     		ldr	r0, [sp]
 6730              	.LBE7:
2796:Drivers/STM32G4xx_HAL_Driver/Src/stm32g4xx_hal_spi.c ****       }
 6731              		.loc 1 2796 9 view .LVU2225
 6732              	.L449:
2806:Drivers/STM32G4xx_HAL_Driver/Src/stm32g4xx_hal_spi.c ****     {
 6733              		.loc 1 2806 5 view .LVU2226
2806:Drivers/STM32G4xx_HAL_Driver/Src/stm32g4xx_hal_spi.c ****     {
 6734              		.loc 1 2806 8 is_stmt 0 view .LVU2227
 6735 0052 13F0200F 		tst	r3, #32
 6736 0056 0CD0     		beq	.L451
2808:Drivers/STM32G4xx_HAL_Driver/Src/stm32g4xx_hal_spi.c ****       __HAL_SPI_CLEAR_MODFFLAG(hspi);
 6737              		.loc 1 2808 7 is_stmt 1 view .LVU2228
 6738 0058 206E     		ldr	r0, [r4, #96]
 6739 005a 40F00100 		orr	r0, r0, #1
 6740 005e 2066     		str	r0, [r4, #96]
ARM GAS  C:\Users\Booster\AppData\Local\Temp\ccQdKe81.s 			page 232


2809:Drivers/STM32G4xx_HAL_Driver/Src/stm32g4xx_hal_spi.c ****     }
 6741              		.loc 1 2809 7 view .LVU2229
 6742              	.LBB8:
2809:Drivers/STM32G4xx_HAL_Driver/Src/stm32g4xx_hal_spi.c ****     }
 6743              		.loc 1 2809 7 view .LVU2230
 6744 0060 0020     		movs	r0, #0
 6745 0062 0290     		str	r0, [sp, #8]
2809:Drivers/STM32G4xx_HAL_Driver/Src/stm32g4xx_hal_spi.c ****     }
 6746              		.loc 1 2809 7 view .LVU2231
 6747 0064 9068     		ldr	r0, [r2, #8]
 6748 0066 0290     		str	r0, [sp, #8]
2809:Drivers/STM32G4xx_HAL_Driver/Src/stm32g4xx_hal_spi.c ****     }
 6749              		.loc 1 2809 7 view .LVU2232
 6750 0068 1068     		ldr	r0, [r2]
 6751 006a 20F04000 		bic	r0, r0, #64
 6752 006e 1060     		str	r0, [r2]
2809:Drivers/STM32G4xx_HAL_Driver/Src/stm32g4xx_hal_spi.c ****     }
 6753              		.loc 1 2809 7 view .LVU2233
 6754 0070 029A     		ldr	r2, [sp, #8]
 6755              	.L451:
2809:Drivers/STM32G4xx_HAL_Driver/Src/stm32g4xx_hal_spi.c ****     }
 6756              		.loc 1 2809 7 is_stmt 0 view .LVU2234
 6757              	.LBE8:
2809:Drivers/STM32G4xx_HAL_Driver/Src/stm32g4xx_hal_spi.c ****     }
 6758              		.loc 1 2809 7 is_stmt 1 discriminator 1 view .LVU2235
2813:Drivers/STM32G4xx_HAL_Driver/Src/stm32g4xx_hal_spi.c ****     {
 6759              		.loc 1 2813 5 discriminator 1 view .LVU2236
2813:Drivers/STM32G4xx_HAL_Driver/Src/stm32g4xx_hal_spi.c ****     {
 6760              		.loc 1 2813 8 is_stmt 0 discriminator 1 view .LVU2237
 6761 0072 13F4807F 		tst	r3, #256
 6762 0076 09D0     		beq	.L452
2815:Drivers/STM32G4xx_HAL_Driver/Src/stm32g4xx_hal_spi.c ****       __HAL_SPI_CLEAR_FREFLAG(hspi);
 6763              		.loc 1 2815 7 is_stmt 1 view .LVU2238
 6764 0078 236E     		ldr	r3, [r4, #96]
 6765              	.LVL427:
2815:Drivers/STM32G4xx_HAL_Driver/Src/stm32g4xx_hal_spi.c ****       __HAL_SPI_CLEAR_FREFLAG(hspi);
 6766              		.loc 1 2815 7 is_stmt 0 view .LVU2239
 6767 007a 43F00803 		orr	r3, r3, #8
 6768 007e 2366     		str	r3, [r4, #96]
2816:Drivers/STM32G4xx_HAL_Driver/Src/stm32g4xx_hal_spi.c ****     }
 6769              		.loc 1 2816 7 is_stmt 1 view .LVU2240
 6770              	.LBB9:
2816:Drivers/STM32G4xx_HAL_Driver/Src/stm32g4xx_hal_spi.c ****     }
 6771              		.loc 1 2816 7 view .LVU2241
 6772 0080 0023     		movs	r3, #0
 6773 0082 0393     		str	r3, [sp, #12]
2816:Drivers/STM32G4xx_HAL_Driver/Src/stm32g4xx_hal_spi.c ****     }
 6774              		.loc 1 2816 7 view .LVU2242
 6775 0084 2368     		ldr	r3, [r4]
 6776 0086 9B68     		ldr	r3, [r3, #8]
 6777 0088 0393     		str	r3, [sp, #12]
2816:Drivers/STM32G4xx_HAL_Driver/Src/stm32g4xx_hal_spi.c ****     }
 6778              		.loc 1 2816 7 view .LVU2243
 6779 008a 039B     		ldr	r3, [sp, #12]
 6780              	.L452:
2816:Drivers/STM32G4xx_HAL_Driver/Src/stm32g4xx_hal_spi.c ****     }
 6781              		.loc 1 2816 7 is_stmt 0 view .LVU2244
ARM GAS  C:\Users\Booster\AppData\Local\Temp\ccQdKe81.s 			page 233


 6782              	.LBE9:
2816:Drivers/STM32G4xx_HAL_Driver/Src/stm32g4xx_hal_spi.c ****     }
 6783              		.loc 1 2816 7 is_stmt 1 discriminator 1 view .LVU2245
2819:Drivers/STM32G4xx_HAL_Driver/Src/stm32g4xx_hal_spi.c ****     {
 6784              		.loc 1 2819 5 discriminator 1 view .LVU2246
2819:Drivers/STM32G4xx_HAL_Driver/Src/stm32g4xx_hal_spi.c ****     {
 6785              		.loc 1 2819 13 is_stmt 0 discriminator 1 view .LVU2247
 6786 008c 236E     		ldr	r3, [r4, #96]
2819:Drivers/STM32G4xx_HAL_Driver/Src/stm32g4xx_hal_spi.c ****     {
 6787              		.loc 1 2819 8 discriminator 1 view .LVU2248
 6788 008e 002B     		cmp	r3, #0
 6789 0090 32D0     		beq	.L445
2822:Drivers/STM32G4xx_HAL_Driver/Src/stm32g4xx_hal_spi.c **** 
 6790              		.loc 1 2822 7 is_stmt 1 view .LVU2249
 6791 0092 2268     		ldr	r2, [r4]
 6792 0094 5368     		ldr	r3, [r2, #4]
 6793 0096 23F0E003 		bic	r3, r3, #224
 6794 009a 5360     		str	r3, [r2, #4]
2824:Drivers/STM32G4xx_HAL_Driver/Src/stm32g4xx_hal_spi.c ****       /* Disable the SPI DMA requests if enabled */
 6795              		.loc 1 2824 7 view .LVU2250
2824:Drivers/STM32G4xx_HAL_Driver/Src/stm32g4xx_hal_spi.c ****       /* Disable the SPI DMA requests if enabled */
 6796              		.loc 1 2824 19 is_stmt 0 view .LVU2251
 6797 009c 0123     		movs	r3, #1
 6798 009e 84F85D30 		strb	r3, [r4, #93]
2826:Drivers/STM32G4xx_HAL_Driver/Src/stm32g4xx_hal_spi.c ****       {
 6799              		.loc 1 2826 7 is_stmt 1 view .LVU2252
2826:Drivers/STM32G4xx_HAL_Driver/Src/stm32g4xx_hal_spi.c ****       {
 6800              		.loc 1 2826 10 is_stmt 0 view .LVU2253
 6801 00a2 11F0030F 		tst	r1, #3
 6802 00a6 31D0     		beq	.L454
2828:Drivers/STM32G4xx_HAL_Driver/Src/stm32g4xx_hal_spi.c **** 
 6803              		.loc 1 2828 9 is_stmt 1 view .LVU2254
 6804 00a8 2268     		ldr	r2, [r4]
 6805 00aa 5368     		ldr	r3, [r2, #4]
 6806 00ac 23F00303 		bic	r3, r3, #3
 6807 00b0 5360     		str	r3, [r2, #4]
2831:Drivers/STM32G4xx_HAL_Driver/Src/stm32g4xx_hal_spi.c ****         {
 6808              		.loc 1 2831 9 view .LVU2255
2831:Drivers/STM32G4xx_HAL_Driver/Src/stm32g4xx_hal_spi.c ****         {
 6809              		.loc 1 2831 17 is_stmt 0 view .LVU2256
 6810 00b2 A36D     		ldr	r3, [r4, #88]
2831:Drivers/STM32G4xx_HAL_Driver/Src/stm32g4xx_hal_spi.c ****         {
 6811              		.loc 1 2831 12 view .LVU2257
 6812 00b4 4BB1     		cbz	r3, .L455
2835:Drivers/STM32G4xx_HAL_Driver/Src/stm32g4xx_hal_spi.c ****           if (HAL_OK != HAL_DMA_Abort_IT(hspi->hdmarx))
 6813              		.loc 1 2835 11 is_stmt 1 view .LVU2258
2835:Drivers/STM32G4xx_HAL_Driver/Src/stm32g4xx_hal_spi.c ****           if (HAL_OK != HAL_DMA_Abort_IT(hspi->hdmarx))
 6814              		.loc 1 2835 43 is_stmt 0 view .LVU2259
 6815 00b6 174A     		ldr	r2, .L459
 6816 00b8 9A63     		str	r2, [r3, #56]
2836:Drivers/STM32G4xx_HAL_Driver/Src/stm32g4xx_hal_spi.c ****           {
 6817              		.loc 1 2836 11 is_stmt 1 view .LVU2260
2836:Drivers/STM32G4xx_HAL_Driver/Src/stm32g4xx_hal_spi.c ****           {
 6818              		.loc 1 2836 25 is_stmt 0 view .LVU2261
 6819 00ba A06D     		ldr	r0, [r4, #88]
 6820 00bc FFF7FEFF 		bl	HAL_DMA_Abort_IT
 6821              	.LVL428:
ARM GAS  C:\Users\Booster\AppData\Local\Temp\ccQdKe81.s 			page 234


2836:Drivers/STM32G4xx_HAL_Driver/Src/stm32g4xx_hal_spi.c ****           {
 6822              		.loc 1 2836 14 view .LVU2262
 6823 00c0 18B1     		cbz	r0, .L455
2838:Drivers/STM32G4xx_HAL_Driver/Src/stm32g4xx_hal_spi.c ****           }
 6824              		.loc 1 2838 13 is_stmt 1 view .LVU2263
 6825 00c2 236E     		ldr	r3, [r4, #96]
 6826 00c4 43F04003 		orr	r3, r3, #64
 6827 00c8 2366     		str	r3, [r4, #96]
 6828              	.L455:
2842:Drivers/STM32G4xx_HAL_Driver/Src/stm32g4xx_hal_spi.c ****         {
 6829              		.loc 1 2842 9 view .LVU2264
2842:Drivers/STM32G4xx_HAL_Driver/Src/stm32g4xx_hal_spi.c ****         {
 6830              		.loc 1 2842 17 is_stmt 0 view .LVU2265
 6831 00ca 636D     		ldr	r3, [r4, #84]
2842:Drivers/STM32G4xx_HAL_Driver/Src/stm32g4xx_hal_spi.c ****         {
 6832              		.loc 1 2842 12 view .LVU2266
 6833 00cc A3B1     		cbz	r3, .L445
2846:Drivers/STM32G4xx_HAL_Driver/Src/stm32g4xx_hal_spi.c ****           if (HAL_OK != HAL_DMA_Abort_IT(hspi->hdmatx))
 6834              		.loc 1 2846 11 is_stmt 1 view .LVU2267
2846:Drivers/STM32G4xx_HAL_Driver/Src/stm32g4xx_hal_spi.c ****           if (HAL_OK != HAL_DMA_Abort_IT(hspi->hdmatx))
 6835              		.loc 1 2846 43 is_stmt 0 view .LVU2268
 6836 00ce 114A     		ldr	r2, .L459
 6837 00d0 9A63     		str	r2, [r3, #56]
2847:Drivers/STM32G4xx_HAL_Driver/Src/stm32g4xx_hal_spi.c ****           {
 6838              		.loc 1 2847 11 is_stmt 1 view .LVU2269
2847:Drivers/STM32G4xx_HAL_Driver/Src/stm32g4xx_hal_spi.c ****           {
 6839              		.loc 1 2847 25 is_stmt 0 view .LVU2270
 6840 00d2 606D     		ldr	r0, [r4, #84]
 6841 00d4 FFF7FEFF 		bl	HAL_DMA_Abort_IT
 6842              	.LVL429:
2847:Drivers/STM32G4xx_HAL_Driver/Src/stm32g4xx_hal_spi.c ****           {
 6843              		.loc 1 2847 14 view .LVU2271
 6844 00d8 70B1     		cbz	r0, .L445
2849:Drivers/STM32G4xx_HAL_Driver/Src/stm32g4xx_hal_spi.c ****           }
 6845              		.loc 1 2849 13 is_stmt 1 view .LVU2272
 6846 00da 236E     		ldr	r3, [r4, #96]
 6847 00dc 43F04003 		orr	r3, r3, #64
 6848 00e0 2366     		str	r3, [r4, #96]
 6849 00e2 09E0     		b	.L445
 6850              	.LVL430:
 6851              	.L457:
2773:Drivers/STM32G4xx_HAL_Driver/Src/stm32g4xx_hal_spi.c ****   {
 6852              		.loc 1 2773 56 is_stmt 0 view .LVU2273
 6853 00e4 11F0400F 		tst	r1, #64
 6854 00e8 94D0     		beq	.L446
2775:Drivers/STM32G4xx_HAL_Driver/Src/stm32g4xx_hal_spi.c ****     return;
 6855              		.loc 1 2775 5 is_stmt 1 view .LVU2274
2775:Drivers/STM32G4xx_HAL_Driver/Src/stm32g4xx_hal_spi.c ****     return;
 6856              		.loc 1 2775 9 is_stmt 0 view .LVU2275
 6857 00ea E36C     		ldr	r3, [r4, #76]
 6858              	.LVL431:
2775:Drivers/STM32G4xx_HAL_Driver/Src/stm32g4xx_hal_spi.c ****     return;
 6859              		.loc 1 2775 5 view .LVU2276
 6860 00ec 2046     		mov	r0, r4
 6861 00ee 9847     		blx	r3
 6862              	.LVL432:
2776:Drivers/STM32G4xx_HAL_Driver/Src/stm32g4xx_hal_spi.c ****   }
ARM GAS  C:\Users\Booster\AppData\Local\Temp\ccQdKe81.s 			page 235


 6863              		.loc 1 2776 5 is_stmt 1 view .LVU2277
 6864 00f0 02E0     		b	.L445
 6865              	.LVL433:
 6866              	.L458:
2782:Drivers/STM32G4xx_HAL_Driver/Src/stm32g4xx_hal_spi.c ****     return;
 6867              		.loc 1 2782 5 view .LVU2278
2782:Drivers/STM32G4xx_HAL_Driver/Src/stm32g4xx_hal_spi.c ****     return;
 6868              		.loc 1 2782 9 is_stmt 0 view .LVU2279
 6869 00f2 236D     		ldr	r3, [r4, #80]
 6870              	.LVL434:
2782:Drivers/STM32G4xx_HAL_Driver/Src/stm32g4xx_hal_spi.c ****     return;
 6871              		.loc 1 2782 5 view .LVU2280
 6872 00f4 2046     		mov	r0, r4
 6873 00f6 9847     		blx	r3
 6874              	.LVL435:
2783:Drivers/STM32G4xx_HAL_Driver/Src/stm32g4xx_hal_spi.c ****   }
 6875              		.loc 1 2783 5 is_stmt 1 view .LVU2281
 6876              	.L445:
2865:Drivers/STM32G4xx_HAL_Driver/Src/stm32g4xx_hal_spi.c **** 
 6877              		.loc 1 2865 1 is_stmt 0 view .LVU2282
 6878 00f8 04B0     		add	sp, sp, #16
 6879              	.LCFI78:
 6880              		.cfi_remember_state
 6881              		.cfi_def_cfa_offset 8
 6882              		@ sp needed
 6883 00fa 10BD     		pop	{r4, pc}
 6884              	.LVL436:
 6885              	.L450:
 6886              	.LCFI79:
 6887              		.cfi_restore_state
2800:Drivers/STM32G4xx_HAL_Driver/Src/stm32g4xx_hal_spi.c ****         return;
 6888              		.loc 1 2800 9 is_stmt 1 view .LVU2283
 6889              	.LBB10:
2800:Drivers/STM32G4xx_HAL_Driver/Src/stm32g4xx_hal_spi.c ****         return;
 6890              		.loc 1 2800 9 view .LVU2284
 6891 00fc 0023     		movs	r3, #0
 6892              	.LVL437:
2800:Drivers/STM32G4xx_HAL_Driver/Src/stm32g4xx_hal_spi.c ****         return;
 6893              		.loc 1 2800 9 is_stmt 0 view .LVU2285
 6894 00fe 0193     		str	r3, [sp, #4]
2800:Drivers/STM32G4xx_HAL_Driver/Src/stm32g4xx_hal_spi.c ****         return;
 6895              		.loc 1 2800 9 is_stmt 1 view .LVU2286
 6896 0100 D368     		ldr	r3, [r2, #12]
 6897 0102 0193     		str	r3, [sp, #4]
2800:Drivers/STM32G4xx_HAL_Driver/Src/stm32g4xx_hal_spi.c ****         return;
 6898              		.loc 1 2800 9 view .LVU2287
 6899 0104 9368     		ldr	r3, [r2, #8]
 6900 0106 0193     		str	r3, [sp, #4]
2800:Drivers/STM32G4xx_HAL_Driver/Src/stm32g4xx_hal_spi.c ****         return;
 6901              		.loc 1 2800 9 view .LVU2288
 6902 0108 019B     		ldr	r3, [sp, #4]
 6903              	.LBE10:
2800:Drivers/STM32G4xx_HAL_Driver/Src/stm32g4xx_hal_spi.c ****         return;
 6904              		.loc 1 2800 9 view .LVU2289
2801:Drivers/STM32G4xx_HAL_Driver/Src/stm32g4xx_hal_spi.c ****       }
 6905              		.loc 1 2801 9 view .LVU2290
 6906 010a F5E7     		b	.L445
ARM GAS  C:\Users\Booster\AppData\Local\Temp\ccQdKe81.s 			page 236


 6907              	.L454:
2859:Drivers/STM32G4xx_HAL_Driver/Src/stm32g4xx_hal_spi.c **** #endif /* USE_HAL_SPI_REGISTER_CALLBACKS */
 6908              		.loc 1 2859 9 view .LVU2291
 6909 010c 2046     		mov	r0, r4
 6910 010e FFF7FEFF 		bl	HAL_SPI_ErrorCallback
 6911              	.LVL438:
2863:Drivers/STM32G4xx_HAL_Driver/Src/stm32g4xx_hal_spi.c ****   }
 6912              		.loc 1 2863 5 view .LVU2292
 6913 0112 F1E7     		b	.L445
 6914              	.L460:
 6915              		.align	2
 6916              	.L459:
 6917 0114 00000000 		.word	SPI_DMAAbortOnError
 6918              		.cfi_endproc
 6919              	.LFE347:
 6921              		.section	.text.SPI_DMAAbortOnError,"ax",%progbits
 6922              		.align	1
 6923              		.syntax unified
 6924              		.thumb
 6925              		.thumb_func
 6927              	SPI_DMAAbortOnError:
 6928              	.LVL439:
 6929              	.LFB365:
3411:Drivers/STM32G4xx_HAL_Driver/Src/stm32g4xx_hal_spi.c ****   SPI_HandleTypeDef *hspi = (SPI_HandleTypeDef *)(((DMA_HandleTypeDef *)hdma)->Parent); /* Derogati
 6930              		.loc 1 3411 1 view -0
 6931              		.cfi_startproc
 6932              		@ args = 0, pretend = 0, frame = 0
 6933              		@ frame_needed = 0, uses_anonymous_args = 0
3411:Drivers/STM32G4xx_HAL_Driver/Src/stm32g4xx_hal_spi.c ****   SPI_HandleTypeDef *hspi = (SPI_HandleTypeDef *)(((DMA_HandleTypeDef *)hdma)->Parent); /* Derogati
 6934              		.loc 1 3411 1 is_stmt 0 view .LVU2294
 6935 0000 08B5     		push	{r3, lr}
 6936              	.LCFI80:
 6937              		.cfi_def_cfa_offset 8
 6938              		.cfi_offset 3, -8
 6939              		.cfi_offset 14, -4
3412:Drivers/STM32G4xx_HAL_Driver/Src/stm32g4xx_hal_spi.c ****   hspi->RxXferCount = 0U;
 6940              		.loc 1 3412 3 is_stmt 1 view .LVU2295
3412:Drivers/STM32G4xx_HAL_Driver/Src/stm32g4xx_hal_spi.c ****   hspi->RxXferCount = 0U;
 6941              		.loc 1 3412 22 is_stmt 0 view .LVU2296
 6942 0002 806A     		ldr	r0, [r0, #40]
 6943              	.LVL440:
3413:Drivers/STM32G4xx_HAL_Driver/Src/stm32g4xx_hal_spi.c ****   hspi->TxXferCount = 0U;
 6944              		.loc 1 3413 3 is_stmt 1 view .LVU2297
3413:Drivers/STM32G4xx_HAL_Driver/Src/stm32g4xx_hal_spi.c ****   hspi->TxXferCount = 0U;
 6945              		.loc 1 3413 21 is_stmt 0 view .LVU2298
 6946 0004 0023     		movs	r3, #0
 6947 0006 A0F84630 		strh	r3, [r0, #70]	@ movhi
3414:Drivers/STM32G4xx_HAL_Driver/Src/stm32g4xx_hal_spi.c **** 
 6948              		.loc 1 3414 3 is_stmt 1 view .LVU2299
3414:Drivers/STM32G4xx_HAL_Driver/Src/stm32g4xx_hal_spi.c **** 
 6949              		.loc 1 3414 21 is_stmt 0 view .LVU2300
 6950 000a C387     		strh	r3, [r0, #62]	@ movhi
3420:Drivers/STM32G4xx_HAL_Driver/Src/stm32g4xx_hal_spi.c **** #endif /* USE_HAL_SPI_REGISTER_CALLBACKS */
 6951              		.loc 1 3420 3 is_stmt 1 view .LVU2301
 6952 000c FFF7FEFF 		bl	HAL_SPI_ErrorCallback
 6953              	.LVL441:
3422:Drivers/STM32G4xx_HAL_Driver/Src/stm32g4xx_hal_spi.c **** 
ARM GAS  C:\Users\Booster\AppData\Local\Temp\ccQdKe81.s 			page 237


 6954              		.loc 1 3422 1 is_stmt 0 view .LVU2302
 6955 0010 08BD     		pop	{r3, pc}
 6956              		.cfi_endproc
 6957              	.LFE365:
 6959              		.section	.text.HAL_SPI_AbortCpltCallback,"ax",%progbits
 6960              		.align	1
 6961              		.weak	HAL_SPI_AbortCpltCallback
 6962              		.syntax unified
 6963              		.thumb
 6964              		.thumb_func
 6966              	HAL_SPI_AbortCpltCallback:
 6967              	.LVL442:
 6968              	.LFB355:
2988:Drivers/STM32G4xx_HAL_Driver/Src/stm32g4xx_hal_spi.c ****   /* Prevent unused argument(s) compilation warning */
 6969              		.loc 1 2988 1 is_stmt 1 view -0
 6970              		.cfi_startproc
 6971              		@ args = 0, pretend = 0, frame = 0
 6972              		@ frame_needed = 0, uses_anonymous_args = 0
 6973              		@ link register save eliminated.
2990:Drivers/STM32G4xx_HAL_Driver/Src/stm32g4xx_hal_spi.c **** 
 6974              		.loc 1 2990 3 view .LVU2304
2995:Drivers/STM32G4xx_HAL_Driver/Src/stm32g4xx_hal_spi.c **** 
 6975              		.loc 1 2995 1 is_stmt 0 view .LVU2305
 6976 0000 7047     		bx	lr
 6977              		.cfi_endproc
 6978              	.LFE355:
 6980              		.section	.text.HAL_SPI_Abort_IT,"ax",%progbits
 6981              		.align	1
 6982              		.global	HAL_SPI_Abort_IT
 6983              		.syntax unified
 6984              		.thumb
 6985              		.thumb_func
 6987              	HAL_SPI_Abort_IT:
 6988              	.LVL443:
 6989              	.LFB343:
2526:Drivers/STM32G4xx_HAL_Driver/Src/stm32g4xx_hal_spi.c ****   HAL_StatusTypeDef errorcode;
 6990              		.loc 1 2526 1 is_stmt 1 view -0
 6991              		.cfi_startproc
 6992              		@ args = 0, pretend = 0, frame = 16
 6993              		@ frame_needed = 0, uses_anonymous_args = 0
2526:Drivers/STM32G4xx_HAL_Driver/Src/stm32g4xx_hal_spi.c ****   HAL_StatusTypeDef errorcode;
 6994              		.loc 1 2526 1 is_stmt 0 view .LVU2307
 6995 0000 70B5     		push	{r4, r5, r6, lr}
 6996              	.LCFI81:
 6997              		.cfi_def_cfa_offset 16
 6998              		.cfi_offset 4, -16
 6999              		.cfi_offset 5, -12
 7000              		.cfi_offset 6, -8
 7001              		.cfi_offset 14, -4
 7002 0002 84B0     		sub	sp, sp, #16
 7003              	.LCFI82:
 7004              		.cfi_def_cfa_offset 32
 7005 0004 0446     		mov	r4, r0
2527:Drivers/STM32G4xx_HAL_Driver/Src/stm32g4xx_hal_spi.c ****   uint32_t abortcplt ;
 7006              		.loc 1 2527 3 is_stmt 1 view .LVU2308
2528:Drivers/STM32G4xx_HAL_Driver/Src/stm32g4xx_hal_spi.c ****   __IO uint32_t count;
 7007              		.loc 1 2528 3 view .LVU2309
ARM GAS  C:\Users\Booster\AppData\Local\Temp\ccQdKe81.s 			page 238


2529:Drivers/STM32G4xx_HAL_Driver/Src/stm32g4xx_hal_spi.c ****   __IO uint32_t resetcount;
 7008              		.loc 1 2529 3 view .LVU2310
2530:Drivers/STM32G4xx_HAL_Driver/Src/stm32g4xx_hal_spi.c **** 
 7009              		.loc 1 2530 3 view .LVU2311
2533:Drivers/STM32G4xx_HAL_Driver/Src/stm32g4xx_hal_spi.c ****   abortcplt = 1U;
 7010              		.loc 1 2533 3 view .LVU2312
 7011              	.LVL444:
2534:Drivers/STM32G4xx_HAL_Driver/Src/stm32g4xx_hal_spi.c ****   resetcount = SPI_DEFAULT_TIMEOUT * (SystemCoreClock / 24U / 1000U);
 7012              		.loc 1 2534 3 view .LVU2313
2535:Drivers/STM32G4xx_HAL_Driver/Src/stm32g4xx_hal_spi.c ****   count = resetcount;
 7013              		.loc 1 2535 3 view .LVU2314
2535:Drivers/STM32G4xx_HAL_Driver/Src/stm32g4xx_hal_spi.c ****   count = resetcount;
 7014              		.loc 1 2535 61 is_stmt 0 view .LVU2315
 7015 0006 504B     		ldr	r3, .L490
 7016 0008 1B68     		ldr	r3, [r3]
 7017 000a 504A     		ldr	r2, .L490+4
 7018 000c A2FB0323 		umull	r2, r3, r2, r3
 7019 0010 5B0A     		lsrs	r3, r3, #9
2535:Drivers/STM32G4xx_HAL_Driver/Src/stm32g4xx_hal_spi.c ****   count = resetcount;
 7020              		.loc 1 2535 36 view .LVU2316
 7021 0012 6422     		movs	r2, #100
 7022 0014 02FB03F3 		mul	r3, r2, r3
2535:Drivers/STM32G4xx_HAL_Driver/Src/stm32g4xx_hal_spi.c ****   count = resetcount;
 7023              		.loc 1 2535 14 view .LVU2317
 7024 0018 0293     		str	r3, [sp, #8]
2536:Drivers/STM32G4xx_HAL_Driver/Src/stm32g4xx_hal_spi.c **** 
 7025              		.loc 1 2536 3 is_stmt 1 view .LVU2318
2536:Drivers/STM32G4xx_HAL_Driver/Src/stm32g4xx_hal_spi.c **** 
 7026              		.loc 1 2536 9 is_stmt 0 view .LVU2319
 7027 001a 029B     		ldr	r3, [sp, #8]
 7028 001c 0393     		str	r3, [sp, #12]
2539:Drivers/STM32G4xx_HAL_Driver/Src/stm32g4xx_hal_spi.c **** 
 7029              		.loc 1 2539 3 is_stmt 1 view .LVU2320
 7030 001e 0268     		ldr	r2, [r0]
 7031 0020 5368     		ldr	r3, [r2, #4]
 7032 0022 23F02003 		bic	r3, r3, #32
 7033 0026 5360     		str	r3, [r2, #4]
2542:Drivers/STM32G4xx_HAL_Driver/Src/stm32g4xx_hal_spi.c ****   {
 7034              		.loc 1 2542 3 view .LVU2321
2542:Drivers/STM32G4xx_HAL_Driver/Src/stm32g4xx_hal_spi.c ****   {
 7035              		.loc 1 2542 7 is_stmt 0 view .LVU2322
 7036 0028 0268     		ldr	r2, [r0]
 7037 002a 5368     		ldr	r3, [r2, #4]
2542:Drivers/STM32G4xx_HAL_Driver/Src/stm32g4xx_hal_spi.c ****   {
 7038              		.loc 1 2542 6 view .LVU2323
 7039 002c 13F0800F 		tst	r3, #128
 7040 0030 12D0     		beq	.L465
2544:Drivers/STM32G4xx_HAL_Driver/Src/stm32g4xx_hal_spi.c ****     /* Wait HAL_SPI_STATE_ABORT state */
 7041              		.loc 1 2544 5 is_stmt 1 view .LVU2324
2544:Drivers/STM32G4xx_HAL_Driver/Src/stm32g4xx_hal_spi.c ****     /* Wait HAL_SPI_STATE_ABORT state */
 7042              		.loc 1 2544 17 is_stmt 0 view .LVU2325
 7043 0032 474B     		ldr	r3, .L490+8
 7044 0034 0365     		str	r3, [r0, #80]
 7045              	.L468:
2546:Drivers/STM32G4xx_HAL_Driver/Src/stm32g4xx_hal_spi.c ****     {
 7046              		.loc 1 2546 5 is_stmt 1 view .LVU2326
2548:Drivers/STM32G4xx_HAL_Driver/Src/stm32g4xx_hal_spi.c ****       {
ARM GAS  C:\Users\Booster\AppData\Local\Temp\ccQdKe81.s 			page 239


 7047              		.loc 1 2548 7 view .LVU2327
2548:Drivers/STM32G4xx_HAL_Driver/Src/stm32g4xx_hal_spi.c ****       {
 7048              		.loc 1 2548 17 is_stmt 0 view .LVU2328
 7049 0036 039B     		ldr	r3, [sp, #12]
2548:Drivers/STM32G4xx_HAL_Driver/Src/stm32g4xx_hal_spi.c ****       {
 7050              		.loc 1 2548 10 view .LVU2329
 7051 0038 43B1     		cbz	r3, .L487
2553:Drivers/STM32G4xx_HAL_Driver/Src/stm32g4xx_hal_spi.c ****     } while (hspi->State != HAL_SPI_STATE_ABORT);
 7052              		.loc 1 2553 7 is_stmt 1 view .LVU2330
2553:Drivers/STM32G4xx_HAL_Driver/Src/stm32g4xx_hal_spi.c ****     } while (hspi->State != HAL_SPI_STATE_ABORT);
 7053              		.loc 1 2553 12 is_stmt 0 view .LVU2331
 7054 003a 039B     		ldr	r3, [sp, #12]
 7055 003c 013B     		subs	r3, r3, #1
 7056 003e 0393     		str	r3, [sp, #12]
2554:Drivers/STM32G4xx_HAL_Driver/Src/stm32g4xx_hal_spi.c ****     /* Reset Timeout Counter */
 7057              		.loc 1 2554 26 is_stmt 1 view .LVU2332
2554:Drivers/STM32G4xx_HAL_Driver/Src/stm32g4xx_hal_spi.c ****     /* Reset Timeout Counter */
 7058              		.loc 1 2554 18 is_stmt 0 view .LVU2333
 7059 0040 94F85D30 		ldrb	r3, [r4, #93]	@ zero_extendqisi2
 7060 0044 DBB2     		uxtb	r3, r3
2554:Drivers/STM32G4xx_HAL_Driver/Src/stm32g4xx_hal_spi.c ****     /* Reset Timeout Counter */
 7061              		.loc 1 2554 26 view .LVU2334
 7062 0046 072B     		cmp	r3, #7
 7063 0048 F5D1     		bne	.L468
 7064 004a 03E0     		b	.L467
 7065              	.L487:
2550:Drivers/STM32G4xx_HAL_Driver/Src/stm32g4xx_hal_spi.c ****         break;
 7066              		.loc 1 2550 9 is_stmt 1 view .LVU2335
 7067 004c 236E     		ldr	r3, [r4, #96]
 7068 004e 43F04003 		orr	r3, r3, #64
 7069 0052 2366     		str	r3, [r4, #96]
2551:Drivers/STM32G4xx_HAL_Driver/Src/stm32g4xx_hal_spi.c ****       }
 7070              		.loc 1 2551 9 view .LVU2336
 7071              	.L467:
2556:Drivers/STM32G4xx_HAL_Driver/Src/stm32g4xx_hal_spi.c ****   }
 7072              		.loc 1 2556 5 view .LVU2337
2556:Drivers/STM32G4xx_HAL_Driver/Src/stm32g4xx_hal_spi.c ****   }
 7073              		.loc 1 2556 11 is_stmt 0 view .LVU2338
 7074 0054 029B     		ldr	r3, [sp, #8]
 7075 0056 0393     		str	r3, [sp, #12]
 7076              	.L465:
2559:Drivers/STM32G4xx_HAL_Driver/Src/stm32g4xx_hal_spi.c ****   {
 7077              		.loc 1 2559 3 is_stmt 1 view .LVU2339
2559:Drivers/STM32G4xx_HAL_Driver/Src/stm32g4xx_hal_spi.c ****   {
 7078              		.loc 1 2559 7 is_stmt 0 view .LVU2340
 7079 0058 5368     		ldr	r3, [r2, #4]
2559:Drivers/STM32G4xx_HAL_Driver/Src/stm32g4xx_hal_spi.c ****   {
 7080              		.loc 1 2559 6 view .LVU2341
 7081 005a 13F0400F 		tst	r3, #64
 7082 005e 12D0     		beq	.L469
2561:Drivers/STM32G4xx_HAL_Driver/Src/stm32g4xx_hal_spi.c ****     /* Wait HAL_SPI_STATE_ABORT state */
 7083              		.loc 1 2561 5 is_stmt 1 view .LVU2342
2561:Drivers/STM32G4xx_HAL_Driver/Src/stm32g4xx_hal_spi.c ****     /* Wait HAL_SPI_STATE_ABORT state */
 7084              		.loc 1 2561 17 is_stmt 0 view .LVU2343
 7085 0060 3C4B     		ldr	r3, .L490+12
 7086 0062 E364     		str	r3, [r4, #76]
 7087              	.L472:
ARM GAS  C:\Users\Booster\AppData\Local\Temp\ccQdKe81.s 			page 240


2563:Drivers/STM32G4xx_HAL_Driver/Src/stm32g4xx_hal_spi.c ****     {
 7088              		.loc 1 2563 5 is_stmt 1 view .LVU2344
2565:Drivers/STM32G4xx_HAL_Driver/Src/stm32g4xx_hal_spi.c ****       {
 7089              		.loc 1 2565 7 view .LVU2345
2565:Drivers/STM32G4xx_HAL_Driver/Src/stm32g4xx_hal_spi.c ****       {
 7090              		.loc 1 2565 17 is_stmt 0 view .LVU2346
 7091 0064 039B     		ldr	r3, [sp, #12]
2565:Drivers/STM32G4xx_HAL_Driver/Src/stm32g4xx_hal_spi.c ****       {
 7092              		.loc 1 2565 10 view .LVU2347
 7093 0066 43B1     		cbz	r3, .L488
2570:Drivers/STM32G4xx_HAL_Driver/Src/stm32g4xx_hal_spi.c ****     } while (hspi->State != HAL_SPI_STATE_ABORT);
 7094              		.loc 1 2570 7 is_stmt 1 view .LVU2348
2570:Drivers/STM32G4xx_HAL_Driver/Src/stm32g4xx_hal_spi.c ****     } while (hspi->State != HAL_SPI_STATE_ABORT);
 7095              		.loc 1 2570 12 is_stmt 0 view .LVU2349
 7096 0068 039B     		ldr	r3, [sp, #12]
 7097 006a 013B     		subs	r3, r3, #1
 7098 006c 0393     		str	r3, [sp, #12]
2571:Drivers/STM32G4xx_HAL_Driver/Src/stm32g4xx_hal_spi.c ****     /* Reset Timeout Counter */
 7099              		.loc 1 2571 26 is_stmt 1 view .LVU2350
2571:Drivers/STM32G4xx_HAL_Driver/Src/stm32g4xx_hal_spi.c ****     /* Reset Timeout Counter */
 7100              		.loc 1 2571 18 is_stmt 0 view .LVU2351
 7101 006e 94F85D30 		ldrb	r3, [r4, #93]	@ zero_extendqisi2
 7102 0072 DBB2     		uxtb	r3, r3
2571:Drivers/STM32G4xx_HAL_Driver/Src/stm32g4xx_hal_spi.c ****     /* Reset Timeout Counter */
 7103              		.loc 1 2571 26 view .LVU2352
 7104 0074 072B     		cmp	r3, #7
 7105 0076 F5D1     		bne	.L472
 7106 0078 03E0     		b	.L471
 7107              	.L488:
2567:Drivers/STM32G4xx_HAL_Driver/Src/stm32g4xx_hal_spi.c ****         break;
 7108              		.loc 1 2567 9 is_stmt 1 view .LVU2353
 7109 007a 236E     		ldr	r3, [r4, #96]
 7110 007c 43F04003 		orr	r3, r3, #64
 7111 0080 2366     		str	r3, [r4, #96]
2568:Drivers/STM32G4xx_HAL_Driver/Src/stm32g4xx_hal_spi.c ****       }
 7112              		.loc 1 2568 9 view .LVU2354
 7113              	.L471:
2573:Drivers/STM32G4xx_HAL_Driver/Src/stm32g4xx_hal_spi.c ****   }
 7114              		.loc 1 2573 5 view .LVU2355
2573:Drivers/STM32G4xx_HAL_Driver/Src/stm32g4xx_hal_spi.c ****   }
 7115              		.loc 1 2573 11 is_stmt 0 view .LVU2356
 7116 0082 029B     		ldr	r3, [sp, #8]
 7117 0084 0393     		str	r3, [sp, #12]
 7118              	.L469:
2579:Drivers/STM32G4xx_HAL_Driver/Src/stm32g4xx_hal_spi.c ****   {
 7119              		.loc 1 2579 3 is_stmt 1 view .LVU2357
2579:Drivers/STM32G4xx_HAL_Driver/Src/stm32g4xx_hal_spi.c ****   {
 7120              		.loc 1 2579 11 is_stmt 0 view .LVU2358
 7121 0086 636D     		ldr	r3, [r4, #84]
2579:Drivers/STM32G4xx_HAL_Driver/Src/stm32g4xx_hal_spi.c ****   {
 7122              		.loc 1 2579 6 view .LVU2359
 7123 0088 2BB1     		cbz	r3, .L473
2583:Drivers/STM32G4xx_HAL_Driver/Src/stm32g4xx_hal_spi.c ****     {
 7124              		.loc 1 2583 5 is_stmt 1 view .LVU2360
2583:Drivers/STM32G4xx_HAL_Driver/Src/stm32g4xx_hal_spi.c ****     {
 7125              		.loc 1 2583 9 is_stmt 0 view .LVU2361
 7126 008a 5268     		ldr	r2, [r2, #4]
ARM GAS  C:\Users\Booster\AppData\Local\Temp\ccQdKe81.s 			page 241


2583:Drivers/STM32G4xx_HAL_Driver/Src/stm32g4xx_hal_spi.c ****     {
 7127              		.loc 1 2583 8 view .LVU2362
 7128 008c 12F0020F 		tst	r2, #2
 7129 0090 1BD0     		beq	.L474
2585:Drivers/STM32G4xx_HAL_Driver/Src/stm32g4xx_hal_spi.c ****     }
 7130              		.loc 1 2585 7 is_stmt 1 view .LVU2363
2585:Drivers/STM32G4xx_HAL_Driver/Src/stm32g4xx_hal_spi.c ****     }
 7131              		.loc 1 2585 39 is_stmt 0 view .LVU2364
 7132 0092 314A     		ldr	r2, .L490+16
 7133 0094 9A63     		str	r2, [r3, #56]
 7134              	.L473:
2593:Drivers/STM32G4xx_HAL_Driver/Src/stm32g4xx_hal_spi.c ****   {
 7135              		.loc 1 2593 3 is_stmt 1 view .LVU2365
2593:Drivers/STM32G4xx_HAL_Driver/Src/stm32g4xx_hal_spi.c ****   {
 7136              		.loc 1 2593 11 is_stmt 0 view .LVU2366
 7137 0096 A36D     		ldr	r3, [r4, #88]
2593:Drivers/STM32G4xx_HAL_Driver/Src/stm32g4xx_hal_spi.c ****   {
 7138              		.loc 1 2593 6 view .LVU2367
 7139 0098 33B1     		cbz	r3, .L475
2597:Drivers/STM32G4xx_HAL_Driver/Src/stm32g4xx_hal_spi.c ****     {
 7140              		.loc 1 2597 5 is_stmt 1 view .LVU2368
2597:Drivers/STM32G4xx_HAL_Driver/Src/stm32g4xx_hal_spi.c ****     {
 7141              		.loc 1 2597 9 is_stmt 0 view .LVU2369
 7142 009a 2268     		ldr	r2, [r4]
 7143 009c 5268     		ldr	r2, [r2, #4]
2597:Drivers/STM32G4xx_HAL_Driver/Src/stm32g4xx_hal_spi.c ****     {
 7144              		.loc 1 2597 8 view .LVU2370
 7145 009e 12F0010F 		tst	r2, #1
 7146 00a2 15D0     		beq	.L476
2599:Drivers/STM32G4xx_HAL_Driver/Src/stm32g4xx_hal_spi.c ****     }
 7147              		.loc 1 2599 7 is_stmt 1 view .LVU2371
2599:Drivers/STM32G4xx_HAL_Driver/Src/stm32g4xx_hal_spi.c ****     }
 7148              		.loc 1 2599 39 is_stmt 0 view .LVU2372
 7149 00a4 2D4A     		ldr	r2, .L490+20
 7150 00a6 9A63     		str	r2, [r3, #56]
 7151              	.L475:
2608:Drivers/STM32G4xx_HAL_Driver/Src/stm32g4xx_hal_spi.c ****   {
 7152              		.loc 1 2608 3 is_stmt 1 view .LVU2373
2608:Drivers/STM32G4xx_HAL_Driver/Src/stm32g4xx_hal_spi.c ****   {
 7153              		.loc 1 2608 7 is_stmt 0 view .LVU2374
 7154 00a8 2368     		ldr	r3, [r4]
 7155 00aa 5B68     		ldr	r3, [r3, #4]
2608:Drivers/STM32G4xx_HAL_Driver/Src/stm32g4xx_hal_spi.c ****   {
 7156              		.loc 1 2608 6 view .LVU2375
 7157 00ac 13F0020F 		tst	r3, #2
 7158 00b0 11D0     		beq	.L481
2611:Drivers/STM32G4xx_HAL_Driver/Src/stm32g4xx_hal_spi.c ****     {
 7159              		.loc 1 2611 5 is_stmt 1 view .LVU2376
2611:Drivers/STM32G4xx_HAL_Driver/Src/stm32g4xx_hal_spi.c ****     {
 7160              		.loc 1 2611 13 is_stmt 0 view .LVU2377
 7161 00b2 606D     		ldr	r0, [r4, #84]
 7162              	.LVL445:
2611:Drivers/STM32G4xx_HAL_Driver/Src/stm32g4xx_hal_spi.c ****     {
 7163              		.loc 1 2611 8 view .LVU2378
 7164 00b4 28B3     		cbz	r0, .L482
2614:Drivers/STM32G4xx_HAL_Driver/Src/stm32g4xx_hal_spi.c ****       {
 7165              		.loc 1 2614 7 is_stmt 1 view .LVU2379
ARM GAS  C:\Users\Booster\AppData\Local\Temp\ccQdKe81.s 			page 242


2614:Drivers/STM32G4xx_HAL_Driver/Src/stm32g4xx_hal_spi.c ****       {
 7166              		.loc 1 2614 11 is_stmt 0 view .LVU2380
 7167 00b6 FFF7FEFF 		bl	HAL_DMA_Abort_IT
 7168              	.LVL446:
2614:Drivers/STM32G4xx_HAL_Driver/Src/stm32g4xx_hal_spi.c ****       {
 7169              		.loc 1 2614 10 view .LVU2381
 7170 00ba 20B3     		cbz	r0, .L483
2616:Drivers/STM32G4xx_HAL_Driver/Src/stm32g4xx_hal_spi.c ****         hspi->ErrorCode = HAL_SPI_ERROR_ABORT;
 7171              		.loc 1 2616 9 is_stmt 1 view .LVU2382
2616:Drivers/STM32G4xx_HAL_Driver/Src/stm32g4xx_hal_spi.c ****         hspi->ErrorCode = HAL_SPI_ERROR_ABORT;
 7172              		.loc 1 2616 13 is_stmt 0 view .LVU2383
 7173 00bc 636D     		ldr	r3, [r4, #84]
2616:Drivers/STM32G4xx_HAL_Driver/Src/stm32g4xx_hal_spi.c ****         hspi->ErrorCode = HAL_SPI_ERROR_ABORT;
 7174              		.loc 1 2616 41 view .LVU2384
 7175 00be 0022     		movs	r2, #0
 7176 00c0 9A63     		str	r2, [r3, #56]
2617:Drivers/STM32G4xx_HAL_Driver/Src/stm32g4xx_hal_spi.c ****       }
 7177              		.loc 1 2617 9 is_stmt 1 view .LVU2385
2617:Drivers/STM32G4xx_HAL_Driver/Src/stm32g4xx_hal_spi.c ****       }
 7178              		.loc 1 2617 25 is_stmt 0 view .LVU2386
 7179 00c2 4023     		movs	r3, #64
 7180 00c4 2366     		str	r3, [r4, #96]
2534:Drivers/STM32G4xx_HAL_Driver/Src/stm32g4xx_hal_spi.c ****   resetcount = SPI_DEFAULT_TIMEOUT * (SystemCoreClock / 24U / 1000U);
 7181              		.loc 1 2534 13 view .LVU2387
 7182 00c6 0126     		movs	r6, #1
 7183 00c8 06E0     		b	.L477
 7184              	.LVL447:
 7185              	.L474:
2589:Drivers/STM32G4xx_HAL_Driver/Src/stm32g4xx_hal_spi.c ****     }
 7186              		.loc 1 2589 7 is_stmt 1 view .LVU2388
2589:Drivers/STM32G4xx_HAL_Driver/Src/stm32g4xx_hal_spi.c ****     }
 7187              		.loc 1 2589 39 is_stmt 0 view .LVU2389
 7188 00ca 0022     		movs	r2, #0
 7189 00cc 9A63     		str	r2, [r3, #56]
 7190 00ce E2E7     		b	.L473
 7191              	.L476:
2603:Drivers/STM32G4xx_HAL_Driver/Src/stm32g4xx_hal_spi.c ****     }
 7192              		.loc 1 2603 7 is_stmt 1 view .LVU2390
2603:Drivers/STM32G4xx_HAL_Driver/Src/stm32g4xx_hal_spi.c ****     }
 7193              		.loc 1 2603 39 is_stmt 0 view .LVU2391
 7194 00d0 0022     		movs	r2, #0
 7195 00d2 9A63     		str	r2, [r3, #56]
 7196 00d4 E8E7     		b	.L475
 7197              	.L481:
2534:Drivers/STM32G4xx_HAL_Driver/Src/stm32g4xx_hal_spi.c ****   resetcount = SPI_DEFAULT_TIMEOUT * (SystemCoreClock / 24U / 1000U);
 7198              		.loc 1 2534 13 view .LVU2392
 7199 00d6 0126     		movs	r6, #1
 7200              	.LVL448:
 7201              	.L477:
2626:Drivers/STM32G4xx_HAL_Driver/Src/stm32g4xx_hal_spi.c ****   {
 7202              		.loc 1 2626 3 is_stmt 1 view .LVU2393
2626:Drivers/STM32G4xx_HAL_Driver/Src/stm32g4xx_hal_spi.c ****   {
 7203              		.loc 1 2626 7 is_stmt 0 view .LVU2394
 7204 00d8 2368     		ldr	r3, [r4]
 7205 00da 5B68     		ldr	r3, [r3, #4]
2626:Drivers/STM32G4xx_HAL_Driver/Src/stm32g4xx_hal_spi.c ****   {
 7206              		.loc 1 2626 6 view .LVU2395
ARM GAS  C:\Users\Booster\AppData\Local\Temp\ccQdKe81.s 			page 243


 7207 00dc 13F0010F 		tst	r3, #1
 7208 00e0 0AD0     		beq	.L478
2629:Drivers/STM32G4xx_HAL_Driver/Src/stm32g4xx_hal_spi.c ****     {
 7209              		.loc 1 2629 5 is_stmt 1 view .LVU2396
2629:Drivers/STM32G4xx_HAL_Driver/Src/stm32g4xx_hal_spi.c ****     {
 7210              		.loc 1 2629 13 is_stmt 0 view .LVU2397
 7211 00e2 A06D     		ldr	r0, [r4, #88]
2629:Drivers/STM32G4xx_HAL_Driver/Src/stm32g4xx_hal_spi.c ****     {
 7212              		.loc 1 2629 8 view .LVU2398
 7213 00e4 40B1     		cbz	r0, .L478
2632:Drivers/STM32G4xx_HAL_Driver/Src/stm32g4xx_hal_spi.c ****       {
 7214              		.loc 1 2632 7 is_stmt 1 view .LVU2399
2632:Drivers/STM32G4xx_HAL_Driver/Src/stm32g4xx_hal_spi.c ****       {
 7215              		.loc 1 2632 11 is_stmt 0 view .LVU2400
 7216 00e6 FFF7FEFF 		bl	HAL_DMA_Abort_IT
 7217              	.LVL449:
2632:Drivers/STM32G4xx_HAL_Driver/Src/stm32g4xx_hal_spi.c ****       {
 7218              		.loc 1 2632 10 view .LVU2401
 7219 00ea 0546     		mov	r5, r0
 7220 00ec 30B1     		cbz	r0, .L479
2634:Drivers/STM32G4xx_HAL_Driver/Src/stm32g4xx_hal_spi.c ****         hspi->ErrorCode = HAL_SPI_ERROR_ABORT;
 7221              		.loc 1 2634 9 is_stmt 1 view .LVU2402
2634:Drivers/STM32G4xx_HAL_Driver/Src/stm32g4xx_hal_spi.c ****         hspi->ErrorCode = HAL_SPI_ERROR_ABORT;
 7222              		.loc 1 2634 13 is_stmt 0 view .LVU2403
 7223 00ee A36D     		ldr	r3, [r4, #88]
2634:Drivers/STM32G4xx_HAL_Driver/Src/stm32g4xx_hal_spi.c ****         hspi->ErrorCode = HAL_SPI_ERROR_ABORT;
 7224              		.loc 1 2634 41 view .LVU2404
 7225 00f0 0022     		movs	r2, #0
 7226 00f2 9A63     		str	r2, [r3, #56]
2635:Drivers/STM32G4xx_HAL_Driver/Src/stm32g4xx_hal_spi.c ****       }
 7227              		.loc 1 2635 9 is_stmt 1 view .LVU2405
2635:Drivers/STM32G4xx_HAL_Driver/Src/stm32g4xx_hal_spi.c ****       }
 7228              		.loc 1 2635 25 is_stmt 0 view .LVU2406
 7229 00f4 4023     		movs	r3, #64
 7230 00f6 2366     		str	r3, [r4, #96]
 7231              	.L478:
2644:Drivers/STM32G4xx_HAL_Driver/Src/stm32g4xx_hal_spi.c ****   {
 7232              		.loc 1 2644 3 is_stmt 1 view .LVU2407
2644:Drivers/STM32G4xx_HAL_Driver/Src/stm32g4xx_hal_spi.c ****   {
 7233              		.loc 1 2644 6 is_stmt 0 view .LVU2408
 7234 00f8 3EB9     		cbnz	r6, .L489
2533:Drivers/STM32G4xx_HAL_Driver/Src/stm32g4xx_hal_spi.c ****   abortcplt = 1U;
 7235              		.loc 1 2533 13 view .LVU2409
 7236 00fa 0025     		movs	r5, #0
 7237              	.LVL450:
 7238              	.L479:
2677:Drivers/STM32G4xx_HAL_Driver/Src/stm32g4xx_hal_spi.c **** }
 7239              		.loc 1 2677 3 is_stmt 1 view .LVU2410
2678:Drivers/STM32G4xx_HAL_Driver/Src/stm32g4xx_hal_spi.c **** 
 7240              		.loc 1 2678 1 is_stmt 0 view .LVU2411
 7241 00fc 2846     		mov	r0, r5
 7242 00fe 04B0     		add	sp, sp, #16
 7243              	.LCFI83:
 7244              		.cfi_remember_state
 7245              		.cfi_def_cfa_offset 16
 7246              		@ sp needed
 7247 0100 70BD     		pop	{r4, r5, r6, pc}
ARM GAS  C:\Users\Booster\AppData\Local\Temp\ccQdKe81.s 			page 244


 7248              	.LVL451:
 7249              	.L482:
 7250              	.LCFI84:
 7251              		.cfi_restore_state
2534:Drivers/STM32G4xx_HAL_Driver/Src/stm32g4xx_hal_spi.c ****   resetcount = SPI_DEFAULT_TIMEOUT * (SystemCoreClock / 24U / 1000U);
 7252              		.loc 1 2534 13 view .LVU2412
 7253 0102 0126     		movs	r6, #1
 7254 0104 E8E7     		b	.L477
 7255              	.L483:
2621:Drivers/STM32G4xx_HAL_Driver/Src/stm32g4xx_hal_spi.c ****       }
 7256              		.loc 1 2621 19 view .LVU2413
 7257 0106 0026     		movs	r6, #0
 7258 0108 E6E7     		b	.L477
 7259              	.LVL452:
 7260              	.L489:
2647:Drivers/STM32G4xx_HAL_Driver/Src/stm32g4xx_hal_spi.c ****     hspi->TxXferCount = 0U;
 7261              		.loc 1 2647 5 is_stmt 1 view .LVU2414
2647:Drivers/STM32G4xx_HAL_Driver/Src/stm32g4xx_hal_spi.c ****     hspi->TxXferCount = 0U;
 7262              		.loc 1 2647 23 is_stmt 0 view .LVU2415
 7263 010a 0023     		movs	r3, #0
 7264 010c A4F84630 		strh	r3, [r4, #70]	@ movhi
2648:Drivers/STM32G4xx_HAL_Driver/Src/stm32g4xx_hal_spi.c **** 
 7265              		.loc 1 2648 5 is_stmt 1 view .LVU2416
2648:Drivers/STM32G4xx_HAL_Driver/Src/stm32g4xx_hal_spi.c **** 
 7266              		.loc 1 2648 23 is_stmt 0 view .LVU2417
 7267 0110 E387     		strh	r3, [r4, #62]	@ movhi
2651:Drivers/STM32G4xx_HAL_Driver/Src/stm32g4xx_hal_spi.c ****     {
 7268              		.loc 1 2651 5 is_stmt 1 view .LVU2418
2651:Drivers/STM32G4xx_HAL_Driver/Src/stm32g4xx_hal_spi.c ****     {
 7269              		.loc 1 2651 13 is_stmt 0 view .LVU2419
 7270 0112 236E     		ldr	r3, [r4, #96]
2651:Drivers/STM32G4xx_HAL_Driver/Src/stm32g4xx_hal_spi.c ****     {
 7271              		.loc 1 2651 8 view .LVU2420
 7272 0114 402B     		cmp	r3, #64
 7273 0116 14D0     		beq	.L485
2659:Drivers/STM32G4xx_HAL_Driver/Src/stm32g4xx_hal_spi.c ****     }
 7274              		.loc 1 2659 7 is_stmt 1 view .LVU2421
2659:Drivers/STM32G4xx_HAL_Driver/Src/stm32g4xx_hal_spi.c ****     }
 7275              		.loc 1 2659 23 is_stmt 0 view .LVU2422
 7276 0118 0025     		movs	r5, #0
 7277 011a 2566     		str	r5, [r4, #96]
 7278              	.L480:
 7279              	.LVL453:
2663:Drivers/STM32G4xx_HAL_Driver/Src/stm32g4xx_hal_spi.c ****     __HAL_SPI_CLEAR_FREFLAG(hspi);
 7280              		.loc 1 2663 5 is_stmt 1 view .LVU2423
 7281              	.LBB11:
2663:Drivers/STM32G4xx_HAL_Driver/Src/stm32g4xx_hal_spi.c ****     __HAL_SPI_CLEAR_FREFLAG(hspi);
 7282              		.loc 1 2663 5 view .LVU2424
 7283 011c 0022     		movs	r2, #0
 7284 011e 0092     		str	r2, [sp]
2663:Drivers/STM32G4xx_HAL_Driver/Src/stm32g4xx_hal_spi.c ****     __HAL_SPI_CLEAR_FREFLAG(hspi);
 7285              		.loc 1 2663 5 view .LVU2425
 7286 0120 2368     		ldr	r3, [r4]
 7287 0122 D968     		ldr	r1, [r3, #12]
 7288 0124 0091     		str	r1, [sp]
2663:Drivers/STM32G4xx_HAL_Driver/Src/stm32g4xx_hal_spi.c ****     __HAL_SPI_CLEAR_FREFLAG(hspi);
 7289              		.loc 1 2663 5 view .LVU2426
ARM GAS  C:\Users\Booster\AppData\Local\Temp\ccQdKe81.s 			page 245


 7290 0126 9968     		ldr	r1, [r3, #8]
 7291 0128 0091     		str	r1, [sp]
2663:Drivers/STM32G4xx_HAL_Driver/Src/stm32g4xx_hal_spi.c ****     __HAL_SPI_CLEAR_FREFLAG(hspi);
 7292              		.loc 1 2663 5 view .LVU2427
 7293 012a 0099     		ldr	r1, [sp]
 7294              	.LBE11:
2663:Drivers/STM32G4xx_HAL_Driver/Src/stm32g4xx_hal_spi.c ****     __HAL_SPI_CLEAR_FREFLAG(hspi);
 7295              		.loc 1 2663 5 view .LVU2428
2664:Drivers/STM32G4xx_HAL_Driver/Src/stm32g4xx_hal_spi.c **** 
 7296              		.loc 1 2664 5 view .LVU2429
 7297              	.LBB12:
2664:Drivers/STM32G4xx_HAL_Driver/Src/stm32g4xx_hal_spi.c **** 
 7298              		.loc 1 2664 5 view .LVU2430
 7299 012c 0192     		str	r2, [sp, #4]
2664:Drivers/STM32G4xx_HAL_Driver/Src/stm32g4xx_hal_spi.c **** 
 7300              		.loc 1 2664 5 view .LVU2431
 7301 012e 9B68     		ldr	r3, [r3, #8]
 7302 0130 0193     		str	r3, [sp, #4]
2664:Drivers/STM32G4xx_HAL_Driver/Src/stm32g4xx_hal_spi.c **** 
 7303              		.loc 1 2664 5 view .LVU2432
 7304 0132 019B     		ldr	r3, [sp, #4]
 7305              	.LBE12:
2664:Drivers/STM32G4xx_HAL_Driver/Src/stm32g4xx_hal_spi.c **** 
 7306              		.loc 1 2664 5 view .LVU2433
2667:Drivers/STM32G4xx_HAL_Driver/Src/stm32g4xx_hal_spi.c **** 
 7307              		.loc 1 2667 5 view .LVU2434
2667:Drivers/STM32G4xx_HAL_Driver/Src/stm32g4xx_hal_spi.c **** 
 7308              		.loc 1 2667 17 is_stmt 0 view .LVU2435
 7309 0134 0123     		movs	r3, #1
 7310 0136 84F85D30 		strb	r3, [r4, #93]
2673:Drivers/STM32G4xx_HAL_Driver/Src/stm32g4xx_hal_spi.c **** #endif /* USE_HAL_SPI_REGISTER_CALLBACKS */
 7311              		.loc 1 2673 5 is_stmt 1 view .LVU2436
 7312 013a 2046     		mov	r0, r4
 7313 013c FFF7FEFF 		bl	HAL_SPI_AbortCpltCallback
 7314              	.LVL454:
 7315 0140 DCE7     		b	.L479
 7316              	.LVL455:
 7317              	.L485:
2654:Drivers/STM32G4xx_HAL_Driver/Src/stm32g4xx_hal_spi.c ****     }
 7318              		.loc 1 2654 17 is_stmt 0 view .LVU2437
 7319 0142 0125     		movs	r5, #1
 7320 0144 EAE7     		b	.L480
 7321              	.L491:
 7322 0146 00BF     		.align	2
 7323              	.L490:
 7324 0148 00000000 		.word	SystemCoreClock
 7325 014c F1197605 		.word	91625969
 7326 0150 00000000 		.word	SPI_AbortTx_ISR
 7327 0154 00000000 		.word	SPI_AbortRx_ISR
 7328 0158 00000000 		.word	SPI_DMATxAbortCallback
 7329 015c 00000000 		.word	SPI_DMARxAbortCallback
 7330              		.cfi_endproc
 7331              	.LFE343:
 7333              		.section	.text.SPI_DMARxAbortCallback,"ax",%progbits
 7334              		.align	1
 7335              		.syntax unified
 7336              		.thumb
ARM GAS  C:\Users\Booster\AppData\Local\Temp\ccQdKe81.s 			page 246


 7337              		.thumb_func
 7339              	SPI_DMARxAbortCallback:
 7340              	.LVL456:
 7341              	.LFB367:
3499:Drivers/STM32G4xx_HAL_Driver/Src/stm32g4xx_hal_spi.c ****   SPI_HandleTypeDef *hspi = (SPI_HandleTypeDef *)(((DMA_HandleTypeDef *)hdma)->Parent); /* Derogati
 7342              		.loc 1 3499 1 is_stmt 1 view -0
 7343              		.cfi_startproc
 7344              		@ args = 0, pretend = 0, frame = 8
 7345              		@ frame_needed = 0, uses_anonymous_args = 0
3499:Drivers/STM32G4xx_HAL_Driver/Src/stm32g4xx_hal_spi.c ****   SPI_HandleTypeDef *hspi = (SPI_HandleTypeDef *)(((DMA_HandleTypeDef *)hdma)->Parent); /* Derogati
 7346              		.loc 1 3499 1 is_stmt 0 view .LVU2439
 7347 0000 30B5     		push	{r4, r5, lr}
 7348              	.LCFI85:
 7349              		.cfi_def_cfa_offset 12
 7350              		.cfi_offset 4, -12
 7351              		.cfi_offset 5, -8
 7352              		.cfi_offset 14, -4
 7353 0002 85B0     		sub	sp, sp, #20
 7354              	.LCFI86:
 7355              		.cfi_def_cfa_offset 32
3500:Drivers/STM32G4xx_HAL_Driver/Src/stm32g4xx_hal_spi.c **** 
 7356              		.loc 1 3500 3 is_stmt 1 view .LVU2440
3500:Drivers/STM32G4xx_HAL_Driver/Src/stm32g4xx_hal_spi.c **** 
 7357              		.loc 1 3500 22 is_stmt 0 view .LVU2441
 7358 0004 846A     		ldr	r4, [r0, #40]
 7359              	.LVL457:
3503:Drivers/STM32G4xx_HAL_Driver/Src/stm32g4xx_hal_spi.c **** 
 7360              		.loc 1 3503 3 is_stmt 1 view .LVU2442
 7361 0006 2268     		ldr	r2, [r4]
 7362 0008 1368     		ldr	r3, [r2]
 7363 000a 23F04003 		bic	r3, r3, #64
 7364 000e 1360     		str	r3, [r2]
3505:Drivers/STM32G4xx_HAL_Driver/Src/stm32g4xx_hal_spi.c **** 
 7365              		.loc 1 3505 3 view .LVU2443
3505:Drivers/STM32G4xx_HAL_Driver/Src/stm32g4xx_hal_spi.c **** 
 7366              		.loc 1 3505 7 is_stmt 0 view .LVU2444
 7367 0010 A36D     		ldr	r3, [r4, #88]
3505:Drivers/STM32G4xx_HAL_Driver/Src/stm32g4xx_hal_spi.c **** 
 7368              		.loc 1 3505 35 view .LVU2445
 7369 0012 0025     		movs	r5, #0
 7370 0014 9D63     		str	r5, [r3, #56]
3508:Drivers/STM32G4xx_HAL_Driver/Src/stm32g4xx_hal_spi.c **** 
 7371              		.loc 1 3508 3 is_stmt 1 view .LVU2446
 7372 0016 2268     		ldr	r2, [r4]
 7373 0018 5368     		ldr	r3, [r2, #4]
 7374 001a 23F00103 		bic	r3, r3, #1
 7375 001e 5360     		str	r3, [r2, #4]
3511:Drivers/STM32G4xx_HAL_Driver/Src/stm32g4xx_hal_spi.c ****   {
 7376              		.loc 1 3511 3 view .LVU2447
3511:Drivers/STM32G4xx_HAL_Driver/Src/stm32g4xx_hal_spi.c ****   {
 7377              		.loc 1 3511 7 is_stmt 0 view .LVU2448
 7378 0020 FFF7FEFF 		bl	HAL_GetTick
 7379              	.LVL458:
3511:Drivers/STM32G4xx_HAL_Driver/Src/stm32g4xx_hal_spi.c ****   {
 7380              		.loc 1 3511 7 view .LVU2449
 7381 0024 0090     		str	r0, [sp]
 7382 0026 6423     		movs	r3, #100
ARM GAS  C:\Users\Booster\AppData\Local\Temp\ccQdKe81.s 			page 247


 7383 0028 2A46     		mov	r2, r5
 7384 002a 8021     		movs	r1, #128
 7385 002c 2046     		mov	r0, r4
 7386 002e FFF7FEFF 		bl	SPI_WaitFlagStateUntilTimeout
 7387              	.LVL459:
3511:Drivers/STM32G4xx_HAL_Driver/Src/stm32g4xx_hal_spi.c ****   {
 7388              		.loc 1 3511 6 view .LVU2450
 7389 0032 08B1     		cbz	r0, .L493
3513:Drivers/STM32G4xx_HAL_Driver/Src/stm32g4xx_hal_spi.c ****   }
 7390              		.loc 1 3513 5 is_stmt 1 view .LVU2451
3513:Drivers/STM32G4xx_HAL_Driver/Src/stm32g4xx_hal_spi.c ****   }
 7391              		.loc 1 3513 21 is_stmt 0 view .LVU2452
 7392 0034 4023     		movs	r3, #64
 7393 0036 2366     		str	r3, [r4, #96]
 7394              	.L493:
3517:Drivers/STM32G4xx_HAL_Driver/Src/stm32g4xx_hal_spi.c ****   {
 7395              		.loc 1 3517 3 is_stmt 1 view .LVU2453
3517:Drivers/STM32G4xx_HAL_Driver/Src/stm32g4xx_hal_spi.c ****   {
 7396              		.loc 1 3517 7 is_stmt 0 view .LVU2454
 7397 0038 FFF7FEFF 		bl	HAL_GetTick
 7398              	.LVL460:
 7399 003c 0090     		str	r0, [sp]
 7400 003e 6423     		movs	r3, #100
 7401 0040 0022     		movs	r2, #0
 7402 0042 4FF4C061 		mov	r1, #1536
 7403 0046 2046     		mov	r0, r4
 7404 0048 FFF7FEFF 		bl	SPI_WaitFifoStateUntilTimeout
 7405              	.LVL461:
3517:Drivers/STM32G4xx_HAL_Driver/Src/stm32g4xx_hal_spi.c ****   {
 7406              		.loc 1 3517 6 view .LVU2455
 7407 004c 08B1     		cbz	r0, .L494
3519:Drivers/STM32G4xx_HAL_Driver/Src/stm32g4xx_hal_spi.c ****   }
 7408              		.loc 1 3519 5 is_stmt 1 view .LVU2456
3519:Drivers/STM32G4xx_HAL_Driver/Src/stm32g4xx_hal_spi.c ****   }
 7409              		.loc 1 3519 21 is_stmt 0 view .LVU2457
 7410 004e 4023     		movs	r3, #64
 7411 0050 2366     		str	r3, [r4, #96]
 7412              	.L494:
3523:Drivers/STM32G4xx_HAL_Driver/Src/stm32g4xx_hal_spi.c ****   {
 7413              		.loc 1 3523 3 is_stmt 1 view .LVU2458
3523:Drivers/STM32G4xx_HAL_Driver/Src/stm32g4xx_hal_spi.c ****   {
 7414              		.loc 1 3523 11 is_stmt 0 view .LVU2459
 7415 0052 636D     		ldr	r3, [r4, #84]
3523:Drivers/STM32G4xx_HAL_Driver/Src/stm32g4xx_hal_spi.c ****   {
 7416              		.loc 1 3523 6 view .LVU2460
 7417 0054 0BB1     		cbz	r3, .L495
3525:Drivers/STM32G4xx_HAL_Driver/Src/stm32g4xx_hal_spi.c ****     {
 7418              		.loc 1 3525 5 is_stmt 1 view .LVU2461
3525:Drivers/STM32G4xx_HAL_Driver/Src/stm32g4xx_hal_spi.c ****     {
 7419              		.loc 1 3525 21 is_stmt 0 view .LVU2462
 7420 0056 9B6B     		ldr	r3, [r3, #56]
3525:Drivers/STM32G4xx_HAL_Driver/Src/stm32g4xx_hal_spi.c ****     {
 7421              		.loc 1 3525 8 view .LVU2463
 7422 0058 D3B9     		cbnz	r3, .L492
 7423              	.L495:
3532:Drivers/STM32G4xx_HAL_Driver/Src/stm32g4xx_hal_spi.c ****   hspi->TxXferCount = 0U;
 7424              		.loc 1 3532 3 is_stmt 1 view .LVU2464
ARM GAS  C:\Users\Booster\AppData\Local\Temp\ccQdKe81.s 			page 248


3532:Drivers/STM32G4xx_HAL_Driver/Src/stm32g4xx_hal_spi.c ****   hspi->TxXferCount = 0U;
 7425              		.loc 1 3532 21 is_stmt 0 view .LVU2465
 7426 005a 0023     		movs	r3, #0
 7427 005c A4F84630 		strh	r3, [r4, #70]	@ movhi
3533:Drivers/STM32G4xx_HAL_Driver/Src/stm32g4xx_hal_spi.c **** 
 7428              		.loc 1 3533 3 is_stmt 1 view .LVU2466
3533:Drivers/STM32G4xx_HAL_Driver/Src/stm32g4xx_hal_spi.c **** 
 7429              		.loc 1 3533 21 is_stmt 0 view .LVU2467
 7430 0060 E387     		strh	r3, [r4, #62]	@ movhi
3536:Drivers/STM32G4xx_HAL_Driver/Src/stm32g4xx_hal_spi.c ****   {
 7431              		.loc 1 3536 3 is_stmt 1 view .LVU2468
3536:Drivers/STM32G4xx_HAL_Driver/Src/stm32g4xx_hal_spi.c ****   {
 7432              		.loc 1 3536 11 is_stmt 0 view .LVU2469
 7433 0062 236E     		ldr	r3, [r4, #96]
3536:Drivers/STM32G4xx_HAL_Driver/Src/stm32g4xx_hal_spi.c ****   {
 7434              		.loc 1 3536 6 view .LVU2470
 7435 0064 402B     		cmp	r3, #64
 7436 0066 01D0     		beq	.L497
3539:Drivers/STM32G4xx_HAL_Driver/Src/stm32g4xx_hal_spi.c ****   }
 7437              		.loc 1 3539 5 is_stmt 1 view .LVU2471
3539:Drivers/STM32G4xx_HAL_Driver/Src/stm32g4xx_hal_spi.c ****   }
 7438              		.loc 1 3539 21 is_stmt 0 view .LVU2472
 7439 0068 0023     		movs	r3, #0
 7440 006a 2366     		str	r3, [r4, #96]
 7441              	.L497:
3543:Drivers/STM32G4xx_HAL_Driver/Src/stm32g4xx_hal_spi.c ****   __HAL_SPI_CLEAR_FREFLAG(hspi);
 7442              		.loc 1 3543 3 is_stmt 1 view .LVU2473
 7443              	.LBB13:
3543:Drivers/STM32G4xx_HAL_Driver/Src/stm32g4xx_hal_spi.c ****   __HAL_SPI_CLEAR_FREFLAG(hspi);
 7444              		.loc 1 3543 3 view .LVU2474
 7445 006c 0022     		movs	r2, #0
 7446 006e 0292     		str	r2, [sp, #8]
3543:Drivers/STM32G4xx_HAL_Driver/Src/stm32g4xx_hal_spi.c ****   __HAL_SPI_CLEAR_FREFLAG(hspi);
 7447              		.loc 1 3543 3 view .LVU2475
 7448 0070 2368     		ldr	r3, [r4]
 7449 0072 D968     		ldr	r1, [r3, #12]
 7450 0074 0291     		str	r1, [sp, #8]
3543:Drivers/STM32G4xx_HAL_Driver/Src/stm32g4xx_hal_spi.c ****   __HAL_SPI_CLEAR_FREFLAG(hspi);
 7451              		.loc 1 3543 3 view .LVU2476
 7452 0076 9968     		ldr	r1, [r3, #8]
 7453 0078 0291     		str	r1, [sp, #8]
3543:Drivers/STM32G4xx_HAL_Driver/Src/stm32g4xx_hal_spi.c ****   __HAL_SPI_CLEAR_FREFLAG(hspi);
 7454              		.loc 1 3543 3 view .LVU2477
 7455 007a 0299     		ldr	r1, [sp, #8]
 7456              	.LBE13:
3543:Drivers/STM32G4xx_HAL_Driver/Src/stm32g4xx_hal_spi.c ****   __HAL_SPI_CLEAR_FREFLAG(hspi);
 7457              		.loc 1 3543 3 view .LVU2478
3544:Drivers/STM32G4xx_HAL_Driver/Src/stm32g4xx_hal_spi.c **** 
 7458              		.loc 1 3544 3 view .LVU2479
 7459              	.LBB14:
3544:Drivers/STM32G4xx_HAL_Driver/Src/stm32g4xx_hal_spi.c **** 
 7460              		.loc 1 3544 3 view .LVU2480
 7461 007c 0392     		str	r2, [sp, #12]
3544:Drivers/STM32G4xx_HAL_Driver/Src/stm32g4xx_hal_spi.c **** 
 7462              		.loc 1 3544 3 view .LVU2481
 7463 007e 9B68     		ldr	r3, [r3, #8]
 7464 0080 0393     		str	r3, [sp, #12]
ARM GAS  C:\Users\Booster\AppData\Local\Temp\ccQdKe81.s 			page 249


3544:Drivers/STM32G4xx_HAL_Driver/Src/stm32g4xx_hal_spi.c **** 
 7465              		.loc 1 3544 3 view .LVU2482
 7466 0082 039B     		ldr	r3, [sp, #12]
 7467              	.LBE14:
3544:Drivers/STM32G4xx_HAL_Driver/Src/stm32g4xx_hal_spi.c **** 
 7468              		.loc 1 3544 3 view .LVU2483
3547:Drivers/STM32G4xx_HAL_Driver/Src/stm32g4xx_hal_spi.c **** 
 7469              		.loc 1 3547 3 view .LVU2484
3547:Drivers/STM32G4xx_HAL_Driver/Src/stm32g4xx_hal_spi.c **** 
 7470              		.loc 1 3547 16 is_stmt 0 view .LVU2485
 7471 0084 0123     		movs	r3, #1
 7472 0086 84F85D30 		strb	r3, [r4, #93]
3553:Drivers/STM32G4xx_HAL_Driver/Src/stm32g4xx_hal_spi.c **** #endif /* USE_HAL_SPI_REGISTER_CALLBACKS */
 7473              		.loc 1 3553 3 is_stmt 1 view .LVU2486
 7474 008a 2046     		mov	r0, r4
 7475 008c FFF7FEFF 		bl	HAL_SPI_AbortCpltCallback
 7476              	.LVL462:
 7477              	.L492:
3555:Drivers/STM32G4xx_HAL_Driver/Src/stm32g4xx_hal_spi.c **** 
 7478              		.loc 1 3555 1 is_stmt 0 view .LVU2487
 7479 0090 05B0     		add	sp, sp, #20
 7480              	.LCFI87:
 7481              		.cfi_def_cfa_offset 12
 7482              		@ sp needed
 7483 0092 30BD     		pop	{r4, r5, pc}
3555:Drivers/STM32G4xx_HAL_Driver/Src/stm32g4xx_hal_spi.c **** 
 7484              		.loc 1 3555 1 view .LVU2488
 7485              		.cfi_endproc
 7486              	.LFE367:
 7488              		.section	.text.SPI_DMATxAbortCallback,"ax",%progbits
 7489              		.align	1
 7490              		.syntax unified
 7491              		.thumb
 7492              		.thumb_func
 7494              	SPI_DMATxAbortCallback:
 7495              	.LVL463:
 7496              	.LFB366:
3433:Drivers/STM32G4xx_HAL_Driver/Src/stm32g4xx_hal_spi.c ****   SPI_HandleTypeDef *hspi = (SPI_HandleTypeDef *)(((DMA_HandleTypeDef *)hdma)->Parent); /* Derogati
 7497              		.loc 1 3433 1 is_stmt 1 view -0
 7498              		.cfi_startproc
 7499              		@ args = 0, pretend = 0, frame = 8
 7500              		@ frame_needed = 0, uses_anonymous_args = 0
3433:Drivers/STM32G4xx_HAL_Driver/Src/stm32g4xx_hal_spi.c ****   SPI_HandleTypeDef *hspi = (SPI_HandleTypeDef *)(((DMA_HandleTypeDef *)hdma)->Parent); /* Derogati
 7501              		.loc 1 3433 1 is_stmt 0 view .LVU2490
 7502 0000 10B5     		push	{r4, lr}
 7503              	.LCFI88:
 7504              		.cfi_def_cfa_offset 8
 7505              		.cfi_offset 4, -8
 7506              		.cfi_offset 14, -4
 7507 0002 84B0     		sub	sp, sp, #16
 7508              	.LCFI89:
 7509              		.cfi_def_cfa_offset 24
3434:Drivers/STM32G4xx_HAL_Driver/Src/stm32g4xx_hal_spi.c **** 
 7510              		.loc 1 3434 3 is_stmt 1 view .LVU2491
3434:Drivers/STM32G4xx_HAL_Driver/Src/stm32g4xx_hal_spi.c **** 
 7511              		.loc 1 3434 22 is_stmt 0 view .LVU2492
 7512 0004 846A     		ldr	r4, [r0, #40]
ARM GAS  C:\Users\Booster\AppData\Local\Temp\ccQdKe81.s 			page 250


 7513              	.LVL464:
3436:Drivers/STM32G4xx_HAL_Driver/Src/stm32g4xx_hal_spi.c **** 
 7514              		.loc 1 3436 3 is_stmt 1 view .LVU2493
3436:Drivers/STM32G4xx_HAL_Driver/Src/stm32g4xx_hal_spi.c **** 
 7515              		.loc 1 3436 7 is_stmt 0 view .LVU2494
 7516 0006 636D     		ldr	r3, [r4, #84]
3436:Drivers/STM32G4xx_HAL_Driver/Src/stm32g4xx_hal_spi.c **** 
 7517              		.loc 1 3436 35 view .LVU2495
 7518 0008 0022     		movs	r2, #0
 7519 000a 9A63     		str	r2, [r3, #56]
3439:Drivers/STM32G4xx_HAL_Driver/Src/stm32g4xx_hal_spi.c **** 
 7520              		.loc 1 3439 3 is_stmt 1 view .LVU2496
 7521 000c 2268     		ldr	r2, [r4]
 7522 000e 5368     		ldr	r3, [r2, #4]
 7523 0010 23F00203 		bic	r3, r3, #2
 7524 0014 5360     		str	r3, [r2, #4]
3441:Drivers/STM32G4xx_HAL_Driver/Src/stm32g4xx_hal_spi.c ****   {
 7525              		.loc 1 3441 3 view .LVU2497
3441:Drivers/STM32G4xx_HAL_Driver/Src/stm32g4xx_hal_spi.c ****   {
 7526              		.loc 1 3441 7 is_stmt 0 view .LVU2498
 7527 0016 FFF7FEFF 		bl	HAL_GetTick
 7528              	.LVL465:
3441:Drivers/STM32G4xx_HAL_Driver/Src/stm32g4xx_hal_spi.c ****   {
 7529              		.loc 1 3441 7 view .LVU2499
 7530 001a 0246     		mov	r2, r0
 7531 001c 6421     		movs	r1, #100
 7532 001e 2046     		mov	r0, r4
 7533 0020 FFF7FEFF 		bl	SPI_EndRxTxTransaction
 7534              	.LVL466:
3441:Drivers/STM32G4xx_HAL_Driver/Src/stm32g4xx_hal_spi.c ****   {
 7535              		.loc 1 3441 6 view .LVU2500
 7536 0024 08B1     		cbz	r0, .L500
3443:Drivers/STM32G4xx_HAL_Driver/Src/stm32g4xx_hal_spi.c ****   }
 7537              		.loc 1 3443 5 is_stmt 1 view .LVU2501
3443:Drivers/STM32G4xx_HAL_Driver/Src/stm32g4xx_hal_spi.c ****   }
 7538              		.loc 1 3443 21 is_stmt 0 view .LVU2502
 7539 0026 4023     		movs	r3, #64
 7540 0028 2366     		str	r3, [r4, #96]
 7541              	.L500:
3447:Drivers/STM32G4xx_HAL_Driver/Src/stm32g4xx_hal_spi.c **** 
 7542              		.loc 1 3447 3 is_stmt 1 view .LVU2503
 7543 002a 2268     		ldr	r2, [r4]
 7544 002c 1368     		ldr	r3, [r2]
 7545 002e 23F04003 		bic	r3, r3, #64
 7546 0032 1360     		str	r3, [r2]
3450:Drivers/STM32G4xx_HAL_Driver/Src/stm32g4xx_hal_spi.c ****   {
 7547              		.loc 1 3450 3 view .LVU2504
3450:Drivers/STM32G4xx_HAL_Driver/Src/stm32g4xx_hal_spi.c ****   {
 7548              		.loc 1 3450 7 is_stmt 0 view .LVU2505
 7549 0034 FFF7FEFF 		bl	HAL_GetTick
 7550              	.LVL467:
 7551 0038 0090     		str	r0, [sp]
 7552 003a 6423     		movs	r3, #100
 7553 003c 0022     		movs	r2, #0
 7554 003e 4FF4C061 		mov	r1, #1536
 7555 0042 2046     		mov	r0, r4
 7556 0044 FFF7FEFF 		bl	SPI_WaitFifoStateUntilTimeout
ARM GAS  C:\Users\Booster\AppData\Local\Temp\ccQdKe81.s 			page 251


 7557              	.LVL468:
3450:Drivers/STM32G4xx_HAL_Driver/Src/stm32g4xx_hal_spi.c ****   {
 7558              		.loc 1 3450 6 view .LVU2506
 7559 0048 08B1     		cbz	r0, .L501
3452:Drivers/STM32G4xx_HAL_Driver/Src/stm32g4xx_hal_spi.c ****   }
 7560              		.loc 1 3452 5 is_stmt 1 view .LVU2507
3452:Drivers/STM32G4xx_HAL_Driver/Src/stm32g4xx_hal_spi.c ****   }
 7561              		.loc 1 3452 21 is_stmt 0 view .LVU2508
 7562 004a 4023     		movs	r3, #64
 7563 004c 2366     		str	r3, [r4, #96]
 7564              	.L501:
3456:Drivers/STM32G4xx_HAL_Driver/Src/stm32g4xx_hal_spi.c ****   {
 7565              		.loc 1 3456 3 is_stmt 1 view .LVU2509
3456:Drivers/STM32G4xx_HAL_Driver/Src/stm32g4xx_hal_spi.c ****   {
 7566              		.loc 1 3456 11 is_stmt 0 view .LVU2510
 7567 004e A36D     		ldr	r3, [r4, #88]
3456:Drivers/STM32G4xx_HAL_Driver/Src/stm32g4xx_hal_spi.c ****   {
 7568              		.loc 1 3456 6 view .LVU2511
 7569 0050 0BB1     		cbz	r3, .L502
3458:Drivers/STM32G4xx_HAL_Driver/Src/stm32g4xx_hal_spi.c ****     {
 7570              		.loc 1 3458 5 is_stmt 1 view .LVU2512
3458:Drivers/STM32G4xx_HAL_Driver/Src/stm32g4xx_hal_spi.c ****     {
 7571              		.loc 1 3458 21 is_stmt 0 view .LVU2513
 7572 0052 9B6B     		ldr	r3, [r3, #56]
3458:Drivers/STM32G4xx_HAL_Driver/Src/stm32g4xx_hal_spi.c ****     {
 7573              		.loc 1 3458 8 view .LVU2514
 7574 0054 D3B9     		cbnz	r3, .L499
 7575              	.L502:
3465:Drivers/STM32G4xx_HAL_Driver/Src/stm32g4xx_hal_spi.c ****   hspi->TxXferCount = 0U;
 7576              		.loc 1 3465 3 is_stmt 1 view .LVU2515
3465:Drivers/STM32G4xx_HAL_Driver/Src/stm32g4xx_hal_spi.c ****   hspi->TxXferCount = 0U;
 7577              		.loc 1 3465 21 is_stmt 0 view .LVU2516
 7578 0056 0023     		movs	r3, #0
 7579 0058 A4F84630 		strh	r3, [r4, #70]	@ movhi
3466:Drivers/STM32G4xx_HAL_Driver/Src/stm32g4xx_hal_spi.c **** 
 7580              		.loc 1 3466 3 is_stmt 1 view .LVU2517
3466:Drivers/STM32G4xx_HAL_Driver/Src/stm32g4xx_hal_spi.c **** 
 7581              		.loc 1 3466 21 is_stmt 0 view .LVU2518
 7582 005c E387     		strh	r3, [r4, #62]	@ movhi
3469:Drivers/STM32G4xx_HAL_Driver/Src/stm32g4xx_hal_spi.c ****   {
 7583              		.loc 1 3469 3 is_stmt 1 view .LVU2519
3469:Drivers/STM32G4xx_HAL_Driver/Src/stm32g4xx_hal_spi.c ****   {
 7584              		.loc 1 3469 11 is_stmt 0 view .LVU2520
 7585 005e 236E     		ldr	r3, [r4, #96]
3469:Drivers/STM32G4xx_HAL_Driver/Src/stm32g4xx_hal_spi.c ****   {
 7586              		.loc 1 3469 6 view .LVU2521
 7587 0060 402B     		cmp	r3, #64
 7588 0062 01D0     		beq	.L504
3472:Drivers/STM32G4xx_HAL_Driver/Src/stm32g4xx_hal_spi.c ****   }
 7589              		.loc 1 3472 5 is_stmt 1 view .LVU2522
3472:Drivers/STM32G4xx_HAL_Driver/Src/stm32g4xx_hal_spi.c ****   }
 7590              		.loc 1 3472 21 is_stmt 0 view .LVU2523
 7591 0064 0023     		movs	r3, #0
 7592 0066 2366     		str	r3, [r4, #96]
 7593              	.L504:
3476:Drivers/STM32G4xx_HAL_Driver/Src/stm32g4xx_hal_spi.c ****   __HAL_SPI_CLEAR_FREFLAG(hspi);
 7594              		.loc 1 3476 3 is_stmt 1 view .LVU2524
ARM GAS  C:\Users\Booster\AppData\Local\Temp\ccQdKe81.s 			page 252


 7595              	.LBB15:
3476:Drivers/STM32G4xx_HAL_Driver/Src/stm32g4xx_hal_spi.c ****   __HAL_SPI_CLEAR_FREFLAG(hspi);
 7596              		.loc 1 3476 3 view .LVU2525
 7597 0068 0022     		movs	r2, #0
 7598 006a 0292     		str	r2, [sp, #8]
3476:Drivers/STM32G4xx_HAL_Driver/Src/stm32g4xx_hal_spi.c ****   __HAL_SPI_CLEAR_FREFLAG(hspi);
 7599              		.loc 1 3476 3 view .LVU2526
 7600 006c 2368     		ldr	r3, [r4]
 7601 006e D968     		ldr	r1, [r3, #12]
 7602 0070 0291     		str	r1, [sp, #8]
3476:Drivers/STM32G4xx_HAL_Driver/Src/stm32g4xx_hal_spi.c ****   __HAL_SPI_CLEAR_FREFLAG(hspi);
 7603              		.loc 1 3476 3 view .LVU2527
 7604 0072 9968     		ldr	r1, [r3, #8]
 7605 0074 0291     		str	r1, [sp, #8]
3476:Drivers/STM32G4xx_HAL_Driver/Src/stm32g4xx_hal_spi.c ****   __HAL_SPI_CLEAR_FREFLAG(hspi);
 7606              		.loc 1 3476 3 view .LVU2528
 7607 0076 0299     		ldr	r1, [sp, #8]
 7608              	.LBE15:
3476:Drivers/STM32G4xx_HAL_Driver/Src/stm32g4xx_hal_spi.c ****   __HAL_SPI_CLEAR_FREFLAG(hspi);
 7609              		.loc 1 3476 3 view .LVU2529
3477:Drivers/STM32G4xx_HAL_Driver/Src/stm32g4xx_hal_spi.c **** 
 7610              		.loc 1 3477 3 view .LVU2530
 7611              	.LBB16:
3477:Drivers/STM32G4xx_HAL_Driver/Src/stm32g4xx_hal_spi.c **** 
 7612              		.loc 1 3477 3 view .LVU2531
 7613 0078 0392     		str	r2, [sp, #12]
3477:Drivers/STM32G4xx_HAL_Driver/Src/stm32g4xx_hal_spi.c **** 
 7614              		.loc 1 3477 3 view .LVU2532
 7615 007a 9B68     		ldr	r3, [r3, #8]
 7616 007c 0393     		str	r3, [sp, #12]
3477:Drivers/STM32G4xx_HAL_Driver/Src/stm32g4xx_hal_spi.c **** 
 7617              		.loc 1 3477 3 view .LVU2533
 7618 007e 039B     		ldr	r3, [sp, #12]
 7619              	.LBE16:
3477:Drivers/STM32G4xx_HAL_Driver/Src/stm32g4xx_hal_spi.c **** 
 7620              		.loc 1 3477 3 view .LVU2534
3480:Drivers/STM32G4xx_HAL_Driver/Src/stm32g4xx_hal_spi.c **** 
 7621              		.loc 1 3480 3 view .LVU2535
3480:Drivers/STM32G4xx_HAL_Driver/Src/stm32g4xx_hal_spi.c **** 
 7622              		.loc 1 3480 16 is_stmt 0 view .LVU2536
 7623 0080 0123     		movs	r3, #1
 7624 0082 84F85D30 		strb	r3, [r4, #93]
3486:Drivers/STM32G4xx_HAL_Driver/Src/stm32g4xx_hal_spi.c **** #endif /* USE_HAL_SPI_REGISTER_CALLBACKS */
 7625              		.loc 1 3486 3 is_stmt 1 view .LVU2537
 7626 0086 2046     		mov	r0, r4
 7627 0088 FFF7FEFF 		bl	HAL_SPI_AbortCpltCallback
 7628              	.LVL469:
 7629              	.L499:
3488:Drivers/STM32G4xx_HAL_Driver/Src/stm32g4xx_hal_spi.c **** 
 7630              		.loc 1 3488 1 is_stmt 0 view .LVU2538
 7631 008c 04B0     		add	sp, sp, #16
 7632              	.LCFI90:
 7633              		.cfi_def_cfa_offset 8
 7634              		@ sp needed
 7635 008e 10BD     		pop	{r4, pc}
3488:Drivers/STM32G4xx_HAL_Driver/Src/stm32g4xx_hal_spi.c **** 
 7636              		.loc 1 3488 1 view .LVU2539
ARM GAS  C:\Users\Booster\AppData\Local\Temp\ccQdKe81.s 			page 253


 7637              		.cfi_endproc
 7638              	.LFE366:
 7640              		.section	.text.HAL_SPI_GetState,"ax",%progbits
 7641              		.align	1
 7642              		.global	HAL_SPI_GetState
 7643              		.syntax unified
 7644              		.thumb
 7645              		.thumb_func
 7647              	HAL_SPI_GetState:
 7648              	.LVL470:
 7649              	.LFB356:
3023:Drivers/STM32G4xx_HAL_Driver/Src/stm32g4xx_hal_spi.c ****   /* Return SPI handle state */
 7650              		.loc 1 3023 1 is_stmt 1 view -0
 7651              		.cfi_startproc
 7652              		@ args = 0, pretend = 0, frame = 0
 7653              		@ frame_needed = 0, uses_anonymous_args = 0
 7654              		@ link register save eliminated.
3025:Drivers/STM32G4xx_HAL_Driver/Src/stm32g4xx_hal_spi.c **** }
 7655              		.loc 1 3025 3 view .LVU2541
3025:Drivers/STM32G4xx_HAL_Driver/Src/stm32g4xx_hal_spi.c **** }
 7656              		.loc 1 3025 14 is_stmt 0 view .LVU2542
 7657 0000 90F85D00 		ldrb	r0, [r0, #93]	@ zero_extendqisi2
 7658              	.LVL471:
3026:Drivers/STM32G4xx_HAL_Driver/Src/stm32g4xx_hal_spi.c **** 
 7659              		.loc 1 3026 1 view .LVU2543
 7660 0004 7047     		bx	lr
 7661              		.cfi_endproc
 7662              	.LFE356:
 7664              		.section	.text.HAL_SPI_GetError,"ax",%progbits
 7665              		.align	1
 7666              		.global	HAL_SPI_GetError
 7667              		.syntax unified
 7668              		.thumb
 7669              		.thumb_func
 7671              	HAL_SPI_GetError:
 7672              	.LVL472:
 7673              	.LFB357:
3035:Drivers/STM32G4xx_HAL_Driver/Src/stm32g4xx_hal_spi.c ****   /* Return SPI ErrorCode */
 7674              		.loc 1 3035 1 is_stmt 1 view -0
 7675              		.cfi_startproc
 7676              		@ args = 0, pretend = 0, frame = 0
 7677              		@ frame_needed = 0, uses_anonymous_args = 0
 7678              		@ link register save eliminated.
3037:Drivers/STM32G4xx_HAL_Driver/Src/stm32g4xx_hal_spi.c **** }
 7679              		.loc 1 3037 3 view .LVU2545
3037:Drivers/STM32G4xx_HAL_Driver/Src/stm32g4xx_hal_spi.c **** }
 7680              		.loc 1 3037 14 is_stmt 0 view .LVU2546
 7681 0000 006E     		ldr	r0, [r0, #96]
 7682              	.LVL473:
3038:Drivers/STM32G4xx_HAL_Driver/Src/stm32g4xx_hal_spi.c **** 
 7683              		.loc 1 3038 1 view .LVU2547
 7684 0002 7047     		bx	lr
 7685              		.cfi_endproc
 7686              	.LFE357:
 7688              		.text
 7689              	.Letext0:
 7690              		.file 2 "c:\\program files (x86)\\arm gnu toolchain arm-none-eabi\\12.3 rel1\\arm-none-eabi\\inclu
ARM GAS  C:\Users\Booster\AppData\Local\Temp\ccQdKe81.s 			page 254


 7691              		.file 3 "c:\\program files (x86)\\arm gnu toolchain arm-none-eabi\\12.3 rel1\\arm-none-eabi\\inclu
 7692              		.file 4 "Drivers/CMSIS/Device/ST/STM32G4xx/Include/stm32g431xx.h"
 7693              		.file 5 "Drivers/CMSIS/Device/ST/STM32G4xx/Include/stm32g4xx.h"
 7694              		.file 6 "Drivers/STM32G4xx_HAL_Driver/Inc/stm32g4xx_hal_def.h"
 7695              		.file 7 "Drivers/STM32G4xx_HAL_Driver/Inc/stm32g4xx_hal_dma.h"
 7696              		.file 8 "Drivers/STM32G4xx_HAL_Driver/Inc/stm32g4xx_hal_spi.h"
 7697              		.file 9 "Drivers/CMSIS/Device/ST/STM32G4xx/Include/system_stm32g4xx.h"
 7698              		.file 10 "Drivers/STM32G4xx_HAL_Driver/Inc/stm32g4xx_hal.h"
ARM GAS  C:\Users\Booster\AppData\Local\Temp\ccQdKe81.s 			page 255


DEFINED SYMBOLS
                            *ABS*:00000000 stm32g4xx_hal_spi.c
C:\Users\Booster\AppData\Local\Temp\ccQdKe81.s:21     .text.SPI_WaitFlagStateUntilTimeout:00000000 $t
C:\Users\Booster\AppData\Local\Temp\ccQdKe81.s:26     .text.SPI_WaitFlagStateUntilTimeout:00000000 SPI_WaitFlagStateUntilTimeout
C:\Users\Booster\AppData\Local\Temp\ccQdKe81.s:203    .text.SPI_WaitFlagStateUntilTimeout:000000c4 $d
C:\Users\Booster\AppData\Local\Temp\ccQdKe81.s:208    .text.SPI_WaitFifoStateUntilTimeout:00000000 $t
C:\Users\Booster\AppData\Local\Temp\ccQdKe81.s:213    .text.SPI_WaitFifoStateUntilTimeout:00000000 SPI_WaitFifoStateUntilTimeout
C:\Users\Booster\AppData\Local\Temp\ccQdKe81.s:421    .text.SPI_WaitFifoStateUntilTimeout:000000ec $d
C:\Users\Booster\AppData\Local\Temp\ccQdKe81.s:426    .text.SPI_EndRxTxTransaction:00000000 $t
C:\Users\Booster\AppData\Local\Temp\ccQdKe81.s:431    .text.SPI_EndRxTxTransaction:00000000 SPI_EndRxTxTransaction
C:\Users\Booster\AppData\Local\Temp\ccQdKe81.s:528    .text.SPI_EndRxTransaction:00000000 $t
C:\Users\Booster\AppData\Local\Temp\ccQdKe81.s:533    .text.SPI_EndRxTransaction:00000000 SPI_EndRxTransaction
C:\Users\Booster\AppData\Local\Temp\ccQdKe81.s:656    .text.SPI_AbortRx_ISR:00000000 $t
C:\Users\Booster\AppData\Local\Temp\ccQdKe81.s:661    .text.SPI_AbortRx_ISR:00000000 SPI_AbortRx_ISR
C:\Users\Booster\AppData\Local\Temp\ccQdKe81.s:778    .text.SPI_AbortRx_ISR:00000088 $d
C:\Users\Booster\AppData\Local\Temp\ccQdKe81.s:784    .text.SPI_AbortTx_ISR:00000000 $t
C:\Users\Booster\AppData\Local\Temp\ccQdKe81.s:789    .text.SPI_AbortTx_ISR:00000000 SPI_AbortTx_ISR
C:\Users\Booster\AppData\Local\Temp\ccQdKe81.s:976    .text.SPI_AbortTx_ISR:000000e8 $d
C:\Users\Booster\AppData\Local\Temp\ccQdKe81.s:982    .text.HAL_SPI_MspInit:00000000 $t
C:\Users\Booster\AppData\Local\Temp\ccQdKe81.s:988    .text.HAL_SPI_MspInit:00000000 HAL_SPI_MspInit
C:\Users\Booster\AppData\Local\Temp\ccQdKe81.s:1003   .text.HAL_SPI_Init:00000000 $t
C:\Users\Booster\AppData\Local\Temp\ccQdKe81.s:1009   .text.HAL_SPI_Init:00000000 HAL_SPI_Init
C:\Users\Booster\AppData\Local\Temp\ccQdKe81.s:1198   .text.HAL_SPI_MspDeInit:00000000 $t
C:\Users\Booster\AppData\Local\Temp\ccQdKe81.s:1204   .text.HAL_SPI_MspDeInit:00000000 HAL_SPI_MspDeInit
C:\Users\Booster\AppData\Local\Temp\ccQdKe81.s:1219   .text.HAL_SPI_DeInit:00000000 $t
C:\Users\Booster\AppData\Local\Temp\ccQdKe81.s:1225   .text.HAL_SPI_DeInit:00000000 HAL_SPI_DeInit
C:\Users\Booster\AppData\Local\Temp\ccQdKe81.s:1284   .text.HAL_SPI_Transmit:00000000 $t
C:\Users\Booster\AppData\Local\Temp\ccQdKe81.s:1290   .text.HAL_SPI_Transmit:00000000 HAL_SPI_Transmit
C:\Users\Booster\AppData\Local\Temp\ccQdKe81.s:1766   .text.HAL_SPI_TransmitReceive:00000000 $t
C:\Users\Booster\AppData\Local\Temp\ccQdKe81.s:1772   .text.HAL_SPI_TransmitReceive:00000000 HAL_SPI_TransmitReceive
C:\Users\Booster\AppData\Local\Temp\ccQdKe81.s:2499   .text.HAL_SPI_Receive:00000000 $t
C:\Users\Booster\AppData\Local\Temp\ccQdKe81.s:2505   .text.HAL_SPI_Receive:00000000 HAL_SPI_Receive
C:\Users\Booster\AppData\Local\Temp\ccQdKe81.s:2877   .text.HAL_SPI_Transmit_IT:00000000 $t
C:\Users\Booster\AppData\Local\Temp\ccQdKe81.s:2883   .text.HAL_SPI_Transmit_IT:00000000 HAL_SPI_Transmit_IT
C:\Users\Booster\AppData\Local\Temp\ccQdKe81.s:3066   .text.HAL_SPI_Transmit_IT:000000a8 $d
C:\Users\Booster\AppData\Local\Temp\ccQdKe81.s:5542   .text.SPI_TxISR_16BIT:00000000 SPI_TxISR_16BIT
C:\Users\Booster\AppData\Local\Temp\ccQdKe81.s:5480   .text.SPI_TxISR_8BIT:00000000 SPI_TxISR_8BIT
C:\Users\Booster\AppData\Local\Temp\ccQdKe81.s:3072   .text.HAL_SPI_TransmitReceive_IT:00000000 $t
C:\Users\Booster\AppData\Local\Temp\ccQdKe81.s:3078   .text.HAL_SPI_TransmitReceive_IT:00000000 HAL_SPI_TransmitReceive_IT
C:\Users\Booster\AppData\Local\Temp\ccQdKe81.s:3322   .text.HAL_SPI_TransmitReceive_IT:000000e4 $d
C:\Users\Booster\AppData\Local\Temp\ccQdKe81.s:6190   .text.SPI_2linesRxISR_16BIT:00000000 SPI_2linesRxISR_16BIT
C:\Users\Booster\AppData\Local\Temp\ccQdKe81.s:6117   .text.SPI_2linesTxISR_16BIT:00000000 SPI_2linesTxISR_16BIT
C:\Users\Booster\AppData\Local\Temp\ccQdKe81.s:5999   .text.SPI_2linesRxISR_8BIT:00000000 SPI_2linesRxISR_8BIT
C:\Users\Booster\AppData\Local\Temp\ccQdKe81.s:5893   .text.SPI_2linesTxISR_8BIT:00000000 SPI_2linesTxISR_8BIT
C:\Users\Booster\AppData\Local\Temp\ccQdKe81.s:3330   .text.HAL_SPI_Receive_IT:00000000 $t
C:\Users\Booster\AppData\Local\Temp\ccQdKe81.s:3336   .text.HAL_SPI_Receive_IT:00000000 HAL_SPI_Receive_IT
C:\Users\Booster\AppData\Local\Temp\ccQdKe81.s:3538   .text.HAL_SPI_Receive_IT:000000f4 $d
C:\Users\Booster\AppData\Local\Temp\ccQdKe81.s:5735   .text.SPI_RxISR_16BIT:00000000 SPI_RxISR_16BIT
C:\Users\Booster\AppData\Local\Temp\ccQdKe81.s:5673   .text.SPI_RxISR_8BIT:00000000 SPI_RxISR_8BIT
C:\Users\Booster\AppData\Local\Temp\ccQdKe81.s:3544   .text.HAL_SPI_Transmit_DMA:00000000 $t
C:\Users\Booster\AppData\Local\Temp\ccQdKe81.s:3550   .text.HAL_SPI_Transmit_DMA:00000000 HAL_SPI_Transmit_DMA
C:\Users\Booster\AppData\Local\Temp\ccQdKe81.s:3807   .text.HAL_SPI_Transmit_DMA:00000124 $d
C:\Users\Booster\AppData\Local\Temp\ccQdKe81.s:5215   .text.SPI_DMAHalfTransmitCplt:00000000 SPI_DMAHalfTransmitCplt
C:\Users\Booster\AppData\Local\Temp\ccQdKe81.s:6307   .text.SPI_DMATransmitCplt:00000000 SPI_DMATransmitCplt
C:\Users\Booster\AppData\Local\Temp\ccQdKe81.s:6263   .text.SPI_DMAError:00000000 SPI_DMAError
C:\Users\Booster\AppData\Local\Temp\ccQdKe81.s:3814   .text.HAL_SPI_TransmitReceive_DMA:00000000 $t
C:\Users\Booster\AppData\Local\Temp\ccQdKe81.s:3820   .text.HAL_SPI_TransmitReceive_DMA:00000000 HAL_SPI_TransmitReceive_DMA
ARM GAS  C:\Users\Booster\AppData\Local\Temp\ccQdKe81.s 			page 256


C:\Users\Booster\AppData\Local\Temp\ccQdKe81.s:4260   .text.HAL_SPI_TransmitReceive_DMA:000001f8 $d
C:\Users\Booster\AppData\Local\Temp\ccQdKe81.s:5321   .text.SPI_DMAHalfTransmitReceiveCplt:00000000 SPI_DMAHalfTransmitReceiveCplt
C:\Users\Booster\AppData\Local\Temp\ccQdKe81.s:6551   .text.SPI_DMATransmitReceiveCplt:00000000 SPI_DMATransmitReceiveCplt
C:\Users\Booster\AppData\Local\Temp\ccQdKe81.s:5268   .text.SPI_DMAHalfReceiveCplt:00000000 SPI_DMAHalfReceiveCplt
C:\Users\Booster\AppData\Local\Temp\ccQdKe81.s:6434   .text.SPI_DMAReceiveCplt:00000000 SPI_DMAReceiveCplt
C:\Users\Booster\AppData\Local\Temp\ccQdKe81.s:4269   .text.HAL_SPI_Receive_DMA:00000000 $t
C:\Users\Booster\AppData\Local\Temp\ccQdKe81.s:4275   .text.HAL_SPI_Receive_DMA:00000000 HAL_SPI_Receive_DMA
C:\Users\Booster\AppData\Local\Temp\ccQdKe81.s:4570   .text.HAL_SPI_Receive_DMA:00000170 $d
C:\Users\Booster\AppData\Local\Temp\ccQdKe81.s:4577   .text.HAL_SPI_Abort:00000000 $t
C:\Users\Booster\AppData\Local\Temp\ccQdKe81.s:4583   .text.HAL_SPI_Abort:00000000 HAL_SPI_Abort
C:\Users\Booster\AppData\Local\Temp\ccQdKe81.s:4927   .text.HAL_SPI_Abort:00000180 $d
C:\Users\Booster\AppData\Local\Temp\ccQdKe81.s:4935   .text.HAL_SPI_DMAPause:00000000 $t
C:\Users\Booster\AppData\Local\Temp\ccQdKe81.s:4941   .text.HAL_SPI_DMAPause:00000000 HAL_SPI_DMAPause
C:\Users\Booster\AppData\Local\Temp\ccQdKe81.s:4985   .text.HAL_SPI_DMAResume:00000000 $t
C:\Users\Booster\AppData\Local\Temp\ccQdKe81.s:4991   .text.HAL_SPI_DMAResume:00000000 HAL_SPI_DMAResume
C:\Users\Booster\AppData\Local\Temp\ccQdKe81.s:5035   .text.HAL_SPI_DMAStop:00000000 $t
C:\Users\Booster\AppData\Local\Temp\ccQdKe81.s:5041   .text.HAL_SPI_DMAStop:00000000 HAL_SPI_DMAStop
C:\Users\Booster\AppData\Local\Temp\ccQdKe81.s:5126   .text.HAL_SPI_TxCpltCallback:00000000 $t
C:\Users\Booster\AppData\Local\Temp\ccQdKe81.s:5132   .text.HAL_SPI_TxCpltCallback:00000000 HAL_SPI_TxCpltCallback
C:\Users\Booster\AppData\Local\Temp\ccQdKe81.s:5147   .text.HAL_SPI_RxCpltCallback:00000000 $t
C:\Users\Booster\AppData\Local\Temp\ccQdKe81.s:5153   .text.HAL_SPI_RxCpltCallback:00000000 HAL_SPI_RxCpltCallback
C:\Users\Booster\AppData\Local\Temp\ccQdKe81.s:5168   .text.HAL_SPI_TxRxCpltCallback:00000000 $t
C:\Users\Booster\AppData\Local\Temp\ccQdKe81.s:5174   .text.HAL_SPI_TxRxCpltCallback:00000000 HAL_SPI_TxRxCpltCallback
C:\Users\Booster\AppData\Local\Temp\ccQdKe81.s:5189   .text.HAL_SPI_TxHalfCpltCallback:00000000 $t
C:\Users\Booster\AppData\Local\Temp\ccQdKe81.s:5195   .text.HAL_SPI_TxHalfCpltCallback:00000000 HAL_SPI_TxHalfCpltCallback
C:\Users\Booster\AppData\Local\Temp\ccQdKe81.s:5210   .text.SPI_DMAHalfTransmitCplt:00000000 $t
C:\Users\Booster\AppData\Local\Temp\ccQdKe81.s:5242   .text.HAL_SPI_RxHalfCpltCallback:00000000 $t
C:\Users\Booster\AppData\Local\Temp\ccQdKe81.s:5248   .text.HAL_SPI_RxHalfCpltCallback:00000000 HAL_SPI_RxHalfCpltCallback
C:\Users\Booster\AppData\Local\Temp\ccQdKe81.s:5263   .text.SPI_DMAHalfReceiveCplt:00000000 $t
C:\Users\Booster\AppData\Local\Temp\ccQdKe81.s:5295   .text.HAL_SPI_TxRxHalfCpltCallback:00000000 $t
C:\Users\Booster\AppData\Local\Temp\ccQdKe81.s:5301   .text.HAL_SPI_TxRxHalfCpltCallback:00000000 HAL_SPI_TxRxHalfCpltCallback
C:\Users\Booster\AppData\Local\Temp\ccQdKe81.s:5316   .text.SPI_DMAHalfTransmitReceiveCplt:00000000 $t
C:\Users\Booster\AppData\Local\Temp\ccQdKe81.s:5348   .text.HAL_SPI_ErrorCallback:00000000 $t
C:\Users\Booster\AppData\Local\Temp\ccQdKe81.s:5354   .text.HAL_SPI_ErrorCallback:00000000 HAL_SPI_ErrorCallback
C:\Users\Booster\AppData\Local\Temp\ccQdKe81.s:5369   .text.SPI_CloseTx_ISR:00000000 $t
C:\Users\Booster\AppData\Local\Temp\ccQdKe81.s:5374   .text.SPI_CloseTx_ISR:00000000 SPI_CloseTx_ISR
C:\Users\Booster\AppData\Local\Temp\ccQdKe81.s:5475   .text.SPI_TxISR_8BIT:00000000 $t
C:\Users\Booster\AppData\Local\Temp\ccQdKe81.s:5537   .text.SPI_TxISR_16BIT:00000000 $t
C:\Users\Booster\AppData\Local\Temp\ccQdKe81.s:5599   .text.SPI_CloseRx_ISR:00000000 $t
C:\Users\Booster\AppData\Local\Temp\ccQdKe81.s:5604   .text.SPI_CloseRx_ISR:00000000 SPI_CloseRx_ISR
C:\Users\Booster\AppData\Local\Temp\ccQdKe81.s:5668   .text.SPI_RxISR_8BIT:00000000 $t
C:\Users\Booster\AppData\Local\Temp\ccQdKe81.s:5730   .text.SPI_RxISR_16BIT:00000000 $t
C:\Users\Booster\AppData\Local\Temp\ccQdKe81.s:5792   .text.SPI_CloseRxTx_ISR:00000000 $t
C:\Users\Booster\AppData\Local\Temp\ccQdKe81.s:5797   .text.SPI_CloseRxTx_ISR:00000000 SPI_CloseRxTx_ISR
C:\Users\Booster\AppData\Local\Temp\ccQdKe81.s:5888   .text.SPI_2linesTxISR_8BIT:00000000 $t
C:\Users\Booster\AppData\Local\Temp\ccQdKe81.s:5994   .text.SPI_2linesRxISR_8BIT:00000000 $t
C:\Users\Booster\AppData\Local\Temp\ccQdKe81.s:6112   .text.SPI_2linesTxISR_16BIT:00000000 $t
C:\Users\Booster\AppData\Local\Temp\ccQdKe81.s:6185   .text.SPI_2linesRxISR_16BIT:00000000 $t
C:\Users\Booster\AppData\Local\Temp\ccQdKe81.s:6258   .text.SPI_DMAError:00000000 $t
C:\Users\Booster\AppData\Local\Temp\ccQdKe81.s:6302   .text.SPI_DMATransmitCplt:00000000 $t
C:\Users\Booster\AppData\Local\Temp\ccQdKe81.s:6429   .text.SPI_DMAReceiveCplt:00000000 $t
C:\Users\Booster\AppData\Local\Temp\ccQdKe81.s:6546   .text.SPI_DMATransmitReceiveCplt:00000000 $t
C:\Users\Booster\AppData\Local\Temp\ccQdKe81.s:6646   .text.HAL_SPI_IRQHandler:00000000 $t
C:\Users\Booster\AppData\Local\Temp\ccQdKe81.s:6652   .text.HAL_SPI_IRQHandler:00000000 HAL_SPI_IRQHandler
C:\Users\Booster\AppData\Local\Temp\ccQdKe81.s:6917   .text.HAL_SPI_IRQHandler:00000114 $d
C:\Users\Booster\AppData\Local\Temp\ccQdKe81.s:6927   .text.SPI_DMAAbortOnError:00000000 SPI_DMAAbortOnError
C:\Users\Booster\AppData\Local\Temp\ccQdKe81.s:6922   .text.SPI_DMAAbortOnError:00000000 $t
ARM GAS  C:\Users\Booster\AppData\Local\Temp\ccQdKe81.s 			page 257


C:\Users\Booster\AppData\Local\Temp\ccQdKe81.s:6960   .text.HAL_SPI_AbortCpltCallback:00000000 $t
C:\Users\Booster\AppData\Local\Temp\ccQdKe81.s:6966   .text.HAL_SPI_AbortCpltCallback:00000000 HAL_SPI_AbortCpltCallback
C:\Users\Booster\AppData\Local\Temp\ccQdKe81.s:6981   .text.HAL_SPI_Abort_IT:00000000 $t
C:\Users\Booster\AppData\Local\Temp\ccQdKe81.s:6987   .text.HAL_SPI_Abort_IT:00000000 HAL_SPI_Abort_IT
C:\Users\Booster\AppData\Local\Temp\ccQdKe81.s:7324   .text.HAL_SPI_Abort_IT:00000148 $d
C:\Users\Booster\AppData\Local\Temp\ccQdKe81.s:7494   .text.SPI_DMATxAbortCallback:00000000 SPI_DMATxAbortCallback
C:\Users\Booster\AppData\Local\Temp\ccQdKe81.s:7339   .text.SPI_DMARxAbortCallback:00000000 SPI_DMARxAbortCallback
C:\Users\Booster\AppData\Local\Temp\ccQdKe81.s:7334   .text.SPI_DMARxAbortCallback:00000000 $t
C:\Users\Booster\AppData\Local\Temp\ccQdKe81.s:7489   .text.SPI_DMATxAbortCallback:00000000 $t
C:\Users\Booster\AppData\Local\Temp\ccQdKe81.s:7641   .text.HAL_SPI_GetState:00000000 $t
C:\Users\Booster\AppData\Local\Temp\ccQdKe81.s:7647   .text.HAL_SPI_GetState:00000000 HAL_SPI_GetState
C:\Users\Booster\AppData\Local\Temp\ccQdKe81.s:7665   .text.HAL_SPI_GetError:00000000 $t
C:\Users\Booster\AppData\Local\Temp\ccQdKe81.s:7671   .text.HAL_SPI_GetError:00000000 HAL_SPI_GetError

UNDEFINED SYMBOLS
HAL_GetTick
SystemCoreClock
HAL_DMA_Start_IT
HAL_DMA_Abort
HAL_DMA_Abort_IT
