ARM GAS  C:\Users\Booster\AppData\Local\Temp\ccs9w8jc.s 			page 1


   1              		.cpu cortex-m4
   2              		.arch armv7e-m
   3              		.fpu fpv4-sp-d16
   4              		.eabi_attribute 27, 1
   5              		.eabi_attribute 28, 1
   6              		.eabi_attribute 20, 1
   7              		.eabi_attribute 21, 1
   8              		.eabi_attribute 23, 3
   9              		.eabi_attribute 24, 1
  10              		.eabi_attribute 25, 1
  11              		.eabi_attribute 26, 1
  12              		.eabi_attribute 30, 1
  13              		.eabi_attribute 34, 1
  14              		.eabi_attribute 18, 4
  15              		.file	"stm32g4xx_hal_tim_ex.c"
  16              		.text
  17              	.Ltext0:
  18              		.cfi_sections	.debug_frame
  19              		.file 1 "Drivers/STM32G4xx_HAL_Driver/Src/stm32g4xx_hal_tim_ex.c"
  20              		.section	.text.TIM_CCxNChannelCmd,"ax",%progbits
  21              		.align	1
  22              		.syntax unified
  23              		.thumb
  24              		.thumb_func
  26              	TIM_CCxNChannelCmd:
  27              	.LVL0:
  28              	.LFB397:
   1:Drivers/STM32G4xx_HAL_Driver/Src/stm32g4xx_hal_tim_ex.c **** /**
   2:Drivers/STM32G4xx_HAL_Driver/Src/stm32g4xx_hal_tim_ex.c ****   ******************************************************************************
   3:Drivers/STM32G4xx_HAL_Driver/Src/stm32g4xx_hal_tim_ex.c ****   * @file    stm32g4xx_hal_tim_ex.c
   4:Drivers/STM32G4xx_HAL_Driver/Src/stm32g4xx_hal_tim_ex.c ****   * @author  MCD Application Team
   5:Drivers/STM32G4xx_HAL_Driver/Src/stm32g4xx_hal_tim_ex.c ****   * @brief   TIM HAL module driver.
   6:Drivers/STM32G4xx_HAL_Driver/Src/stm32g4xx_hal_tim_ex.c ****   *          This file provides firmware functions to manage the following
   7:Drivers/STM32G4xx_HAL_Driver/Src/stm32g4xx_hal_tim_ex.c ****   *          functionalities of the Timer Extended peripheral:
   8:Drivers/STM32G4xx_HAL_Driver/Src/stm32g4xx_hal_tim_ex.c ****   *           + Time Hall Sensor Interface Initialization
   9:Drivers/STM32G4xx_HAL_Driver/Src/stm32g4xx_hal_tim_ex.c ****   *           + Time Hall Sensor Interface Start
  10:Drivers/STM32G4xx_HAL_Driver/Src/stm32g4xx_hal_tim_ex.c ****   *           + Time Complementary signal break and dead time configuration
  11:Drivers/STM32G4xx_HAL_Driver/Src/stm32g4xx_hal_tim_ex.c ****   *           + Time Master and Slave synchronization configuration
  12:Drivers/STM32G4xx_HAL_Driver/Src/stm32g4xx_hal_tim_ex.c ****   *           + Time Output Compare/PWM Channel Configuration (for channels 5 and 6)
  13:Drivers/STM32G4xx_HAL_Driver/Src/stm32g4xx_hal_tim_ex.c ****   *           + Time OCRef clear configuration
  14:Drivers/STM32G4xx_HAL_Driver/Src/stm32g4xx_hal_tim_ex.c ****   *           + Timer remapping capabilities configuration
  15:Drivers/STM32G4xx_HAL_Driver/Src/stm32g4xx_hal_tim_ex.c ****   *           + Timer encoder index configuration
  16:Drivers/STM32G4xx_HAL_Driver/Src/stm32g4xx_hal_tim_ex.c ****   ******************************************************************************
  17:Drivers/STM32G4xx_HAL_Driver/Src/stm32g4xx_hal_tim_ex.c ****   * @attention
  18:Drivers/STM32G4xx_HAL_Driver/Src/stm32g4xx_hal_tim_ex.c ****   *
  19:Drivers/STM32G4xx_HAL_Driver/Src/stm32g4xx_hal_tim_ex.c ****   * Copyright (c) 2019 STMicroelectronics.
  20:Drivers/STM32G4xx_HAL_Driver/Src/stm32g4xx_hal_tim_ex.c ****   * All rights reserved.
  21:Drivers/STM32G4xx_HAL_Driver/Src/stm32g4xx_hal_tim_ex.c ****   *
  22:Drivers/STM32G4xx_HAL_Driver/Src/stm32g4xx_hal_tim_ex.c ****   * This software is licensed under terms that can be found in the LICENSE file
  23:Drivers/STM32G4xx_HAL_Driver/Src/stm32g4xx_hal_tim_ex.c ****   * in the root directory of this software component.
  24:Drivers/STM32G4xx_HAL_Driver/Src/stm32g4xx_hal_tim_ex.c ****   * If no LICENSE file comes with this software, it is provided AS-IS.
  25:Drivers/STM32G4xx_HAL_Driver/Src/stm32g4xx_hal_tim_ex.c ****   *
  26:Drivers/STM32G4xx_HAL_Driver/Src/stm32g4xx_hal_tim_ex.c ****   ******************************************************************************
  27:Drivers/STM32G4xx_HAL_Driver/Src/stm32g4xx_hal_tim_ex.c ****   @verbatim
  28:Drivers/STM32G4xx_HAL_Driver/Src/stm32g4xx_hal_tim_ex.c ****   ==============================================================================
  29:Drivers/STM32G4xx_HAL_Driver/Src/stm32g4xx_hal_tim_ex.c ****                       ##### TIMER Extended features #####
  30:Drivers/STM32G4xx_HAL_Driver/Src/stm32g4xx_hal_tim_ex.c ****   ==============================================================================
ARM GAS  C:\Users\Booster\AppData\Local\Temp\ccs9w8jc.s 			page 2


  31:Drivers/STM32G4xx_HAL_Driver/Src/stm32g4xx_hal_tim_ex.c ****   [..]
  32:Drivers/STM32G4xx_HAL_Driver/Src/stm32g4xx_hal_tim_ex.c ****     The Timer Extended features include:
  33:Drivers/STM32G4xx_HAL_Driver/Src/stm32g4xx_hal_tim_ex.c ****     (#) Complementary outputs with programmable dead-time for :
  34:Drivers/STM32G4xx_HAL_Driver/Src/stm32g4xx_hal_tim_ex.c ****         (++) Output Compare
  35:Drivers/STM32G4xx_HAL_Driver/Src/stm32g4xx_hal_tim_ex.c ****         (++) PWM generation (Edge and Center-aligned Mode)
  36:Drivers/STM32G4xx_HAL_Driver/Src/stm32g4xx_hal_tim_ex.c ****         (++) One-pulse mode output
  37:Drivers/STM32G4xx_HAL_Driver/Src/stm32g4xx_hal_tim_ex.c ****     (#) Synchronization circuit to control the timer with external signals and to
  38:Drivers/STM32G4xx_HAL_Driver/Src/stm32g4xx_hal_tim_ex.c ****         interconnect several timers together.
  39:Drivers/STM32G4xx_HAL_Driver/Src/stm32g4xx_hal_tim_ex.c ****     (#) Break input to put the timer output signals in reset state or in a known state.
  40:Drivers/STM32G4xx_HAL_Driver/Src/stm32g4xx_hal_tim_ex.c ****     (#) Supports incremental (quadrature) encoder and hall-sensor circuitry for
  41:Drivers/STM32G4xx_HAL_Driver/Src/stm32g4xx_hal_tim_ex.c ****         positioning purposes
  42:Drivers/STM32G4xx_HAL_Driver/Src/stm32g4xx_hal_tim_ex.c ****     (#) In case of Pulse on compare, configure pulse length and delay
  43:Drivers/STM32G4xx_HAL_Driver/Src/stm32g4xx_hal_tim_ex.c ****     (#) Encoder index configuration
  44:Drivers/STM32G4xx_HAL_Driver/Src/stm32g4xx_hal_tim_ex.c **** 
  45:Drivers/STM32G4xx_HAL_Driver/Src/stm32g4xx_hal_tim_ex.c ****             ##### How to use this driver #####
  46:Drivers/STM32G4xx_HAL_Driver/Src/stm32g4xx_hal_tim_ex.c ****   ==============================================================================
  47:Drivers/STM32G4xx_HAL_Driver/Src/stm32g4xx_hal_tim_ex.c ****     [..]
  48:Drivers/STM32G4xx_HAL_Driver/Src/stm32g4xx_hal_tim_ex.c ****      (#) Initialize the TIM low level resources by implementing the following functions
  49:Drivers/STM32G4xx_HAL_Driver/Src/stm32g4xx_hal_tim_ex.c ****          depending on the selected feature:
  50:Drivers/STM32G4xx_HAL_Driver/Src/stm32g4xx_hal_tim_ex.c ****            (++) Hall Sensor output : HAL_TIMEx_HallSensor_MspInit()
  51:Drivers/STM32G4xx_HAL_Driver/Src/stm32g4xx_hal_tim_ex.c **** 
  52:Drivers/STM32G4xx_HAL_Driver/Src/stm32g4xx_hal_tim_ex.c ****      (#) Initialize the TIM low level resources :
  53:Drivers/STM32G4xx_HAL_Driver/Src/stm32g4xx_hal_tim_ex.c ****         (##) Enable the TIM interface clock using __HAL_RCC_TIMx_CLK_ENABLE();
  54:Drivers/STM32G4xx_HAL_Driver/Src/stm32g4xx_hal_tim_ex.c ****         (##) TIM pins configuration
  55:Drivers/STM32G4xx_HAL_Driver/Src/stm32g4xx_hal_tim_ex.c ****             (+++) Enable the clock for the TIM GPIOs using the following function:
  56:Drivers/STM32G4xx_HAL_Driver/Src/stm32g4xx_hal_tim_ex.c ****               __HAL_RCC_GPIOx_CLK_ENABLE();
  57:Drivers/STM32G4xx_HAL_Driver/Src/stm32g4xx_hal_tim_ex.c ****             (+++) Configure these TIM pins in Alternate function mode using HAL_GPIO_Init();
  58:Drivers/STM32G4xx_HAL_Driver/Src/stm32g4xx_hal_tim_ex.c **** 
  59:Drivers/STM32G4xx_HAL_Driver/Src/stm32g4xx_hal_tim_ex.c ****      (#) The external Clock can be configured, if needed (the default clock is the
  60:Drivers/STM32G4xx_HAL_Driver/Src/stm32g4xx_hal_tim_ex.c ****          internal clock from the APBx), using the following function:
  61:Drivers/STM32G4xx_HAL_Driver/Src/stm32g4xx_hal_tim_ex.c ****          HAL_TIM_ConfigClockSource, the clock configuration should be done before
  62:Drivers/STM32G4xx_HAL_Driver/Src/stm32g4xx_hal_tim_ex.c ****          any start function.
  63:Drivers/STM32G4xx_HAL_Driver/Src/stm32g4xx_hal_tim_ex.c **** 
  64:Drivers/STM32G4xx_HAL_Driver/Src/stm32g4xx_hal_tim_ex.c ****      (#) Configure the TIM in the desired functioning mode using one of the
  65:Drivers/STM32G4xx_HAL_Driver/Src/stm32g4xx_hal_tim_ex.c ****          initialization function of this driver:
  66:Drivers/STM32G4xx_HAL_Driver/Src/stm32g4xx_hal_tim_ex.c ****           (++) HAL_TIMEx_HallSensor_Init() and HAL_TIMEx_ConfigCommutEvent(): to use the
  67:Drivers/STM32G4xx_HAL_Driver/Src/stm32g4xx_hal_tim_ex.c ****                Timer Hall Sensor Interface and the commutation event with the corresponding
  68:Drivers/STM32G4xx_HAL_Driver/Src/stm32g4xx_hal_tim_ex.c ****                Interrupt and DMA request if needed (Note that One Timer is used to interface
  69:Drivers/STM32G4xx_HAL_Driver/Src/stm32g4xx_hal_tim_ex.c ****                with the Hall sensor Interface and another Timer should be used to use
  70:Drivers/STM32G4xx_HAL_Driver/Src/stm32g4xx_hal_tim_ex.c ****                the commutation event).
  71:Drivers/STM32G4xx_HAL_Driver/Src/stm32g4xx_hal_tim_ex.c ****      (#) In case of Pulse On Compare:
  72:Drivers/STM32G4xx_HAL_Driver/Src/stm32g4xx_hal_tim_ex.c ****            (++) HAL_TIMEx_OC_ConfigPulseOnCompare(): to configure pulse width and prescaler
  73:Drivers/STM32G4xx_HAL_Driver/Src/stm32g4xx_hal_tim_ex.c **** 
  74:Drivers/STM32G4xx_HAL_Driver/Src/stm32g4xx_hal_tim_ex.c **** 
  75:Drivers/STM32G4xx_HAL_Driver/Src/stm32g4xx_hal_tim_ex.c ****      (#) Activate the TIM peripheral using one of the start functions:
  76:Drivers/STM32G4xx_HAL_Driver/Src/stm32g4xx_hal_tim_ex.c ****            (++) Complementary Output Compare : HAL_TIMEx_OCN_Start(), HAL_TIMEx_OCN_Start_DMA(),
  77:Drivers/STM32G4xx_HAL_Driver/Src/stm32g4xx_hal_tim_ex.c ****                 HAL_TIMEx_OCN_Start_IT()
  78:Drivers/STM32G4xx_HAL_Driver/Src/stm32g4xx_hal_tim_ex.c ****            (++) Complementary PWM generation : HAL_TIMEx_PWMN_Start(), HAL_TIMEx_PWMN_Start_DMA(),
  79:Drivers/STM32G4xx_HAL_Driver/Src/stm32g4xx_hal_tim_ex.c ****                 HAL_TIMEx_PWMN_Start_IT()
  80:Drivers/STM32G4xx_HAL_Driver/Src/stm32g4xx_hal_tim_ex.c ****            (++) Complementary One-pulse mode output : HAL_TIMEx_OnePulseN_Start(), HAL_TIMEx_OnePul
  81:Drivers/STM32G4xx_HAL_Driver/Src/stm32g4xx_hal_tim_ex.c ****            (++) Hall Sensor output : HAL_TIMEx_HallSensor_Start(), HAL_TIMEx_HallSensor_Start_DMA()
  82:Drivers/STM32G4xx_HAL_Driver/Src/stm32g4xx_hal_tim_ex.c ****                 HAL_TIMEx_HallSensor_Start_IT().
  83:Drivers/STM32G4xx_HAL_Driver/Src/stm32g4xx_hal_tim_ex.c **** 
  84:Drivers/STM32G4xx_HAL_Driver/Src/stm32g4xx_hal_tim_ex.c ****   @endverbatim
  85:Drivers/STM32G4xx_HAL_Driver/Src/stm32g4xx_hal_tim_ex.c ****   ******************************************************************************
  86:Drivers/STM32G4xx_HAL_Driver/Src/stm32g4xx_hal_tim_ex.c ****   */
  87:Drivers/STM32G4xx_HAL_Driver/Src/stm32g4xx_hal_tim_ex.c **** 
ARM GAS  C:\Users\Booster\AppData\Local\Temp\ccs9w8jc.s 			page 3


  88:Drivers/STM32G4xx_HAL_Driver/Src/stm32g4xx_hal_tim_ex.c **** /* Includes ------------------------------------------------------------------*/
  89:Drivers/STM32G4xx_HAL_Driver/Src/stm32g4xx_hal_tim_ex.c **** #include "stm32g4xx_hal.h"
  90:Drivers/STM32G4xx_HAL_Driver/Src/stm32g4xx_hal_tim_ex.c **** 
  91:Drivers/STM32G4xx_HAL_Driver/Src/stm32g4xx_hal_tim_ex.c **** /** @addtogroup STM32G4xx_HAL_Driver
  92:Drivers/STM32G4xx_HAL_Driver/Src/stm32g4xx_hal_tim_ex.c ****   * @{
  93:Drivers/STM32G4xx_HAL_Driver/Src/stm32g4xx_hal_tim_ex.c ****   */
  94:Drivers/STM32G4xx_HAL_Driver/Src/stm32g4xx_hal_tim_ex.c **** 
  95:Drivers/STM32G4xx_HAL_Driver/Src/stm32g4xx_hal_tim_ex.c **** /** @defgroup TIMEx TIMEx
  96:Drivers/STM32G4xx_HAL_Driver/Src/stm32g4xx_hal_tim_ex.c ****   * @brief TIM Extended HAL module driver
  97:Drivers/STM32G4xx_HAL_Driver/Src/stm32g4xx_hal_tim_ex.c ****   * @{
  98:Drivers/STM32G4xx_HAL_Driver/Src/stm32g4xx_hal_tim_ex.c ****   */
  99:Drivers/STM32G4xx_HAL_Driver/Src/stm32g4xx_hal_tim_ex.c **** 
 100:Drivers/STM32G4xx_HAL_Driver/Src/stm32g4xx_hal_tim_ex.c **** #ifdef HAL_TIM_MODULE_ENABLED
 101:Drivers/STM32G4xx_HAL_Driver/Src/stm32g4xx_hal_tim_ex.c **** 
 102:Drivers/STM32G4xx_HAL_Driver/Src/stm32g4xx_hal_tim_ex.c **** /* Private typedef -----------------------------------------------------------*/
 103:Drivers/STM32G4xx_HAL_Driver/Src/stm32g4xx_hal_tim_ex.c **** /* Private define ------------------------------------------------------------*/
 104:Drivers/STM32G4xx_HAL_Driver/Src/stm32g4xx_hal_tim_ex.c **** /* Private constants ---------------------------------------------------------*/
 105:Drivers/STM32G4xx_HAL_Driver/Src/stm32g4xx_hal_tim_ex.c **** /** @defgroup TIMEx_Private_Constants TIM Extended Private Constants
 106:Drivers/STM32G4xx_HAL_Driver/Src/stm32g4xx_hal_tim_ex.c ****   * @{
 107:Drivers/STM32G4xx_HAL_Driver/Src/stm32g4xx_hal_tim_ex.c ****   */
 108:Drivers/STM32G4xx_HAL_Driver/Src/stm32g4xx_hal_tim_ex.c **** /* Timeout for break input rearm */
 109:Drivers/STM32G4xx_HAL_Driver/Src/stm32g4xx_hal_tim_ex.c **** #define TIM_BREAKINPUT_REARM_TIMEOUT    5UL /* 5 milliseconds */
 110:Drivers/STM32G4xx_HAL_Driver/Src/stm32g4xx_hal_tim_ex.c **** /**
 111:Drivers/STM32G4xx_HAL_Driver/Src/stm32g4xx_hal_tim_ex.c ****   * @}
 112:Drivers/STM32G4xx_HAL_Driver/Src/stm32g4xx_hal_tim_ex.c ****   */
 113:Drivers/STM32G4xx_HAL_Driver/Src/stm32g4xx_hal_tim_ex.c **** /* End of private constants --------------------------------------------------*/
 114:Drivers/STM32G4xx_HAL_Driver/Src/stm32g4xx_hal_tim_ex.c **** 
 115:Drivers/STM32G4xx_HAL_Driver/Src/stm32g4xx_hal_tim_ex.c **** /* Private macros ------------------------------------------------------------*/
 116:Drivers/STM32G4xx_HAL_Driver/Src/stm32g4xx_hal_tim_ex.c **** /* Private variables ---------------------------------------------------------*/
 117:Drivers/STM32G4xx_HAL_Driver/Src/stm32g4xx_hal_tim_ex.c **** /* Private function prototypes -----------------------------------------------*/
 118:Drivers/STM32G4xx_HAL_Driver/Src/stm32g4xx_hal_tim_ex.c **** static void TIM_DMADelayPulseNCplt(DMA_HandleTypeDef *hdma);
 119:Drivers/STM32G4xx_HAL_Driver/Src/stm32g4xx_hal_tim_ex.c **** static void TIM_DMAErrorCCxN(DMA_HandleTypeDef *hdma);
 120:Drivers/STM32G4xx_HAL_Driver/Src/stm32g4xx_hal_tim_ex.c **** static void TIM_CCxNChannelCmd(TIM_TypeDef *TIMx, uint32_t Channel, uint32_t ChannelNState);
 121:Drivers/STM32G4xx_HAL_Driver/Src/stm32g4xx_hal_tim_ex.c **** 
 122:Drivers/STM32G4xx_HAL_Driver/Src/stm32g4xx_hal_tim_ex.c **** /* Exported functions --------------------------------------------------------*/
 123:Drivers/STM32G4xx_HAL_Driver/Src/stm32g4xx_hal_tim_ex.c **** /** @defgroup TIMEx_Exported_Functions TIM Extended Exported Functions
 124:Drivers/STM32G4xx_HAL_Driver/Src/stm32g4xx_hal_tim_ex.c ****   * @{
 125:Drivers/STM32G4xx_HAL_Driver/Src/stm32g4xx_hal_tim_ex.c ****   */
 126:Drivers/STM32G4xx_HAL_Driver/Src/stm32g4xx_hal_tim_ex.c **** 
 127:Drivers/STM32G4xx_HAL_Driver/Src/stm32g4xx_hal_tim_ex.c **** /** @defgroup TIMEx_Exported_Functions_Group1 Extended Timer Hall Sensor functions
 128:Drivers/STM32G4xx_HAL_Driver/Src/stm32g4xx_hal_tim_ex.c ****   * @brief    Timer Hall Sensor functions
 129:Drivers/STM32G4xx_HAL_Driver/Src/stm32g4xx_hal_tim_ex.c ****   *
 130:Drivers/STM32G4xx_HAL_Driver/Src/stm32g4xx_hal_tim_ex.c **** @verbatim
 131:Drivers/STM32G4xx_HAL_Driver/Src/stm32g4xx_hal_tim_ex.c ****   ==============================================================================
 132:Drivers/STM32G4xx_HAL_Driver/Src/stm32g4xx_hal_tim_ex.c ****                       ##### Timer Hall Sensor functions #####
 133:Drivers/STM32G4xx_HAL_Driver/Src/stm32g4xx_hal_tim_ex.c ****   ==============================================================================
 134:Drivers/STM32G4xx_HAL_Driver/Src/stm32g4xx_hal_tim_ex.c ****   [..]
 135:Drivers/STM32G4xx_HAL_Driver/Src/stm32g4xx_hal_tim_ex.c ****     This section provides functions allowing to:
 136:Drivers/STM32G4xx_HAL_Driver/Src/stm32g4xx_hal_tim_ex.c ****     (+) Initialize and configure TIM HAL Sensor.
 137:Drivers/STM32G4xx_HAL_Driver/Src/stm32g4xx_hal_tim_ex.c ****     (+) De-initialize TIM HAL Sensor.
 138:Drivers/STM32G4xx_HAL_Driver/Src/stm32g4xx_hal_tim_ex.c ****     (+) Start the Hall Sensor Interface.
 139:Drivers/STM32G4xx_HAL_Driver/Src/stm32g4xx_hal_tim_ex.c ****     (+) Stop the Hall Sensor Interface.
 140:Drivers/STM32G4xx_HAL_Driver/Src/stm32g4xx_hal_tim_ex.c ****     (+) Start the Hall Sensor Interface and enable interrupts.
 141:Drivers/STM32G4xx_HAL_Driver/Src/stm32g4xx_hal_tim_ex.c ****     (+) Stop the Hall Sensor Interface and disable interrupts.
 142:Drivers/STM32G4xx_HAL_Driver/Src/stm32g4xx_hal_tim_ex.c ****     (+) Start the Hall Sensor Interface and enable DMA transfers.
 143:Drivers/STM32G4xx_HAL_Driver/Src/stm32g4xx_hal_tim_ex.c ****     (+) Stop the Hall Sensor Interface and disable DMA transfers.
 144:Drivers/STM32G4xx_HAL_Driver/Src/stm32g4xx_hal_tim_ex.c **** 
ARM GAS  C:\Users\Booster\AppData\Local\Temp\ccs9w8jc.s 			page 4


 145:Drivers/STM32G4xx_HAL_Driver/Src/stm32g4xx_hal_tim_ex.c **** @endverbatim
 146:Drivers/STM32G4xx_HAL_Driver/Src/stm32g4xx_hal_tim_ex.c ****   * @{
 147:Drivers/STM32G4xx_HAL_Driver/Src/stm32g4xx_hal_tim_ex.c ****   */
 148:Drivers/STM32G4xx_HAL_Driver/Src/stm32g4xx_hal_tim_ex.c **** /**
 149:Drivers/STM32G4xx_HAL_Driver/Src/stm32g4xx_hal_tim_ex.c ****   * @brief  Initializes the TIM Hall Sensor Interface and initialize the associated handle.
 150:Drivers/STM32G4xx_HAL_Driver/Src/stm32g4xx_hal_tim_ex.c ****   * @note   When the timer instance is initialized in Hall Sensor Interface mode,
 151:Drivers/STM32G4xx_HAL_Driver/Src/stm32g4xx_hal_tim_ex.c ****   *         timer channels 1 and channel 2 are reserved and cannot be used for
 152:Drivers/STM32G4xx_HAL_Driver/Src/stm32g4xx_hal_tim_ex.c ****   *         other purpose.
 153:Drivers/STM32G4xx_HAL_Driver/Src/stm32g4xx_hal_tim_ex.c ****   * @param  htim TIM Hall Sensor Interface handle
 154:Drivers/STM32G4xx_HAL_Driver/Src/stm32g4xx_hal_tim_ex.c ****   * @param  sConfig TIM Hall Sensor configuration structure
 155:Drivers/STM32G4xx_HAL_Driver/Src/stm32g4xx_hal_tim_ex.c ****   * @retval HAL status
 156:Drivers/STM32G4xx_HAL_Driver/Src/stm32g4xx_hal_tim_ex.c ****   */
 157:Drivers/STM32G4xx_HAL_Driver/Src/stm32g4xx_hal_tim_ex.c **** HAL_StatusTypeDef HAL_TIMEx_HallSensor_Init(TIM_HandleTypeDef *htim, const TIM_HallSensor_InitTypeD
 158:Drivers/STM32G4xx_HAL_Driver/Src/stm32g4xx_hal_tim_ex.c **** {
 159:Drivers/STM32G4xx_HAL_Driver/Src/stm32g4xx_hal_tim_ex.c ****   TIM_OC_InitTypeDef OC_Config;
 160:Drivers/STM32G4xx_HAL_Driver/Src/stm32g4xx_hal_tim_ex.c **** 
 161:Drivers/STM32G4xx_HAL_Driver/Src/stm32g4xx_hal_tim_ex.c ****   /* Check the TIM handle allocation */
 162:Drivers/STM32G4xx_HAL_Driver/Src/stm32g4xx_hal_tim_ex.c ****   if (htim == NULL)
 163:Drivers/STM32G4xx_HAL_Driver/Src/stm32g4xx_hal_tim_ex.c ****   {
 164:Drivers/STM32G4xx_HAL_Driver/Src/stm32g4xx_hal_tim_ex.c ****     return HAL_ERROR;
 165:Drivers/STM32G4xx_HAL_Driver/Src/stm32g4xx_hal_tim_ex.c ****   }
 166:Drivers/STM32G4xx_HAL_Driver/Src/stm32g4xx_hal_tim_ex.c **** 
 167:Drivers/STM32G4xx_HAL_Driver/Src/stm32g4xx_hal_tim_ex.c ****   /* Check the parameters */
 168:Drivers/STM32G4xx_HAL_Driver/Src/stm32g4xx_hal_tim_ex.c ****   assert_param(IS_TIM_HALL_SENSOR_INTERFACE_INSTANCE(htim->Instance));
 169:Drivers/STM32G4xx_HAL_Driver/Src/stm32g4xx_hal_tim_ex.c ****   assert_param(IS_TIM_COUNTER_MODE(htim->Init.CounterMode));
 170:Drivers/STM32G4xx_HAL_Driver/Src/stm32g4xx_hal_tim_ex.c ****   assert_param(IS_TIM_CLOCKDIVISION_DIV(htim->Init.ClockDivision));
 171:Drivers/STM32G4xx_HAL_Driver/Src/stm32g4xx_hal_tim_ex.c ****   assert_param(IS_TIM_AUTORELOAD_PRELOAD(htim->Init.AutoReloadPreload));
 172:Drivers/STM32G4xx_HAL_Driver/Src/stm32g4xx_hal_tim_ex.c ****   assert_param(IS_TIM_IC_POLARITY(sConfig->IC1Polarity));
 173:Drivers/STM32G4xx_HAL_Driver/Src/stm32g4xx_hal_tim_ex.c ****   assert_param(IS_TIM_PERIOD(htim, htim->Init.Period));
 174:Drivers/STM32G4xx_HAL_Driver/Src/stm32g4xx_hal_tim_ex.c ****   assert_param(IS_TIM_IC_PRESCALER(sConfig->IC1Prescaler));
 175:Drivers/STM32G4xx_HAL_Driver/Src/stm32g4xx_hal_tim_ex.c ****   assert_param(IS_TIM_IC_FILTER(sConfig->IC1Filter));
 176:Drivers/STM32G4xx_HAL_Driver/Src/stm32g4xx_hal_tim_ex.c **** 
 177:Drivers/STM32G4xx_HAL_Driver/Src/stm32g4xx_hal_tim_ex.c ****   if (htim->State == HAL_TIM_STATE_RESET)
 178:Drivers/STM32G4xx_HAL_Driver/Src/stm32g4xx_hal_tim_ex.c ****   {
 179:Drivers/STM32G4xx_HAL_Driver/Src/stm32g4xx_hal_tim_ex.c ****     /* Allocate lock resource and initialize it */
 180:Drivers/STM32G4xx_HAL_Driver/Src/stm32g4xx_hal_tim_ex.c ****     htim->Lock = HAL_UNLOCKED;
 181:Drivers/STM32G4xx_HAL_Driver/Src/stm32g4xx_hal_tim_ex.c **** 
 182:Drivers/STM32G4xx_HAL_Driver/Src/stm32g4xx_hal_tim_ex.c **** #if (USE_HAL_TIM_REGISTER_CALLBACKS == 1)
 183:Drivers/STM32G4xx_HAL_Driver/Src/stm32g4xx_hal_tim_ex.c ****     /* Reset interrupt callbacks to legacy week callbacks */
 184:Drivers/STM32G4xx_HAL_Driver/Src/stm32g4xx_hal_tim_ex.c ****     TIM_ResetCallback(htim);
 185:Drivers/STM32G4xx_HAL_Driver/Src/stm32g4xx_hal_tim_ex.c **** 
 186:Drivers/STM32G4xx_HAL_Driver/Src/stm32g4xx_hal_tim_ex.c ****     if (htim->HallSensor_MspInitCallback == NULL)
 187:Drivers/STM32G4xx_HAL_Driver/Src/stm32g4xx_hal_tim_ex.c ****     {
 188:Drivers/STM32G4xx_HAL_Driver/Src/stm32g4xx_hal_tim_ex.c ****       htim->HallSensor_MspInitCallback = HAL_TIMEx_HallSensor_MspInit;
 189:Drivers/STM32G4xx_HAL_Driver/Src/stm32g4xx_hal_tim_ex.c ****     }
 190:Drivers/STM32G4xx_HAL_Driver/Src/stm32g4xx_hal_tim_ex.c ****     /* Init the low level hardware : GPIO, CLOCK, NVIC */
 191:Drivers/STM32G4xx_HAL_Driver/Src/stm32g4xx_hal_tim_ex.c ****     htim->HallSensor_MspInitCallback(htim);
 192:Drivers/STM32G4xx_HAL_Driver/Src/stm32g4xx_hal_tim_ex.c **** #else
 193:Drivers/STM32G4xx_HAL_Driver/Src/stm32g4xx_hal_tim_ex.c ****     /* Init the low level hardware : GPIO, CLOCK, NVIC and DMA */
 194:Drivers/STM32G4xx_HAL_Driver/Src/stm32g4xx_hal_tim_ex.c ****     HAL_TIMEx_HallSensor_MspInit(htim);
 195:Drivers/STM32G4xx_HAL_Driver/Src/stm32g4xx_hal_tim_ex.c **** #endif /* USE_HAL_TIM_REGISTER_CALLBACKS */
 196:Drivers/STM32G4xx_HAL_Driver/Src/stm32g4xx_hal_tim_ex.c ****   }
 197:Drivers/STM32G4xx_HAL_Driver/Src/stm32g4xx_hal_tim_ex.c **** 
 198:Drivers/STM32G4xx_HAL_Driver/Src/stm32g4xx_hal_tim_ex.c ****   /* Set the TIM state */
 199:Drivers/STM32G4xx_HAL_Driver/Src/stm32g4xx_hal_tim_ex.c ****   htim->State = HAL_TIM_STATE_BUSY;
 200:Drivers/STM32G4xx_HAL_Driver/Src/stm32g4xx_hal_tim_ex.c **** 
 201:Drivers/STM32G4xx_HAL_Driver/Src/stm32g4xx_hal_tim_ex.c ****   /* Configure the Time base in the Encoder Mode */
ARM GAS  C:\Users\Booster\AppData\Local\Temp\ccs9w8jc.s 			page 5


 202:Drivers/STM32G4xx_HAL_Driver/Src/stm32g4xx_hal_tim_ex.c ****   TIM_Base_SetConfig(htim->Instance, &htim->Init);
 203:Drivers/STM32G4xx_HAL_Driver/Src/stm32g4xx_hal_tim_ex.c **** 
 204:Drivers/STM32G4xx_HAL_Driver/Src/stm32g4xx_hal_tim_ex.c ****   /* Configure the Channel 1 as Input Channel to interface with the three Outputs of the  Hall sens
 205:Drivers/STM32G4xx_HAL_Driver/Src/stm32g4xx_hal_tim_ex.c ****   TIM_TI1_SetConfig(htim->Instance, sConfig->IC1Polarity, TIM_ICSELECTION_TRC, sConfig->IC1Filter);
 206:Drivers/STM32G4xx_HAL_Driver/Src/stm32g4xx_hal_tim_ex.c **** 
 207:Drivers/STM32G4xx_HAL_Driver/Src/stm32g4xx_hal_tim_ex.c ****   /* Reset the IC1PSC Bits */
 208:Drivers/STM32G4xx_HAL_Driver/Src/stm32g4xx_hal_tim_ex.c ****   htim->Instance->CCMR1 &= ~TIM_CCMR1_IC1PSC;
 209:Drivers/STM32G4xx_HAL_Driver/Src/stm32g4xx_hal_tim_ex.c ****   /* Set the IC1PSC value */
 210:Drivers/STM32G4xx_HAL_Driver/Src/stm32g4xx_hal_tim_ex.c ****   htim->Instance->CCMR1 |= sConfig->IC1Prescaler;
 211:Drivers/STM32G4xx_HAL_Driver/Src/stm32g4xx_hal_tim_ex.c **** 
 212:Drivers/STM32G4xx_HAL_Driver/Src/stm32g4xx_hal_tim_ex.c ****   /* Enable the Hall sensor interface (XOR function of the three inputs) */
 213:Drivers/STM32G4xx_HAL_Driver/Src/stm32g4xx_hal_tim_ex.c ****   htim->Instance->CR2 |= TIM_CR2_TI1S;
 214:Drivers/STM32G4xx_HAL_Driver/Src/stm32g4xx_hal_tim_ex.c **** 
 215:Drivers/STM32G4xx_HAL_Driver/Src/stm32g4xx_hal_tim_ex.c ****   /* Select the TIM_TS_TI1F_ED signal as Input trigger for the TIM */
 216:Drivers/STM32G4xx_HAL_Driver/Src/stm32g4xx_hal_tim_ex.c ****   htim->Instance->SMCR &= ~TIM_SMCR_TS;
 217:Drivers/STM32G4xx_HAL_Driver/Src/stm32g4xx_hal_tim_ex.c ****   htim->Instance->SMCR |= TIM_TS_TI1F_ED;
 218:Drivers/STM32G4xx_HAL_Driver/Src/stm32g4xx_hal_tim_ex.c **** 
 219:Drivers/STM32G4xx_HAL_Driver/Src/stm32g4xx_hal_tim_ex.c ****   /* Use the TIM_TS_TI1F_ED signal to reset the TIM counter each edge detection */
 220:Drivers/STM32G4xx_HAL_Driver/Src/stm32g4xx_hal_tim_ex.c ****   htim->Instance->SMCR &= ~TIM_SMCR_SMS;
 221:Drivers/STM32G4xx_HAL_Driver/Src/stm32g4xx_hal_tim_ex.c ****   htim->Instance->SMCR |= TIM_SLAVEMODE_RESET;
 222:Drivers/STM32G4xx_HAL_Driver/Src/stm32g4xx_hal_tim_ex.c **** 
 223:Drivers/STM32G4xx_HAL_Driver/Src/stm32g4xx_hal_tim_ex.c ****   /* Program channel 2 in PWM 2 mode with the desired Commutation_Delay*/
 224:Drivers/STM32G4xx_HAL_Driver/Src/stm32g4xx_hal_tim_ex.c ****   OC_Config.OCFastMode = TIM_OCFAST_DISABLE;
 225:Drivers/STM32G4xx_HAL_Driver/Src/stm32g4xx_hal_tim_ex.c ****   OC_Config.OCIdleState = TIM_OCIDLESTATE_RESET;
 226:Drivers/STM32G4xx_HAL_Driver/Src/stm32g4xx_hal_tim_ex.c ****   OC_Config.OCMode = TIM_OCMODE_PWM2;
 227:Drivers/STM32G4xx_HAL_Driver/Src/stm32g4xx_hal_tim_ex.c ****   OC_Config.OCNIdleState = TIM_OCNIDLESTATE_RESET;
 228:Drivers/STM32G4xx_HAL_Driver/Src/stm32g4xx_hal_tim_ex.c ****   OC_Config.OCNPolarity = TIM_OCNPOLARITY_HIGH;
 229:Drivers/STM32G4xx_HAL_Driver/Src/stm32g4xx_hal_tim_ex.c ****   OC_Config.OCPolarity = TIM_OCPOLARITY_HIGH;
 230:Drivers/STM32G4xx_HAL_Driver/Src/stm32g4xx_hal_tim_ex.c ****   OC_Config.Pulse = sConfig->Commutation_Delay;
 231:Drivers/STM32G4xx_HAL_Driver/Src/stm32g4xx_hal_tim_ex.c **** 
 232:Drivers/STM32G4xx_HAL_Driver/Src/stm32g4xx_hal_tim_ex.c ****   TIM_OC2_SetConfig(htim->Instance, &OC_Config);
 233:Drivers/STM32G4xx_HAL_Driver/Src/stm32g4xx_hal_tim_ex.c **** 
 234:Drivers/STM32G4xx_HAL_Driver/Src/stm32g4xx_hal_tim_ex.c ****   /* Select OC2REF as trigger output on TRGO: write the MMS bits in the TIMx_CR2
 235:Drivers/STM32G4xx_HAL_Driver/Src/stm32g4xx_hal_tim_ex.c ****     register to 101 */
 236:Drivers/STM32G4xx_HAL_Driver/Src/stm32g4xx_hal_tim_ex.c ****   htim->Instance->CR2 &= ~TIM_CR2_MMS;
 237:Drivers/STM32G4xx_HAL_Driver/Src/stm32g4xx_hal_tim_ex.c ****   htim->Instance->CR2 |= TIM_TRGO_OC2REF;
 238:Drivers/STM32G4xx_HAL_Driver/Src/stm32g4xx_hal_tim_ex.c **** 
 239:Drivers/STM32G4xx_HAL_Driver/Src/stm32g4xx_hal_tim_ex.c ****   /* Initialize the DMA burst operation state */
 240:Drivers/STM32G4xx_HAL_Driver/Src/stm32g4xx_hal_tim_ex.c ****   htim->DMABurstState = HAL_DMA_BURST_STATE_READY;
 241:Drivers/STM32G4xx_HAL_Driver/Src/stm32g4xx_hal_tim_ex.c **** 
 242:Drivers/STM32G4xx_HAL_Driver/Src/stm32g4xx_hal_tim_ex.c ****   /* Initialize the TIM channels state */
 243:Drivers/STM32G4xx_HAL_Driver/Src/stm32g4xx_hal_tim_ex.c ****   TIM_CHANNEL_STATE_SET(htim, TIM_CHANNEL_1, HAL_TIM_CHANNEL_STATE_READY);
 244:Drivers/STM32G4xx_HAL_Driver/Src/stm32g4xx_hal_tim_ex.c ****   TIM_CHANNEL_STATE_SET(htim, TIM_CHANNEL_2, HAL_TIM_CHANNEL_STATE_READY);
 245:Drivers/STM32G4xx_HAL_Driver/Src/stm32g4xx_hal_tim_ex.c ****   TIM_CHANNEL_N_STATE_SET(htim, TIM_CHANNEL_1, HAL_TIM_CHANNEL_STATE_READY);
 246:Drivers/STM32G4xx_HAL_Driver/Src/stm32g4xx_hal_tim_ex.c ****   TIM_CHANNEL_N_STATE_SET(htim, TIM_CHANNEL_2, HAL_TIM_CHANNEL_STATE_READY);
 247:Drivers/STM32G4xx_HAL_Driver/Src/stm32g4xx_hal_tim_ex.c **** 
 248:Drivers/STM32G4xx_HAL_Driver/Src/stm32g4xx_hal_tim_ex.c ****   /* Initialize the TIM state*/
 249:Drivers/STM32G4xx_HAL_Driver/Src/stm32g4xx_hal_tim_ex.c ****   htim->State = HAL_TIM_STATE_READY;
 250:Drivers/STM32G4xx_HAL_Driver/Src/stm32g4xx_hal_tim_ex.c **** 
 251:Drivers/STM32G4xx_HAL_Driver/Src/stm32g4xx_hal_tim_ex.c ****   return HAL_OK;
 252:Drivers/STM32G4xx_HAL_Driver/Src/stm32g4xx_hal_tim_ex.c **** }
 253:Drivers/STM32G4xx_HAL_Driver/Src/stm32g4xx_hal_tim_ex.c **** 
 254:Drivers/STM32G4xx_HAL_Driver/Src/stm32g4xx_hal_tim_ex.c **** /**
 255:Drivers/STM32G4xx_HAL_Driver/Src/stm32g4xx_hal_tim_ex.c ****   * @brief  DeInitializes the TIM Hall Sensor interface
 256:Drivers/STM32G4xx_HAL_Driver/Src/stm32g4xx_hal_tim_ex.c ****   * @param  htim TIM Hall Sensor Interface handle
 257:Drivers/STM32G4xx_HAL_Driver/Src/stm32g4xx_hal_tim_ex.c ****   * @retval HAL status
 258:Drivers/STM32G4xx_HAL_Driver/Src/stm32g4xx_hal_tim_ex.c ****   */
ARM GAS  C:\Users\Booster\AppData\Local\Temp\ccs9w8jc.s 			page 6


 259:Drivers/STM32G4xx_HAL_Driver/Src/stm32g4xx_hal_tim_ex.c **** HAL_StatusTypeDef HAL_TIMEx_HallSensor_DeInit(TIM_HandleTypeDef *htim)
 260:Drivers/STM32G4xx_HAL_Driver/Src/stm32g4xx_hal_tim_ex.c **** {
 261:Drivers/STM32G4xx_HAL_Driver/Src/stm32g4xx_hal_tim_ex.c ****   /* Check the parameters */
 262:Drivers/STM32G4xx_HAL_Driver/Src/stm32g4xx_hal_tim_ex.c ****   assert_param(IS_TIM_INSTANCE(htim->Instance));
 263:Drivers/STM32G4xx_HAL_Driver/Src/stm32g4xx_hal_tim_ex.c **** 
 264:Drivers/STM32G4xx_HAL_Driver/Src/stm32g4xx_hal_tim_ex.c ****   htim->State = HAL_TIM_STATE_BUSY;
 265:Drivers/STM32G4xx_HAL_Driver/Src/stm32g4xx_hal_tim_ex.c **** 
 266:Drivers/STM32G4xx_HAL_Driver/Src/stm32g4xx_hal_tim_ex.c ****   /* Disable the TIM Peripheral Clock */
 267:Drivers/STM32G4xx_HAL_Driver/Src/stm32g4xx_hal_tim_ex.c ****   __HAL_TIM_DISABLE(htim);
 268:Drivers/STM32G4xx_HAL_Driver/Src/stm32g4xx_hal_tim_ex.c **** 
 269:Drivers/STM32G4xx_HAL_Driver/Src/stm32g4xx_hal_tim_ex.c **** #if (USE_HAL_TIM_REGISTER_CALLBACKS == 1)
 270:Drivers/STM32G4xx_HAL_Driver/Src/stm32g4xx_hal_tim_ex.c ****   if (htim->HallSensor_MspDeInitCallback == NULL)
 271:Drivers/STM32G4xx_HAL_Driver/Src/stm32g4xx_hal_tim_ex.c ****   {
 272:Drivers/STM32G4xx_HAL_Driver/Src/stm32g4xx_hal_tim_ex.c ****     htim->HallSensor_MspDeInitCallback = HAL_TIMEx_HallSensor_MspDeInit;
 273:Drivers/STM32G4xx_HAL_Driver/Src/stm32g4xx_hal_tim_ex.c ****   }
 274:Drivers/STM32G4xx_HAL_Driver/Src/stm32g4xx_hal_tim_ex.c ****   /* DeInit the low level hardware */
 275:Drivers/STM32G4xx_HAL_Driver/Src/stm32g4xx_hal_tim_ex.c ****   htim->HallSensor_MspDeInitCallback(htim);
 276:Drivers/STM32G4xx_HAL_Driver/Src/stm32g4xx_hal_tim_ex.c **** #else
 277:Drivers/STM32G4xx_HAL_Driver/Src/stm32g4xx_hal_tim_ex.c ****   /* DeInit the low level hardware: GPIO, CLOCK, NVIC */
 278:Drivers/STM32G4xx_HAL_Driver/Src/stm32g4xx_hal_tim_ex.c ****   HAL_TIMEx_HallSensor_MspDeInit(htim);
 279:Drivers/STM32G4xx_HAL_Driver/Src/stm32g4xx_hal_tim_ex.c **** #endif /* USE_HAL_TIM_REGISTER_CALLBACKS */
 280:Drivers/STM32G4xx_HAL_Driver/Src/stm32g4xx_hal_tim_ex.c **** 
 281:Drivers/STM32G4xx_HAL_Driver/Src/stm32g4xx_hal_tim_ex.c ****   /* Change the DMA burst operation state */
 282:Drivers/STM32G4xx_HAL_Driver/Src/stm32g4xx_hal_tim_ex.c ****   htim->DMABurstState = HAL_DMA_BURST_STATE_RESET;
 283:Drivers/STM32G4xx_HAL_Driver/Src/stm32g4xx_hal_tim_ex.c **** 
 284:Drivers/STM32G4xx_HAL_Driver/Src/stm32g4xx_hal_tim_ex.c ****   /* Change the TIM channels state */
 285:Drivers/STM32G4xx_HAL_Driver/Src/stm32g4xx_hal_tim_ex.c ****   TIM_CHANNEL_STATE_SET(htim, TIM_CHANNEL_1, HAL_TIM_CHANNEL_STATE_RESET);
 286:Drivers/STM32G4xx_HAL_Driver/Src/stm32g4xx_hal_tim_ex.c ****   TIM_CHANNEL_STATE_SET(htim, TIM_CHANNEL_2, HAL_TIM_CHANNEL_STATE_RESET);
 287:Drivers/STM32G4xx_HAL_Driver/Src/stm32g4xx_hal_tim_ex.c ****   TIM_CHANNEL_N_STATE_SET(htim, TIM_CHANNEL_1, HAL_TIM_CHANNEL_STATE_RESET);
 288:Drivers/STM32G4xx_HAL_Driver/Src/stm32g4xx_hal_tim_ex.c ****   TIM_CHANNEL_N_STATE_SET(htim, TIM_CHANNEL_2, HAL_TIM_CHANNEL_STATE_RESET);
 289:Drivers/STM32G4xx_HAL_Driver/Src/stm32g4xx_hal_tim_ex.c **** 
 290:Drivers/STM32G4xx_HAL_Driver/Src/stm32g4xx_hal_tim_ex.c ****   /* Change TIM state */
 291:Drivers/STM32G4xx_HAL_Driver/Src/stm32g4xx_hal_tim_ex.c ****   htim->State = HAL_TIM_STATE_RESET;
 292:Drivers/STM32G4xx_HAL_Driver/Src/stm32g4xx_hal_tim_ex.c **** 
 293:Drivers/STM32G4xx_HAL_Driver/Src/stm32g4xx_hal_tim_ex.c ****   /* Release Lock */
 294:Drivers/STM32G4xx_HAL_Driver/Src/stm32g4xx_hal_tim_ex.c ****   __HAL_UNLOCK(htim);
 295:Drivers/STM32G4xx_HAL_Driver/Src/stm32g4xx_hal_tim_ex.c **** 
 296:Drivers/STM32G4xx_HAL_Driver/Src/stm32g4xx_hal_tim_ex.c ****   return HAL_OK;
 297:Drivers/STM32G4xx_HAL_Driver/Src/stm32g4xx_hal_tim_ex.c **** }
 298:Drivers/STM32G4xx_HAL_Driver/Src/stm32g4xx_hal_tim_ex.c **** 
 299:Drivers/STM32G4xx_HAL_Driver/Src/stm32g4xx_hal_tim_ex.c **** /**
 300:Drivers/STM32G4xx_HAL_Driver/Src/stm32g4xx_hal_tim_ex.c ****   * @brief  Initializes the TIM Hall Sensor MSP.
 301:Drivers/STM32G4xx_HAL_Driver/Src/stm32g4xx_hal_tim_ex.c ****   * @param  htim TIM Hall Sensor Interface handle
 302:Drivers/STM32G4xx_HAL_Driver/Src/stm32g4xx_hal_tim_ex.c ****   * @retval None
 303:Drivers/STM32G4xx_HAL_Driver/Src/stm32g4xx_hal_tim_ex.c ****   */
 304:Drivers/STM32G4xx_HAL_Driver/Src/stm32g4xx_hal_tim_ex.c **** __weak void HAL_TIMEx_HallSensor_MspInit(TIM_HandleTypeDef *htim)
 305:Drivers/STM32G4xx_HAL_Driver/Src/stm32g4xx_hal_tim_ex.c **** {
 306:Drivers/STM32G4xx_HAL_Driver/Src/stm32g4xx_hal_tim_ex.c ****   /* Prevent unused argument(s) compilation warning */
 307:Drivers/STM32G4xx_HAL_Driver/Src/stm32g4xx_hal_tim_ex.c ****   UNUSED(htim);
 308:Drivers/STM32G4xx_HAL_Driver/Src/stm32g4xx_hal_tim_ex.c **** 
 309:Drivers/STM32G4xx_HAL_Driver/Src/stm32g4xx_hal_tim_ex.c ****   /* NOTE : This function should not be modified, when the callback is needed,
 310:Drivers/STM32G4xx_HAL_Driver/Src/stm32g4xx_hal_tim_ex.c ****             the HAL_TIMEx_HallSensor_MspInit could be implemented in the user file
 311:Drivers/STM32G4xx_HAL_Driver/Src/stm32g4xx_hal_tim_ex.c ****    */
 312:Drivers/STM32G4xx_HAL_Driver/Src/stm32g4xx_hal_tim_ex.c **** }
 313:Drivers/STM32G4xx_HAL_Driver/Src/stm32g4xx_hal_tim_ex.c **** 
 314:Drivers/STM32G4xx_HAL_Driver/Src/stm32g4xx_hal_tim_ex.c **** /**
 315:Drivers/STM32G4xx_HAL_Driver/Src/stm32g4xx_hal_tim_ex.c ****   * @brief  DeInitializes TIM Hall Sensor MSP.
ARM GAS  C:\Users\Booster\AppData\Local\Temp\ccs9w8jc.s 			page 7


 316:Drivers/STM32G4xx_HAL_Driver/Src/stm32g4xx_hal_tim_ex.c ****   * @param  htim TIM Hall Sensor Interface handle
 317:Drivers/STM32G4xx_HAL_Driver/Src/stm32g4xx_hal_tim_ex.c ****   * @retval None
 318:Drivers/STM32G4xx_HAL_Driver/Src/stm32g4xx_hal_tim_ex.c ****   */
 319:Drivers/STM32G4xx_HAL_Driver/Src/stm32g4xx_hal_tim_ex.c **** __weak void HAL_TIMEx_HallSensor_MspDeInit(TIM_HandleTypeDef *htim)
 320:Drivers/STM32G4xx_HAL_Driver/Src/stm32g4xx_hal_tim_ex.c **** {
 321:Drivers/STM32G4xx_HAL_Driver/Src/stm32g4xx_hal_tim_ex.c ****   /* Prevent unused argument(s) compilation warning */
 322:Drivers/STM32G4xx_HAL_Driver/Src/stm32g4xx_hal_tim_ex.c ****   UNUSED(htim);
 323:Drivers/STM32G4xx_HAL_Driver/Src/stm32g4xx_hal_tim_ex.c **** 
 324:Drivers/STM32G4xx_HAL_Driver/Src/stm32g4xx_hal_tim_ex.c ****   /* NOTE : This function should not be modified, when the callback is needed,
 325:Drivers/STM32G4xx_HAL_Driver/Src/stm32g4xx_hal_tim_ex.c ****             the HAL_TIMEx_HallSensor_MspDeInit could be implemented in the user file
 326:Drivers/STM32G4xx_HAL_Driver/Src/stm32g4xx_hal_tim_ex.c ****    */
 327:Drivers/STM32G4xx_HAL_Driver/Src/stm32g4xx_hal_tim_ex.c **** }
 328:Drivers/STM32G4xx_HAL_Driver/Src/stm32g4xx_hal_tim_ex.c **** 
 329:Drivers/STM32G4xx_HAL_Driver/Src/stm32g4xx_hal_tim_ex.c **** /**
 330:Drivers/STM32G4xx_HAL_Driver/Src/stm32g4xx_hal_tim_ex.c ****   * @brief  Starts the TIM Hall Sensor Interface.
 331:Drivers/STM32G4xx_HAL_Driver/Src/stm32g4xx_hal_tim_ex.c ****   * @param  htim TIM Hall Sensor Interface handle
 332:Drivers/STM32G4xx_HAL_Driver/Src/stm32g4xx_hal_tim_ex.c ****   * @retval HAL status
 333:Drivers/STM32G4xx_HAL_Driver/Src/stm32g4xx_hal_tim_ex.c ****   */
 334:Drivers/STM32G4xx_HAL_Driver/Src/stm32g4xx_hal_tim_ex.c **** HAL_StatusTypeDef HAL_TIMEx_HallSensor_Start(TIM_HandleTypeDef *htim)
 335:Drivers/STM32G4xx_HAL_Driver/Src/stm32g4xx_hal_tim_ex.c **** {
 336:Drivers/STM32G4xx_HAL_Driver/Src/stm32g4xx_hal_tim_ex.c ****   uint32_t tmpsmcr;
 337:Drivers/STM32G4xx_HAL_Driver/Src/stm32g4xx_hal_tim_ex.c ****   HAL_TIM_ChannelStateTypeDef channel_1_state = TIM_CHANNEL_STATE_GET(htim, TIM_CHANNEL_1);
 338:Drivers/STM32G4xx_HAL_Driver/Src/stm32g4xx_hal_tim_ex.c ****   HAL_TIM_ChannelStateTypeDef channel_2_state = TIM_CHANNEL_STATE_GET(htim, TIM_CHANNEL_2);
 339:Drivers/STM32G4xx_HAL_Driver/Src/stm32g4xx_hal_tim_ex.c ****   HAL_TIM_ChannelStateTypeDef complementary_channel_1_state = TIM_CHANNEL_N_STATE_GET(htim, TIM_CHA
 340:Drivers/STM32G4xx_HAL_Driver/Src/stm32g4xx_hal_tim_ex.c ****   HAL_TIM_ChannelStateTypeDef complementary_channel_2_state = TIM_CHANNEL_N_STATE_GET(htim, TIM_CHA
 341:Drivers/STM32G4xx_HAL_Driver/Src/stm32g4xx_hal_tim_ex.c **** 
 342:Drivers/STM32G4xx_HAL_Driver/Src/stm32g4xx_hal_tim_ex.c ****   /* Check the parameters */
 343:Drivers/STM32G4xx_HAL_Driver/Src/stm32g4xx_hal_tim_ex.c ****   assert_param(IS_TIM_HALL_SENSOR_INTERFACE_INSTANCE(htim->Instance));
 344:Drivers/STM32G4xx_HAL_Driver/Src/stm32g4xx_hal_tim_ex.c **** 
 345:Drivers/STM32G4xx_HAL_Driver/Src/stm32g4xx_hal_tim_ex.c ****   /* Check the TIM channels state */
 346:Drivers/STM32G4xx_HAL_Driver/Src/stm32g4xx_hal_tim_ex.c ****   if ((channel_1_state != HAL_TIM_CHANNEL_STATE_READY)
 347:Drivers/STM32G4xx_HAL_Driver/Src/stm32g4xx_hal_tim_ex.c ****       || (channel_2_state != HAL_TIM_CHANNEL_STATE_READY)
 348:Drivers/STM32G4xx_HAL_Driver/Src/stm32g4xx_hal_tim_ex.c ****       || (complementary_channel_1_state != HAL_TIM_CHANNEL_STATE_READY)
 349:Drivers/STM32G4xx_HAL_Driver/Src/stm32g4xx_hal_tim_ex.c ****       || (complementary_channel_2_state != HAL_TIM_CHANNEL_STATE_READY))
 350:Drivers/STM32G4xx_HAL_Driver/Src/stm32g4xx_hal_tim_ex.c ****   {
 351:Drivers/STM32G4xx_HAL_Driver/Src/stm32g4xx_hal_tim_ex.c ****     return HAL_ERROR;
 352:Drivers/STM32G4xx_HAL_Driver/Src/stm32g4xx_hal_tim_ex.c ****   }
 353:Drivers/STM32G4xx_HAL_Driver/Src/stm32g4xx_hal_tim_ex.c **** 
 354:Drivers/STM32G4xx_HAL_Driver/Src/stm32g4xx_hal_tim_ex.c ****   /* Set the TIM channels state */
 355:Drivers/STM32G4xx_HAL_Driver/Src/stm32g4xx_hal_tim_ex.c ****   TIM_CHANNEL_STATE_SET(htim, TIM_CHANNEL_1, HAL_TIM_CHANNEL_STATE_BUSY);
 356:Drivers/STM32G4xx_HAL_Driver/Src/stm32g4xx_hal_tim_ex.c ****   TIM_CHANNEL_STATE_SET(htim, TIM_CHANNEL_2, HAL_TIM_CHANNEL_STATE_BUSY);
 357:Drivers/STM32G4xx_HAL_Driver/Src/stm32g4xx_hal_tim_ex.c ****   TIM_CHANNEL_N_STATE_SET(htim, TIM_CHANNEL_1, HAL_TIM_CHANNEL_STATE_BUSY);
 358:Drivers/STM32G4xx_HAL_Driver/Src/stm32g4xx_hal_tim_ex.c ****   TIM_CHANNEL_N_STATE_SET(htim, TIM_CHANNEL_2, HAL_TIM_CHANNEL_STATE_BUSY);
 359:Drivers/STM32G4xx_HAL_Driver/Src/stm32g4xx_hal_tim_ex.c **** 
 360:Drivers/STM32G4xx_HAL_Driver/Src/stm32g4xx_hal_tim_ex.c ****   /* Enable the Input Capture channel 1
 361:Drivers/STM32G4xx_HAL_Driver/Src/stm32g4xx_hal_tim_ex.c ****   (in the Hall Sensor Interface the three possible channels that can be used are TIM_CHANNEL_1,
 362:Drivers/STM32G4xx_HAL_Driver/Src/stm32g4xx_hal_tim_ex.c ****   TIM_CHANNEL_2 and TIM_CHANNEL_3) */
 363:Drivers/STM32G4xx_HAL_Driver/Src/stm32g4xx_hal_tim_ex.c ****   TIM_CCxChannelCmd(htim->Instance, TIM_CHANNEL_1, TIM_CCx_ENABLE);
 364:Drivers/STM32G4xx_HAL_Driver/Src/stm32g4xx_hal_tim_ex.c **** 
 365:Drivers/STM32G4xx_HAL_Driver/Src/stm32g4xx_hal_tim_ex.c ****   /* Enable the Peripheral, except in trigger mode where enable is automatically done with trigger 
 366:Drivers/STM32G4xx_HAL_Driver/Src/stm32g4xx_hal_tim_ex.c ****   if (IS_TIM_SLAVE_INSTANCE(htim->Instance))
 367:Drivers/STM32G4xx_HAL_Driver/Src/stm32g4xx_hal_tim_ex.c ****   {
 368:Drivers/STM32G4xx_HAL_Driver/Src/stm32g4xx_hal_tim_ex.c ****     tmpsmcr = htim->Instance->SMCR & TIM_SMCR_SMS;
 369:Drivers/STM32G4xx_HAL_Driver/Src/stm32g4xx_hal_tim_ex.c ****     if (!IS_TIM_SLAVEMODE_TRIGGER_ENABLED(tmpsmcr))
 370:Drivers/STM32G4xx_HAL_Driver/Src/stm32g4xx_hal_tim_ex.c ****     {
 371:Drivers/STM32G4xx_HAL_Driver/Src/stm32g4xx_hal_tim_ex.c ****       __HAL_TIM_ENABLE(htim);
 372:Drivers/STM32G4xx_HAL_Driver/Src/stm32g4xx_hal_tim_ex.c ****     }
ARM GAS  C:\Users\Booster\AppData\Local\Temp\ccs9w8jc.s 			page 8


 373:Drivers/STM32G4xx_HAL_Driver/Src/stm32g4xx_hal_tim_ex.c ****   }
 374:Drivers/STM32G4xx_HAL_Driver/Src/stm32g4xx_hal_tim_ex.c ****   else
 375:Drivers/STM32G4xx_HAL_Driver/Src/stm32g4xx_hal_tim_ex.c ****   {
 376:Drivers/STM32G4xx_HAL_Driver/Src/stm32g4xx_hal_tim_ex.c ****     __HAL_TIM_ENABLE(htim);
 377:Drivers/STM32G4xx_HAL_Driver/Src/stm32g4xx_hal_tim_ex.c ****   }
 378:Drivers/STM32G4xx_HAL_Driver/Src/stm32g4xx_hal_tim_ex.c **** 
 379:Drivers/STM32G4xx_HAL_Driver/Src/stm32g4xx_hal_tim_ex.c ****   /* Return function status */
 380:Drivers/STM32G4xx_HAL_Driver/Src/stm32g4xx_hal_tim_ex.c ****   return HAL_OK;
 381:Drivers/STM32G4xx_HAL_Driver/Src/stm32g4xx_hal_tim_ex.c **** }
 382:Drivers/STM32G4xx_HAL_Driver/Src/stm32g4xx_hal_tim_ex.c **** 
 383:Drivers/STM32G4xx_HAL_Driver/Src/stm32g4xx_hal_tim_ex.c **** /**
 384:Drivers/STM32G4xx_HAL_Driver/Src/stm32g4xx_hal_tim_ex.c ****   * @brief  Stops the TIM Hall sensor Interface.
 385:Drivers/STM32G4xx_HAL_Driver/Src/stm32g4xx_hal_tim_ex.c ****   * @param  htim TIM Hall Sensor Interface handle
 386:Drivers/STM32G4xx_HAL_Driver/Src/stm32g4xx_hal_tim_ex.c ****   * @retval HAL status
 387:Drivers/STM32G4xx_HAL_Driver/Src/stm32g4xx_hal_tim_ex.c ****   */
 388:Drivers/STM32G4xx_HAL_Driver/Src/stm32g4xx_hal_tim_ex.c **** HAL_StatusTypeDef HAL_TIMEx_HallSensor_Stop(TIM_HandleTypeDef *htim)
 389:Drivers/STM32G4xx_HAL_Driver/Src/stm32g4xx_hal_tim_ex.c **** {
 390:Drivers/STM32G4xx_HAL_Driver/Src/stm32g4xx_hal_tim_ex.c ****   /* Check the parameters */
 391:Drivers/STM32G4xx_HAL_Driver/Src/stm32g4xx_hal_tim_ex.c ****   assert_param(IS_TIM_HALL_SENSOR_INTERFACE_INSTANCE(htim->Instance));
 392:Drivers/STM32G4xx_HAL_Driver/Src/stm32g4xx_hal_tim_ex.c **** 
 393:Drivers/STM32G4xx_HAL_Driver/Src/stm32g4xx_hal_tim_ex.c ****   /* Disable the Input Capture channels 1, 2 and 3
 394:Drivers/STM32G4xx_HAL_Driver/Src/stm32g4xx_hal_tim_ex.c ****   (in the Hall Sensor Interface the three possible channels that can be used are TIM_CHANNEL_1,
 395:Drivers/STM32G4xx_HAL_Driver/Src/stm32g4xx_hal_tim_ex.c ****   TIM_CHANNEL_2 and TIM_CHANNEL_3) */
 396:Drivers/STM32G4xx_HAL_Driver/Src/stm32g4xx_hal_tim_ex.c ****   TIM_CCxChannelCmd(htim->Instance, TIM_CHANNEL_1, TIM_CCx_DISABLE);
 397:Drivers/STM32G4xx_HAL_Driver/Src/stm32g4xx_hal_tim_ex.c **** 
 398:Drivers/STM32G4xx_HAL_Driver/Src/stm32g4xx_hal_tim_ex.c ****   /* Disable the Peripheral */
 399:Drivers/STM32G4xx_HAL_Driver/Src/stm32g4xx_hal_tim_ex.c ****   __HAL_TIM_DISABLE(htim);
 400:Drivers/STM32G4xx_HAL_Driver/Src/stm32g4xx_hal_tim_ex.c **** 
 401:Drivers/STM32G4xx_HAL_Driver/Src/stm32g4xx_hal_tim_ex.c ****   /* Set the TIM channels state */
 402:Drivers/STM32G4xx_HAL_Driver/Src/stm32g4xx_hal_tim_ex.c ****   TIM_CHANNEL_STATE_SET(htim, TIM_CHANNEL_1, HAL_TIM_CHANNEL_STATE_READY);
 403:Drivers/STM32G4xx_HAL_Driver/Src/stm32g4xx_hal_tim_ex.c ****   TIM_CHANNEL_STATE_SET(htim, TIM_CHANNEL_2, HAL_TIM_CHANNEL_STATE_READY);
 404:Drivers/STM32G4xx_HAL_Driver/Src/stm32g4xx_hal_tim_ex.c ****   TIM_CHANNEL_N_STATE_SET(htim, TIM_CHANNEL_1, HAL_TIM_CHANNEL_STATE_READY);
 405:Drivers/STM32G4xx_HAL_Driver/Src/stm32g4xx_hal_tim_ex.c ****   TIM_CHANNEL_N_STATE_SET(htim, TIM_CHANNEL_2, HAL_TIM_CHANNEL_STATE_READY);
 406:Drivers/STM32G4xx_HAL_Driver/Src/stm32g4xx_hal_tim_ex.c **** 
 407:Drivers/STM32G4xx_HAL_Driver/Src/stm32g4xx_hal_tim_ex.c ****   /* Return function status */
 408:Drivers/STM32G4xx_HAL_Driver/Src/stm32g4xx_hal_tim_ex.c ****   return HAL_OK;
 409:Drivers/STM32G4xx_HAL_Driver/Src/stm32g4xx_hal_tim_ex.c **** }
 410:Drivers/STM32G4xx_HAL_Driver/Src/stm32g4xx_hal_tim_ex.c **** 
 411:Drivers/STM32G4xx_HAL_Driver/Src/stm32g4xx_hal_tim_ex.c **** /**
 412:Drivers/STM32G4xx_HAL_Driver/Src/stm32g4xx_hal_tim_ex.c ****   * @brief  Starts the TIM Hall Sensor Interface in interrupt mode.
 413:Drivers/STM32G4xx_HAL_Driver/Src/stm32g4xx_hal_tim_ex.c ****   * @param  htim TIM Hall Sensor Interface handle
 414:Drivers/STM32G4xx_HAL_Driver/Src/stm32g4xx_hal_tim_ex.c ****   * @retval HAL status
 415:Drivers/STM32G4xx_HAL_Driver/Src/stm32g4xx_hal_tim_ex.c ****   */
 416:Drivers/STM32G4xx_HAL_Driver/Src/stm32g4xx_hal_tim_ex.c **** HAL_StatusTypeDef HAL_TIMEx_HallSensor_Start_IT(TIM_HandleTypeDef *htim)
 417:Drivers/STM32G4xx_HAL_Driver/Src/stm32g4xx_hal_tim_ex.c **** {
 418:Drivers/STM32G4xx_HAL_Driver/Src/stm32g4xx_hal_tim_ex.c ****   uint32_t tmpsmcr;
 419:Drivers/STM32G4xx_HAL_Driver/Src/stm32g4xx_hal_tim_ex.c ****   HAL_TIM_ChannelStateTypeDef channel_1_state = TIM_CHANNEL_STATE_GET(htim, TIM_CHANNEL_1);
 420:Drivers/STM32G4xx_HAL_Driver/Src/stm32g4xx_hal_tim_ex.c ****   HAL_TIM_ChannelStateTypeDef channel_2_state = TIM_CHANNEL_STATE_GET(htim, TIM_CHANNEL_2);
 421:Drivers/STM32G4xx_HAL_Driver/Src/stm32g4xx_hal_tim_ex.c ****   HAL_TIM_ChannelStateTypeDef complementary_channel_1_state = TIM_CHANNEL_N_STATE_GET(htim, TIM_CHA
 422:Drivers/STM32G4xx_HAL_Driver/Src/stm32g4xx_hal_tim_ex.c ****   HAL_TIM_ChannelStateTypeDef complementary_channel_2_state = TIM_CHANNEL_N_STATE_GET(htim, TIM_CHA
 423:Drivers/STM32G4xx_HAL_Driver/Src/stm32g4xx_hal_tim_ex.c **** 
 424:Drivers/STM32G4xx_HAL_Driver/Src/stm32g4xx_hal_tim_ex.c ****   /* Check the parameters */
 425:Drivers/STM32G4xx_HAL_Driver/Src/stm32g4xx_hal_tim_ex.c ****   assert_param(IS_TIM_HALL_SENSOR_INTERFACE_INSTANCE(htim->Instance));
 426:Drivers/STM32G4xx_HAL_Driver/Src/stm32g4xx_hal_tim_ex.c **** 
 427:Drivers/STM32G4xx_HAL_Driver/Src/stm32g4xx_hal_tim_ex.c ****   /* Check the TIM channels state */
 428:Drivers/STM32G4xx_HAL_Driver/Src/stm32g4xx_hal_tim_ex.c ****   if ((channel_1_state != HAL_TIM_CHANNEL_STATE_READY)
 429:Drivers/STM32G4xx_HAL_Driver/Src/stm32g4xx_hal_tim_ex.c ****       || (channel_2_state != HAL_TIM_CHANNEL_STATE_READY)
ARM GAS  C:\Users\Booster\AppData\Local\Temp\ccs9w8jc.s 			page 9


 430:Drivers/STM32G4xx_HAL_Driver/Src/stm32g4xx_hal_tim_ex.c ****       || (complementary_channel_1_state != HAL_TIM_CHANNEL_STATE_READY)
 431:Drivers/STM32G4xx_HAL_Driver/Src/stm32g4xx_hal_tim_ex.c ****       || (complementary_channel_2_state != HAL_TIM_CHANNEL_STATE_READY))
 432:Drivers/STM32G4xx_HAL_Driver/Src/stm32g4xx_hal_tim_ex.c ****   {
 433:Drivers/STM32G4xx_HAL_Driver/Src/stm32g4xx_hal_tim_ex.c ****     return HAL_ERROR;
 434:Drivers/STM32G4xx_HAL_Driver/Src/stm32g4xx_hal_tim_ex.c ****   }
 435:Drivers/STM32G4xx_HAL_Driver/Src/stm32g4xx_hal_tim_ex.c **** 
 436:Drivers/STM32G4xx_HAL_Driver/Src/stm32g4xx_hal_tim_ex.c ****   /* Set the TIM channels state */
 437:Drivers/STM32G4xx_HAL_Driver/Src/stm32g4xx_hal_tim_ex.c ****   TIM_CHANNEL_STATE_SET(htim, TIM_CHANNEL_1, HAL_TIM_CHANNEL_STATE_BUSY);
 438:Drivers/STM32G4xx_HAL_Driver/Src/stm32g4xx_hal_tim_ex.c ****   TIM_CHANNEL_STATE_SET(htim, TIM_CHANNEL_2, HAL_TIM_CHANNEL_STATE_BUSY);
 439:Drivers/STM32G4xx_HAL_Driver/Src/stm32g4xx_hal_tim_ex.c ****   TIM_CHANNEL_N_STATE_SET(htim, TIM_CHANNEL_1, HAL_TIM_CHANNEL_STATE_BUSY);
 440:Drivers/STM32G4xx_HAL_Driver/Src/stm32g4xx_hal_tim_ex.c ****   TIM_CHANNEL_N_STATE_SET(htim, TIM_CHANNEL_2, HAL_TIM_CHANNEL_STATE_BUSY);
 441:Drivers/STM32G4xx_HAL_Driver/Src/stm32g4xx_hal_tim_ex.c **** 
 442:Drivers/STM32G4xx_HAL_Driver/Src/stm32g4xx_hal_tim_ex.c ****   /* Enable the capture compare Interrupts 1 event */
 443:Drivers/STM32G4xx_HAL_Driver/Src/stm32g4xx_hal_tim_ex.c ****   __HAL_TIM_ENABLE_IT(htim, TIM_IT_CC1);
 444:Drivers/STM32G4xx_HAL_Driver/Src/stm32g4xx_hal_tim_ex.c **** 
 445:Drivers/STM32G4xx_HAL_Driver/Src/stm32g4xx_hal_tim_ex.c ****   /* Enable the Input Capture channel 1
 446:Drivers/STM32G4xx_HAL_Driver/Src/stm32g4xx_hal_tim_ex.c ****   (in the Hall Sensor Interface the three possible channels that can be used are TIM_CHANNEL_1,
 447:Drivers/STM32G4xx_HAL_Driver/Src/stm32g4xx_hal_tim_ex.c ****   TIM_CHANNEL_2 and TIM_CHANNEL_3) */
 448:Drivers/STM32G4xx_HAL_Driver/Src/stm32g4xx_hal_tim_ex.c ****   TIM_CCxChannelCmd(htim->Instance, TIM_CHANNEL_1, TIM_CCx_ENABLE);
 449:Drivers/STM32G4xx_HAL_Driver/Src/stm32g4xx_hal_tim_ex.c **** 
 450:Drivers/STM32G4xx_HAL_Driver/Src/stm32g4xx_hal_tim_ex.c ****   /* Enable the Peripheral, except in trigger mode where enable is automatically done with trigger 
 451:Drivers/STM32G4xx_HAL_Driver/Src/stm32g4xx_hal_tim_ex.c ****   if (IS_TIM_SLAVE_INSTANCE(htim->Instance))
 452:Drivers/STM32G4xx_HAL_Driver/Src/stm32g4xx_hal_tim_ex.c ****   {
 453:Drivers/STM32G4xx_HAL_Driver/Src/stm32g4xx_hal_tim_ex.c ****     tmpsmcr = htim->Instance->SMCR & TIM_SMCR_SMS;
 454:Drivers/STM32G4xx_HAL_Driver/Src/stm32g4xx_hal_tim_ex.c ****     if (!IS_TIM_SLAVEMODE_TRIGGER_ENABLED(tmpsmcr))
 455:Drivers/STM32G4xx_HAL_Driver/Src/stm32g4xx_hal_tim_ex.c ****     {
 456:Drivers/STM32G4xx_HAL_Driver/Src/stm32g4xx_hal_tim_ex.c ****       __HAL_TIM_ENABLE(htim);
 457:Drivers/STM32G4xx_HAL_Driver/Src/stm32g4xx_hal_tim_ex.c ****     }
 458:Drivers/STM32G4xx_HAL_Driver/Src/stm32g4xx_hal_tim_ex.c ****   }
 459:Drivers/STM32G4xx_HAL_Driver/Src/stm32g4xx_hal_tim_ex.c ****   else
 460:Drivers/STM32G4xx_HAL_Driver/Src/stm32g4xx_hal_tim_ex.c ****   {
 461:Drivers/STM32G4xx_HAL_Driver/Src/stm32g4xx_hal_tim_ex.c ****     __HAL_TIM_ENABLE(htim);
 462:Drivers/STM32G4xx_HAL_Driver/Src/stm32g4xx_hal_tim_ex.c ****   }
 463:Drivers/STM32G4xx_HAL_Driver/Src/stm32g4xx_hal_tim_ex.c **** 
 464:Drivers/STM32G4xx_HAL_Driver/Src/stm32g4xx_hal_tim_ex.c ****   /* Return function status */
 465:Drivers/STM32G4xx_HAL_Driver/Src/stm32g4xx_hal_tim_ex.c ****   return HAL_OK;
 466:Drivers/STM32G4xx_HAL_Driver/Src/stm32g4xx_hal_tim_ex.c **** }
 467:Drivers/STM32G4xx_HAL_Driver/Src/stm32g4xx_hal_tim_ex.c **** 
 468:Drivers/STM32G4xx_HAL_Driver/Src/stm32g4xx_hal_tim_ex.c **** /**
 469:Drivers/STM32G4xx_HAL_Driver/Src/stm32g4xx_hal_tim_ex.c ****   * @brief  Stops the TIM Hall Sensor Interface in interrupt mode.
 470:Drivers/STM32G4xx_HAL_Driver/Src/stm32g4xx_hal_tim_ex.c ****   * @param  htim TIM Hall Sensor Interface handle
 471:Drivers/STM32G4xx_HAL_Driver/Src/stm32g4xx_hal_tim_ex.c ****   * @retval HAL status
 472:Drivers/STM32G4xx_HAL_Driver/Src/stm32g4xx_hal_tim_ex.c ****   */
 473:Drivers/STM32G4xx_HAL_Driver/Src/stm32g4xx_hal_tim_ex.c **** HAL_StatusTypeDef HAL_TIMEx_HallSensor_Stop_IT(TIM_HandleTypeDef *htim)
 474:Drivers/STM32G4xx_HAL_Driver/Src/stm32g4xx_hal_tim_ex.c **** {
 475:Drivers/STM32G4xx_HAL_Driver/Src/stm32g4xx_hal_tim_ex.c ****   /* Check the parameters */
 476:Drivers/STM32G4xx_HAL_Driver/Src/stm32g4xx_hal_tim_ex.c ****   assert_param(IS_TIM_HALL_SENSOR_INTERFACE_INSTANCE(htim->Instance));
 477:Drivers/STM32G4xx_HAL_Driver/Src/stm32g4xx_hal_tim_ex.c **** 
 478:Drivers/STM32G4xx_HAL_Driver/Src/stm32g4xx_hal_tim_ex.c ****   /* Disable the Input Capture channel 1
 479:Drivers/STM32G4xx_HAL_Driver/Src/stm32g4xx_hal_tim_ex.c ****   (in the Hall Sensor Interface the three possible channels that can be used are TIM_CHANNEL_1,
 480:Drivers/STM32G4xx_HAL_Driver/Src/stm32g4xx_hal_tim_ex.c ****   TIM_CHANNEL_2 and TIM_CHANNEL_3) */
 481:Drivers/STM32G4xx_HAL_Driver/Src/stm32g4xx_hal_tim_ex.c ****   TIM_CCxChannelCmd(htim->Instance, TIM_CHANNEL_1, TIM_CCx_DISABLE);
 482:Drivers/STM32G4xx_HAL_Driver/Src/stm32g4xx_hal_tim_ex.c **** 
 483:Drivers/STM32G4xx_HAL_Driver/Src/stm32g4xx_hal_tim_ex.c ****   /* Disable the capture compare Interrupts event */
 484:Drivers/STM32G4xx_HAL_Driver/Src/stm32g4xx_hal_tim_ex.c ****   __HAL_TIM_DISABLE_IT(htim, TIM_IT_CC1);
 485:Drivers/STM32G4xx_HAL_Driver/Src/stm32g4xx_hal_tim_ex.c **** 
 486:Drivers/STM32G4xx_HAL_Driver/Src/stm32g4xx_hal_tim_ex.c ****   /* Disable the Peripheral */
ARM GAS  C:\Users\Booster\AppData\Local\Temp\ccs9w8jc.s 			page 10


 487:Drivers/STM32G4xx_HAL_Driver/Src/stm32g4xx_hal_tim_ex.c ****   __HAL_TIM_DISABLE(htim);
 488:Drivers/STM32G4xx_HAL_Driver/Src/stm32g4xx_hal_tim_ex.c **** 
 489:Drivers/STM32G4xx_HAL_Driver/Src/stm32g4xx_hal_tim_ex.c ****   /* Set the TIM channels state */
 490:Drivers/STM32G4xx_HAL_Driver/Src/stm32g4xx_hal_tim_ex.c ****   TIM_CHANNEL_STATE_SET(htim, TIM_CHANNEL_1, HAL_TIM_CHANNEL_STATE_READY);
 491:Drivers/STM32G4xx_HAL_Driver/Src/stm32g4xx_hal_tim_ex.c ****   TIM_CHANNEL_STATE_SET(htim, TIM_CHANNEL_2, HAL_TIM_CHANNEL_STATE_READY);
 492:Drivers/STM32G4xx_HAL_Driver/Src/stm32g4xx_hal_tim_ex.c ****   TIM_CHANNEL_N_STATE_SET(htim, TIM_CHANNEL_1, HAL_TIM_CHANNEL_STATE_READY);
 493:Drivers/STM32G4xx_HAL_Driver/Src/stm32g4xx_hal_tim_ex.c ****   TIM_CHANNEL_N_STATE_SET(htim, TIM_CHANNEL_2, HAL_TIM_CHANNEL_STATE_READY);
 494:Drivers/STM32G4xx_HAL_Driver/Src/stm32g4xx_hal_tim_ex.c **** 
 495:Drivers/STM32G4xx_HAL_Driver/Src/stm32g4xx_hal_tim_ex.c ****   /* Return function status */
 496:Drivers/STM32G4xx_HAL_Driver/Src/stm32g4xx_hal_tim_ex.c ****   return HAL_OK;
 497:Drivers/STM32G4xx_HAL_Driver/Src/stm32g4xx_hal_tim_ex.c **** }
 498:Drivers/STM32G4xx_HAL_Driver/Src/stm32g4xx_hal_tim_ex.c **** 
 499:Drivers/STM32G4xx_HAL_Driver/Src/stm32g4xx_hal_tim_ex.c **** /**
 500:Drivers/STM32G4xx_HAL_Driver/Src/stm32g4xx_hal_tim_ex.c ****   * @brief  Starts the TIM Hall Sensor Interface in DMA mode.
 501:Drivers/STM32G4xx_HAL_Driver/Src/stm32g4xx_hal_tim_ex.c ****   * @param  htim TIM Hall Sensor Interface handle
 502:Drivers/STM32G4xx_HAL_Driver/Src/stm32g4xx_hal_tim_ex.c ****   * @param  pData The destination Buffer address.
 503:Drivers/STM32G4xx_HAL_Driver/Src/stm32g4xx_hal_tim_ex.c ****   * @param  Length The length of data to be transferred from TIM peripheral to memory.
 504:Drivers/STM32G4xx_HAL_Driver/Src/stm32g4xx_hal_tim_ex.c ****   * @retval HAL status
 505:Drivers/STM32G4xx_HAL_Driver/Src/stm32g4xx_hal_tim_ex.c ****   */
 506:Drivers/STM32G4xx_HAL_Driver/Src/stm32g4xx_hal_tim_ex.c **** HAL_StatusTypeDef HAL_TIMEx_HallSensor_Start_DMA(TIM_HandleTypeDef *htim, uint32_t *pData, uint16_t
 507:Drivers/STM32G4xx_HAL_Driver/Src/stm32g4xx_hal_tim_ex.c **** {
 508:Drivers/STM32G4xx_HAL_Driver/Src/stm32g4xx_hal_tim_ex.c ****   uint32_t tmpsmcr;
 509:Drivers/STM32G4xx_HAL_Driver/Src/stm32g4xx_hal_tim_ex.c ****   HAL_TIM_ChannelStateTypeDef channel_1_state = TIM_CHANNEL_STATE_GET(htim, TIM_CHANNEL_1);
 510:Drivers/STM32G4xx_HAL_Driver/Src/stm32g4xx_hal_tim_ex.c ****   HAL_TIM_ChannelStateTypeDef complementary_channel_1_state = TIM_CHANNEL_N_STATE_GET(htim, TIM_CHA
 511:Drivers/STM32G4xx_HAL_Driver/Src/stm32g4xx_hal_tim_ex.c **** 
 512:Drivers/STM32G4xx_HAL_Driver/Src/stm32g4xx_hal_tim_ex.c ****   /* Check the parameters */
 513:Drivers/STM32G4xx_HAL_Driver/Src/stm32g4xx_hal_tim_ex.c ****   assert_param(IS_TIM_HALL_SENSOR_INTERFACE_INSTANCE(htim->Instance));
 514:Drivers/STM32G4xx_HAL_Driver/Src/stm32g4xx_hal_tim_ex.c **** 
 515:Drivers/STM32G4xx_HAL_Driver/Src/stm32g4xx_hal_tim_ex.c ****   /* Set the TIM channel state */
 516:Drivers/STM32G4xx_HAL_Driver/Src/stm32g4xx_hal_tim_ex.c ****   if ((channel_1_state == HAL_TIM_CHANNEL_STATE_BUSY)
 517:Drivers/STM32G4xx_HAL_Driver/Src/stm32g4xx_hal_tim_ex.c ****       || (complementary_channel_1_state == HAL_TIM_CHANNEL_STATE_BUSY))
 518:Drivers/STM32G4xx_HAL_Driver/Src/stm32g4xx_hal_tim_ex.c ****   {
 519:Drivers/STM32G4xx_HAL_Driver/Src/stm32g4xx_hal_tim_ex.c ****     return HAL_BUSY;
 520:Drivers/STM32G4xx_HAL_Driver/Src/stm32g4xx_hal_tim_ex.c ****   }
 521:Drivers/STM32G4xx_HAL_Driver/Src/stm32g4xx_hal_tim_ex.c ****   else if ((channel_1_state == HAL_TIM_CHANNEL_STATE_READY)
 522:Drivers/STM32G4xx_HAL_Driver/Src/stm32g4xx_hal_tim_ex.c ****            && (complementary_channel_1_state == HAL_TIM_CHANNEL_STATE_READY))
 523:Drivers/STM32G4xx_HAL_Driver/Src/stm32g4xx_hal_tim_ex.c ****   {
 524:Drivers/STM32G4xx_HAL_Driver/Src/stm32g4xx_hal_tim_ex.c ****     if ((pData == NULL) || (Length == 0U))
 525:Drivers/STM32G4xx_HAL_Driver/Src/stm32g4xx_hal_tim_ex.c ****     {
 526:Drivers/STM32G4xx_HAL_Driver/Src/stm32g4xx_hal_tim_ex.c ****       return HAL_ERROR;
 527:Drivers/STM32G4xx_HAL_Driver/Src/stm32g4xx_hal_tim_ex.c ****     }
 528:Drivers/STM32G4xx_HAL_Driver/Src/stm32g4xx_hal_tim_ex.c ****     else
 529:Drivers/STM32G4xx_HAL_Driver/Src/stm32g4xx_hal_tim_ex.c ****     {
 530:Drivers/STM32G4xx_HAL_Driver/Src/stm32g4xx_hal_tim_ex.c ****       TIM_CHANNEL_STATE_SET(htim, TIM_CHANNEL_1, HAL_TIM_CHANNEL_STATE_BUSY);
 531:Drivers/STM32G4xx_HAL_Driver/Src/stm32g4xx_hal_tim_ex.c ****       TIM_CHANNEL_N_STATE_SET(htim, TIM_CHANNEL_1, HAL_TIM_CHANNEL_STATE_BUSY);
 532:Drivers/STM32G4xx_HAL_Driver/Src/stm32g4xx_hal_tim_ex.c ****     }
 533:Drivers/STM32G4xx_HAL_Driver/Src/stm32g4xx_hal_tim_ex.c ****   }
 534:Drivers/STM32G4xx_HAL_Driver/Src/stm32g4xx_hal_tim_ex.c ****   else
 535:Drivers/STM32G4xx_HAL_Driver/Src/stm32g4xx_hal_tim_ex.c ****   {
 536:Drivers/STM32G4xx_HAL_Driver/Src/stm32g4xx_hal_tim_ex.c ****     return HAL_ERROR;
 537:Drivers/STM32G4xx_HAL_Driver/Src/stm32g4xx_hal_tim_ex.c ****   }
 538:Drivers/STM32G4xx_HAL_Driver/Src/stm32g4xx_hal_tim_ex.c **** 
 539:Drivers/STM32G4xx_HAL_Driver/Src/stm32g4xx_hal_tim_ex.c ****   /* Enable the Input Capture channel 1
 540:Drivers/STM32G4xx_HAL_Driver/Src/stm32g4xx_hal_tim_ex.c ****   (in the Hall Sensor Interface the three possible channels that can be used are TIM_CHANNEL_1,
 541:Drivers/STM32G4xx_HAL_Driver/Src/stm32g4xx_hal_tim_ex.c ****   TIM_CHANNEL_2 and TIM_CHANNEL_3) */
 542:Drivers/STM32G4xx_HAL_Driver/Src/stm32g4xx_hal_tim_ex.c ****   TIM_CCxChannelCmd(htim->Instance, TIM_CHANNEL_1, TIM_CCx_ENABLE);
 543:Drivers/STM32G4xx_HAL_Driver/Src/stm32g4xx_hal_tim_ex.c **** 
ARM GAS  C:\Users\Booster\AppData\Local\Temp\ccs9w8jc.s 			page 11


 544:Drivers/STM32G4xx_HAL_Driver/Src/stm32g4xx_hal_tim_ex.c ****   /* Set the DMA Input Capture 1 Callbacks */
 545:Drivers/STM32G4xx_HAL_Driver/Src/stm32g4xx_hal_tim_ex.c ****   htim->hdma[TIM_DMA_ID_CC1]->XferCpltCallback = TIM_DMACaptureCplt;
 546:Drivers/STM32G4xx_HAL_Driver/Src/stm32g4xx_hal_tim_ex.c ****   htim->hdma[TIM_DMA_ID_CC1]->XferHalfCpltCallback = TIM_DMACaptureHalfCplt;
 547:Drivers/STM32G4xx_HAL_Driver/Src/stm32g4xx_hal_tim_ex.c ****   /* Set the DMA error callback */
 548:Drivers/STM32G4xx_HAL_Driver/Src/stm32g4xx_hal_tim_ex.c ****   htim->hdma[TIM_DMA_ID_CC1]->XferErrorCallback = TIM_DMAError ;
 549:Drivers/STM32G4xx_HAL_Driver/Src/stm32g4xx_hal_tim_ex.c **** 
 550:Drivers/STM32G4xx_HAL_Driver/Src/stm32g4xx_hal_tim_ex.c ****   /* Enable the DMA channel for Capture 1*/
 551:Drivers/STM32G4xx_HAL_Driver/Src/stm32g4xx_hal_tim_ex.c ****   if (HAL_DMA_Start_IT(htim->hdma[TIM_DMA_ID_CC1], (uint32_t)&htim->Instance->CCR1, (uint32_t)pData
 552:Drivers/STM32G4xx_HAL_Driver/Src/stm32g4xx_hal_tim_ex.c ****   {
 553:Drivers/STM32G4xx_HAL_Driver/Src/stm32g4xx_hal_tim_ex.c ****     /* Return error status */
 554:Drivers/STM32G4xx_HAL_Driver/Src/stm32g4xx_hal_tim_ex.c ****     return HAL_ERROR;
 555:Drivers/STM32G4xx_HAL_Driver/Src/stm32g4xx_hal_tim_ex.c ****   }
 556:Drivers/STM32G4xx_HAL_Driver/Src/stm32g4xx_hal_tim_ex.c ****   /* Enable the capture compare 1 Interrupt */
 557:Drivers/STM32G4xx_HAL_Driver/Src/stm32g4xx_hal_tim_ex.c ****   __HAL_TIM_ENABLE_DMA(htim, TIM_DMA_CC1);
 558:Drivers/STM32G4xx_HAL_Driver/Src/stm32g4xx_hal_tim_ex.c **** 
 559:Drivers/STM32G4xx_HAL_Driver/Src/stm32g4xx_hal_tim_ex.c ****   /* Enable the Peripheral, except in trigger mode where enable is automatically done with trigger 
 560:Drivers/STM32G4xx_HAL_Driver/Src/stm32g4xx_hal_tim_ex.c ****   if (IS_TIM_SLAVE_INSTANCE(htim->Instance))
 561:Drivers/STM32G4xx_HAL_Driver/Src/stm32g4xx_hal_tim_ex.c ****   {
 562:Drivers/STM32G4xx_HAL_Driver/Src/stm32g4xx_hal_tim_ex.c ****     tmpsmcr = htim->Instance->SMCR & TIM_SMCR_SMS;
 563:Drivers/STM32G4xx_HAL_Driver/Src/stm32g4xx_hal_tim_ex.c ****     if (!IS_TIM_SLAVEMODE_TRIGGER_ENABLED(tmpsmcr))
 564:Drivers/STM32G4xx_HAL_Driver/Src/stm32g4xx_hal_tim_ex.c ****     {
 565:Drivers/STM32G4xx_HAL_Driver/Src/stm32g4xx_hal_tim_ex.c ****       __HAL_TIM_ENABLE(htim);
 566:Drivers/STM32G4xx_HAL_Driver/Src/stm32g4xx_hal_tim_ex.c ****     }
 567:Drivers/STM32G4xx_HAL_Driver/Src/stm32g4xx_hal_tim_ex.c ****   }
 568:Drivers/STM32G4xx_HAL_Driver/Src/stm32g4xx_hal_tim_ex.c ****   else
 569:Drivers/STM32G4xx_HAL_Driver/Src/stm32g4xx_hal_tim_ex.c ****   {
 570:Drivers/STM32G4xx_HAL_Driver/Src/stm32g4xx_hal_tim_ex.c ****     __HAL_TIM_ENABLE(htim);
 571:Drivers/STM32G4xx_HAL_Driver/Src/stm32g4xx_hal_tim_ex.c ****   }
 572:Drivers/STM32G4xx_HAL_Driver/Src/stm32g4xx_hal_tim_ex.c **** 
 573:Drivers/STM32G4xx_HAL_Driver/Src/stm32g4xx_hal_tim_ex.c ****   /* Return function status */
 574:Drivers/STM32G4xx_HAL_Driver/Src/stm32g4xx_hal_tim_ex.c ****   return HAL_OK;
 575:Drivers/STM32G4xx_HAL_Driver/Src/stm32g4xx_hal_tim_ex.c **** }
 576:Drivers/STM32G4xx_HAL_Driver/Src/stm32g4xx_hal_tim_ex.c **** 
 577:Drivers/STM32G4xx_HAL_Driver/Src/stm32g4xx_hal_tim_ex.c **** /**
 578:Drivers/STM32G4xx_HAL_Driver/Src/stm32g4xx_hal_tim_ex.c ****   * @brief  Stops the TIM Hall Sensor Interface in DMA mode.
 579:Drivers/STM32G4xx_HAL_Driver/Src/stm32g4xx_hal_tim_ex.c ****   * @param  htim TIM Hall Sensor Interface handle
 580:Drivers/STM32G4xx_HAL_Driver/Src/stm32g4xx_hal_tim_ex.c ****   * @retval HAL status
 581:Drivers/STM32G4xx_HAL_Driver/Src/stm32g4xx_hal_tim_ex.c ****   */
 582:Drivers/STM32G4xx_HAL_Driver/Src/stm32g4xx_hal_tim_ex.c **** HAL_StatusTypeDef HAL_TIMEx_HallSensor_Stop_DMA(TIM_HandleTypeDef *htim)
 583:Drivers/STM32G4xx_HAL_Driver/Src/stm32g4xx_hal_tim_ex.c **** {
 584:Drivers/STM32G4xx_HAL_Driver/Src/stm32g4xx_hal_tim_ex.c ****   /* Check the parameters */
 585:Drivers/STM32G4xx_HAL_Driver/Src/stm32g4xx_hal_tim_ex.c ****   assert_param(IS_TIM_HALL_SENSOR_INTERFACE_INSTANCE(htim->Instance));
 586:Drivers/STM32G4xx_HAL_Driver/Src/stm32g4xx_hal_tim_ex.c **** 
 587:Drivers/STM32G4xx_HAL_Driver/Src/stm32g4xx_hal_tim_ex.c ****   /* Disable the Input Capture channel 1
 588:Drivers/STM32G4xx_HAL_Driver/Src/stm32g4xx_hal_tim_ex.c ****   (in the Hall Sensor Interface the three possible channels that can be used are TIM_CHANNEL_1,
 589:Drivers/STM32G4xx_HAL_Driver/Src/stm32g4xx_hal_tim_ex.c ****   TIM_CHANNEL_2 and TIM_CHANNEL_3) */
 590:Drivers/STM32G4xx_HAL_Driver/Src/stm32g4xx_hal_tim_ex.c ****   TIM_CCxChannelCmd(htim->Instance, TIM_CHANNEL_1, TIM_CCx_DISABLE);
 591:Drivers/STM32G4xx_HAL_Driver/Src/stm32g4xx_hal_tim_ex.c **** 
 592:Drivers/STM32G4xx_HAL_Driver/Src/stm32g4xx_hal_tim_ex.c **** 
 593:Drivers/STM32G4xx_HAL_Driver/Src/stm32g4xx_hal_tim_ex.c ****   /* Disable the capture compare Interrupts 1 event */
 594:Drivers/STM32G4xx_HAL_Driver/Src/stm32g4xx_hal_tim_ex.c ****   __HAL_TIM_DISABLE_DMA(htim, TIM_DMA_CC1);
 595:Drivers/STM32G4xx_HAL_Driver/Src/stm32g4xx_hal_tim_ex.c **** 
 596:Drivers/STM32G4xx_HAL_Driver/Src/stm32g4xx_hal_tim_ex.c ****   (void)HAL_DMA_Abort_IT(htim->hdma[TIM_DMA_ID_CC1]);
 597:Drivers/STM32G4xx_HAL_Driver/Src/stm32g4xx_hal_tim_ex.c **** 
 598:Drivers/STM32G4xx_HAL_Driver/Src/stm32g4xx_hal_tim_ex.c ****   /* Disable the Peripheral */
 599:Drivers/STM32G4xx_HAL_Driver/Src/stm32g4xx_hal_tim_ex.c ****   __HAL_TIM_DISABLE(htim);
 600:Drivers/STM32G4xx_HAL_Driver/Src/stm32g4xx_hal_tim_ex.c **** 
ARM GAS  C:\Users\Booster\AppData\Local\Temp\ccs9w8jc.s 			page 12


 601:Drivers/STM32G4xx_HAL_Driver/Src/stm32g4xx_hal_tim_ex.c ****   /* Set the TIM channel state */
 602:Drivers/STM32G4xx_HAL_Driver/Src/stm32g4xx_hal_tim_ex.c ****   TIM_CHANNEL_STATE_SET(htim, TIM_CHANNEL_1, HAL_TIM_CHANNEL_STATE_READY);
 603:Drivers/STM32G4xx_HAL_Driver/Src/stm32g4xx_hal_tim_ex.c ****   TIM_CHANNEL_N_STATE_SET(htim, TIM_CHANNEL_1, HAL_TIM_CHANNEL_STATE_READY);
 604:Drivers/STM32G4xx_HAL_Driver/Src/stm32g4xx_hal_tim_ex.c **** 
 605:Drivers/STM32G4xx_HAL_Driver/Src/stm32g4xx_hal_tim_ex.c ****   /* Return function status */
 606:Drivers/STM32G4xx_HAL_Driver/Src/stm32g4xx_hal_tim_ex.c ****   return HAL_OK;
 607:Drivers/STM32G4xx_HAL_Driver/Src/stm32g4xx_hal_tim_ex.c **** }
 608:Drivers/STM32G4xx_HAL_Driver/Src/stm32g4xx_hal_tim_ex.c **** 
 609:Drivers/STM32G4xx_HAL_Driver/Src/stm32g4xx_hal_tim_ex.c **** /**
 610:Drivers/STM32G4xx_HAL_Driver/Src/stm32g4xx_hal_tim_ex.c ****   * @}
 611:Drivers/STM32G4xx_HAL_Driver/Src/stm32g4xx_hal_tim_ex.c ****   */
 612:Drivers/STM32G4xx_HAL_Driver/Src/stm32g4xx_hal_tim_ex.c **** 
 613:Drivers/STM32G4xx_HAL_Driver/Src/stm32g4xx_hal_tim_ex.c **** /** @defgroup TIMEx_Exported_Functions_Group2 Extended Timer Complementary Output Compare functions
 614:Drivers/STM32G4xx_HAL_Driver/Src/stm32g4xx_hal_tim_ex.c ****   *  @brief   Timer Complementary Output Compare functions
 615:Drivers/STM32G4xx_HAL_Driver/Src/stm32g4xx_hal_tim_ex.c ****   *
 616:Drivers/STM32G4xx_HAL_Driver/Src/stm32g4xx_hal_tim_ex.c **** @verbatim
 617:Drivers/STM32G4xx_HAL_Driver/Src/stm32g4xx_hal_tim_ex.c ****   ==============================================================================
 618:Drivers/STM32G4xx_HAL_Driver/Src/stm32g4xx_hal_tim_ex.c ****               ##### Timer Complementary Output Compare functions #####
 619:Drivers/STM32G4xx_HAL_Driver/Src/stm32g4xx_hal_tim_ex.c ****   ==============================================================================
 620:Drivers/STM32G4xx_HAL_Driver/Src/stm32g4xx_hal_tim_ex.c ****   [..]
 621:Drivers/STM32G4xx_HAL_Driver/Src/stm32g4xx_hal_tim_ex.c ****     This section provides functions allowing to:
 622:Drivers/STM32G4xx_HAL_Driver/Src/stm32g4xx_hal_tim_ex.c ****     (+) Start the Complementary Output Compare/PWM.
 623:Drivers/STM32G4xx_HAL_Driver/Src/stm32g4xx_hal_tim_ex.c ****     (+) Stop the Complementary Output Compare/PWM.
 624:Drivers/STM32G4xx_HAL_Driver/Src/stm32g4xx_hal_tim_ex.c ****     (+) Start the Complementary Output Compare/PWM and enable interrupts.
 625:Drivers/STM32G4xx_HAL_Driver/Src/stm32g4xx_hal_tim_ex.c ****     (+) Stop the Complementary Output Compare/PWM and disable interrupts.
 626:Drivers/STM32G4xx_HAL_Driver/Src/stm32g4xx_hal_tim_ex.c ****     (+) Start the Complementary Output Compare/PWM and enable DMA transfers.
 627:Drivers/STM32G4xx_HAL_Driver/Src/stm32g4xx_hal_tim_ex.c ****     (+) Stop the Complementary Output Compare/PWM and disable DMA transfers.
 628:Drivers/STM32G4xx_HAL_Driver/Src/stm32g4xx_hal_tim_ex.c **** 
 629:Drivers/STM32G4xx_HAL_Driver/Src/stm32g4xx_hal_tim_ex.c **** @endverbatim
 630:Drivers/STM32G4xx_HAL_Driver/Src/stm32g4xx_hal_tim_ex.c ****   * @{
 631:Drivers/STM32G4xx_HAL_Driver/Src/stm32g4xx_hal_tim_ex.c ****   */
 632:Drivers/STM32G4xx_HAL_Driver/Src/stm32g4xx_hal_tim_ex.c **** 
 633:Drivers/STM32G4xx_HAL_Driver/Src/stm32g4xx_hal_tim_ex.c **** /**
 634:Drivers/STM32G4xx_HAL_Driver/Src/stm32g4xx_hal_tim_ex.c ****   * @brief  Starts the TIM Output Compare signal generation on the complementary
 635:Drivers/STM32G4xx_HAL_Driver/Src/stm32g4xx_hal_tim_ex.c ****   *         output.
 636:Drivers/STM32G4xx_HAL_Driver/Src/stm32g4xx_hal_tim_ex.c ****   * @param  htim TIM Output Compare handle
 637:Drivers/STM32G4xx_HAL_Driver/Src/stm32g4xx_hal_tim_ex.c ****   * @param  Channel TIM Channel to be enabled
 638:Drivers/STM32G4xx_HAL_Driver/Src/stm32g4xx_hal_tim_ex.c ****   *          This parameter can be one of the following values:
 639:Drivers/STM32G4xx_HAL_Driver/Src/stm32g4xx_hal_tim_ex.c ****   *            @arg TIM_CHANNEL_1: TIM Channel 1 selected
 640:Drivers/STM32G4xx_HAL_Driver/Src/stm32g4xx_hal_tim_ex.c ****   *            @arg TIM_CHANNEL_2: TIM Channel 2 selected
 641:Drivers/STM32G4xx_HAL_Driver/Src/stm32g4xx_hal_tim_ex.c ****   *            @arg TIM_CHANNEL_3: TIM Channel 3 selected
 642:Drivers/STM32G4xx_HAL_Driver/Src/stm32g4xx_hal_tim_ex.c ****   *            @arg TIM_CHANNEL_4: TIM Channel 4 selected
 643:Drivers/STM32G4xx_HAL_Driver/Src/stm32g4xx_hal_tim_ex.c ****   * @retval HAL status
 644:Drivers/STM32G4xx_HAL_Driver/Src/stm32g4xx_hal_tim_ex.c ****   */
 645:Drivers/STM32G4xx_HAL_Driver/Src/stm32g4xx_hal_tim_ex.c **** HAL_StatusTypeDef HAL_TIMEx_OCN_Start(TIM_HandleTypeDef *htim, uint32_t Channel)
 646:Drivers/STM32G4xx_HAL_Driver/Src/stm32g4xx_hal_tim_ex.c **** {
 647:Drivers/STM32G4xx_HAL_Driver/Src/stm32g4xx_hal_tim_ex.c ****   uint32_t tmpsmcr;
 648:Drivers/STM32G4xx_HAL_Driver/Src/stm32g4xx_hal_tim_ex.c **** 
 649:Drivers/STM32G4xx_HAL_Driver/Src/stm32g4xx_hal_tim_ex.c ****   /* Check the parameters */
 650:Drivers/STM32G4xx_HAL_Driver/Src/stm32g4xx_hal_tim_ex.c ****   assert_param(IS_TIM_CCXN_INSTANCE(htim->Instance, Channel));
 651:Drivers/STM32G4xx_HAL_Driver/Src/stm32g4xx_hal_tim_ex.c **** 
 652:Drivers/STM32G4xx_HAL_Driver/Src/stm32g4xx_hal_tim_ex.c ****   /* Check the TIM complementary channel state */
 653:Drivers/STM32G4xx_HAL_Driver/Src/stm32g4xx_hal_tim_ex.c ****   if (TIM_CHANNEL_N_STATE_GET(htim, Channel) != HAL_TIM_CHANNEL_STATE_READY)
 654:Drivers/STM32G4xx_HAL_Driver/Src/stm32g4xx_hal_tim_ex.c ****   {
 655:Drivers/STM32G4xx_HAL_Driver/Src/stm32g4xx_hal_tim_ex.c ****     return HAL_ERROR;
 656:Drivers/STM32G4xx_HAL_Driver/Src/stm32g4xx_hal_tim_ex.c ****   }
 657:Drivers/STM32G4xx_HAL_Driver/Src/stm32g4xx_hal_tim_ex.c **** 
ARM GAS  C:\Users\Booster\AppData\Local\Temp\ccs9w8jc.s 			page 13


 658:Drivers/STM32G4xx_HAL_Driver/Src/stm32g4xx_hal_tim_ex.c ****   /* Set the TIM complementary channel state */
 659:Drivers/STM32G4xx_HAL_Driver/Src/stm32g4xx_hal_tim_ex.c ****   TIM_CHANNEL_N_STATE_SET(htim, Channel, HAL_TIM_CHANNEL_STATE_BUSY);
 660:Drivers/STM32G4xx_HAL_Driver/Src/stm32g4xx_hal_tim_ex.c **** 
 661:Drivers/STM32G4xx_HAL_Driver/Src/stm32g4xx_hal_tim_ex.c ****   /* Enable the Capture compare channel N */
 662:Drivers/STM32G4xx_HAL_Driver/Src/stm32g4xx_hal_tim_ex.c ****   TIM_CCxNChannelCmd(htim->Instance, Channel, TIM_CCxN_ENABLE);
 663:Drivers/STM32G4xx_HAL_Driver/Src/stm32g4xx_hal_tim_ex.c **** 
 664:Drivers/STM32G4xx_HAL_Driver/Src/stm32g4xx_hal_tim_ex.c ****   /* Enable the Main Output */
 665:Drivers/STM32G4xx_HAL_Driver/Src/stm32g4xx_hal_tim_ex.c ****   __HAL_TIM_MOE_ENABLE(htim);
 666:Drivers/STM32G4xx_HAL_Driver/Src/stm32g4xx_hal_tim_ex.c **** 
 667:Drivers/STM32G4xx_HAL_Driver/Src/stm32g4xx_hal_tim_ex.c ****   /* Enable the Peripheral, except in trigger mode where enable is automatically done with trigger 
 668:Drivers/STM32G4xx_HAL_Driver/Src/stm32g4xx_hal_tim_ex.c ****   if (IS_TIM_SLAVE_INSTANCE(htim->Instance))
 669:Drivers/STM32G4xx_HAL_Driver/Src/stm32g4xx_hal_tim_ex.c ****   {
 670:Drivers/STM32G4xx_HAL_Driver/Src/stm32g4xx_hal_tim_ex.c ****     tmpsmcr = htim->Instance->SMCR & TIM_SMCR_SMS;
 671:Drivers/STM32G4xx_HAL_Driver/Src/stm32g4xx_hal_tim_ex.c ****     if (!IS_TIM_SLAVEMODE_TRIGGER_ENABLED(tmpsmcr))
 672:Drivers/STM32G4xx_HAL_Driver/Src/stm32g4xx_hal_tim_ex.c ****     {
 673:Drivers/STM32G4xx_HAL_Driver/Src/stm32g4xx_hal_tim_ex.c ****       __HAL_TIM_ENABLE(htim);
 674:Drivers/STM32G4xx_HAL_Driver/Src/stm32g4xx_hal_tim_ex.c ****     }
 675:Drivers/STM32G4xx_HAL_Driver/Src/stm32g4xx_hal_tim_ex.c ****   }
 676:Drivers/STM32G4xx_HAL_Driver/Src/stm32g4xx_hal_tim_ex.c ****   else
 677:Drivers/STM32G4xx_HAL_Driver/Src/stm32g4xx_hal_tim_ex.c ****   {
 678:Drivers/STM32G4xx_HAL_Driver/Src/stm32g4xx_hal_tim_ex.c ****     __HAL_TIM_ENABLE(htim);
 679:Drivers/STM32G4xx_HAL_Driver/Src/stm32g4xx_hal_tim_ex.c ****   }
 680:Drivers/STM32G4xx_HAL_Driver/Src/stm32g4xx_hal_tim_ex.c **** 
 681:Drivers/STM32G4xx_HAL_Driver/Src/stm32g4xx_hal_tim_ex.c ****   /* Return function status */
 682:Drivers/STM32G4xx_HAL_Driver/Src/stm32g4xx_hal_tim_ex.c ****   return HAL_OK;
 683:Drivers/STM32G4xx_HAL_Driver/Src/stm32g4xx_hal_tim_ex.c **** }
 684:Drivers/STM32G4xx_HAL_Driver/Src/stm32g4xx_hal_tim_ex.c **** 
 685:Drivers/STM32G4xx_HAL_Driver/Src/stm32g4xx_hal_tim_ex.c **** /**
 686:Drivers/STM32G4xx_HAL_Driver/Src/stm32g4xx_hal_tim_ex.c ****   * @brief  Stops the TIM Output Compare signal generation on the complementary
 687:Drivers/STM32G4xx_HAL_Driver/Src/stm32g4xx_hal_tim_ex.c ****   *         output.
 688:Drivers/STM32G4xx_HAL_Driver/Src/stm32g4xx_hal_tim_ex.c ****   * @param  htim TIM handle
 689:Drivers/STM32G4xx_HAL_Driver/Src/stm32g4xx_hal_tim_ex.c ****   * @param  Channel TIM Channel to be disabled
 690:Drivers/STM32G4xx_HAL_Driver/Src/stm32g4xx_hal_tim_ex.c ****   *          This parameter can be one of the following values:
 691:Drivers/STM32G4xx_HAL_Driver/Src/stm32g4xx_hal_tim_ex.c ****   *            @arg TIM_CHANNEL_1: TIM Channel 1 selected
 692:Drivers/STM32G4xx_HAL_Driver/Src/stm32g4xx_hal_tim_ex.c ****   *            @arg TIM_CHANNEL_2: TIM Channel 2 selected
 693:Drivers/STM32G4xx_HAL_Driver/Src/stm32g4xx_hal_tim_ex.c ****   *            @arg TIM_CHANNEL_3: TIM Channel 3 selected
 694:Drivers/STM32G4xx_HAL_Driver/Src/stm32g4xx_hal_tim_ex.c ****   *            @arg TIM_CHANNEL_4: TIM Channel 4 selected
 695:Drivers/STM32G4xx_HAL_Driver/Src/stm32g4xx_hal_tim_ex.c ****   * @retval HAL status
 696:Drivers/STM32G4xx_HAL_Driver/Src/stm32g4xx_hal_tim_ex.c ****   */
 697:Drivers/STM32G4xx_HAL_Driver/Src/stm32g4xx_hal_tim_ex.c **** HAL_StatusTypeDef HAL_TIMEx_OCN_Stop(TIM_HandleTypeDef *htim, uint32_t Channel)
 698:Drivers/STM32G4xx_HAL_Driver/Src/stm32g4xx_hal_tim_ex.c **** {
 699:Drivers/STM32G4xx_HAL_Driver/Src/stm32g4xx_hal_tim_ex.c ****   /* Check the parameters */
 700:Drivers/STM32G4xx_HAL_Driver/Src/stm32g4xx_hal_tim_ex.c ****   assert_param(IS_TIM_CCXN_INSTANCE(htim->Instance, Channel));
 701:Drivers/STM32G4xx_HAL_Driver/Src/stm32g4xx_hal_tim_ex.c **** 
 702:Drivers/STM32G4xx_HAL_Driver/Src/stm32g4xx_hal_tim_ex.c ****   /* Disable the Capture compare channel N */
 703:Drivers/STM32G4xx_HAL_Driver/Src/stm32g4xx_hal_tim_ex.c ****   TIM_CCxNChannelCmd(htim->Instance, Channel, TIM_CCxN_DISABLE);
 704:Drivers/STM32G4xx_HAL_Driver/Src/stm32g4xx_hal_tim_ex.c **** 
 705:Drivers/STM32G4xx_HAL_Driver/Src/stm32g4xx_hal_tim_ex.c ****   /* Disable the Main Output */
 706:Drivers/STM32G4xx_HAL_Driver/Src/stm32g4xx_hal_tim_ex.c ****   __HAL_TIM_MOE_DISABLE(htim);
 707:Drivers/STM32G4xx_HAL_Driver/Src/stm32g4xx_hal_tim_ex.c **** 
 708:Drivers/STM32G4xx_HAL_Driver/Src/stm32g4xx_hal_tim_ex.c ****   /* Disable the Peripheral */
 709:Drivers/STM32G4xx_HAL_Driver/Src/stm32g4xx_hal_tim_ex.c ****   __HAL_TIM_DISABLE(htim);
 710:Drivers/STM32G4xx_HAL_Driver/Src/stm32g4xx_hal_tim_ex.c **** 
 711:Drivers/STM32G4xx_HAL_Driver/Src/stm32g4xx_hal_tim_ex.c ****   /* Set the TIM complementary channel state */
 712:Drivers/STM32G4xx_HAL_Driver/Src/stm32g4xx_hal_tim_ex.c ****   TIM_CHANNEL_N_STATE_SET(htim, Channel, HAL_TIM_CHANNEL_STATE_READY);
 713:Drivers/STM32G4xx_HAL_Driver/Src/stm32g4xx_hal_tim_ex.c **** 
 714:Drivers/STM32G4xx_HAL_Driver/Src/stm32g4xx_hal_tim_ex.c ****   /* Return function status */
ARM GAS  C:\Users\Booster\AppData\Local\Temp\ccs9w8jc.s 			page 14


 715:Drivers/STM32G4xx_HAL_Driver/Src/stm32g4xx_hal_tim_ex.c ****   return HAL_OK;
 716:Drivers/STM32G4xx_HAL_Driver/Src/stm32g4xx_hal_tim_ex.c **** }
 717:Drivers/STM32G4xx_HAL_Driver/Src/stm32g4xx_hal_tim_ex.c **** 
 718:Drivers/STM32G4xx_HAL_Driver/Src/stm32g4xx_hal_tim_ex.c **** /**
 719:Drivers/STM32G4xx_HAL_Driver/Src/stm32g4xx_hal_tim_ex.c ****   * @brief  Starts the TIM Output Compare signal generation in interrupt mode
 720:Drivers/STM32G4xx_HAL_Driver/Src/stm32g4xx_hal_tim_ex.c ****   *         on the complementary output.
 721:Drivers/STM32G4xx_HAL_Driver/Src/stm32g4xx_hal_tim_ex.c ****   * @param  htim TIM OC handle
 722:Drivers/STM32G4xx_HAL_Driver/Src/stm32g4xx_hal_tim_ex.c ****   * @param  Channel TIM Channel to be enabled
 723:Drivers/STM32G4xx_HAL_Driver/Src/stm32g4xx_hal_tim_ex.c ****   *          This parameter can be one of the following values:
 724:Drivers/STM32G4xx_HAL_Driver/Src/stm32g4xx_hal_tim_ex.c ****   *            @arg TIM_CHANNEL_1: TIM Channel 1 selected
 725:Drivers/STM32G4xx_HAL_Driver/Src/stm32g4xx_hal_tim_ex.c ****   *            @arg TIM_CHANNEL_2: TIM Channel 2 selected
 726:Drivers/STM32G4xx_HAL_Driver/Src/stm32g4xx_hal_tim_ex.c ****   *            @arg TIM_CHANNEL_3: TIM Channel 3 selected
 727:Drivers/STM32G4xx_HAL_Driver/Src/stm32g4xx_hal_tim_ex.c ****   *            @arg TIM_CHANNEL_4: TIM Channel 4 selected
 728:Drivers/STM32G4xx_HAL_Driver/Src/stm32g4xx_hal_tim_ex.c ****   * @retval HAL status
 729:Drivers/STM32G4xx_HAL_Driver/Src/stm32g4xx_hal_tim_ex.c ****   */
 730:Drivers/STM32G4xx_HAL_Driver/Src/stm32g4xx_hal_tim_ex.c **** HAL_StatusTypeDef HAL_TIMEx_OCN_Start_IT(TIM_HandleTypeDef *htim, uint32_t Channel)
 731:Drivers/STM32G4xx_HAL_Driver/Src/stm32g4xx_hal_tim_ex.c **** {
 732:Drivers/STM32G4xx_HAL_Driver/Src/stm32g4xx_hal_tim_ex.c ****   HAL_StatusTypeDef status = HAL_OK;
 733:Drivers/STM32G4xx_HAL_Driver/Src/stm32g4xx_hal_tim_ex.c ****   uint32_t tmpsmcr;
 734:Drivers/STM32G4xx_HAL_Driver/Src/stm32g4xx_hal_tim_ex.c **** 
 735:Drivers/STM32G4xx_HAL_Driver/Src/stm32g4xx_hal_tim_ex.c ****   /* Check the parameters */
 736:Drivers/STM32G4xx_HAL_Driver/Src/stm32g4xx_hal_tim_ex.c ****   assert_param(IS_TIM_CCXN_INSTANCE(htim->Instance, Channel));
 737:Drivers/STM32G4xx_HAL_Driver/Src/stm32g4xx_hal_tim_ex.c **** 
 738:Drivers/STM32G4xx_HAL_Driver/Src/stm32g4xx_hal_tim_ex.c ****   /* Check the TIM complementary channel state */
 739:Drivers/STM32G4xx_HAL_Driver/Src/stm32g4xx_hal_tim_ex.c ****   if (TIM_CHANNEL_N_STATE_GET(htim, Channel) != HAL_TIM_CHANNEL_STATE_READY)
 740:Drivers/STM32G4xx_HAL_Driver/Src/stm32g4xx_hal_tim_ex.c ****   {
 741:Drivers/STM32G4xx_HAL_Driver/Src/stm32g4xx_hal_tim_ex.c ****     return HAL_ERROR;
 742:Drivers/STM32G4xx_HAL_Driver/Src/stm32g4xx_hal_tim_ex.c ****   }
 743:Drivers/STM32G4xx_HAL_Driver/Src/stm32g4xx_hal_tim_ex.c **** 
 744:Drivers/STM32G4xx_HAL_Driver/Src/stm32g4xx_hal_tim_ex.c ****   /* Set the TIM complementary channel state */
 745:Drivers/STM32G4xx_HAL_Driver/Src/stm32g4xx_hal_tim_ex.c ****   TIM_CHANNEL_N_STATE_SET(htim, Channel, HAL_TIM_CHANNEL_STATE_BUSY);
 746:Drivers/STM32G4xx_HAL_Driver/Src/stm32g4xx_hal_tim_ex.c **** 
 747:Drivers/STM32G4xx_HAL_Driver/Src/stm32g4xx_hal_tim_ex.c ****   switch (Channel)
 748:Drivers/STM32G4xx_HAL_Driver/Src/stm32g4xx_hal_tim_ex.c ****   {
 749:Drivers/STM32G4xx_HAL_Driver/Src/stm32g4xx_hal_tim_ex.c ****     case TIM_CHANNEL_1:
 750:Drivers/STM32G4xx_HAL_Driver/Src/stm32g4xx_hal_tim_ex.c ****     {
 751:Drivers/STM32G4xx_HAL_Driver/Src/stm32g4xx_hal_tim_ex.c ****       /* Enable the TIM Output Compare interrupt */
 752:Drivers/STM32G4xx_HAL_Driver/Src/stm32g4xx_hal_tim_ex.c ****       __HAL_TIM_ENABLE_IT(htim, TIM_IT_CC1);
 753:Drivers/STM32G4xx_HAL_Driver/Src/stm32g4xx_hal_tim_ex.c ****       break;
 754:Drivers/STM32G4xx_HAL_Driver/Src/stm32g4xx_hal_tim_ex.c ****     }
 755:Drivers/STM32G4xx_HAL_Driver/Src/stm32g4xx_hal_tim_ex.c **** 
 756:Drivers/STM32G4xx_HAL_Driver/Src/stm32g4xx_hal_tim_ex.c ****     case TIM_CHANNEL_2:
 757:Drivers/STM32G4xx_HAL_Driver/Src/stm32g4xx_hal_tim_ex.c ****     {
 758:Drivers/STM32G4xx_HAL_Driver/Src/stm32g4xx_hal_tim_ex.c ****       /* Enable the TIM Output Compare interrupt */
 759:Drivers/STM32G4xx_HAL_Driver/Src/stm32g4xx_hal_tim_ex.c ****       __HAL_TIM_ENABLE_IT(htim, TIM_IT_CC2);
 760:Drivers/STM32G4xx_HAL_Driver/Src/stm32g4xx_hal_tim_ex.c ****       break;
 761:Drivers/STM32G4xx_HAL_Driver/Src/stm32g4xx_hal_tim_ex.c ****     }
 762:Drivers/STM32G4xx_HAL_Driver/Src/stm32g4xx_hal_tim_ex.c **** 
 763:Drivers/STM32G4xx_HAL_Driver/Src/stm32g4xx_hal_tim_ex.c ****     case TIM_CHANNEL_3:
 764:Drivers/STM32G4xx_HAL_Driver/Src/stm32g4xx_hal_tim_ex.c ****     {
 765:Drivers/STM32G4xx_HAL_Driver/Src/stm32g4xx_hal_tim_ex.c ****       /* Enable the TIM Output Compare interrupt */
 766:Drivers/STM32G4xx_HAL_Driver/Src/stm32g4xx_hal_tim_ex.c ****       __HAL_TIM_ENABLE_IT(htim, TIM_IT_CC3);
 767:Drivers/STM32G4xx_HAL_Driver/Src/stm32g4xx_hal_tim_ex.c ****       break;
 768:Drivers/STM32G4xx_HAL_Driver/Src/stm32g4xx_hal_tim_ex.c ****     }
 769:Drivers/STM32G4xx_HAL_Driver/Src/stm32g4xx_hal_tim_ex.c **** 
 770:Drivers/STM32G4xx_HAL_Driver/Src/stm32g4xx_hal_tim_ex.c **** 
 771:Drivers/STM32G4xx_HAL_Driver/Src/stm32g4xx_hal_tim_ex.c ****     case TIM_CHANNEL_4:
ARM GAS  C:\Users\Booster\AppData\Local\Temp\ccs9w8jc.s 			page 15


 772:Drivers/STM32G4xx_HAL_Driver/Src/stm32g4xx_hal_tim_ex.c ****     {
 773:Drivers/STM32G4xx_HAL_Driver/Src/stm32g4xx_hal_tim_ex.c ****       /* Enable the TIM Output Compare interrupt */
 774:Drivers/STM32G4xx_HAL_Driver/Src/stm32g4xx_hal_tim_ex.c ****       __HAL_TIM_ENABLE_IT(htim, TIM_IT_CC4);
 775:Drivers/STM32G4xx_HAL_Driver/Src/stm32g4xx_hal_tim_ex.c ****       break;
 776:Drivers/STM32G4xx_HAL_Driver/Src/stm32g4xx_hal_tim_ex.c ****     }
 777:Drivers/STM32G4xx_HAL_Driver/Src/stm32g4xx_hal_tim_ex.c **** 
 778:Drivers/STM32G4xx_HAL_Driver/Src/stm32g4xx_hal_tim_ex.c ****     default:
 779:Drivers/STM32G4xx_HAL_Driver/Src/stm32g4xx_hal_tim_ex.c ****       status = HAL_ERROR;
 780:Drivers/STM32G4xx_HAL_Driver/Src/stm32g4xx_hal_tim_ex.c ****       break;
 781:Drivers/STM32G4xx_HAL_Driver/Src/stm32g4xx_hal_tim_ex.c ****   }
 782:Drivers/STM32G4xx_HAL_Driver/Src/stm32g4xx_hal_tim_ex.c **** 
 783:Drivers/STM32G4xx_HAL_Driver/Src/stm32g4xx_hal_tim_ex.c ****   if (status == HAL_OK)
 784:Drivers/STM32G4xx_HAL_Driver/Src/stm32g4xx_hal_tim_ex.c ****   {
 785:Drivers/STM32G4xx_HAL_Driver/Src/stm32g4xx_hal_tim_ex.c ****     /* Enable the TIM Break interrupt */
 786:Drivers/STM32G4xx_HAL_Driver/Src/stm32g4xx_hal_tim_ex.c ****     __HAL_TIM_ENABLE_IT(htim, TIM_IT_BREAK);
 787:Drivers/STM32G4xx_HAL_Driver/Src/stm32g4xx_hal_tim_ex.c **** 
 788:Drivers/STM32G4xx_HAL_Driver/Src/stm32g4xx_hal_tim_ex.c ****     /* Enable the Capture compare channel N */
 789:Drivers/STM32G4xx_HAL_Driver/Src/stm32g4xx_hal_tim_ex.c ****     TIM_CCxNChannelCmd(htim->Instance, Channel, TIM_CCxN_ENABLE);
 790:Drivers/STM32G4xx_HAL_Driver/Src/stm32g4xx_hal_tim_ex.c **** 
 791:Drivers/STM32G4xx_HAL_Driver/Src/stm32g4xx_hal_tim_ex.c ****     /* Enable the Main Output */
 792:Drivers/STM32G4xx_HAL_Driver/Src/stm32g4xx_hal_tim_ex.c ****     __HAL_TIM_MOE_ENABLE(htim);
 793:Drivers/STM32G4xx_HAL_Driver/Src/stm32g4xx_hal_tim_ex.c **** 
 794:Drivers/STM32G4xx_HAL_Driver/Src/stm32g4xx_hal_tim_ex.c ****     /* Enable the Peripheral, except in trigger mode where enable is automatically done with trigge
 795:Drivers/STM32G4xx_HAL_Driver/Src/stm32g4xx_hal_tim_ex.c ****     if (IS_TIM_SLAVE_INSTANCE(htim->Instance))
 796:Drivers/STM32G4xx_HAL_Driver/Src/stm32g4xx_hal_tim_ex.c ****     {
 797:Drivers/STM32G4xx_HAL_Driver/Src/stm32g4xx_hal_tim_ex.c ****       tmpsmcr = htim->Instance->SMCR & TIM_SMCR_SMS;
 798:Drivers/STM32G4xx_HAL_Driver/Src/stm32g4xx_hal_tim_ex.c ****       if (!IS_TIM_SLAVEMODE_TRIGGER_ENABLED(tmpsmcr))
 799:Drivers/STM32G4xx_HAL_Driver/Src/stm32g4xx_hal_tim_ex.c ****       {
 800:Drivers/STM32G4xx_HAL_Driver/Src/stm32g4xx_hal_tim_ex.c ****         __HAL_TIM_ENABLE(htim);
 801:Drivers/STM32G4xx_HAL_Driver/Src/stm32g4xx_hal_tim_ex.c ****       }
 802:Drivers/STM32G4xx_HAL_Driver/Src/stm32g4xx_hal_tim_ex.c ****     }
 803:Drivers/STM32G4xx_HAL_Driver/Src/stm32g4xx_hal_tim_ex.c ****     else
 804:Drivers/STM32G4xx_HAL_Driver/Src/stm32g4xx_hal_tim_ex.c ****     {
 805:Drivers/STM32G4xx_HAL_Driver/Src/stm32g4xx_hal_tim_ex.c ****       __HAL_TIM_ENABLE(htim);
 806:Drivers/STM32G4xx_HAL_Driver/Src/stm32g4xx_hal_tim_ex.c ****     }
 807:Drivers/STM32G4xx_HAL_Driver/Src/stm32g4xx_hal_tim_ex.c ****   }
 808:Drivers/STM32G4xx_HAL_Driver/Src/stm32g4xx_hal_tim_ex.c **** 
 809:Drivers/STM32G4xx_HAL_Driver/Src/stm32g4xx_hal_tim_ex.c ****   /* Return function status */
 810:Drivers/STM32G4xx_HAL_Driver/Src/stm32g4xx_hal_tim_ex.c ****   return status;
 811:Drivers/STM32G4xx_HAL_Driver/Src/stm32g4xx_hal_tim_ex.c **** }
 812:Drivers/STM32G4xx_HAL_Driver/Src/stm32g4xx_hal_tim_ex.c **** 
 813:Drivers/STM32G4xx_HAL_Driver/Src/stm32g4xx_hal_tim_ex.c **** /**
 814:Drivers/STM32G4xx_HAL_Driver/Src/stm32g4xx_hal_tim_ex.c ****   * @brief  Stops the TIM Output Compare signal generation in interrupt mode
 815:Drivers/STM32G4xx_HAL_Driver/Src/stm32g4xx_hal_tim_ex.c ****   *         on the complementary output.
 816:Drivers/STM32G4xx_HAL_Driver/Src/stm32g4xx_hal_tim_ex.c ****   * @param  htim TIM Output Compare handle
 817:Drivers/STM32G4xx_HAL_Driver/Src/stm32g4xx_hal_tim_ex.c ****   * @param  Channel TIM Channel to be disabled
 818:Drivers/STM32G4xx_HAL_Driver/Src/stm32g4xx_hal_tim_ex.c ****   *          This parameter can be one of the following values:
 819:Drivers/STM32G4xx_HAL_Driver/Src/stm32g4xx_hal_tim_ex.c ****   *            @arg TIM_CHANNEL_1: TIM Channel 1 selected
 820:Drivers/STM32G4xx_HAL_Driver/Src/stm32g4xx_hal_tim_ex.c ****   *            @arg TIM_CHANNEL_2: TIM Channel 2 selected
 821:Drivers/STM32G4xx_HAL_Driver/Src/stm32g4xx_hal_tim_ex.c ****   *            @arg TIM_CHANNEL_3: TIM Channel 3 selected
 822:Drivers/STM32G4xx_HAL_Driver/Src/stm32g4xx_hal_tim_ex.c ****   *            @arg TIM_CHANNEL_4: TIM Channel 4 selected
 823:Drivers/STM32G4xx_HAL_Driver/Src/stm32g4xx_hal_tim_ex.c ****   * @retval HAL status
 824:Drivers/STM32G4xx_HAL_Driver/Src/stm32g4xx_hal_tim_ex.c ****   */
 825:Drivers/STM32G4xx_HAL_Driver/Src/stm32g4xx_hal_tim_ex.c **** HAL_StatusTypeDef HAL_TIMEx_OCN_Stop_IT(TIM_HandleTypeDef *htim, uint32_t Channel)
 826:Drivers/STM32G4xx_HAL_Driver/Src/stm32g4xx_hal_tim_ex.c **** {
 827:Drivers/STM32G4xx_HAL_Driver/Src/stm32g4xx_hal_tim_ex.c ****   HAL_StatusTypeDef status = HAL_OK;
 828:Drivers/STM32G4xx_HAL_Driver/Src/stm32g4xx_hal_tim_ex.c ****   uint32_t tmpccer;
ARM GAS  C:\Users\Booster\AppData\Local\Temp\ccs9w8jc.s 			page 16


 829:Drivers/STM32G4xx_HAL_Driver/Src/stm32g4xx_hal_tim_ex.c **** 
 830:Drivers/STM32G4xx_HAL_Driver/Src/stm32g4xx_hal_tim_ex.c ****   /* Check the parameters */
 831:Drivers/STM32G4xx_HAL_Driver/Src/stm32g4xx_hal_tim_ex.c ****   assert_param(IS_TIM_CCXN_INSTANCE(htim->Instance, Channel));
 832:Drivers/STM32G4xx_HAL_Driver/Src/stm32g4xx_hal_tim_ex.c **** 
 833:Drivers/STM32G4xx_HAL_Driver/Src/stm32g4xx_hal_tim_ex.c ****   switch (Channel)
 834:Drivers/STM32G4xx_HAL_Driver/Src/stm32g4xx_hal_tim_ex.c ****   {
 835:Drivers/STM32G4xx_HAL_Driver/Src/stm32g4xx_hal_tim_ex.c ****     case TIM_CHANNEL_1:
 836:Drivers/STM32G4xx_HAL_Driver/Src/stm32g4xx_hal_tim_ex.c ****     {
 837:Drivers/STM32G4xx_HAL_Driver/Src/stm32g4xx_hal_tim_ex.c ****       /* Disable the TIM Output Compare interrupt */
 838:Drivers/STM32G4xx_HAL_Driver/Src/stm32g4xx_hal_tim_ex.c ****       __HAL_TIM_DISABLE_IT(htim, TIM_IT_CC1);
 839:Drivers/STM32G4xx_HAL_Driver/Src/stm32g4xx_hal_tim_ex.c ****       break;
 840:Drivers/STM32G4xx_HAL_Driver/Src/stm32g4xx_hal_tim_ex.c ****     }
 841:Drivers/STM32G4xx_HAL_Driver/Src/stm32g4xx_hal_tim_ex.c **** 
 842:Drivers/STM32G4xx_HAL_Driver/Src/stm32g4xx_hal_tim_ex.c ****     case TIM_CHANNEL_2:
 843:Drivers/STM32G4xx_HAL_Driver/Src/stm32g4xx_hal_tim_ex.c ****     {
 844:Drivers/STM32G4xx_HAL_Driver/Src/stm32g4xx_hal_tim_ex.c ****       /* Disable the TIM Output Compare interrupt */
 845:Drivers/STM32G4xx_HAL_Driver/Src/stm32g4xx_hal_tim_ex.c ****       __HAL_TIM_DISABLE_IT(htim, TIM_IT_CC2);
 846:Drivers/STM32G4xx_HAL_Driver/Src/stm32g4xx_hal_tim_ex.c ****       break;
 847:Drivers/STM32G4xx_HAL_Driver/Src/stm32g4xx_hal_tim_ex.c ****     }
 848:Drivers/STM32G4xx_HAL_Driver/Src/stm32g4xx_hal_tim_ex.c **** 
 849:Drivers/STM32G4xx_HAL_Driver/Src/stm32g4xx_hal_tim_ex.c ****     case TIM_CHANNEL_3:
 850:Drivers/STM32G4xx_HAL_Driver/Src/stm32g4xx_hal_tim_ex.c ****     {
 851:Drivers/STM32G4xx_HAL_Driver/Src/stm32g4xx_hal_tim_ex.c ****       /* Disable the TIM Output Compare interrupt */
 852:Drivers/STM32G4xx_HAL_Driver/Src/stm32g4xx_hal_tim_ex.c ****       __HAL_TIM_DISABLE_IT(htim, TIM_IT_CC3);
 853:Drivers/STM32G4xx_HAL_Driver/Src/stm32g4xx_hal_tim_ex.c ****       break;
 854:Drivers/STM32G4xx_HAL_Driver/Src/stm32g4xx_hal_tim_ex.c ****     }
 855:Drivers/STM32G4xx_HAL_Driver/Src/stm32g4xx_hal_tim_ex.c **** 
 856:Drivers/STM32G4xx_HAL_Driver/Src/stm32g4xx_hal_tim_ex.c ****     case TIM_CHANNEL_4:
 857:Drivers/STM32G4xx_HAL_Driver/Src/stm32g4xx_hal_tim_ex.c ****     {
 858:Drivers/STM32G4xx_HAL_Driver/Src/stm32g4xx_hal_tim_ex.c ****       /* Disable the TIM Output Compare interrupt */
 859:Drivers/STM32G4xx_HAL_Driver/Src/stm32g4xx_hal_tim_ex.c ****       __HAL_TIM_DISABLE_IT(htim, TIM_IT_CC4);
 860:Drivers/STM32G4xx_HAL_Driver/Src/stm32g4xx_hal_tim_ex.c ****       break;
 861:Drivers/STM32G4xx_HAL_Driver/Src/stm32g4xx_hal_tim_ex.c ****     }
 862:Drivers/STM32G4xx_HAL_Driver/Src/stm32g4xx_hal_tim_ex.c **** 
 863:Drivers/STM32G4xx_HAL_Driver/Src/stm32g4xx_hal_tim_ex.c ****     default:
 864:Drivers/STM32G4xx_HAL_Driver/Src/stm32g4xx_hal_tim_ex.c ****       status = HAL_ERROR;
 865:Drivers/STM32G4xx_HAL_Driver/Src/stm32g4xx_hal_tim_ex.c ****       break;
 866:Drivers/STM32G4xx_HAL_Driver/Src/stm32g4xx_hal_tim_ex.c ****   }
 867:Drivers/STM32G4xx_HAL_Driver/Src/stm32g4xx_hal_tim_ex.c **** 
 868:Drivers/STM32G4xx_HAL_Driver/Src/stm32g4xx_hal_tim_ex.c ****   if (status == HAL_OK)
 869:Drivers/STM32G4xx_HAL_Driver/Src/stm32g4xx_hal_tim_ex.c ****   {
 870:Drivers/STM32G4xx_HAL_Driver/Src/stm32g4xx_hal_tim_ex.c ****     /* Disable the Capture compare channel N */
 871:Drivers/STM32G4xx_HAL_Driver/Src/stm32g4xx_hal_tim_ex.c ****     TIM_CCxNChannelCmd(htim->Instance, Channel, TIM_CCxN_DISABLE);
 872:Drivers/STM32G4xx_HAL_Driver/Src/stm32g4xx_hal_tim_ex.c **** 
 873:Drivers/STM32G4xx_HAL_Driver/Src/stm32g4xx_hal_tim_ex.c ****     /* Disable the TIM Break interrupt (only if no more channel is active) */
 874:Drivers/STM32G4xx_HAL_Driver/Src/stm32g4xx_hal_tim_ex.c ****     tmpccer = htim->Instance->CCER;
 875:Drivers/STM32G4xx_HAL_Driver/Src/stm32g4xx_hal_tim_ex.c ****     if ((tmpccer & TIM_CCER_CCxNE_MASK) == (uint32_t)RESET)
 876:Drivers/STM32G4xx_HAL_Driver/Src/stm32g4xx_hal_tim_ex.c ****     {
 877:Drivers/STM32G4xx_HAL_Driver/Src/stm32g4xx_hal_tim_ex.c ****       __HAL_TIM_DISABLE_IT(htim, TIM_IT_BREAK);
 878:Drivers/STM32G4xx_HAL_Driver/Src/stm32g4xx_hal_tim_ex.c ****     }
 879:Drivers/STM32G4xx_HAL_Driver/Src/stm32g4xx_hal_tim_ex.c **** 
 880:Drivers/STM32G4xx_HAL_Driver/Src/stm32g4xx_hal_tim_ex.c ****     /* Disable the Main Output */
 881:Drivers/STM32G4xx_HAL_Driver/Src/stm32g4xx_hal_tim_ex.c ****     __HAL_TIM_MOE_DISABLE(htim);
 882:Drivers/STM32G4xx_HAL_Driver/Src/stm32g4xx_hal_tim_ex.c **** 
 883:Drivers/STM32G4xx_HAL_Driver/Src/stm32g4xx_hal_tim_ex.c ****     /* Disable the Peripheral */
 884:Drivers/STM32G4xx_HAL_Driver/Src/stm32g4xx_hal_tim_ex.c ****     __HAL_TIM_DISABLE(htim);
 885:Drivers/STM32G4xx_HAL_Driver/Src/stm32g4xx_hal_tim_ex.c **** 
ARM GAS  C:\Users\Booster\AppData\Local\Temp\ccs9w8jc.s 			page 17


 886:Drivers/STM32G4xx_HAL_Driver/Src/stm32g4xx_hal_tim_ex.c ****     /* Set the TIM complementary channel state */
 887:Drivers/STM32G4xx_HAL_Driver/Src/stm32g4xx_hal_tim_ex.c ****     TIM_CHANNEL_N_STATE_SET(htim, Channel, HAL_TIM_CHANNEL_STATE_READY);
 888:Drivers/STM32G4xx_HAL_Driver/Src/stm32g4xx_hal_tim_ex.c ****   }
 889:Drivers/STM32G4xx_HAL_Driver/Src/stm32g4xx_hal_tim_ex.c **** 
 890:Drivers/STM32G4xx_HAL_Driver/Src/stm32g4xx_hal_tim_ex.c ****   /* Return function status */
 891:Drivers/STM32G4xx_HAL_Driver/Src/stm32g4xx_hal_tim_ex.c ****   return status;
 892:Drivers/STM32G4xx_HAL_Driver/Src/stm32g4xx_hal_tim_ex.c **** }
 893:Drivers/STM32G4xx_HAL_Driver/Src/stm32g4xx_hal_tim_ex.c **** 
 894:Drivers/STM32G4xx_HAL_Driver/Src/stm32g4xx_hal_tim_ex.c **** /**
 895:Drivers/STM32G4xx_HAL_Driver/Src/stm32g4xx_hal_tim_ex.c ****   * @brief  Starts the TIM Output Compare signal generation in DMA mode
 896:Drivers/STM32G4xx_HAL_Driver/Src/stm32g4xx_hal_tim_ex.c ****   *         on the complementary output.
 897:Drivers/STM32G4xx_HAL_Driver/Src/stm32g4xx_hal_tim_ex.c ****   * @param  htim TIM Output Compare handle
 898:Drivers/STM32G4xx_HAL_Driver/Src/stm32g4xx_hal_tim_ex.c ****   * @param  Channel TIM Channel to be enabled
 899:Drivers/STM32G4xx_HAL_Driver/Src/stm32g4xx_hal_tim_ex.c ****   *          This parameter can be one of the following values:
 900:Drivers/STM32G4xx_HAL_Driver/Src/stm32g4xx_hal_tim_ex.c ****   *            @arg TIM_CHANNEL_1: TIM Channel 1 selected
 901:Drivers/STM32G4xx_HAL_Driver/Src/stm32g4xx_hal_tim_ex.c ****   *            @arg TIM_CHANNEL_2: TIM Channel 2 selected
 902:Drivers/STM32G4xx_HAL_Driver/Src/stm32g4xx_hal_tim_ex.c ****   *            @arg TIM_CHANNEL_3: TIM Channel 3 selected
 903:Drivers/STM32G4xx_HAL_Driver/Src/stm32g4xx_hal_tim_ex.c ****   *            @arg TIM_CHANNEL_4: TIM Channel 4 selected
 904:Drivers/STM32G4xx_HAL_Driver/Src/stm32g4xx_hal_tim_ex.c ****   * @param  pData The source Buffer address.
 905:Drivers/STM32G4xx_HAL_Driver/Src/stm32g4xx_hal_tim_ex.c ****   * @param  Length The length of data to be transferred from memory to TIM peripheral
 906:Drivers/STM32G4xx_HAL_Driver/Src/stm32g4xx_hal_tim_ex.c ****   * @retval HAL status
 907:Drivers/STM32G4xx_HAL_Driver/Src/stm32g4xx_hal_tim_ex.c ****   */
 908:Drivers/STM32G4xx_HAL_Driver/Src/stm32g4xx_hal_tim_ex.c **** HAL_StatusTypeDef HAL_TIMEx_OCN_Start_DMA(TIM_HandleTypeDef *htim, uint32_t Channel, const uint32_t
 909:Drivers/STM32G4xx_HAL_Driver/Src/stm32g4xx_hal_tim_ex.c ****                                           uint16_t Length)
 910:Drivers/STM32G4xx_HAL_Driver/Src/stm32g4xx_hal_tim_ex.c **** {
 911:Drivers/STM32G4xx_HAL_Driver/Src/stm32g4xx_hal_tim_ex.c ****   HAL_StatusTypeDef status = HAL_OK;
 912:Drivers/STM32G4xx_HAL_Driver/Src/stm32g4xx_hal_tim_ex.c ****   uint32_t tmpsmcr;
 913:Drivers/STM32G4xx_HAL_Driver/Src/stm32g4xx_hal_tim_ex.c **** 
 914:Drivers/STM32G4xx_HAL_Driver/Src/stm32g4xx_hal_tim_ex.c ****   /* Check the parameters */
 915:Drivers/STM32G4xx_HAL_Driver/Src/stm32g4xx_hal_tim_ex.c ****   assert_param(IS_TIM_CCXN_INSTANCE(htim->Instance, Channel));
 916:Drivers/STM32G4xx_HAL_Driver/Src/stm32g4xx_hal_tim_ex.c **** 
 917:Drivers/STM32G4xx_HAL_Driver/Src/stm32g4xx_hal_tim_ex.c ****   /* Set the TIM complementary channel state */
 918:Drivers/STM32G4xx_HAL_Driver/Src/stm32g4xx_hal_tim_ex.c ****   if (TIM_CHANNEL_N_STATE_GET(htim, Channel) == HAL_TIM_CHANNEL_STATE_BUSY)
 919:Drivers/STM32G4xx_HAL_Driver/Src/stm32g4xx_hal_tim_ex.c ****   {
 920:Drivers/STM32G4xx_HAL_Driver/Src/stm32g4xx_hal_tim_ex.c ****     return HAL_BUSY;
 921:Drivers/STM32G4xx_HAL_Driver/Src/stm32g4xx_hal_tim_ex.c ****   }
 922:Drivers/STM32G4xx_HAL_Driver/Src/stm32g4xx_hal_tim_ex.c ****   else if (TIM_CHANNEL_N_STATE_GET(htim, Channel) == HAL_TIM_CHANNEL_STATE_READY)
 923:Drivers/STM32G4xx_HAL_Driver/Src/stm32g4xx_hal_tim_ex.c ****   {
 924:Drivers/STM32G4xx_HAL_Driver/Src/stm32g4xx_hal_tim_ex.c ****     if ((pData == NULL) || (Length == 0U))
 925:Drivers/STM32G4xx_HAL_Driver/Src/stm32g4xx_hal_tim_ex.c ****     {
 926:Drivers/STM32G4xx_HAL_Driver/Src/stm32g4xx_hal_tim_ex.c ****       return HAL_ERROR;
 927:Drivers/STM32G4xx_HAL_Driver/Src/stm32g4xx_hal_tim_ex.c ****     }
 928:Drivers/STM32G4xx_HAL_Driver/Src/stm32g4xx_hal_tim_ex.c ****     else
 929:Drivers/STM32G4xx_HAL_Driver/Src/stm32g4xx_hal_tim_ex.c ****     {
 930:Drivers/STM32G4xx_HAL_Driver/Src/stm32g4xx_hal_tim_ex.c ****       TIM_CHANNEL_N_STATE_SET(htim, Channel, HAL_TIM_CHANNEL_STATE_BUSY);
 931:Drivers/STM32G4xx_HAL_Driver/Src/stm32g4xx_hal_tim_ex.c ****     }
 932:Drivers/STM32G4xx_HAL_Driver/Src/stm32g4xx_hal_tim_ex.c ****   }
 933:Drivers/STM32G4xx_HAL_Driver/Src/stm32g4xx_hal_tim_ex.c ****   else
 934:Drivers/STM32G4xx_HAL_Driver/Src/stm32g4xx_hal_tim_ex.c ****   {
 935:Drivers/STM32G4xx_HAL_Driver/Src/stm32g4xx_hal_tim_ex.c ****     return HAL_ERROR;
 936:Drivers/STM32G4xx_HAL_Driver/Src/stm32g4xx_hal_tim_ex.c ****   }
 937:Drivers/STM32G4xx_HAL_Driver/Src/stm32g4xx_hal_tim_ex.c **** 
 938:Drivers/STM32G4xx_HAL_Driver/Src/stm32g4xx_hal_tim_ex.c ****   switch (Channel)
 939:Drivers/STM32G4xx_HAL_Driver/Src/stm32g4xx_hal_tim_ex.c ****   {
 940:Drivers/STM32G4xx_HAL_Driver/Src/stm32g4xx_hal_tim_ex.c ****     case TIM_CHANNEL_1:
 941:Drivers/STM32G4xx_HAL_Driver/Src/stm32g4xx_hal_tim_ex.c ****     {
 942:Drivers/STM32G4xx_HAL_Driver/Src/stm32g4xx_hal_tim_ex.c ****       /* Set the DMA compare callbacks */
ARM GAS  C:\Users\Booster\AppData\Local\Temp\ccs9w8jc.s 			page 18


 943:Drivers/STM32G4xx_HAL_Driver/Src/stm32g4xx_hal_tim_ex.c ****       htim->hdma[TIM_DMA_ID_CC1]->XferCpltCallback = TIM_DMADelayPulseNCplt;
 944:Drivers/STM32G4xx_HAL_Driver/Src/stm32g4xx_hal_tim_ex.c ****       htim->hdma[TIM_DMA_ID_CC1]->XferHalfCpltCallback = TIM_DMADelayPulseHalfCplt;
 945:Drivers/STM32G4xx_HAL_Driver/Src/stm32g4xx_hal_tim_ex.c **** 
 946:Drivers/STM32G4xx_HAL_Driver/Src/stm32g4xx_hal_tim_ex.c ****       /* Set the DMA error callback */
 947:Drivers/STM32G4xx_HAL_Driver/Src/stm32g4xx_hal_tim_ex.c ****       htim->hdma[TIM_DMA_ID_CC1]->XferErrorCallback = TIM_DMAErrorCCxN ;
 948:Drivers/STM32G4xx_HAL_Driver/Src/stm32g4xx_hal_tim_ex.c **** 
 949:Drivers/STM32G4xx_HAL_Driver/Src/stm32g4xx_hal_tim_ex.c ****       /* Enable the DMA channel */
 950:Drivers/STM32G4xx_HAL_Driver/Src/stm32g4xx_hal_tim_ex.c ****       if (HAL_DMA_Start_IT(htim->hdma[TIM_DMA_ID_CC1], (uint32_t)pData, (uint32_t)&htim->Instance->
 951:Drivers/STM32G4xx_HAL_Driver/Src/stm32g4xx_hal_tim_ex.c ****                            Length) != HAL_OK)
 952:Drivers/STM32G4xx_HAL_Driver/Src/stm32g4xx_hal_tim_ex.c ****       {
 953:Drivers/STM32G4xx_HAL_Driver/Src/stm32g4xx_hal_tim_ex.c ****         /* Return error status */
 954:Drivers/STM32G4xx_HAL_Driver/Src/stm32g4xx_hal_tim_ex.c ****         return HAL_ERROR;
 955:Drivers/STM32G4xx_HAL_Driver/Src/stm32g4xx_hal_tim_ex.c ****       }
 956:Drivers/STM32G4xx_HAL_Driver/Src/stm32g4xx_hal_tim_ex.c ****       /* Enable the TIM Output Compare DMA request */
 957:Drivers/STM32G4xx_HAL_Driver/Src/stm32g4xx_hal_tim_ex.c ****       __HAL_TIM_ENABLE_DMA(htim, TIM_DMA_CC1);
 958:Drivers/STM32G4xx_HAL_Driver/Src/stm32g4xx_hal_tim_ex.c ****       break;
 959:Drivers/STM32G4xx_HAL_Driver/Src/stm32g4xx_hal_tim_ex.c ****     }
 960:Drivers/STM32G4xx_HAL_Driver/Src/stm32g4xx_hal_tim_ex.c **** 
 961:Drivers/STM32G4xx_HAL_Driver/Src/stm32g4xx_hal_tim_ex.c ****     case TIM_CHANNEL_2:
 962:Drivers/STM32G4xx_HAL_Driver/Src/stm32g4xx_hal_tim_ex.c ****     {
 963:Drivers/STM32G4xx_HAL_Driver/Src/stm32g4xx_hal_tim_ex.c ****       /* Set the DMA compare callbacks */
 964:Drivers/STM32G4xx_HAL_Driver/Src/stm32g4xx_hal_tim_ex.c ****       htim->hdma[TIM_DMA_ID_CC2]->XferCpltCallback = TIM_DMADelayPulseNCplt;
 965:Drivers/STM32G4xx_HAL_Driver/Src/stm32g4xx_hal_tim_ex.c ****       htim->hdma[TIM_DMA_ID_CC2]->XferHalfCpltCallback = TIM_DMADelayPulseHalfCplt;
 966:Drivers/STM32G4xx_HAL_Driver/Src/stm32g4xx_hal_tim_ex.c **** 
 967:Drivers/STM32G4xx_HAL_Driver/Src/stm32g4xx_hal_tim_ex.c ****       /* Set the DMA error callback */
 968:Drivers/STM32G4xx_HAL_Driver/Src/stm32g4xx_hal_tim_ex.c ****       htim->hdma[TIM_DMA_ID_CC2]->XferErrorCallback = TIM_DMAErrorCCxN ;
 969:Drivers/STM32G4xx_HAL_Driver/Src/stm32g4xx_hal_tim_ex.c **** 
 970:Drivers/STM32G4xx_HAL_Driver/Src/stm32g4xx_hal_tim_ex.c ****       /* Enable the DMA channel */
 971:Drivers/STM32G4xx_HAL_Driver/Src/stm32g4xx_hal_tim_ex.c ****       if (HAL_DMA_Start_IT(htim->hdma[TIM_DMA_ID_CC2], (uint32_t)pData, (uint32_t)&htim->Instance->
 972:Drivers/STM32G4xx_HAL_Driver/Src/stm32g4xx_hal_tim_ex.c ****                            Length) != HAL_OK)
 973:Drivers/STM32G4xx_HAL_Driver/Src/stm32g4xx_hal_tim_ex.c ****       {
 974:Drivers/STM32G4xx_HAL_Driver/Src/stm32g4xx_hal_tim_ex.c ****         /* Return error status */
 975:Drivers/STM32G4xx_HAL_Driver/Src/stm32g4xx_hal_tim_ex.c ****         return HAL_ERROR;
 976:Drivers/STM32G4xx_HAL_Driver/Src/stm32g4xx_hal_tim_ex.c ****       }
 977:Drivers/STM32G4xx_HAL_Driver/Src/stm32g4xx_hal_tim_ex.c ****       /* Enable the TIM Output Compare DMA request */
 978:Drivers/STM32G4xx_HAL_Driver/Src/stm32g4xx_hal_tim_ex.c ****       __HAL_TIM_ENABLE_DMA(htim, TIM_DMA_CC2);
 979:Drivers/STM32G4xx_HAL_Driver/Src/stm32g4xx_hal_tim_ex.c ****       break;
 980:Drivers/STM32G4xx_HAL_Driver/Src/stm32g4xx_hal_tim_ex.c ****     }
 981:Drivers/STM32G4xx_HAL_Driver/Src/stm32g4xx_hal_tim_ex.c **** 
 982:Drivers/STM32G4xx_HAL_Driver/Src/stm32g4xx_hal_tim_ex.c ****     case TIM_CHANNEL_3:
 983:Drivers/STM32G4xx_HAL_Driver/Src/stm32g4xx_hal_tim_ex.c ****     {
 984:Drivers/STM32G4xx_HAL_Driver/Src/stm32g4xx_hal_tim_ex.c ****       /* Set the DMA compare callbacks */
 985:Drivers/STM32G4xx_HAL_Driver/Src/stm32g4xx_hal_tim_ex.c ****       htim->hdma[TIM_DMA_ID_CC3]->XferCpltCallback = TIM_DMADelayPulseNCplt;
 986:Drivers/STM32G4xx_HAL_Driver/Src/stm32g4xx_hal_tim_ex.c ****       htim->hdma[TIM_DMA_ID_CC3]->XferHalfCpltCallback = TIM_DMADelayPulseHalfCplt;
 987:Drivers/STM32G4xx_HAL_Driver/Src/stm32g4xx_hal_tim_ex.c **** 
 988:Drivers/STM32G4xx_HAL_Driver/Src/stm32g4xx_hal_tim_ex.c ****       /* Set the DMA error callback */
 989:Drivers/STM32G4xx_HAL_Driver/Src/stm32g4xx_hal_tim_ex.c ****       htim->hdma[TIM_DMA_ID_CC3]->XferErrorCallback = TIM_DMAErrorCCxN ;
 990:Drivers/STM32G4xx_HAL_Driver/Src/stm32g4xx_hal_tim_ex.c **** 
 991:Drivers/STM32G4xx_HAL_Driver/Src/stm32g4xx_hal_tim_ex.c ****       /* Enable the DMA channel */
 992:Drivers/STM32G4xx_HAL_Driver/Src/stm32g4xx_hal_tim_ex.c ****       if (HAL_DMA_Start_IT(htim->hdma[TIM_DMA_ID_CC3], (uint32_t)pData, (uint32_t)&htim->Instance->
 993:Drivers/STM32G4xx_HAL_Driver/Src/stm32g4xx_hal_tim_ex.c ****                            Length) != HAL_OK)
 994:Drivers/STM32G4xx_HAL_Driver/Src/stm32g4xx_hal_tim_ex.c ****       {
 995:Drivers/STM32G4xx_HAL_Driver/Src/stm32g4xx_hal_tim_ex.c ****         /* Return error status */
 996:Drivers/STM32G4xx_HAL_Driver/Src/stm32g4xx_hal_tim_ex.c ****         return HAL_ERROR;
 997:Drivers/STM32G4xx_HAL_Driver/Src/stm32g4xx_hal_tim_ex.c ****       }
 998:Drivers/STM32G4xx_HAL_Driver/Src/stm32g4xx_hal_tim_ex.c ****       /* Enable the TIM Output Compare DMA request */
 999:Drivers/STM32G4xx_HAL_Driver/Src/stm32g4xx_hal_tim_ex.c ****       __HAL_TIM_ENABLE_DMA(htim, TIM_DMA_CC3);
ARM GAS  C:\Users\Booster\AppData\Local\Temp\ccs9w8jc.s 			page 19


1000:Drivers/STM32G4xx_HAL_Driver/Src/stm32g4xx_hal_tim_ex.c ****       break;
1001:Drivers/STM32G4xx_HAL_Driver/Src/stm32g4xx_hal_tim_ex.c ****     }
1002:Drivers/STM32G4xx_HAL_Driver/Src/stm32g4xx_hal_tim_ex.c **** 
1003:Drivers/STM32G4xx_HAL_Driver/Src/stm32g4xx_hal_tim_ex.c ****     case TIM_CHANNEL_4:
1004:Drivers/STM32G4xx_HAL_Driver/Src/stm32g4xx_hal_tim_ex.c ****     {
1005:Drivers/STM32G4xx_HAL_Driver/Src/stm32g4xx_hal_tim_ex.c ****       /* Set the DMA compare callbacks */
1006:Drivers/STM32G4xx_HAL_Driver/Src/stm32g4xx_hal_tim_ex.c ****       htim->hdma[TIM_DMA_ID_CC4]->XferCpltCallback = TIM_DMADelayPulseNCplt;
1007:Drivers/STM32G4xx_HAL_Driver/Src/stm32g4xx_hal_tim_ex.c ****       htim->hdma[TIM_DMA_ID_CC4]->XferHalfCpltCallback = TIM_DMADelayPulseHalfCplt;
1008:Drivers/STM32G4xx_HAL_Driver/Src/stm32g4xx_hal_tim_ex.c **** 
1009:Drivers/STM32G4xx_HAL_Driver/Src/stm32g4xx_hal_tim_ex.c ****       /* Set the DMA error callback */
1010:Drivers/STM32G4xx_HAL_Driver/Src/stm32g4xx_hal_tim_ex.c ****       htim->hdma[TIM_DMA_ID_CC4]->XferErrorCallback = TIM_DMAErrorCCxN ;
1011:Drivers/STM32G4xx_HAL_Driver/Src/stm32g4xx_hal_tim_ex.c **** 
1012:Drivers/STM32G4xx_HAL_Driver/Src/stm32g4xx_hal_tim_ex.c ****       /* Enable the DMA channel */
1013:Drivers/STM32G4xx_HAL_Driver/Src/stm32g4xx_hal_tim_ex.c ****       if (HAL_DMA_Start_IT(htim->hdma[TIM_DMA_ID_CC4], (uint32_t)pData, (uint32_t)&htim->Instance->
1014:Drivers/STM32G4xx_HAL_Driver/Src/stm32g4xx_hal_tim_ex.c ****                            Length) != HAL_OK)
1015:Drivers/STM32G4xx_HAL_Driver/Src/stm32g4xx_hal_tim_ex.c ****       {
1016:Drivers/STM32G4xx_HAL_Driver/Src/stm32g4xx_hal_tim_ex.c ****         /* Return error status */
1017:Drivers/STM32G4xx_HAL_Driver/Src/stm32g4xx_hal_tim_ex.c ****         return HAL_ERROR;
1018:Drivers/STM32G4xx_HAL_Driver/Src/stm32g4xx_hal_tim_ex.c ****       }
1019:Drivers/STM32G4xx_HAL_Driver/Src/stm32g4xx_hal_tim_ex.c ****       /* Enable the TIM Output Compare DMA request */
1020:Drivers/STM32G4xx_HAL_Driver/Src/stm32g4xx_hal_tim_ex.c ****       __HAL_TIM_ENABLE_DMA(htim, TIM_DMA_CC4);
1021:Drivers/STM32G4xx_HAL_Driver/Src/stm32g4xx_hal_tim_ex.c ****       break;
1022:Drivers/STM32G4xx_HAL_Driver/Src/stm32g4xx_hal_tim_ex.c ****     }
1023:Drivers/STM32G4xx_HAL_Driver/Src/stm32g4xx_hal_tim_ex.c **** 
1024:Drivers/STM32G4xx_HAL_Driver/Src/stm32g4xx_hal_tim_ex.c ****     default:
1025:Drivers/STM32G4xx_HAL_Driver/Src/stm32g4xx_hal_tim_ex.c ****       status = HAL_ERROR;
1026:Drivers/STM32G4xx_HAL_Driver/Src/stm32g4xx_hal_tim_ex.c ****       break;
1027:Drivers/STM32G4xx_HAL_Driver/Src/stm32g4xx_hal_tim_ex.c ****   }
1028:Drivers/STM32G4xx_HAL_Driver/Src/stm32g4xx_hal_tim_ex.c **** 
1029:Drivers/STM32G4xx_HAL_Driver/Src/stm32g4xx_hal_tim_ex.c ****   if (status == HAL_OK)
1030:Drivers/STM32G4xx_HAL_Driver/Src/stm32g4xx_hal_tim_ex.c ****   {
1031:Drivers/STM32G4xx_HAL_Driver/Src/stm32g4xx_hal_tim_ex.c ****     /* Enable the Capture compare channel N */
1032:Drivers/STM32G4xx_HAL_Driver/Src/stm32g4xx_hal_tim_ex.c ****     TIM_CCxNChannelCmd(htim->Instance, Channel, TIM_CCxN_ENABLE);
1033:Drivers/STM32G4xx_HAL_Driver/Src/stm32g4xx_hal_tim_ex.c **** 
1034:Drivers/STM32G4xx_HAL_Driver/Src/stm32g4xx_hal_tim_ex.c ****     /* Enable the Main Output */
1035:Drivers/STM32G4xx_HAL_Driver/Src/stm32g4xx_hal_tim_ex.c ****     __HAL_TIM_MOE_ENABLE(htim);
1036:Drivers/STM32G4xx_HAL_Driver/Src/stm32g4xx_hal_tim_ex.c **** 
1037:Drivers/STM32G4xx_HAL_Driver/Src/stm32g4xx_hal_tim_ex.c ****     /* Enable the Peripheral, except in trigger mode where enable is automatically done with trigge
1038:Drivers/STM32G4xx_HAL_Driver/Src/stm32g4xx_hal_tim_ex.c ****     if (IS_TIM_SLAVE_INSTANCE(htim->Instance))
1039:Drivers/STM32G4xx_HAL_Driver/Src/stm32g4xx_hal_tim_ex.c ****     {
1040:Drivers/STM32G4xx_HAL_Driver/Src/stm32g4xx_hal_tim_ex.c ****       tmpsmcr = htim->Instance->SMCR & TIM_SMCR_SMS;
1041:Drivers/STM32G4xx_HAL_Driver/Src/stm32g4xx_hal_tim_ex.c ****       if (!IS_TIM_SLAVEMODE_TRIGGER_ENABLED(tmpsmcr))
1042:Drivers/STM32G4xx_HAL_Driver/Src/stm32g4xx_hal_tim_ex.c ****       {
1043:Drivers/STM32G4xx_HAL_Driver/Src/stm32g4xx_hal_tim_ex.c ****         __HAL_TIM_ENABLE(htim);
1044:Drivers/STM32G4xx_HAL_Driver/Src/stm32g4xx_hal_tim_ex.c ****       }
1045:Drivers/STM32G4xx_HAL_Driver/Src/stm32g4xx_hal_tim_ex.c ****     }
1046:Drivers/STM32G4xx_HAL_Driver/Src/stm32g4xx_hal_tim_ex.c ****     else
1047:Drivers/STM32G4xx_HAL_Driver/Src/stm32g4xx_hal_tim_ex.c ****     {
1048:Drivers/STM32G4xx_HAL_Driver/Src/stm32g4xx_hal_tim_ex.c ****       __HAL_TIM_ENABLE(htim);
1049:Drivers/STM32G4xx_HAL_Driver/Src/stm32g4xx_hal_tim_ex.c ****     }
1050:Drivers/STM32G4xx_HAL_Driver/Src/stm32g4xx_hal_tim_ex.c ****   }
1051:Drivers/STM32G4xx_HAL_Driver/Src/stm32g4xx_hal_tim_ex.c **** 
1052:Drivers/STM32G4xx_HAL_Driver/Src/stm32g4xx_hal_tim_ex.c ****   /* Return function status */
1053:Drivers/STM32G4xx_HAL_Driver/Src/stm32g4xx_hal_tim_ex.c ****   return status;
1054:Drivers/STM32G4xx_HAL_Driver/Src/stm32g4xx_hal_tim_ex.c **** }
1055:Drivers/STM32G4xx_HAL_Driver/Src/stm32g4xx_hal_tim_ex.c **** 
1056:Drivers/STM32G4xx_HAL_Driver/Src/stm32g4xx_hal_tim_ex.c **** /**
ARM GAS  C:\Users\Booster\AppData\Local\Temp\ccs9w8jc.s 			page 20


1057:Drivers/STM32G4xx_HAL_Driver/Src/stm32g4xx_hal_tim_ex.c ****   * @brief  Stops the TIM Output Compare signal generation in DMA mode
1058:Drivers/STM32G4xx_HAL_Driver/Src/stm32g4xx_hal_tim_ex.c ****   *         on the complementary output.
1059:Drivers/STM32G4xx_HAL_Driver/Src/stm32g4xx_hal_tim_ex.c ****   * @param  htim TIM Output Compare handle
1060:Drivers/STM32G4xx_HAL_Driver/Src/stm32g4xx_hal_tim_ex.c ****   * @param  Channel TIM Channel to be disabled
1061:Drivers/STM32G4xx_HAL_Driver/Src/stm32g4xx_hal_tim_ex.c ****   *          This parameter can be one of the following values:
1062:Drivers/STM32G4xx_HAL_Driver/Src/stm32g4xx_hal_tim_ex.c ****   *            @arg TIM_CHANNEL_1: TIM Channel 1 selected
1063:Drivers/STM32G4xx_HAL_Driver/Src/stm32g4xx_hal_tim_ex.c ****   *            @arg TIM_CHANNEL_2: TIM Channel 2 selected
1064:Drivers/STM32G4xx_HAL_Driver/Src/stm32g4xx_hal_tim_ex.c ****   *            @arg TIM_CHANNEL_3: TIM Channel 3 selected
1065:Drivers/STM32G4xx_HAL_Driver/Src/stm32g4xx_hal_tim_ex.c ****   *            @arg TIM_CHANNEL_4: TIM Channel 4 selected
1066:Drivers/STM32G4xx_HAL_Driver/Src/stm32g4xx_hal_tim_ex.c ****   * @retval HAL status
1067:Drivers/STM32G4xx_HAL_Driver/Src/stm32g4xx_hal_tim_ex.c ****   */
1068:Drivers/STM32G4xx_HAL_Driver/Src/stm32g4xx_hal_tim_ex.c **** HAL_StatusTypeDef HAL_TIMEx_OCN_Stop_DMA(TIM_HandleTypeDef *htim, uint32_t Channel)
1069:Drivers/STM32G4xx_HAL_Driver/Src/stm32g4xx_hal_tim_ex.c **** {
1070:Drivers/STM32G4xx_HAL_Driver/Src/stm32g4xx_hal_tim_ex.c ****   HAL_StatusTypeDef status = HAL_OK;
1071:Drivers/STM32G4xx_HAL_Driver/Src/stm32g4xx_hal_tim_ex.c **** 
1072:Drivers/STM32G4xx_HAL_Driver/Src/stm32g4xx_hal_tim_ex.c ****   /* Check the parameters */
1073:Drivers/STM32G4xx_HAL_Driver/Src/stm32g4xx_hal_tim_ex.c ****   assert_param(IS_TIM_CCXN_INSTANCE(htim->Instance, Channel));
1074:Drivers/STM32G4xx_HAL_Driver/Src/stm32g4xx_hal_tim_ex.c **** 
1075:Drivers/STM32G4xx_HAL_Driver/Src/stm32g4xx_hal_tim_ex.c ****   switch (Channel)
1076:Drivers/STM32G4xx_HAL_Driver/Src/stm32g4xx_hal_tim_ex.c ****   {
1077:Drivers/STM32G4xx_HAL_Driver/Src/stm32g4xx_hal_tim_ex.c ****     case TIM_CHANNEL_1:
1078:Drivers/STM32G4xx_HAL_Driver/Src/stm32g4xx_hal_tim_ex.c ****     {
1079:Drivers/STM32G4xx_HAL_Driver/Src/stm32g4xx_hal_tim_ex.c ****       /* Disable the TIM Output Compare DMA request */
1080:Drivers/STM32G4xx_HAL_Driver/Src/stm32g4xx_hal_tim_ex.c ****       __HAL_TIM_DISABLE_DMA(htim, TIM_DMA_CC1);
1081:Drivers/STM32G4xx_HAL_Driver/Src/stm32g4xx_hal_tim_ex.c ****       (void)HAL_DMA_Abort_IT(htim->hdma[TIM_DMA_ID_CC1]);
1082:Drivers/STM32G4xx_HAL_Driver/Src/stm32g4xx_hal_tim_ex.c ****       break;
1083:Drivers/STM32G4xx_HAL_Driver/Src/stm32g4xx_hal_tim_ex.c ****     }
1084:Drivers/STM32G4xx_HAL_Driver/Src/stm32g4xx_hal_tim_ex.c **** 
1085:Drivers/STM32G4xx_HAL_Driver/Src/stm32g4xx_hal_tim_ex.c ****     case TIM_CHANNEL_2:
1086:Drivers/STM32G4xx_HAL_Driver/Src/stm32g4xx_hal_tim_ex.c ****     {
1087:Drivers/STM32G4xx_HAL_Driver/Src/stm32g4xx_hal_tim_ex.c ****       /* Disable the TIM Output Compare DMA request */
1088:Drivers/STM32G4xx_HAL_Driver/Src/stm32g4xx_hal_tim_ex.c ****       __HAL_TIM_DISABLE_DMA(htim, TIM_DMA_CC2);
1089:Drivers/STM32G4xx_HAL_Driver/Src/stm32g4xx_hal_tim_ex.c ****       (void)HAL_DMA_Abort_IT(htim->hdma[TIM_DMA_ID_CC2]);
1090:Drivers/STM32G4xx_HAL_Driver/Src/stm32g4xx_hal_tim_ex.c ****       break;
1091:Drivers/STM32G4xx_HAL_Driver/Src/stm32g4xx_hal_tim_ex.c ****     }
1092:Drivers/STM32G4xx_HAL_Driver/Src/stm32g4xx_hal_tim_ex.c **** 
1093:Drivers/STM32G4xx_HAL_Driver/Src/stm32g4xx_hal_tim_ex.c ****     case TIM_CHANNEL_3:
1094:Drivers/STM32G4xx_HAL_Driver/Src/stm32g4xx_hal_tim_ex.c ****     {
1095:Drivers/STM32G4xx_HAL_Driver/Src/stm32g4xx_hal_tim_ex.c ****       /* Disable the TIM Output Compare DMA request */
1096:Drivers/STM32G4xx_HAL_Driver/Src/stm32g4xx_hal_tim_ex.c ****       __HAL_TIM_DISABLE_DMA(htim, TIM_DMA_CC3);
1097:Drivers/STM32G4xx_HAL_Driver/Src/stm32g4xx_hal_tim_ex.c ****       (void)HAL_DMA_Abort_IT(htim->hdma[TIM_DMA_ID_CC3]);
1098:Drivers/STM32G4xx_HAL_Driver/Src/stm32g4xx_hal_tim_ex.c ****       break;
1099:Drivers/STM32G4xx_HAL_Driver/Src/stm32g4xx_hal_tim_ex.c ****     }
1100:Drivers/STM32G4xx_HAL_Driver/Src/stm32g4xx_hal_tim_ex.c **** 
1101:Drivers/STM32G4xx_HAL_Driver/Src/stm32g4xx_hal_tim_ex.c ****     case TIM_CHANNEL_4:
1102:Drivers/STM32G4xx_HAL_Driver/Src/stm32g4xx_hal_tim_ex.c ****     {
1103:Drivers/STM32G4xx_HAL_Driver/Src/stm32g4xx_hal_tim_ex.c ****       /* Disable the TIM Output Compare interrupt */
1104:Drivers/STM32G4xx_HAL_Driver/Src/stm32g4xx_hal_tim_ex.c ****       __HAL_TIM_DISABLE_DMA(htim, TIM_DMA_CC4);
1105:Drivers/STM32G4xx_HAL_Driver/Src/stm32g4xx_hal_tim_ex.c ****       (void)HAL_DMA_Abort_IT(htim->hdma[TIM_DMA_ID_CC4]);
1106:Drivers/STM32G4xx_HAL_Driver/Src/stm32g4xx_hal_tim_ex.c ****       break;
1107:Drivers/STM32G4xx_HAL_Driver/Src/stm32g4xx_hal_tim_ex.c ****     }
1108:Drivers/STM32G4xx_HAL_Driver/Src/stm32g4xx_hal_tim_ex.c **** 
1109:Drivers/STM32G4xx_HAL_Driver/Src/stm32g4xx_hal_tim_ex.c ****     default:
1110:Drivers/STM32G4xx_HAL_Driver/Src/stm32g4xx_hal_tim_ex.c ****       status = HAL_ERROR;
1111:Drivers/STM32G4xx_HAL_Driver/Src/stm32g4xx_hal_tim_ex.c ****       break;
1112:Drivers/STM32G4xx_HAL_Driver/Src/stm32g4xx_hal_tim_ex.c ****   }
1113:Drivers/STM32G4xx_HAL_Driver/Src/stm32g4xx_hal_tim_ex.c **** 
ARM GAS  C:\Users\Booster\AppData\Local\Temp\ccs9w8jc.s 			page 21


1114:Drivers/STM32G4xx_HAL_Driver/Src/stm32g4xx_hal_tim_ex.c ****   if (status == HAL_OK)
1115:Drivers/STM32G4xx_HAL_Driver/Src/stm32g4xx_hal_tim_ex.c ****   {
1116:Drivers/STM32G4xx_HAL_Driver/Src/stm32g4xx_hal_tim_ex.c ****     /* Disable the Capture compare channel N */
1117:Drivers/STM32G4xx_HAL_Driver/Src/stm32g4xx_hal_tim_ex.c ****     TIM_CCxNChannelCmd(htim->Instance, Channel, TIM_CCxN_DISABLE);
1118:Drivers/STM32G4xx_HAL_Driver/Src/stm32g4xx_hal_tim_ex.c **** 
1119:Drivers/STM32G4xx_HAL_Driver/Src/stm32g4xx_hal_tim_ex.c ****     /* Disable the Main Output */
1120:Drivers/STM32G4xx_HAL_Driver/Src/stm32g4xx_hal_tim_ex.c ****     __HAL_TIM_MOE_DISABLE(htim);
1121:Drivers/STM32G4xx_HAL_Driver/Src/stm32g4xx_hal_tim_ex.c **** 
1122:Drivers/STM32G4xx_HAL_Driver/Src/stm32g4xx_hal_tim_ex.c ****     /* Disable the Peripheral */
1123:Drivers/STM32G4xx_HAL_Driver/Src/stm32g4xx_hal_tim_ex.c ****     __HAL_TIM_DISABLE(htim);
1124:Drivers/STM32G4xx_HAL_Driver/Src/stm32g4xx_hal_tim_ex.c **** 
1125:Drivers/STM32G4xx_HAL_Driver/Src/stm32g4xx_hal_tim_ex.c ****     /* Set the TIM complementary channel state */
1126:Drivers/STM32G4xx_HAL_Driver/Src/stm32g4xx_hal_tim_ex.c ****     TIM_CHANNEL_N_STATE_SET(htim, Channel, HAL_TIM_CHANNEL_STATE_READY);
1127:Drivers/STM32G4xx_HAL_Driver/Src/stm32g4xx_hal_tim_ex.c ****   }
1128:Drivers/STM32G4xx_HAL_Driver/Src/stm32g4xx_hal_tim_ex.c **** 
1129:Drivers/STM32G4xx_HAL_Driver/Src/stm32g4xx_hal_tim_ex.c ****   /* Return function status */
1130:Drivers/STM32G4xx_HAL_Driver/Src/stm32g4xx_hal_tim_ex.c ****   return status;
1131:Drivers/STM32G4xx_HAL_Driver/Src/stm32g4xx_hal_tim_ex.c **** }
1132:Drivers/STM32G4xx_HAL_Driver/Src/stm32g4xx_hal_tim_ex.c **** 
1133:Drivers/STM32G4xx_HAL_Driver/Src/stm32g4xx_hal_tim_ex.c **** /**
1134:Drivers/STM32G4xx_HAL_Driver/Src/stm32g4xx_hal_tim_ex.c ****   * @}
1135:Drivers/STM32G4xx_HAL_Driver/Src/stm32g4xx_hal_tim_ex.c ****   */
1136:Drivers/STM32G4xx_HAL_Driver/Src/stm32g4xx_hal_tim_ex.c **** 
1137:Drivers/STM32G4xx_HAL_Driver/Src/stm32g4xx_hal_tim_ex.c **** /** @defgroup TIMEx_Exported_Functions_Group3 Extended Timer Complementary PWM functions
1138:Drivers/STM32G4xx_HAL_Driver/Src/stm32g4xx_hal_tim_ex.c ****   * @brief    Timer Complementary PWM functions
1139:Drivers/STM32G4xx_HAL_Driver/Src/stm32g4xx_hal_tim_ex.c ****   *
1140:Drivers/STM32G4xx_HAL_Driver/Src/stm32g4xx_hal_tim_ex.c **** @verbatim
1141:Drivers/STM32G4xx_HAL_Driver/Src/stm32g4xx_hal_tim_ex.c ****   ==============================================================================
1142:Drivers/STM32G4xx_HAL_Driver/Src/stm32g4xx_hal_tim_ex.c ****                  ##### Timer Complementary PWM functions #####
1143:Drivers/STM32G4xx_HAL_Driver/Src/stm32g4xx_hal_tim_ex.c ****   ==============================================================================
1144:Drivers/STM32G4xx_HAL_Driver/Src/stm32g4xx_hal_tim_ex.c ****   [..]
1145:Drivers/STM32G4xx_HAL_Driver/Src/stm32g4xx_hal_tim_ex.c ****     This section provides functions allowing to:
1146:Drivers/STM32G4xx_HAL_Driver/Src/stm32g4xx_hal_tim_ex.c ****     (+) Start the Complementary PWM.
1147:Drivers/STM32G4xx_HAL_Driver/Src/stm32g4xx_hal_tim_ex.c ****     (+) Stop the Complementary PWM.
1148:Drivers/STM32G4xx_HAL_Driver/Src/stm32g4xx_hal_tim_ex.c ****     (+) Start the Complementary PWM and enable interrupts.
1149:Drivers/STM32G4xx_HAL_Driver/Src/stm32g4xx_hal_tim_ex.c ****     (+) Stop the Complementary PWM and disable interrupts.
1150:Drivers/STM32G4xx_HAL_Driver/Src/stm32g4xx_hal_tim_ex.c ****     (+) Start the Complementary PWM and enable DMA transfers.
1151:Drivers/STM32G4xx_HAL_Driver/Src/stm32g4xx_hal_tim_ex.c ****     (+) Stop the Complementary PWM and disable DMA transfers.
1152:Drivers/STM32G4xx_HAL_Driver/Src/stm32g4xx_hal_tim_ex.c **** @endverbatim
1153:Drivers/STM32G4xx_HAL_Driver/Src/stm32g4xx_hal_tim_ex.c ****   * @{
1154:Drivers/STM32G4xx_HAL_Driver/Src/stm32g4xx_hal_tim_ex.c ****   */
1155:Drivers/STM32G4xx_HAL_Driver/Src/stm32g4xx_hal_tim_ex.c **** 
1156:Drivers/STM32G4xx_HAL_Driver/Src/stm32g4xx_hal_tim_ex.c **** /**
1157:Drivers/STM32G4xx_HAL_Driver/Src/stm32g4xx_hal_tim_ex.c ****   * @brief  Starts the PWM signal generation on the complementary output.
1158:Drivers/STM32G4xx_HAL_Driver/Src/stm32g4xx_hal_tim_ex.c ****   * @param  htim TIM handle
1159:Drivers/STM32G4xx_HAL_Driver/Src/stm32g4xx_hal_tim_ex.c ****   * @param  Channel TIM Channel to be enabled
1160:Drivers/STM32G4xx_HAL_Driver/Src/stm32g4xx_hal_tim_ex.c ****   *          This parameter can be one of the following values:
1161:Drivers/STM32G4xx_HAL_Driver/Src/stm32g4xx_hal_tim_ex.c ****   *            @arg TIM_CHANNEL_1: TIM Channel 1 selected
1162:Drivers/STM32G4xx_HAL_Driver/Src/stm32g4xx_hal_tim_ex.c ****   *            @arg TIM_CHANNEL_2: TIM Channel 2 selected
1163:Drivers/STM32G4xx_HAL_Driver/Src/stm32g4xx_hal_tim_ex.c ****   *            @arg TIM_CHANNEL_3: TIM Channel 3 selected
1164:Drivers/STM32G4xx_HAL_Driver/Src/stm32g4xx_hal_tim_ex.c ****   *            @arg TIM_CHANNEL_4: TIM Channel 4 selected
1165:Drivers/STM32G4xx_HAL_Driver/Src/stm32g4xx_hal_tim_ex.c ****   * @retval HAL status
1166:Drivers/STM32G4xx_HAL_Driver/Src/stm32g4xx_hal_tim_ex.c ****   */
1167:Drivers/STM32G4xx_HAL_Driver/Src/stm32g4xx_hal_tim_ex.c **** HAL_StatusTypeDef HAL_TIMEx_PWMN_Start(TIM_HandleTypeDef *htim, uint32_t Channel)
1168:Drivers/STM32G4xx_HAL_Driver/Src/stm32g4xx_hal_tim_ex.c **** {
1169:Drivers/STM32G4xx_HAL_Driver/Src/stm32g4xx_hal_tim_ex.c ****   uint32_t tmpsmcr;
1170:Drivers/STM32G4xx_HAL_Driver/Src/stm32g4xx_hal_tim_ex.c **** 
ARM GAS  C:\Users\Booster\AppData\Local\Temp\ccs9w8jc.s 			page 22


1171:Drivers/STM32G4xx_HAL_Driver/Src/stm32g4xx_hal_tim_ex.c ****   /* Check the parameters */
1172:Drivers/STM32G4xx_HAL_Driver/Src/stm32g4xx_hal_tim_ex.c ****   assert_param(IS_TIM_CCXN_INSTANCE(htim->Instance, Channel));
1173:Drivers/STM32G4xx_HAL_Driver/Src/stm32g4xx_hal_tim_ex.c **** 
1174:Drivers/STM32G4xx_HAL_Driver/Src/stm32g4xx_hal_tim_ex.c ****   /* Check the TIM complementary channel state */
1175:Drivers/STM32G4xx_HAL_Driver/Src/stm32g4xx_hal_tim_ex.c ****   if (TIM_CHANNEL_N_STATE_GET(htim, Channel) != HAL_TIM_CHANNEL_STATE_READY)
1176:Drivers/STM32G4xx_HAL_Driver/Src/stm32g4xx_hal_tim_ex.c ****   {
1177:Drivers/STM32G4xx_HAL_Driver/Src/stm32g4xx_hal_tim_ex.c ****     return HAL_ERROR;
1178:Drivers/STM32G4xx_HAL_Driver/Src/stm32g4xx_hal_tim_ex.c ****   }
1179:Drivers/STM32G4xx_HAL_Driver/Src/stm32g4xx_hal_tim_ex.c **** 
1180:Drivers/STM32G4xx_HAL_Driver/Src/stm32g4xx_hal_tim_ex.c ****   /* Set the TIM complementary channel state */
1181:Drivers/STM32G4xx_HAL_Driver/Src/stm32g4xx_hal_tim_ex.c ****   TIM_CHANNEL_N_STATE_SET(htim, Channel, HAL_TIM_CHANNEL_STATE_BUSY);
1182:Drivers/STM32G4xx_HAL_Driver/Src/stm32g4xx_hal_tim_ex.c **** 
1183:Drivers/STM32G4xx_HAL_Driver/Src/stm32g4xx_hal_tim_ex.c ****   /* Enable the complementary PWM output  */
1184:Drivers/STM32G4xx_HAL_Driver/Src/stm32g4xx_hal_tim_ex.c ****   TIM_CCxNChannelCmd(htim->Instance, Channel, TIM_CCxN_ENABLE);
1185:Drivers/STM32G4xx_HAL_Driver/Src/stm32g4xx_hal_tim_ex.c **** 
1186:Drivers/STM32G4xx_HAL_Driver/Src/stm32g4xx_hal_tim_ex.c ****   /* Enable the Main Output */
1187:Drivers/STM32G4xx_HAL_Driver/Src/stm32g4xx_hal_tim_ex.c ****   __HAL_TIM_MOE_ENABLE(htim);
1188:Drivers/STM32G4xx_HAL_Driver/Src/stm32g4xx_hal_tim_ex.c **** 
1189:Drivers/STM32G4xx_HAL_Driver/Src/stm32g4xx_hal_tim_ex.c ****   /* Enable the Peripheral, except in trigger mode where enable is automatically done with trigger 
1190:Drivers/STM32G4xx_HAL_Driver/Src/stm32g4xx_hal_tim_ex.c ****   if (IS_TIM_SLAVE_INSTANCE(htim->Instance))
1191:Drivers/STM32G4xx_HAL_Driver/Src/stm32g4xx_hal_tim_ex.c ****   {
1192:Drivers/STM32G4xx_HAL_Driver/Src/stm32g4xx_hal_tim_ex.c ****     tmpsmcr = htim->Instance->SMCR & TIM_SMCR_SMS;
1193:Drivers/STM32G4xx_HAL_Driver/Src/stm32g4xx_hal_tim_ex.c ****     if (!IS_TIM_SLAVEMODE_TRIGGER_ENABLED(tmpsmcr))
1194:Drivers/STM32G4xx_HAL_Driver/Src/stm32g4xx_hal_tim_ex.c ****     {
1195:Drivers/STM32G4xx_HAL_Driver/Src/stm32g4xx_hal_tim_ex.c ****       __HAL_TIM_ENABLE(htim);
1196:Drivers/STM32G4xx_HAL_Driver/Src/stm32g4xx_hal_tim_ex.c ****     }
1197:Drivers/STM32G4xx_HAL_Driver/Src/stm32g4xx_hal_tim_ex.c ****   }
1198:Drivers/STM32G4xx_HAL_Driver/Src/stm32g4xx_hal_tim_ex.c ****   else
1199:Drivers/STM32G4xx_HAL_Driver/Src/stm32g4xx_hal_tim_ex.c ****   {
1200:Drivers/STM32G4xx_HAL_Driver/Src/stm32g4xx_hal_tim_ex.c ****     __HAL_TIM_ENABLE(htim);
1201:Drivers/STM32G4xx_HAL_Driver/Src/stm32g4xx_hal_tim_ex.c ****   }
1202:Drivers/STM32G4xx_HAL_Driver/Src/stm32g4xx_hal_tim_ex.c **** 
1203:Drivers/STM32G4xx_HAL_Driver/Src/stm32g4xx_hal_tim_ex.c ****   /* Return function status */
1204:Drivers/STM32G4xx_HAL_Driver/Src/stm32g4xx_hal_tim_ex.c ****   return HAL_OK;
1205:Drivers/STM32G4xx_HAL_Driver/Src/stm32g4xx_hal_tim_ex.c **** }
1206:Drivers/STM32G4xx_HAL_Driver/Src/stm32g4xx_hal_tim_ex.c **** 
1207:Drivers/STM32G4xx_HAL_Driver/Src/stm32g4xx_hal_tim_ex.c **** /**
1208:Drivers/STM32G4xx_HAL_Driver/Src/stm32g4xx_hal_tim_ex.c ****   * @brief  Stops the PWM signal generation on the complementary output.
1209:Drivers/STM32G4xx_HAL_Driver/Src/stm32g4xx_hal_tim_ex.c ****   * @param  htim TIM handle
1210:Drivers/STM32G4xx_HAL_Driver/Src/stm32g4xx_hal_tim_ex.c ****   * @param  Channel TIM Channel to be disabled
1211:Drivers/STM32G4xx_HAL_Driver/Src/stm32g4xx_hal_tim_ex.c ****   *          This parameter can be one of the following values:
1212:Drivers/STM32G4xx_HAL_Driver/Src/stm32g4xx_hal_tim_ex.c ****   *            @arg TIM_CHANNEL_1: TIM Channel 1 selected
1213:Drivers/STM32G4xx_HAL_Driver/Src/stm32g4xx_hal_tim_ex.c ****   *            @arg TIM_CHANNEL_2: TIM Channel 2 selected
1214:Drivers/STM32G4xx_HAL_Driver/Src/stm32g4xx_hal_tim_ex.c ****   *            @arg TIM_CHANNEL_3: TIM Channel 3 selected
1215:Drivers/STM32G4xx_HAL_Driver/Src/stm32g4xx_hal_tim_ex.c ****   *            @arg TIM_CHANNEL_4: TIM Channel 4 selected
1216:Drivers/STM32G4xx_HAL_Driver/Src/stm32g4xx_hal_tim_ex.c ****   * @retval HAL status
1217:Drivers/STM32G4xx_HAL_Driver/Src/stm32g4xx_hal_tim_ex.c ****   */
1218:Drivers/STM32G4xx_HAL_Driver/Src/stm32g4xx_hal_tim_ex.c **** HAL_StatusTypeDef HAL_TIMEx_PWMN_Stop(TIM_HandleTypeDef *htim, uint32_t Channel)
1219:Drivers/STM32G4xx_HAL_Driver/Src/stm32g4xx_hal_tim_ex.c **** {
1220:Drivers/STM32G4xx_HAL_Driver/Src/stm32g4xx_hal_tim_ex.c ****   /* Check the parameters */
1221:Drivers/STM32G4xx_HAL_Driver/Src/stm32g4xx_hal_tim_ex.c ****   assert_param(IS_TIM_CCXN_INSTANCE(htim->Instance, Channel));
1222:Drivers/STM32G4xx_HAL_Driver/Src/stm32g4xx_hal_tim_ex.c **** 
1223:Drivers/STM32G4xx_HAL_Driver/Src/stm32g4xx_hal_tim_ex.c ****   /* Disable the complementary PWM output  */
1224:Drivers/STM32G4xx_HAL_Driver/Src/stm32g4xx_hal_tim_ex.c ****   TIM_CCxNChannelCmd(htim->Instance, Channel, TIM_CCxN_DISABLE);
1225:Drivers/STM32G4xx_HAL_Driver/Src/stm32g4xx_hal_tim_ex.c **** 
1226:Drivers/STM32G4xx_HAL_Driver/Src/stm32g4xx_hal_tim_ex.c ****   /* Disable the Main Output */
1227:Drivers/STM32G4xx_HAL_Driver/Src/stm32g4xx_hal_tim_ex.c ****   __HAL_TIM_MOE_DISABLE(htim);
ARM GAS  C:\Users\Booster\AppData\Local\Temp\ccs9w8jc.s 			page 23


1228:Drivers/STM32G4xx_HAL_Driver/Src/stm32g4xx_hal_tim_ex.c **** 
1229:Drivers/STM32G4xx_HAL_Driver/Src/stm32g4xx_hal_tim_ex.c ****   /* Disable the Peripheral */
1230:Drivers/STM32G4xx_HAL_Driver/Src/stm32g4xx_hal_tim_ex.c ****   __HAL_TIM_DISABLE(htim);
1231:Drivers/STM32G4xx_HAL_Driver/Src/stm32g4xx_hal_tim_ex.c **** 
1232:Drivers/STM32G4xx_HAL_Driver/Src/stm32g4xx_hal_tim_ex.c ****   /* Set the TIM complementary channel state */
1233:Drivers/STM32G4xx_HAL_Driver/Src/stm32g4xx_hal_tim_ex.c ****   TIM_CHANNEL_N_STATE_SET(htim, Channel, HAL_TIM_CHANNEL_STATE_READY);
1234:Drivers/STM32G4xx_HAL_Driver/Src/stm32g4xx_hal_tim_ex.c **** 
1235:Drivers/STM32G4xx_HAL_Driver/Src/stm32g4xx_hal_tim_ex.c ****   /* Return function status */
1236:Drivers/STM32G4xx_HAL_Driver/Src/stm32g4xx_hal_tim_ex.c ****   return HAL_OK;
1237:Drivers/STM32G4xx_HAL_Driver/Src/stm32g4xx_hal_tim_ex.c **** }
1238:Drivers/STM32G4xx_HAL_Driver/Src/stm32g4xx_hal_tim_ex.c **** 
1239:Drivers/STM32G4xx_HAL_Driver/Src/stm32g4xx_hal_tim_ex.c **** /**
1240:Drivers/STM32G4xx_HAL_Driver/Src/stm32g4xx_hal_tim_ex.c ****   * @brief  Starts the PWM signal generation in interrupt mode on the
1241:Drivers/STM32G4xx_HAL_Driver/Src/stm32g4xx_hal_tim_ex.c ****   *         complementary output.
1242:Drivers/STM32G4xx_HAL_Driver/Src/stm32g4xx_hal_tim_ex.c ****   * @param  htim TIM handle
1243:Drivers/STM32G4xx_HAL_Driver/Src/stm32g4xx_hal_tim_ex.c ****   * @param  Channel TIM Channel to be disabled
1244:Drivers/STM32G4xx_HAL_Driver/Src/stm32g4xx_hal_tim_ex.c ****   *          This parameter can be one of the following values:
1245:Drivers/STM32G4xx_HAL_Driver/Src/stm32g4xx_hal_tim_ex.c ****   *            @arg TIM_CHANNEL_1: TIM Channel 1 selected
1246:Drivers/STM32G4xx_HAL_Driver/Src/stm32g4xx_hal_tim_ex.c ****   *            @arg TIM_CHANNEL_2: TIM Channel 2 selected
1247:Drivers/STM32G4xx_HAL_Driver/Src/stm32g4xx_hal_tim_ex.c ****   *            @arg TIM_CHANNEL_3: TIM Channel 3 selected
1248:Drivers/STM32G4xx_HAL_Driver/Src/stm32g4xx_hal_tim_ex.c ****   *            @arg TIM_CHANNEL_4: TIM Channel 4 selected
1249:Drivers/STM32G4xx_HAL_Driver/Src/stm32g4xx_hal_tim_ex.c ****   * @retval HAL status
1250:Drivers/STM32G4xx_HAL_Driver/Src/stm32g4xx_hal_tim_ex.c ****   */
1251:Drivers/STM32G4xx_HAL_Driver/Src/stm32g4xx_hal_tim_ex.c **** HAL_StatusTypeDef HAL_TIMEx_PWMN_Start_IT(TIM_HandleTypeDef *htim, uint32_t Channel)
1252:Drivers/STM32G4xx_HAL_Driver/Src/stm32g4xx_hal_tim_ex.c **** {
1253:Drivers/STM32G4xx_HAL_Driver/Src/stm32g4xx_hal_tim_ex.c ****   HAL_StatusTypeDef status = HAL_OK;
1254:Drivers/STM32G4xx_HAL_Driver/Src/stm32g4xx_hal_tim_ex.c ****   uint32_t tmpsmcr;
1255:Drivers/STM32G4xx_HAL_Driver/Src/stm32g4xx_hal_tim_ex.c **** 
1256:Drivers/STM32G4xx_HAL_Driver/Src/stm32g4xx_hal_tim_ex.c ****   /* Check the parameters */
1257:Drivers/STM32G4xx_HAL_Driver/Src/stm32g4xx_hal_tim_ex.c ****   assert_param(IS_TIM_CCXN_INSTANCE(htim->Instance, Channel));
1258:Drivers/STM32G4xx_HAL_Driver/Src/stm32g4xx_hal_tim_ex.c **** 
1259:Drivers/STM32G4xx_HAL_Driver/Src/stm32g4xx_hal_tim_ex.c ****   /* Check the TIM complementary channel state */
1260:Drivers/STM32G4xx_HAL_Driver/Src/stm32g4xx_hal_tim_ex.c ****   if (TIM_CHANNEL_N_STATE_GET(htim, Channel) != HAL_TIM_CHANNEL_STATE_READY)
1261:Drivers/STM32G4xx_HAL_Driver/Src/stm32g4xx_hal_tim_ex.c ****   {
1262:Drivers/STM32G4xx_HAL_Driver/Src/stm32g4xx_hal_tim_ex.c ****     return HAL_ERROR;
1263:Drivers/STM32G4xx_HAL_Driver/Src/stm32g4xx_hal_tim_ex.c ****   }
1264:Drivers/STM32G4xx_HAL_Driver/Src/stm32g4xx_hal_tim_ex.c **** 
1265:Drivers/STM32G4xx_HAL_Driver/Src/stm32g4xx_hal_tim_ex.c ****   /* Set the TIM complementary channel state */
1266:Drivers/STM32G4xx_HAL_Driver/Src/stm32g4xx_hal_tim_ex.c ****   TIM_CHANNEL_N_STATE_SET(htim, Channel, HAL_TIM_CHANNEL_STATE_BUSY);
1267:Drivers/STM32G4xx_HAL_Driver/Src/stm32g4xx_hal_tim_ex.c **** 
1268:Drivers/STM32G4xx_HAL_Driver/Src/stm32g4xx_hal_tim_ex.c ****   switch (Channel)
1269:Drivers/STM32G4xx_HAL_Driver/Src/stm32g4xx_hal_tim_ex.c ****   {
1270:Drivers/STM32G4xx_HAL_Driver/Src/stm32g4xx_hal_tim_ex.c ****     case TIM_CHANNEL_1:
1271:Drivers/STM32G4xx_HAL_Driver/Src/stm32g4xx_hal_tim_ex.c ****     {
1272:Drivers/STM32G4xx_HAL_Driver/Src/stm32g4xx_hal_tim_ex.c ****       /* Enable the TIM Capture/Compare 1 interrupt */
1273:Drivers/STM32G4xx_HAL_Driver/Src/stm32g4xx_hal_tim_ex.c ****       __HAL_TIM_ENABLE_IT(htim, TIM_IT_CC1);
1274:Drivers/STM32G4xx_HAL_Driver/Src/stm32g4xx_hal_tim_ex.c ****       break;
1275:Drivers/STM32G4xx_HAL_Driver/Src/stm32g4xx_hal_tim_ex.c ****     }
1276:Drivers/STM32G4xx_HAL_Driver/Src/stm32g4xx_hal_tim_ex.c **** 
1277:Drivers/STM32G4xx_HAL_Driver/Src/stm32g4xx_hal_tim_ex.c ****     case TIM_CHANNEL_2:
1278:Drivers/STM32G4xx_HAL_Driver/Src/stm32g4xx_hal_tim_ex.c ****     {
1279:Drivers/STM32G4xx_HAL_Driver/Src/stm32g4xx_hal_tim_ex.c ****       /* Enable the TIM Capture/Compare 2 interrupt */
1280:Drivers/STM32G4xx_HAL_Driver/Src/stm32g4xx_hal_tim_ex.c ****       __HAL_TIM_ENABLE_IT(htim, TIM_IT_CC2);
1281:Drivers/STM32G4xx_HAL_Driver/Src/stm32g4xx_hal_tim_ex.c ****       break;
1282:Drivers/STM32G4xx_HAL_Driver/Src/stm32g4xx_hal_tim_ex.c ****     }
1283:Drivers/STM32G4xx_HAL_Driver/Src/stm32g4xx_hal_tim_ex.c **** 
1284:Drivers/STM32G4xx_HAL_Driver/Src/stm32g4xx_hal_tim_ex.c ****     case TIM_CHANNEL_3:
ARM GAS  C:\Users\Booster\AppData\Local\Temp\ccs9w8jc.s 			page 24


1285:Drivers/STM32G4xx_HAL_Driver/Src/stm32g4xx_hal_tim_ex.c ****     {
1286:Drivers/STM32G4xx_HAL_Driver/Src/stm32g4xx_hal_tim_ex.c ****       /* Enable the TIM Capture/Compare 3 interrupt */
1287:Drivers/STM32G4xx_HAL_Driver/Src/stm32g4xx_hal_tim_ex.c ****       __HAL_TIM_ENABLE_IT(htim, TIM_IT_CC3);
1288:Drivers/STM32G4xx_HAL_Driver/Src/stm32g4xx_hal_tim_ex.c ****       break;
1289:Drivers/STM32G4xx_HAL_Driver/Src/stm32g4xx_hal_tim_ex.c ****     }
1290:Drivers/STM32G4xx_HAL_Driver/Src/stm32g4xx_hal_tim_ex.c **** 
1291:Drivers/STM32G4xx_HAL_Driver/Src/stm32g4xx_hal_tim_ex.c ****     case TIM_CHANNEL_4:
1292:Drivers/STM32G4xx_HAL_Driver/Src/stm32g4xx_hal_tim_ex.c ****     {
1293:Drivers/STM32G4xx_HAL_Driver/Src/stm32g4xx_hal_tim_ex.c ****       /* Enable the TIM Capture/Compare 4 interrupt */
1294:Drivers/STM32G4xx_HAL_Driver/Src/stm32g4xx_hal_tim_ex.c ****       __HAL_TIM_ENABLE_IT(htim, TIM_IT_CC4);
1295:Drivers/STM32G4xx_HAL_Driver/Src/stm32g4xx_hal_tim_ex.c ****       break;
1296:Drivers/STM32G4xx_HAL_Driver/Src/stm32g4xx_hal_tim_ex.c ****     }
1297:Drivers/STM32G4xx_HAL_Driver/Src/stm32g4xx_hal_tim_ex.c **** 
1298:Drivers/STM32G4xx_HAL_Driver/Src/stm32g4xx_hal_tim_ex.c ****     default:
1299:Drivers/STM32G4xx_HAL_Driver/Src/stm32g4xx_hal_tim_ex.c ****       status = HAL_ERROR;
1300:Drivers/STM32G4xx_HAL_Driver/Src/stm32g4xx_hal_tim_ex.c ****       break;
1301:Drivers/STM32G4xx_HAL_Driver/Src/stm32g4xx_hal_tim_ex.c ****   }
1302:Drivers/STM32G4xx_HAL_Driver/Src/stm32g4xx_hal_tim_ex.c **** 
1303:Drivers/STM32G4xx_HAL_Driver/Src/stm32g4xx_hal_tim_ex.c ****   if (status == HAL_OK)
1304:Drivers/STM32G4xx_HAL_Driver/Src/stm32g4xx_hal_tim_ex.c ****   {
1305:Drivers/STM32G4xx_HAL_Driver/Src/stm32g4xx_hal_tim_ex.c ****     /* Enable the TIM Break interrupt */
1306:Drivers/STM32G4xx_HAL_Driver/Src/stm32g4xx_hal_tim_ex.c ****     __HAL_TIM_ENABLE_IT(htim, TIM_IT_BREAK);
1307:Drivers/STM32G4xx_HAL_Driver/Src/stm32g4xx_hal_tim_ex.c **** 
1308:Drivers/STM32G4xx_HAL_Driver/Src/stm32g4xx_hal_tim_ex.c ****     /* Enable the complementary PWM output  */
1309:Drivers/STM32G4xx_HAL_Driver/Src/stm32g4xx_hal_tim_ex.c ****     TIM_CCxNChannelCmd(htim->Instance, Channel, TIM_CCxN_ENABLE);
1310:Drivers/STM32G4xx_HAL_Driver/Src/stm32g4xx_hal_tim_ex.c **** 
1311:Drivers/STM32G4xx_HAL_Driver/Src/stm32g4xx_hal_tim_ex.c ****     /* Enable the Main Output */
1312:Drivers/STM32G4xx_HAL_Driver/Src/stm32g4xx_hal_tim_ex.c ****     __HAL_TIM_MOE_ENABLE(htim);
1313:Drivers/STM32G4xx_HAL_Driver/Src/stm32g4xx_hal_tim_ex.c **** 
1314:Drivers/STM32G4xx_HAL_Driver/Src/stm32g4xx_hal_tim_ex.c ****     /* Enable the Peripheral, except in trigger mode where enable is automatically done with trigge
1315:Drivers/STM32G4xx_HAL_Driver/Src/stm32g4xx_hal_tim_ex.c ****     if (IS_TIM_SLAVE_INSTANCE(htim->Instance))
1316:Drivers/STM32G4xx_HAL_Driver/Src/stm32g4xx_hal_tim_ex.c ****     {
1317:Drivers/STM32G4xx_HAL_Driver/Src/stm32g4xx_hal_tim_ex.c ****       tmpsmcr = htim->Instance->SMCR & TIM_SMCR_SMS;
1318:Drivers/STM32G4xx_HAL_Driver/Src/stm32g4xx_hal_tim_ex.c ****       if (!IS_TIM_SLAVEMODE_TRIGGER_ENABLED(tmpsmcr))
1319:Drivers/STM32G4xx_HAL_Driver/Src/stm32g4xx_hal_tim_ex.c ****       {
1320:Drivers/STM32G4xx_HAL_Driver/Src/stm32g4xx_hal_tim_ex.c ****         __HAL_TIM_ENABLE(htim);
1321:Drivers/STM32G4xx_HAL_Driver/Src/stm32g4xx_hal_tim_ex.c ****       }
1322:Drivers/STM32G4xx_HAL_Driver/Src/stm32g4xx_hal_tim_ex.c ****     }
1323:Drivers/STM32G4xx_HAL_Driver/Src/stm32g4xx_hal_tim_ex.c ****     else
1324:Drivers/STM32G4xx_HAL_Driver/Src/stm32g4xx_hal_tim_ex.c ****     {
1325:Drivers/STM32G4xx_HAL_Driver/Src/stm32g4xx_hal_tim_ex.c ****       __HAL_TIM_ENABLE(htim);
1326:Drivers/STM32G4xx_HAL_Driver/Src/stm32g4xx_hal_tim_ex.c ****     }
1327:Drivers/STM32G4xx_HAL_Driver/Src/stm32g4xx_hal_tim_ex.c ****   }
1328:Drivers/STM32G4xx_HAL_Driver/Src/stm32g4xx_hal_tim_ex.c **** 
1329:Drivers/STM32G4xx_HAL_Driver/Src/stm32g4xx_hal_tim_ex.c ****   /* Return function status */
1330:Drivers/STM32G4xx_HAL_Driver/Src/stm32g4xx_hal_tim_ex.c ****   return status;
1331:Drivers/STM32G4xx_HAL_Driver/Src/stm32g4xx_hal_tim_ex.c **** }
1332:Drivers/STM32G4xx_HAL_Driver/Src/stm32g4xx_hal_tim_ex.c **** 
1333:Drivers/STM32G4xx_HAL_Driver/Src/stm32g4xx_hal_tim_ex.c **** /**
1334:Drivers/STM32G4xx_HAL_Driver/Src/stm32g4xx_hal_tim_ex.c ****   * @brief  Stops the PWM signal generation in interrupt mode on the
1335:Drivers/STM32G4xx_HAL_Driver/Src/stm32g4xx_hal_tim_ex.c ****   *         complementary output.
1336:Drivers/STM32G4xx_HAL_Driver/Src/stm32g4xx_hal_tim_ex.c ****   * @param  htim TIM handle
1337:Drivers/STM32G4xx_HAL_Driver/Src/stm32g4xx_hal_tim_ex.c ****   * @param  Channel TIM Channel to be disabled
1338:Drivers/STM32G4xx_HAL_Driver/Src/stm32g4xx_hal_tim_ex.c ****   *          This parameter can be one of the following values:
1339:Drivers/STM32G4xx_HAL_Driver/Src/stm32g4xx_hal_tim_ex.c ****   *            @arg TIM_CHANNEL_1: TIM Channel 1 selected
1340:Drivers/STM32G4xx_HAL_Driver/Src/stm32g4xx_hal_tim_ex.c ****   *            @arg TIM_CHANNEL_2: TIM Channel 2 selected
1341:Drivers/STM32G4xx_HAL_Driver/Src/stm32g4xx_hal_tim_ex.c ****   *            @arg TIM_CHANNEL_3: TIM Channel 3 selected
ARM GAS  C:\Users\Booster\AppData\Local\Temp\ccs9w8jc.s 			page 25


1342:Drivers/STM32G4xx_HAL_Driver/Src/stm32g4xx_hal_tim_ex.c ****   *            @arg TIM_CHANNEL_4: TIM Channel 4 selected
1343:Drivers/STM32G4xx_HAL_Driver/Src/stm32g4xx_hal_tim_ex.c ****   * @retval HAL status
1344:Drivers/STM32G4xx_HAL_Driver/Src/stm32g4xx_hal_tim_ex.c ****   */
1345:Drivers/STM32G4xx_HAL_Driver/Src/stm32g4xx_hal_tim_ex.c **** HAL_StatusTypeDef HAL_TIMEx_PWMN_Stop_IT(TIM_HandleTypeDef *htim, uint32_t Channel)
1346:Drivers/STM32G4xx_HAL_Driver/Src/stm32g4xx_hal_tim_ex.c **** {
1347:Drivers/STM32G4xx_HAL_Driver/Src/stm32g4xx_hal_tim_ex.c ****   HAL_StatusTypeDef status = HAL_OK;
1348:Drivers/STM32G4xx_HAL_Driver/Src/stm32g4xx_hal_tim_ex.c ****   uint32_t tmpccer;
1349:Drivers/STM32G4xx_HAL_Driver/Src/stm32g4xx_hal_tim_ex.c **** 
1350:Drivers/STM32G4xx_HAL_Driver/Src/stm32g4xx_hal_tim_ex.c ****   /* Check the parameters */
1351:Drivers/STM32G4xx_HAL_Driver/Src/stm32g4xx_hal_tim_ex.c ****   assert_param(IS_TIM_CCXN_INSTANCE(htim->Instance, Channel));
1352:Drivers/STM32G4xx_HAL_Driver/Src/stm32g4xx_hal_tim_ex.c **** 
1353:Drivers/STM32G4xx_HAL_Driver/Src/stm32g4xx_hal_tim_ex.c ****   switch (Channel)
1354:Drivers/STM32G4xx_HAL_Driver/Src/stm32g4xx_hal_tim_ex.c ****   {
1355:Drivers/STM32G4xx_HAL_Driver/Src/stm32g4xx_hal_tim_ex.c ****     case TIM_CHANNEL_1:
1356:Drivers/STM32G4xx_HAL_Driver/Src/stm32g4xx_hal_tim_ex.c ****     {
1357:Drivers/STM32G4xx_HAL_Driver/Src/stm32g4xx_hal_tim_ex.c ****       /* Disable the TIM Capture/Compare 1 interrupt */
1358:Drivers/STM32G4xx_HAL_Driver/Src/stm32g4xx_hal_tim_ex.c ****       __HAL_TIM_DISABLE_IT(htim, TIM_IT_CC1);
1359:Drivers/STM32G4xx_HAL_Driver/Src/stm32g4xx_hal_tim_ex.c ****       break;
1360:Drivers/STM32G4xx_HAL_Driver/Src/stm32g4xx_hal_tim_ex.c ****     }
1361:Drivers/STM32G4xx_HAL_Driver/Src/stm32g4xx_hal_tim_ex.c **** 
1362:Drivers/STM32G4xx_HAL_Driver/Src/stm32g4xx_hal_tim_ex.c ****     case TIM_CHANNEL_2:
1363:Drivers/STM32G4xx_HAL_Driver/Src/stm32g4xx_hal_tim_ex.c ****     {
1364:Drivers/STM32G4xx_HAL_Driver/Src/stm32g4xx_hal_tim_ex.c ****       /* Disable the TIM Capture/Compare 2 interrupt */
1365:Drivers/STM32G4xx_HAL_Driver/Src/stm32g4xx_hal_tim_ex.c ****       __HAL_TIM_DISABLE_IT(htim, TIM_IT_CC2);
1366:Drivers/STM32G4xx_HAL_Driver/Src/stm32g4xx_hal_tim_ex.c ****       break;
1367:Drivers/STM32G4xx_HAL_Driver/Src/stm32g4xx_hal_tim_ex.c ****     }
1368:Drivers/STM32G4xx_HAL_Driver/Src/stm32g4xx_hal_tim_ex.c **** 
1369:Drivers/STM32G4xx_HAL_Driver/Src/stm32g4xx_hal_tim_ex.c ****     case TIM_CHANNEL_3:
1370:Drivers/STM32G4xx_HAL_Driver/Src/stm32g4xx_hal_tim_ex.c ****     {
1371:Drivers/STM32G4xx_HAL_Driver/Src/stm32g4xx_hal_tim_ex.c ****       /* Disable the TIM Capture/Compare 3 interrupt */
1372:Drivers/STM32G4xx_HAL_Driver/Src/stm32g4xx_hal_tim_ex.c ****       __HAL_TIM_DISABLE_IT(htim, TIM_IT_CC3);
1373:Drivers/STM32G4xx_HAL_Driver/Src/stm32g4xx_hal_tim_ex.c ****       break;
1374:Drivers/STM32G4xx_HAL_Driver/Src/stm32g4xx_hal_tim_ex.c ****     }
1375:Drivers/STM32G4xx_HAL_Driver/Src/stm32g4xx_hal_tim_ex.c **** 
1376:Drivers/STM32G4xx_HAL_Driver/Src/stm32g4xx_hal_tim_ex.c ****     case TIM_CHANNEL_4:
1377:Drivers/STM32G4xx_HAL_Driver/Src/stm32g4xx_hal_tim_ex.c ****     {
1378:Drivers/STM32G4xx_HAL_Driver/Src/stm32g4xx_hal_tim_ex.c ****       /* Disable the TIM Capture/Compare 4 interrupt */
1379:Drivers/STM32G4xx_HAL_Driver/Src/stm32g4xx_hal_tim_ex.c ****       __HAL_TIM_DISABLE_IT(htim, TIM_IT_CC4);
1380:Drivers/STM32G4xx_HAL_Driver/Src/stm32g4xx_hal_tim_ex.c ****       break;
1381:Drivers/STM32G4xx_HAL_Driver/Src/stm32g4xx_hal_tim_ex.c ****     }
1382:Drivers/STM32G4xx_HAL_Driver/Src/stm32g4xx_hal_tim_ex.c **** 
1383:Drivers/STM32G4xx_HAL_Driver/Src/stm32g4xx_hal_tim_ex.c ****     default:
1384:Drivers/STM32G4xx_HAL_Driver/Src/stm32g4xx_hal_tim_ex.c ****       status = HAL_ERROR;
1385:Drivers/STM32G4xx_HAL_Driver/Src/stm32g4xx_hal_tim_ex.c ****       break;
1386:Drivers/STM32G4xx_HAL_Driver/Src/stm32g4xx_hal_tim_ex.c ****   }
1387:Drivers/STM32G4xx_HAL_Driver/Src/stm32g4xx_hal_tim_ex.c **** 
1388:Drivers/STM32G4xx_HAL_Driver/Src/stm32g4xx_hal_tim_ex.c ****   if (status == HAL_OK)
1389:Drivers/STM32G4xx_HAL_Driver/Src/stm32g4xx_hal_tim_ex.c ****   {
1390:Drivers/STM32G4xx_HAL_Driver/Src/stm32g4xx_hal_tim_ex.c ****     /* Disable the complementary PWM output  */
1391:Drivers/STM32G4xx_HAL_Driver/Src/stm32g4xx_hal_tim_ex.c ****     TIM_CCxNChannelCmd(htim->Instance, Channel, TIM_CCxN_DISABLE);
1392:Drivers/STM32G4xx_HAL_Driver/Src/stm32g4xx_hal_tim_ex.c **** 
1393:Drivers/STM32G4xx_HAL_Driver/Src/stm32g4xx_hal_tim_ex.c ****     /* Disable the TIM Break interrupt (only if no more channel is active) */
1394:Drivers/STM32G4xx_HAL_Driver/Src/stm32g4xx_hal_tim_ex.c ****     tmpccer = htim->Instance->CCER;
1395:Drivers/STM32G4xx_HAL_Driver/Src/stm32g4xx_hal_tim_ex.c ****     if ((tmpccer & TIM_CCER_CCxNE_MASK) == (uint32_t)RESET)
1396:Drivers/STM32G4xx_HAL_Driver/Src/stm32g4xx_hal_tim_ex.c ****     {
1397:Drivers/STM32G4xx_HAL_Driver/Src/stm32g4xx_hal_tim_ex.c ****       __HAL_TIM_DISABLE_IT(htim, TIM_IT_BREAK);
1398:Drivers/STM32G4xx_HAL_Driver/Src/stm32g4xx_hal_tim_ex.c ****     }
ARM GAS  C:\Users\Booster\AppData\Local\Temp\ccs9w8jc.s 			page 26


1399:Drivers/STM32G4xx_HAL_Driver/Src/stm32g4xx_hal_tim_ex.c **** 
1400:Drivers/STM32G4xx_HAL_Driver/Src/stm32g4xx_hal_tim_ex.c ****     /* Disable the Main Output */
1401:Drivers/STM32G4xx_HAL_Driver/Src/stm32g4xx_hal_tim_ex.c ****     __HAL_TIM_MOE_DISABLE(htim);
1402:Drivers/STM32G4xx_HAL_Driver/Src/stm32g4xx_hal_tim_ex.c **** 
1403:Drivers/STM32G4xx_HAL_Driver/Src/stm32g4xx_hal_tim_ex.c ****     /* Disable the Peripheral */
1404:Drivers/STM32G4xx_HAL_Driver/Src/stm32g4xx_hal_tim_ex.c ****     __HAL_TIM_DISABLE(htim);
1405:Drivers/STM32G4xx_HAL_Driver/Src/stm32g4xx_hal_tim_ex.c **** 
1406:Drivers/STM32G4xx_HAL_Driver/Src/stm32g4xx_hal_tim_ex.c ****     /* Set the TIM complementary channel state */
1407:Drivers/STM32G4xx_HAL_Driver/Src/stm32g4xx_hal_tim_ex.c ****     TIM_CHANNEL_N_STATE_SET(htim, Channel, HAL_TIM_CHANNEL_STATE_READY);
1408:Drivers/STM32G4xx_HAL_Driver/Src/stm32g4xx_hal_tim_ex.c ****   }
1409:Drivers/STM32G4xx_HAL_Driver/Src/stm32g4xx_hal_tim_ex.c **** 
1410:Drivers/STM32G4xx_HAL_Driver/Src/stm32g4xx_hal_tim_ex.c ****   /* Return function status */
1411:Drivers/STM32G4xx_HAL_Driver/Src/stm32g4xx_hal_tim_ex.c ****   return status;
1412:Drivers/STM32G4xx_HAL_Driver/Src/stm32g4xx_hal_tim_ex.c **** }
1413:Drivers/STM32G4xx_HAL_Driver/Src/stm32g4xx_hal_tim_ex.c **** 
1414:Drivers/STM32G4xx_HAL_Driver/Src/stm32g4xx_hal_tim_ex.c **** /**
1415:Drivers/STM32G4xx_HAL_Driver/Src/stm32g4xx_hal_tim_ex.c ****   * @brief  Starts the TIM PWM signal generation in DMA mode on the
1416:Drivers/STM32G4xx_HAL_Driver/Src/stm32g4xx_hal_tim_ex.c ****   *         complementary output
1417:Drivers/STM32G4xx_HAL_Driver/Src/stm32g4xx_hal_tim_ex.c ****   * @param  htim TIM handle
1418:Drivers/STM32G4xx_HAL_Driver/Src/stm32g4xx_hal_tim_ex.c ****   * @param  Channel TIM Channel to be enabled
1419:Drivers/STM32G4xx_HAL_Driver/Src/stm32g4xx_hal_tim_ex.c ****   *          This parameter can be one of the following values:
1420:Drivers/STM32G4xx_HAL_Driver/Src/stm32g4xx_hal_tim_ex.c ****   *            @arg TIM_CHANNEL_1: TIM Channel 1 selected
1421:Drivers/STM32G4xx_HAL_Driver/Src/stm32g4xx_hal_tim_ex.c ****   *            @arg TIM_CHANNEL_2: TIM Channel 2 selected
1422:Drivers/STM32G4xx_HAL_Driver/Src/stm32g4xx_hal_tim_ex.c ****   *            @arg TIM_CHANNEL_3: TIM Channel 3 selected
1423:Drivers/STM32G4xx_HAL_Driver/Src/stm32g4xx_hal_tim_ex.c ****   *            @arg TIM_CHANNEL_4: TIM Channel 4 selected
1424:Drivers/STM32G4xx_HAL_Driver/Src/stm32g4xx_hal_tim_ex.c ****   * @param  pData The source Buffer address.
1425:Drivers/STM32G4xx_HAL_Driver/Src/stm32g4xx_hal_tim_ex.c ****   * @param  Length The length of data to be transferred from memory to TIM peripheral
1426:Drivers/STM32G4xx_HAL_Driver/Src/stm32g4xx_hal_tim_ex.c ****   * @retval HAL status
1427:Drivers/STM32G4xx_HAL_Driver/Src/stm32g4xx_hal_tim_ex.c ****   */
1428:Drivers/STM32G4xx_HAL_Driver/Src/stm32g4xx_hal_tim_ex.c **** HAL_StatusTypeDef HAL_TIMEx_PWMN_Start_DMA(TIM_HandleTypeDef *htim, uint32_t Channel, const uint32_
1429:Drivers/STM32G4xx_HAL_Driver/Src/stm32g4xx_hal_tim_ex.c ****                                            uint16_t Length)
1430:Drivers/STM32G4xx_HAL_Driver/Src/stm32g4xx_hal_tim_ex.c **** {
1431:Drivers/STM32G4xx_HAL_Driver/Src/stm32g4xx_hal_tim_ex.c ****   HAL_StatusTypeDef status = HAL_OK;
1432:Drivers/STM32G4xx_HAL_Driver/Src/stm32g4xx_hal_tim_ex.c ****   uint32_t tmpsmcr;
1433:Drivers/STM32G4xx_HAL_Driver/Src/stm32g4xx_hal_tim_ex.c **** 
1434:Drivers/STM32G4xx_HAL_Driver/Src/stm32g4xx_hal_tim_ex.c ****   /* Check the parameters */
1435:Drivers/STM32G4xx_HAL_Driver/Src/stm32g4xx_hal_tim_ex.c ****   assert_param(IS_TIM_CCXN_INSTANCE(htim->Instance, Channel));
1436:Drivers/STM32G4xx_HAL_Driver/Src/stm32g4xx_hal_tim_ex.c **** 
1437:Drivers/STM32G4xx_HAL_Driver/Src/stm32g4xx_hal_tim_ex.c ****   /* Set the TIM complementary channel state */
1438:Drivers/STM32G4xx_HAL_Driver/Src/stm32g4xx_hal_tim_ex.c ****   if (TIM_CHANNEL_N_STATE_GET(htim, Channel) == HAL_TIM_CHANNEL_STATE_BUSY)
1439:Drivers/STM32G4xx_HAL_Driver/Src/stm32g4xx_hal_tim_ex.c ****   {
1440:Drivers/STM32G4xx_HAL_Driver/Src/stm32g4xx_hal_tim_ex.c ****     return HAL_BUSY;
1441:Drivers/STM32G4xx_HAL_Driver/Src/stm32g4xx_hal_tim_ex.c ****   }
1442:Drivers/STM32G4xx_HAL_Driver/Src/stm32g4xx_hal_tim_ex.c ****   else if (TIM_CHANNEL_N_STATE_GET(htim, Channel) == HAL_TIM_CHANNEL_STATE_READY)
1443:Drivers/STM32G4xx_HAL_Driver/Src/stm32g4xx_hal_tim_ex.c ****   {
1444:Drivers/STM32G4xx_HAL_Driver/Src/stm32g4xx_hal_tim_ex.c ****     if ((pData == NULL) || (Length == 0U))
1445:Drivers/STM32G4xx_HAL_Driver/Src/stm32g4xx_hal_tim_ex.c ****     {
1446:Drivers/STM32G4xx_HAL_Driver/Src/stm32g4xx_hal_tim_ex.c ****       return HAL_ERROR;
1447:Drivers/STM32G4xx_HAL_Driver/Src/stm32g4xx_hal_tim_ex.c ****     }
1448:Drivers/STM32G4xx_HAL_Driver/Src/stm32g4xx_hal_tim_ex.c ****     else
1449:Drivers/STM32G4xx_HAL_Driver/Src/stm32g4xx_hal_tim_ex.c ****     {
1450:Drivers/STM32G4xx_HAL_Driver/Src/stm32g4xx_hal_tim_ex.c ****       TIM_CHANNEL_N_STATE_SET(htim, Channel, HAL_TIM_CHANNEL_STATE_BUSY);
1451:Drivers/STM32G4xx_HAL_Driver/Src/stm32g4xx_hal_tim_ex.c ****     }
1452:Drivers/STM32G4xx_HAL_Driver/Src/stm32g4xx_hal_tim_ex.c ****   }
1453:Drivers/STM32G4xx_HAL_Driver/Src/stm32g4xx_hal_tim_ex.c ****   else
1454:Drivers/STM32G4xx_HAL_Driver/Src/stm32g4xx_hal_tim_ex.c ****   {
1455:Drivers/STM32G4xx_HAL_Driver/Src/stm32g4xx_hal_tim_ex.c ****     return HAL_ERROR;
ARM GAS  C:\Users\Booster\AppData\Local\Temp\ccs9w8jc.s 			page 27


1456:Drivers/STM32G4xx_HAL_Driver/Src/stm32g4xx_hal_tim_ex.c ****   }
1457:Drivers/STM32G4xx_HAL_Driver/Src/stm32g4xx_hal_tim_ex.c **** 
1458:Drivers/STM32G4xx_HAL_Driver/Src/stm32g4xx_hal_tim_ex.c ****   switch (Channel)
1459:Drivers/STM32G4xx_HAL_Driver/Src/stm32g4xx_hal_tim_ex.c ****   {
1460:Drivers/STM32G4xx_HAL_Driver/Src/stm32g4xx_hal_tim_ex.c ****     case TIM_CHANNEL_1:
1461:Drivers/STM32G4xx_HAL_Driver/Src/stm32g4xx_hal_tim_ex.c ****     {
1462:Drivers/STM32G4xx_HAL_Driver/Src/stm32g4xx_hal_tim_ex.c ****       /* Set the DMA compare callbacks */
1463:Drivers/STM32G4xx_HAL_Driver/Src/stm32g4xx_hal_tim_ex.c ****       htim->hdma[TIM_DMA_ID_CC1]->XferCpltCallback = TIM_DMADelayPulseNCplt;
1464:Drivers/STM32G4xx_HAL_Driver/Src/stm32g4xx_hal_tim_ex.c ****       htim->hdma[TIM_DMA_ID_CC1]->XferHalfCpltCallback = TIM_DMADelayPulseHalfCplt;
1465:Drivers/STM32G4xx_HAL_Driver/Src/stm32g4xx_hal_tim_ex.c **** 
1466:Drivers/STM32G4xx_HAL_Driver/Src/stm32g4xx_hal_tim_ex.c ****       /* Set the DMA error callback */
1467:Drivers/STM32G4xx_HAL_Driver/Src/stm32g4xx_hal_tim_ex.c ****       htim->hdma[TIM_DMA_ID_CC1]->XferErrorCallback = TIM_DMAErrorCCxN ;
1468:Drivers/STM32G4xx_HAL_Driver/Src/stm32g4xx_hal_tim_ex.c **** 
1469:Drivers/STM32G4xx_HAL_Driver/Src/stm32g4xx_hal_tim_ex.c ****       /* Enable the DMA channel */
1470:Drivers/STM32G4xx_HAL_Driver/Src/stm32g4xx_hal_tim_ex.c ****       if (HAL_DMA_Start_IT(htim->hdma[TIM_DMA_ID_CC1], (uint32_t)pData, (uint32_t)&htim->Instance->
1471:Drivers/STM32G4xx_HAL_Driver/Src/stm32g4xx_hal_tim_ex.c ****                            Length) != HAL_OK)
1472:Drivers/STM32G4xx_HAL_Driver/Src/stm32g4xx_hal_tim_ex.c ****       {
1473:Drivers/STM32G4xx_HAL_Driver/Src/stm32g4xx_hal_tim_ex.c ****         /* Return error status */
1474:Drivers/STM32G4xx_HAL_Driver/Src/stm32g4xx_hal_tim_ex.c ****         return HAL_ERROR;
1475:Drivers/STM32G4xx_HAL_Driver/Src/stm32g4xx_hal_tim_ex.c ****       }
1476:Drivers/STM32G4xx_HAL_Driver/Src/stm32g4xx_hal_tim_ex.c ****       /* Enable the TIM Capture/Compare 1 DMA request */
1477:Drivers/STM32G4xx_HAL_Driver/Src/stm32g4xx_hal_tim_ex.c ****       __HAL_TIM_ENABLE_DMA(htim, TIM_DMA_CC1);
1478:Drivers/STM32G4xx_HAL_Driver/Src/stm32g4xx_hal_tim_ex.c ****       break;
1479:Drivers/STM32G4xx_HAL_Driver/Src/stm32g4xx_hal_tim_ex.c ****     }
1480:Drivers/STM32G4xx_HAL_Driver/Src/stm32g4xx_hal_tim_ex.c **** 
1481:Drivers/STM32G4xx_HAL_Driver/Src/stm32g4xx_hal_tim_ex.c ****     case TIM_CHANNEL_2:
1482:Drivers/STM32G4xx_HAL_Driver/Src/stm32g4xx_hal_tim_ex.c ****     {
1483:Drivers/STM32G4xx_HAL_Driver/Src/stm32g4xx_hal_tim_ex.c ****       /* Set the DMA compare callbacks */
1484:Drivers/STM32G4xx_HAL_Driver/Src/stm32g4xx_hal_tim_ex.c ****       htim->hdma[TIM_DMA_ID_CC2]->XferCpltCallback = TIM_DMADelayPulseNCplt;
1485:Drivers/STM32G4xx_HAL_Driver/Src/stm32g4xx_hal_tim_ex.c ****       htim->hdma[TIM_DMA_ID_CC2]->XferHalfCpltCallback = TIM_DMADelayPulseHalfCplt;
1486:Drivers/STM32G4xx_HAL_Driver/Src/stm32g4xx_hal_tim_ex.c **** 
1487:Drivers/STM32G4xx_HAL_Driver/Src/stm32g4xx_hal_tim_ex.c ****       /* Set the DMA error callback */
1488:Drivers/STM32G4xx_HAL_Driver/Src/stm32g4xx_hal_tim_ex.c ****       htim->hdma[TIM_DMA_ID_CC2]->XferErrorCallback = TIM_DMAErrorCCxN ;
1489:Drivers/STM32G4xx_HAL_Driver/Src/stm32g4xx_hal_tim_ex.c **** 
1490:Drivers/STM32G4xx_HAL_Driver/Src/stm32g4xx_hal_tim_ex.c ****       /* Enable the DMA channel */
1491:Drivers/STM32G4xx_HAL_Driver/Src/stm32g4xx_hal_tim_ex.c ****       if (HAL_DMA_Start_IT(htim->hdma[TIM_DMA_ID_CC2], (uint32_t)pData, (uint32_t)&htim->Instance->
1492:Drivers/STM32G4xx_HAL_Driver/Src/stm32g4xx_hal_tim_ex.c ****                            Length) != HAL_OK)
1493:Drivers/STM32G4xx_HAL_Driver/Src/stm32g4xx_hal_tim_ex.c ****       {
1494:Drivers/STM32G4xx_HAL_Driver/Src/stm32g4xx_hal_tim_ex.c ****         /* Return error status */
1495:Drivers/STM32G4xx_HAL_Driver/Src/stm32g4xx_hal_tim_ex.c ****         return HAL_ERROR;
1496:Drivers/STM32G4xx_HAL_Driver/Src/stm32g4xx_hal_tim_ex.c ****       }
1497:Drivers/STM32G4xx_HAL_Driver/Src/stm32g4xx_hal_tim_ex.c ****       /* Enable the TIM Capture/Compare 2 DMA request */
1498:Drivers/STM32G4xx_HAL_Driver/Src/stm32g4xx_hal_tim_ex.c ****       __HAL_TIM_ENABLE_DMA(htim, TIM_DMA_CC2);
1499:Drivers/STM32G4xx_HAL_Driver/Src/stm32g4xx_hal_tim_ex.c ****       break;
1500:Drivers/STM32G4xx_HAL_Driver/Src/stm32g4xx_hal_tim_ex.c ****     }
1501:Drivers/STM32G4xx_HAL_Driver/Src/stm32g4xx_hal_tim_ex.c **** 
1502:Drivers/STM32G4xx_HAL_Driver/Src/stm32g4xx_hal_tim_ex.c ****     case TIM_CHANNEL_3:
1503:Drivers/STM32G4xx_HAL_Driver/Src/stm32g4xx_hal_tim_ex.c ****     {
1504:Drivers/STM32G4xx_HAL_Driver/Src/stm32g4xx_hal_tim_ex.c ****       /* Set the DMA compare callbacks */
1505:Drivers/STM32G4xx_HAL_Driver/Src/stm32g4xx_hal_tim_ex.c ****       htim->hdma[TIM_DMA_ID_CC3]->XferCpltCallback = TIM_DMADelayPulseNCplt;
1506:Drivers/STM32G4xx_HAL_Driver/Src/stm32g4xx_hal_tim_ex.c ****       htim->hdma[TIM_DMA_ID_CC3]->XferHalfCpltCallback = TIM_DMADelayPulseHalfCplt;
1507:Drivers/STM32G4xx_HAL_Driver/Src/stm32g4xx_hal_tim_ex.c **** 
1508:Drivers/STM32G4xx_HAL_Driver/Src/stm32g4xx_hal_tim_ex.c ****       /* Set the DMA error callback */
1509:Drivers/STM32G4xx_HAL_Driver/Src/stm32g4xx_hal_tim_ex.c ****       htim->hdma[TIM_DMA_ID_CC3]->XferErrorCallback = TIM_DMAErrorCCxN ;
1510:Drivers/STM32G4xx_HAL_Driver/Src/stm32g4xx_hal_tim_ex.c **** 
1511:Drivers/STM32G4xx_HAL_Driver/Src/stm32g4xx_hal_tim_ex.c ****       /* Enable the DMA channel */
1512:Drivers/STM32G4xx_HAL_Driver/Src/stm32g4xx_hal_tim_ex.c ****       if (HAL_DMA_Start_IT(htim->hdma[TIM_DMA_ID_CC3], (uint32_t)pData, (uint32_t)&htim->Instance->
ARM GAS  C:\Users\Booster\AppData\Local\Temp\ccs9w8jc.s 			page 28


1513:Drivers/STM32G4xx_HAL_Driver/Src/stm32g4xx_hal_tim_ex.c ****                            Length) != HAL_OK)
1514:Drivers/STM32G4xx_HAL_Driver/Src/stm32g4xx_hal_tim_ex.c ****       {
1515:Drivers/STM32G4xx_HAL_Driver/Src/stm32g4xx_hal_tim_ex.c ****         /* Return error status */
1516:Drivers/STM32G4xx_HAL_Driver/Src/stm32g4xx_hal_tim_ex.c ****         return HAL_ERROR;
1517:Drivers/STM32G4xx_HAL_Driver/Src/stm32g4xx_hal_tim_ex.c ****       }
1518:Drivers/STM32G4xx_HAL_Driver/Src/stm32g4xx_hal_tim_ex.c ****       /* Enable the TIM Capture/Compare 3 DMA request */
1519:Drivers/STM32G4xx_HAL_Driver/Src/stm32g4xx_hal_tim_ex.c ****       __HAL_TIM_ENABLE_DMA(htim, TIM_DMA_CC3);
1520:Drivers/STM32G4xx_HAL_Driver/Src/stm32g4xx_hal_tim_ex.c ****       break;
1521:Drivers/STM32G4xx_HAL_Driver/Src/stm32g4xx_hal_tim_ex.c ****     }
1522:Drivers/STM32G4xx_HAL_Driver/Src/stm32g4xx_hal_tim_ex.c **** 
1523:Drivers/STM32G4xx_HAL_Driver/Src/stm32g4xx_hal_tim_ex.c ****     case TIM_CHANNEL_4:
1524:Drivers/STM32G4xx_HAL_Driver/Src/stm32g4xx_hal_tim_ex.c ****     {
1525:Drivers/STM32G4xx_HAL_Driver/Src/stm32g4xx_hal_tim_ex.c ****       /* Set the DMA compare callbacks */
1526:Drivers/STM32G4xx_HAL_Driver/Src/stm32g4xx_hal_tim_ex.c ****       htim->hdma[TIM_DMA_ID_CC4]->XferCpltCallback = TIM_DMADelayPulseNCplt;
1527:Drivers/STM32G4xx_HAL_Driver/Src/stm32g4xx_hal_tim_ex.c ****       htim->hdma[TIM_DMA_ID_CC4]->XferHalfCpltCallback = TIM_DMADelayPulseHalfCplt;
1528:Drivers/STM32G4xx_HAL_Driver/Src/stm32g4xx_hal_tim_ex.c **** 
1529:Drivers/STM32G4xx_HAL_Driver/Src/stm32g4xx_hal_tim_ex.c ****       /* Set the DMA error callback */
1530:Drivers/STM32G4xx_HAL_Driver/Src/stm32g4xx_hal_tim_ex.c ****       htim->hdma[TIM_DMA_ID_CC4]->XferErrorCallback = TIM_DMAErrorCCxN ;
1531:Drivers/STM32G4xx_HAL_Driver/Src/stm32g4xx_hal_tim_ex.c **** 
1532:Drivers/STM32G4xx_HAL_Driver/Src/stm32g4xx_hal_tim_ex.c ****       /* Enable the DMA channel */
1533:Drivers/STM32G4xx_HAL_Driver/Src/stm32g4xx_hal_tim_ex.c ****       if (HAL_DMA_Start_IT(htim->hdma[TIM_DMA_ID_CC4], (uint32_t)pData, (uint32_t)&htim->Instance->
1534:Drivers/STM32G4xx_HAL_Driver/Src/stm32g4xx_hal_tim_ex.c ****                            Length) != HAL_OK)
1535:Drivers/STM32G4xx_HAL_Driver/Src/stm32g4xx_hal_tim_ex.c ****       {
1536:Drivers/STM32G4xx_HAL_Driver/Src/stm32g4xx_hal_tim_ex.c ****         /* Return error status */
1537:Drivers/STM32G4xx_HAL_Driver/Src/stm32g4xx_hal_tim_ex.c ****         return HAL_ERROR;
1538:Drivers/STM32G4xx_HAL_Driver/Src/stm32g4xx_hal_tim_ex.c ****       }
1539:Drivers/STM32G4xx_HAL_Driver/Src/stm32g4xx_hal_tim_ex.c ****       /* Enable the TIM Capture/Compare 4 DMA request */
1540:Drivers/STM32G4xx_HAL_Driver/Src/stm32g4xx_hal_tim_ex.c ****       __HAL_TIM_ENABLE_DMA(htim, TIM_DMA_CC4);
1541:Drivers/STM32G4xx_HAL_Driver/Src/stm32g4xx_hal_tim_ex.c ****       break;
1542:Drivers/STM32G4xx_HAL_Driver/Src/stm32g4xx_hal_tim_ex.c ****     }
1543:Drivers/STM32G4xx_HAL_Driver/Src/stm32g4xx_hal_tim_ex.c **** 
1544:Drivers/STM32G4xx_HAL_Driver/Src/stm32g4xx_hal_tim_ex.c ****     default:
1545:Drivers/STM32G4xx_HAL_Driver/Src/stm32g4xx_hal_tim_ex.c ****       status = HAL_ERROR;
1546:Drivers/STM32G4xx_HAL_Driver/Src/stm32g4xx_hal_tim_ex.c ****       break;
1547:Drivers/STM32G4xx_HAL_Driver/Src/stm32g4xx_hal_tim_ex.c ****   }
1548:Drivers/STM32G4xx_HAL_Driver/Src/stm32g4xx_hal_tim_ex.c **** 
1549:Drivers/STM32G4xx_HAL_Driver/Src/stm32g4xx_hal_tim_ex.c ****   if (status == HAL_OK)
1550:Drivers/STM32G4xx_HAL_Driver/Src/stm32g4xx_hal_tim_ex.c ****   {
1551:Drivers/STM32G4xx_HAL_Driver/Src/stm32g4xx_hal_tim_ex.c ****     /* Enable the complementary PWM output  */
1552:Drivers/STM32G4xx_HAL_Driver/Src/stm32g4xx_hal_tim_ex.c ****     TIM_CCxNChannelCmd(htim->Instance, Channel, TIM_CCxN_ENABLE);
1553:Drivers/STM32G4xx_HAL_Driver/Src/stm32g4xx_hal_tim_ex.c **** 
1554:Drivers/STM32G4xx_HAL_Driver/Src/stm32g4xx_hal_tim_ex.c ****     /* Enable the Main Output */
1555:Drivers/STM32G4xx_HAL_Driver/Src/stm32g4xx_hal_tim_ex.c ****     __HAL_TIM_MOE_ENABLE(htim);
1556:Drivers/STM32G4xx_HAL_Driver/Src/stm32g4xx_hal_tim_ex.c **** 
1557:Drivers/STM32G4xx_HAL_Driver/Src/stm32g4xx_hal_tim_ex.c ****     /* Enable the Peripheral, except in trigger mode where enable is automatically done with trigge
1558:Drivers/STM32G4xx_HAL_Driver/Src/stm32g4xx_hal_tim_ex.c ****     if (IS_TIM_SLAVE_INSTANCE(htim->Instance))
1559:Drivers/STM32G4xx_HAL_Driver/Src/stm32g4xx_hal_tim_ex.c ****     {
1560:Drivers/STM32G4xx_HAL_Driver/Src/stm32g4xx_hal_tim_ex.c ****       tmpsmcr = htim->Instance->SMCR & TIM_SMCR_SMS;
1561:Drivers/STM32G4xx_HAL_Driver/Src/stm32g4xx_hal_tim_ex.c ****       if (!IS_TIM_SLAVEMODE_TRIGGER_ENABLED(tmpsmcr))
1562:Drivers/STM32G4xx_HAL_Driver/Src/stm32g4xx_hal_tim_ex.c ****       {
1563:Drivers/STM32G4xx_HAL_Driver/Src/stm32g4xx_hal_tim_ex.c ****         __HAL_TIM_ENABLE(htim);
1564:Drivers/STM32G4xx_HAL_Driver/Src/stm32g4xx_hal_tim_ex.c ****       }
1565:Drivers/STM32G4xx_HAL_Driver/Src/stm32g4xx_hal_tim_ex.c ****     }
1566:Drivers/STM32G4xx_HAL_Driver/Src/stm32g4xx_hal_tim_ex.c ****     else
1567:Drivers/STM32G4xx_HAL_Driver/Src/stm32g4xx_hal_tim_ex.c ****     {
1568:Drivers/STM32G4xx_HAL_Driver/Src/stm32g4xx_hal_tim_ex.c ****       __HAL_TIM_ENABLE(htim);
1569:Drivers/STM32G4xx_HAL_Driver/Src/stm32g4xx_hal_tim_ex.c ****     }
ARM GAS  C:\Users\Booster\AppData\Local\Temp\ccs9w8jc.s 			page 29


1570:Drivers/STM32G4xx_HAL_Driver/Src/stm32g4xx_hal_tim_ex.c ****   }
1571:Drivers/STM32G4xx_HAL_Driver/Src/stm32g4xx_hal_tim_ex.c **** 
1572:Drivers/STM32G4xx_HAL_Driver/Src/stm32g4xx_hal_tim_ex.c ****   /* Return function status */
1573:Drivers/STM32G4xx_HAL_Driver/Src/stm32g4xx_hal_tim_ex.c ****   return status;
1574:Drivers/STM32G4xx_HAL_Driver/Src/stm32g4xx_hal_tim_ex.c **** }
1575:Drivers/STM32G4xx_HAL_Driver/Src/stm32g4xx_hal_tim_ex.c **** 
1576:Drivers/STM32G4xx_HAL_Driver/Src/stm32g4xx_hal_tim_ex.c **** /**
1577:Drivers/STM32G4xx_HAL_Driver/Src/stm32g4xx_hal_tim_ex.c ****   * @brief  Stops the TIM PWM signal generation in DMA mode on the complementary
1578:Drivers/STM32G4xx_HAL_Driver/Src/stm32g4xx_hal_tim_ex.c ****   *         output
1579:Drivers/STM32G4xx_HAL_Driver/Src/stm32g4xx_hal_tim_ex.c ****   * @param  htim TIM handle
1580:Drivers/STM32G4xx_HAL_Driver/Src/stm32g4xx_hal_tim_ex.c ****   * @param  Channel TIM Channel to be disabled
1581:Drivers/STM32G4xx_HAL_Driver/Src/stm32g4xx_hal_tim_ex.c ****   *          This parameter can be one of the following values:
1582:Drivers/STM32G4xx_HAL_Driver/Src/stm32g4xx_hal_tim_ex.c ****   *            @arg TIM_CHANNEL_1: TIM Channel 1 selected
1583:Drivers/STM32G4xx_HAL_Driver/Src/stm32g4xx_hal_tim_ex.c ****   *            @arg TIM_CHANNEL_2: TIM Channel 2 selected
1584:Drivers/STM32G4xx_HAL_Driver/Src/stm32g4xx_hal_tim_ex.c ****   *            @arg TIM_CHANNEL_3: TIM Channel 3 selected
1585:Drivers/STM32G4xx_HAL_Driver/Src/stm32g4xx_hal_tim_ex.c ****   *            @arg TIM_CHANNEL_4: TIM Channel 4 selected
1586:Drivers/STM32G4xx_HAL_Driver/Src/stm32g4xx_hal_tim_ex.c ****   * @retval HAL status
1587:Drivers/STM32G4xx_HAL_Driver/Src/stm32g4xx_hal_tim_ex.c ****   */
1588:Drivers/STM32G4xx_HAL_Driver/Src/stm32g4xx_hal_tim_ex.c **** HAL_StatusTypeDef HAL_TIMEx_PWMN_Stop_DMA(TIM_HandleTypeDef *htim, uint32_t Channel)
1589:Drivers/STM32G4xx_HAL_Driver/Src/stm32g4xx_hal_tim_ex.c **** {
1590:Drivers/STM32G4xx_HAL_Driver/Src/stm32g4xx_hal_tim_ex.c ****   HAL_StatusTypeDef status = HAL_OK;
1591:Drivers/STM32G4xx_HAL_Driver/Src/stm32g4xx_hal_tim_ex.c **** 
1592:Drivers/STM32G4xx_HAL_Driver/Src/stm32g4xx_hal_tim_ex.c ****   /* Check the parameters */
1593:Drivers/STM32G4xx_HAL_Driver/Src/stm32g4xx_hal_tim_ex.c ****   assert_param(IS_TIM_CCXN_INSTANCE(htim->Instance, Channel));
1594:Drivers/STM32G4xx_HAL_Driver/Src/stm32g4xx_hal_tim_ex.c **** 
1595:Drivers/STM32G4xx_HAL_Driver/Src/stm32g4xx_hal_tim_ex.c ****   switch (Channel)
1596:Drivers/STM32G4xx_HAL_Driver/Src/stm32g4xx_hal_tim_ex.c ****   {
1597:Drivers/STM32G4xx_HAL_Driver/Src/stm32g4xx_hal_tim_ex.c ****     case TIM_CHANNEL_1:
1598:Drivers/STM32G4xx_HAL_Driver/Src/stm32g4xx_hal_tim_ex.c ****     {
1599:Drivers/STM32G4xx_HAL_Driver/Src/stm32g4xx_hal_tim_ex.c ****       /* Disable the TIM Capture/Compare 1 DMA request */
1600:Drivers/STM32G4xx_HAL_Driver/Src/stm32g4xx_hal_tim_ex.c ****       __HAL_TIM_DISABLE_DMA(htim, TIM_DMA_CC1);
1601:Drivers/STM32G4xx_HAL_Driver/Src/stm32g4xx_hal_tim_ex.c ****       (void)HAL_DMA_Abort_IT(htim->hdma[TIM_DMA_ID_CC1]);
1602:Drivers/STM32G4xx_HAL_Driver/Src/stm32g4xx_hal_tim_ex.c ****       break;
1603:Drivers/STM32G4xx_HAL_Driver/Src/stm32g4xx_hal_tim_ex.c ****     }
1604:Drivers/STM32G4xx_HAL_Driver/Src/stm32g4xx_hal_tim_ex.c **** 
1605:Drivers/STM32G4xx_HAL_Driver/Src/stm32g4xx_hal_tim_ex.c ****     case TIM_CHANNEL_2:
1606:Drivers/STM32G4xx_HAL_Driver/Src/stm32g4xx_hal_tim_ex.c ****     {
1607:Drivers/STM32G4xx_HAL_Driver/Src/stm32g4xx_hal_tim_ex.c ****       /* Disable the TIM Capture/Compare 2 DMA request */
1608:Drivers/STM32G4xx_HAL_Driver/Src/stm32g4xx_hal_tim_ex.c ****       __HAL_TIM_DISABLE_DMA(htim, TIM_DMA_CC2);
1609:Drivers/STM32G4xx_HAL_Driver/Src/stm32g4xx_hal_tim_ex.c ****       (void)HAL_DMA_Abort_IT(htim->hdma[TIM_DMA_ID_CC2]);
1610:Drivers/STM32G4xx_HAL_Driver/Src/stm32g4xx_hal_tim_ex.c ****       break;
1611:Drivers/STM32G4xx_HAL_Driver/Src/stm32g4xx_hal_tim_ex.c ****     }
1612:Drivers/STM32G4xx_HAL_Driver/Src/stm32g4xx_hal_tim_ex.c **** 
1613:Drivers/STM32G4xx_HAL_Driver/Src/stm32g4xx_hal_tim_ex.c ****     case TIM_CHANNEL_3:
1614:Drivers/STM32G4xx_HAL_Driver/Src/stm32g4xx_hal_tim_ex.c ****     {
1615:Drivers/STM32G4xx_HAL_Driver/Src/stm32g4xx_hal_tim_ex.c ****       /* Disable the TIM Capture/Compare 3 DMA request */
1616:Drivers/STM32G4xx_HAL_Driver/Src/stm32g4xx_hal_tim_ex.c ****       __HAL_TIM_DISABLE_DMA(htim, TIM_DMA_CC3);
1617:Drivers/STM32G4xx_HAL_Driver/Src/stm32g4xx_hal_tim_ex.c ****       (void)HAL_DMA_Abort_IT(htim->hdma[TIM_DMA_ID_CC3]);
1618:Drivers/STM32G4xx_HAL_Driver/Src/stm32g4xx_hal_tim_ex.c ****       break;
1619:Drivers/STM32G4xx_HAL_Driver/Src/stm32g4xx_hal_tim_ex.c ****     }
1620:Drivers/STM32G4xx_HAL_Driver/Src/stm32g4xx_hal_tim_ex.c **** 
1621:Drivers/STM32G4xx_HAL_Driver/Src/stm32g4xx_hal_tim_ex.c ****     case TIM_CHANNEL_4:
1622:Drivers/STM32G4xx_HAL_Driver/Src/stm32g4xx_hal_tim_ex.c ****     {
1623:Drivers/STM32G4xx_HAL_Driver/Src/stm32g4xx_hal_tim_ex.c ****       /* Disable the TIM Capture/Compare 4 DMA request */
1624:Drivers/STM32G4xx_HAL_Driver/Src/stm32g4xx_hal_tim_ex.c ****       __HAL_TIM_DISABLE_DMA(htim, TIM_DMA_CC4);
1625:Drivers/STM32G4xx_HAL_Driver/Src/stm32g4xx_hal_tim_ex.c ****       (void)HAL_DMA_Abort_IT(htim->hdma[TIM_DMA_ID_CC4]);
1626:Drivers/STM32G4xx_HAL_Driver/Src/stm32g4xx_hal_tim_ex.c ****       break;
ARM GAS  C:\Users\Booster\AppData\Local\Temp\ccs9w8jc.s 			page 30


1627:Drivers/STM32G4xx_HAL_Driver/Src/stm32g4xx_hal_tim_ex.c ****     }
1628:Drivers/STM32G4xx_HAL_Driver/Src/stm32g4xx_hal_tim_ex.c **** 
1629:Drivers/STM32G4xx_HAL_Driver/Src/stm32g4xx_hal_tim_ex.c ****     default:
1630:Drivers/STM32G4xx_HAL_Driver/Src/stm32g4xx_hal_tim_ex.c ****       status = HAL_ERROR;
1631:Drivers/STM32G4xx_HAL_Driver/Src/stm32g4xx_hal_tim_ex.c ****       break;
1632:Drivers/STM32G4xx_HAL_Driver/Src/stm32g4xx_hal_tim_ex.c ****   }
1633:Drivers/STM32G4xx_HAL_Driver/Src/stm32g4xx_hal_tim_ex.c **** 
1634:Drivers/STM32G4xx_HAL_Driver/Src/stm32g4xx_hal_tim_ex.c ****   if (status == HAL_OK)
1635:Drivers/STM32G4xx_HAL_Driver/Src/stm32g4xx_hal_tim_ex.c ****   {
1636:Drivers/STM32G4xx_HAL_Driver/Src/stm32g4xx_hal_tim_ex.c ****     /* Disable the complementary PWM output */
1637:Drivers/STM32G4xx_HAL_Driver/Src/stm32g4xx_hal_tim_ex.c ****     TIM_CCxNChannelCmd(htim->Instance, Channel, TIM_CCxN_DISABLE);
1638:Drivers/STM32G4xx_HAL_Driver/Src/stm32g4xx_hal_tim_ex.c **** 
1639:Drivers/STM32G4xx_HAL_Driver/Src/stm32g4xx_hal_tim_ex.c ****     /* Disable the Main Output */
1640:Drivers/STM32G4xx_HAL_Driver/Src/stm32g4xx_hal_tim_ex.c ****     __HAL_TIM_MOE_DISABLE(htim);
1641:Drivers/STM32G4xx_HAL_Driver/Src/stm32g4xx_hal_tim_ex.c **** 
1642:Drivers/STM32G4xx_HAL_Driver/Src/stm32g4xx_hal_tim_ex.c ****     /* Disable the Peripheral */
1643:Drivers/STM32G4xx_HAL_Driver/Src/stm32g4xx_hal_tim_ex.c ****     __HAL_TIM_DISABLE(htim);
1644:Drivers/STM32G4xx_HAL_Driver/Src/stm32g4xx_hal_tim_ex.c **** 
1645:Drivers/STM32G4xx_HAL_Driver/Src/stm32g4xx_hal_tim_ex.c ****     /* Set the TIM complementary channel state */
1646:Drivers/STM32G4xx_HAL_Driver/Src/stm32g4xx_hal_tim_ex.c ****     TIM_CHANNEL_N_STATE_SET(htim, Channel, HAL_TIM_CHANNEL_STATE_READY);
1647:Drivers/STM32G4xx_HAL_Driver/Src/stm32g4xx_hal_tim_ex.c ****   }
1648:Drivers/STM32G4xx_HAL_Driver/Src/stm32g4xx_hal_tim_ex.c **** 
1649:Drivers/STM32G4xx_HAL_Driver/Src/stm32g4xx_hal_tim_ex.c ****   /* Return function status */
1650:Drivers/STM32G4xx_HAL_Driver/Src/stm32g4xx_hal_tim_ex.c ****   return status;
1651:Drivers/STM32G4xx_HAL_Driver/Src/stm32g4xx_hal_tim_ex.c **** }
1652:Drivers/STM32G4xx_HAL_Driver/Src/stm32g4xx_hal_tim_ex.c **** 
1653:Drivers/STM32G4xx_HAL_Driver/Src/stm32g4xx_hal_tim_ex.c **** /**
1654:Drivers/STM32G4xx_HAL_Driver/Src/stm32g4xx_hal_tim_ex.c ****   * @}
1655:Drivers/STM32G4xx_HAL_Driver/Src/stm32g4xx_hal_tim_ex.c ****   */
1656:Drivers/STM32G4xx_HAL_Driver/Src/stm32g4xx_hal_tim_ex.c **** 
1657:Drivers/STM32G4xx_HAL_Driver/Src/stm32g4xx_hal_tim_ex.c **** /** @defgroup TIMEx_Exported_Functions_Group4 Extended Timer Complementary One Pulse functions
1658:Drivers/STM32G4xx_HAL_Driver/Src/stm32g4xx_hal_tim_ex.c ****   * @brief    Timer Complementary One Pulse functions
1659:Drivers/STM32G4xx_HAL_Driver/Src/stm32g4xx_hal_tim_ex.c ****   *
1660:Drivers/STM32G4xx_HAL_Driver/Src/stm32g4xx_hal_tim_ex.c **** @verbatim
1661:Drivers/STM32G4xx_HAL_Driver/Src/stm32g4xx_hal_tim_ex.c ****   ==============================================================================
1662:Drivers/STM32G4xx_HAL_Driver/Src/stm32g4xx_hal_tim_ex.c ****                 ##### Timer Complementary One Pulse functions #####
1663:Drivers/STM32G4xx_HAL_Driver/Src/stm32g4xx_hal_tim_ex.c ****   ==============================================================================
1664:Drivers/STM32G4xx_HAL_Driver/Src/stm32g4xx_hal_tim_ex.c ****   [..]
1665:Drivers/STM32G4xx_HAL_Driver/Src/stm32g4xx_hal_tim_ex.c ****     This section provides functions allowing to:
1666:Drivers/STM32G4xx_HAL_Driver/Src/stm32g4xx_hal_tim_ex.c ****     (+) Start the Complementary One Pulse generation.
1667:Drivers/STM32G4xx_HAL_Driver/Src/stm32g4xx_hal_tim_ex.c ****     (+) Stop the Complementary One Pulse.
1668:Drivers/STM32G4xx_HAL_Driver/Src/stm32g4xx_hal_tim_ex.c ****     (+) Start the Complementary One Pulse and enable interrupts.
1669:Drivers/STM32G4xx_HAL_Driver/Src/stm32g4xx_hal_tim_ex.c ****     (+) Stop the Complementary One Pulse and disable interrupts.
1670:Drivers/STM32G4xx_HAL_Driver/Src/stm32g4xx_hal_tim_ex.c **** 
1671:Drivers/STM32G4xx_HAL_Driver/Src/stm32g4xx_hal_tim_ex.c **** @endverbatim
1672:Drivers/STM32G4xx_HAL_Driver/Src/stm32g4xx_hal_tim_ex.c ****   * @{
1673:Drivers/STM32G4xx_HAL_Driver/Src/stm32g4xx_hal_tim_ex.c ****   */
1674:Drivers/STM32G4xx_HAL_Driver/Src/stm32g4xx_hal_tim_ex.c **** 
1675:Drivers/STM32G4xx_HAL_Driver/Src/stm32g4xx_hal_tim_ex.c **** /**
1676:Drivers/STM32G4xx_HAL_Driver/Src/stm32g4xx_hal_tim_ex.c ****   * @brief  Starts the TIM One Pulse signal generation on the complementary
1677:Drivers/STM32G4xx_HAL_Driver/Src/stm32g4xx_hal_tim_ex.c ****   *         output.
1678:Drivers/STM32G4xx_HAL_Driver/Src/stm32g4xx_hal_tim_ex.c ****   * @note OutputChannel must match the pulse output channel chosen when calling
1679:Drivers/STM32G4xx_HAL_Driver/Src/stm32g4xx_hal_tim_ex.c ****   *       @ref HAL_TIM_OnePulse_ConfigChannel().
1680:Drivers/STM32G4xx_HAL_Driver/Src/stm32g4xx_hal_tim_ex.c ****   * @param  htim TIM One Pulse handle
1681:Drivers/STM32G4xx_HAL_Driver/Src/stm32g4xx_hal_tim_ex.c ****   * @param  OutputChannel pulse output channel to enable
1682:Drivers/STM32G4xx_HAL_Driver/Src/stm32g4xx_hal_tim_ex.c ****   *          This parameter can be one of the following values:
1683:Drivers/STM32G4xx_HAL_Driver/Src/stm32g4xx_hal_tim_ex.c ****   *            @arg TIM_CHANNEL_1: TIM Channel 1 selected
ARM GAS  C:\Users\Booster\AppData\Local\Temp\ccs9w8jc.s 			page 31


1684:Drivers/STM32G4xx_HAL_Driver/Src/stm32g4xx_hal_tim_ex.c ****   *            @arg TIM_CHANNEL_2: TIM Channel 2 selected
1685:Drivers/STM32G4xx_HAL_Driver/Src/stm32g4xx_hal_tim_ex.c ****   * @retval HAL status
1686:Drivers/STM32G4xx_HAL_Driver/Src/stm32g4xx_hal_tim_ex.c ****   */
1687:Drivers/STM32G4xx_HAL_Driver/Src/stm32g4xx_hal_tim_ex.c **** HAL_StatusTypeDef HAL_TIMEx_OnePulseN_Start(TIM_HandleTypeDef *htim, uint32_t OutputChannel)
1688:Drivers/STM32G4xx_HAL_Driver/Src/stm32g4xx_hal_tim_ex.c **** {
1689:Drivers/STM32G4xx_HAL_Driver/Src/stm32g4xx_hal_tim_ex.c ****   uint32_t input_channel = (OutputChannel == TIM_CHANNEL_1) ? TIM_CHANNEL_2 : TIM_CHANNEL_1;
1690:Drivers/STM32G4xx_HAL_Driver/Src/stm32g4xx_hal_tim_ex.c ****   HAL_TIM_ChannelStateTypeDef channel_1_state = TIM_CHANNEL_STATE_GET(htim, TIM_CHANNEL_1);
1691:Drivers/STM32G4xx_HAL_Driver/Src/stm32g4xx_hal_tim_ex.c ****   HAL_TIM_ChannelStateTypeDef channel_2_state = TIM_CHANNEL_STATE_GET(htim, TIM_CHANNEL_2);
1692:Drivers/STM32G4xx_HAL_Driver/Src/stm32g4xx_hal_tim_ex.c ****   HAL_TIM_ChannelStateTypeDef complementary_channel_1_state = TIM_CHANNEL_N_STATE_GET(htim, TIM_CHA
1693:Drivers/STM32G4xx_HAL_Driver/Src/stm32g4xx_hal_tim_ex.c ****   HAL_TIM_ChannelStateTypeDef complementary_channel_2_state = TIM_CHANNEL_N_STATE_GET(htim, TIM_CHA
1694:Drivers/STM32G4xx_HAL_Driver/Src/stm32g4xx_hal_tim_ex.c **** 
1695:Drivers/STM32G4xx_HAL_Driver/Src/stm32g4xx_hal_tim_ex.c ****   /* Check the parameters */
1696:Drivers/STM32G4xx_HAL_Driver/Src/stm32g4xx_hal_tim_ex.c ****   assert_param(IS_TIM_CCXN_INSTANCE(htim->Instance, OutputChannel));
1697:Drivers/STM32G4xx_HAL_Driver/Src/stm32g4xx_hal_tim_ex.c **** 
1698:Drivers/STM32G4xx_HAL_Driver/Src/stm32g4xx_hal_tim_ex.c ****   /* Check the TIM channels state */
1699:Drivers/STM32G4xx_HAL_Driver/Src/stm32g4xx_hal_tim_ex.c ****   if ((channel_1_state != HAL_TIM_CHANNEL_STATE_READY)
1700:Drivers/STM32G4xx_HAL_Driver/Src/stm32g4xx_hal_tim_ex.c ****       || (channel_2_state != HAL_TIM_CHANNEL_STATE_READY)
1701:Drivers/STM32G4xx_HAL_Driver/Src/stm32g4xx_hal_tim_ex.c ****       || (complementary_channel_1_state != HAL_TIM_CHANNEL_STATE_READY)
1702:Drivers/STM32G4xx_HAL_Driver/Src/stm32g4xx_hal_tim_ex.c ****       || (complementary_channel_2_state != HAL_TIM_CHANNEL_STATE_READY))
1703:Drivers/STM32G4xx_HAL_Driver/Src/stm32g4xx_hal_tim_ex.c ****   {
1704:Drivers/STM32G4xx_HAL_Driver/Src/stm32g4xx_hal_tim_ex.c ****     return HAL_ERROR;
1705:Drivers/STM32G4xx_HAL_Driver/Src/stm32g4xx_hal_tim_ex.c ****   }
1706:Drivers/STM32G4xx_HAL_Driver/Src/stm32g4xx_hal_tim_ex.c **** 
1707:Drivers/STM32G4xx_HAL_Driver/Src/stm32g4xx_hal_tim_ex.c ****   /* Set the TIM channels state */
1708:Drivers/STM32G4xx_HAL_Driver/Src/stm32g4xx_hal_tim_ex.c ****   TIM_CHANNEL_STATE_SET(htim, TIM_CHANNEL_1, HAL_TIM_CHANNEL_STATE_BUSY);
1709:Drivers/STM32G4xx_HAL_Driver/Src/stm32g4xx_hal_tim_ex.c ****   TIM_CHANNEL_STATE_SET(htim, TIM_CHANNEL_2, HAL_TIM_CHANNEL_STATE_BUSY);
1710:Drivers/STM32G4xx_HAL_Driver/Src/stm32g4xx_hal_tim_ex.c ****   TIM_CHANNEL_N_STATE_SET(htim, TIM_CHANNEL_1, HAL_TIM_CHANNEL_STATE_BUSY);
1711:Drivers/STM32G4xx_HAL_Driver/Src/stm32g4xx_hal_tim_ex.c ****   TIM_CHANNEL_N_STATE_SET(htim, TIM_CHANNEL_2, HAL_TIM_CHANNEL_STATE_BUSY);
1712:Drivers/STM32G4xx_HAL_Driver/Src/stm32g4xx_hal_tim_ex.c **** 
1713:Drivers/STM32G4xx_HAL_Driver/Src/stm32g4xx_hal_tim_ex.c ****   /* Enable the complementary One Pulse output channel and the Input Capture channel */
1714:Drivers/STM32G4xx_HAL_Driver/Src/stm32g4xx_hal_tim_ex.c ****   TIM_CCxNChannelCmd(htim->Instance, OutputChannel, TIM_CCxN_ENABLE);
1715:Drivers/STM32G4xx_HAL_Driver/Src/stm32g4xx_hal_tim_ex.c ****   TIM_CCxChannelCmd(htim->Instance, input_channel, TIM_CCx_ENABLE);
1716:Drivers/STM32G4xx_HAL_Driver/Src/stm32g4xx_hal_tim_ex.c **** 
1717:Drivers/STM32G4xx_HAL_Driver/Src/stm32g4xx_hal_tim_ex.c ****   /* Enable the Main Output */
1718:Drivers/STM32G4xx_HAL_Driver/Src/stm32g4xx_hal_tim_ex.c ****   __HAL_TIM_MOE_ENABLE(htim);
1719:Drivers/STM32G4xx_HAL_Driver/Src/stm32g4xx_hal_tim_ex.c **** 
1720:Drivers/STM32G4xx_HAL_Driver/Src/stm32g4xx_hal_tim_ex.c ****   /* Return function status */
1721:Drivers/STM32G4xx_HAL_Driver/Src/stm32g4xx_hal_tim_ex.c ****   return HAL_OK;
1722:Drivers/STM32G4xx_HAL_Driver/Src/stm32g4xx_hal_tim_ex.c **** }
1723:Drivers/STM32G4xx_HAL_Driver/Src/stm32g4xx_hal_tim_ex.c **** 
1724:Drivers/STM32G4xx_HAL_Driver/Src/stm32g4xx_hal_tim_ex.c **** /**
1725:Drivers/STM32G4xx_HAL_Driver/Src/stm32g4xx_hal_tim_ex.c ****   * @brief  Stops the TIM One Pulse signal generation on the complementary
1726:Drivers/STM32G4xx_HAL_Driver/Src/stm32g4xx_hal_tim_ex.c ****   *         output.
1727:Drivers/STM32G4xx_HAL_Driver/Src/stm32g4xx_hal_tim_ex.c ****   * @note OutputChannel must match the pulse output channel chosen when calling
1728:Drivers/STM32G4xx_HAL_Driver/Src/stm32g4xx_hal_tim_ex.c ****   *       @ref HAL_TIM_OnePulse_ConfigChannel().
1729:Drivers/STM32G4xx_HAL_Driver/Src/stm32g4xx_hal_tim_ex.c ****   * @param  htim TIM One Pulse handle
1730:Drivers/STM32G4xx_HAL_Driver/Src/stm32g4xx_hal_tim_ex.c ****   * @param  OutputChannel pulse output channel to disable
1731:Drivers/STM32G4xx_HAL_Driver/Src/stm32g4xx_hal_tim_ex.c ****   *          This parameter can be one of the following values:
1732:Drivers/STM32G4xx_HAL_Driver/Src/stm32g4xx_hal_tim_ex.c ****   *            @arg TIM_CHANNEL_1: TIM Channel 1 selected
1733:Drivers/STM32G4xx_HAL_Driver/Src/stm32g4xx_hal_tim_ex.c ****   *            @arg TIM_CHANNEL_2: TIM Channel 2 selected
1734:Drivers/STM32G4xx_HAL_Driver/Src/stm32g4xx_hal_tim_ex.c ****   * @retval HAL status
1735:Drivers/STM32G4xx_HAL_Driver/Src/stm32g4xx_hal_tim_ex.c ****   */
1736:Drivers/STM32G4xx_HAL_Driver/Src/stm32g4xx_hal_tim_ex.c **** HAL_StatusTypeDef HAL_TIMEx_OnePulseN_Stop(TIM_HandleTypeDef *htim, uint32_t OutputChannel)
1737:Drivers/STM32G4xx_HAL_Driver/Src/stm32g4xx_hal_tim_ex.c **** {
1738:Drivers/STM32G4xx_HAL_Driver/Src/stm32g4xx_hal_tim_ex.c ****   uint32_t input_channel = (OutputChannel == TIM_CHANNEL_1) ? TIM_CHANNEL_2 : TIM_CHANNEL_1;
1739:Drivers/STM32G4xx_HAL_Driver/Src/stm32g4xx_hal_tim_ex.c **** 
1740:Drivers/STM32G4xx_HAL_Driver/Src/stm32g4xx_hal_tim_ex.c ****   /* Check the parameters */
ARM GAS  C:\Users\Booster\AppData\Local\Temp\ccs9w8jc.s 			page 32


1741:Drivers/STM32G4xx_HAL_Driver/Src/stm32g4xx_hal_tim_ex.c ****   assert_param(IS_TIM_CCXN_INSTANCE(htim->Instance, OutputChannel));
1742:Drivers/STM32G4xx_HAL_Driver/Src/stm32g4xx_hal_tim_ex.c **** 
1743:Drivers/STM32G4xx_HAL_Driver/Src/stm32g4xx_hal_tim_ex.c ****   /* Disable the complementary One Pulse output channel and the Input Capture channel */
1744:Drivers/STM32G4xx_HAL_Driver/Src/stm32g4xx_hal_tim_ex.c ****   TIM_CCxNChannelCmd(htim->Instance, OutputChannel, TIM_CCxN_DISABLE);
1745:Drivers/STM32G4xx_HAL_Driver/Src/stm32g4xx_hal_tim_ex.c ****   TIM_CCxChannelCmd(htim->Instance, input_channel, TIM_CCx_DISABLE);
1746:Drivers/STM32G4xx_HAL_Driver/Src/stm32g4xx_hal_tim_ex.c **** 
1747:Drivers/STM32G4xx_HAL_Driver/Src/stm32g4xx_hal_tim_ex.c ****   /* Disable the Main Output */
1748:Drivers/STM32G4xx_HAL_Driver/Src/stm32g4xx_hal_tim_ex.c ****   __HAL_TIM_MOE_DISABLE(htim);
1749:Drivers/STM32G4xx_HAL_Driver/Src/stm32g4xx_hal_tim_ex.c **** 
1750:Drivers/STM32G4xx_HAL_Driver/Src/stm32g4xx_hal_tim_ex.c ****   /* Disable the Peripheral */
1751:Drivers/STM32G4xx_HAL_Driver/Src/stm32g4xx_hal_tim_ex.c ****   __HAL_TIM_DISABLE(htim);
1752:Drivers/STM32G4xx_HAL_Driver/Src/stm32g4xx_hal_tim_ex.c **** 
1753:Drivers/STM32G4xx_HAL_Driver/Src/stm32g4xx_hal_tim_ex.c ****   /* Set the TIM  channels state */
1754:Drivers/STM32G4xx_HAL_Driver/Src/stm32g4xx_hal_tim_ex.c ****   TIM_CHANNEL_STATE_SET(htim, TIM_CHANNEL_1, HAL_TIM_CHANNEL_STATE_READY);
1755:Drivers/STM32G4xx_HAL_Driver/Src/stm32g4xx_hal_tim_ex.c ****   TIM_CHANNEL_STATE_SET(htim, TIM_CHANNEL_2, HAL_TIM_CHANNEL_STATE_READY);
1756:Drivers/STM32G4xx_HAL_Driver/Src/stm32g4xx_hal_tim_ex.c ****   TIM_CHANNEL_N_STATE_SET(htim, TIM_CHANNEL_1, HAL_TIM_CHANNEL_STATE_READY);
1757:Drivers/STM32G4xx_HAL_Driver/Src/stm32g4xx_hal_tim_ex.c ****   TIM_CHANNEL_N_STATE_SET(htim, TIM_CHANNEL_2, HAL_TIM_CHANNEL_STATE_READY);
1758:Drivers/STM32G4xx_HAL_Driver/Src/stm32g4xx_hal_tim_ex.c **** 
1759:Drivers/STM32G4xx_HAL_Driver/Src/stm32g4xx_hal_tim_ex.c ****   /* Return function status */
1760:Drivers/STM32G4xx_HAL_Driver/Src/stm32g4xx_hal_tim_ex.c ****   return HAL_OK;
1761:Drivers/STM32G4xx_HAL_Driver/Src/stm32g4xx_hal_tim_ex.c **** }
1762:Drivers/STM32G4xx_HAL_Driver/Src/stm32g4xx_hal_tim_ex.c **** 
1763:Drivers/STM32G4xx_HAL_Driver/Src/stm32g4xx_hal_tim_ex.c **** /**
1764:Drivers/STM32G4xx_HAL_Driver/Src/stm32g4xx_hal_tim_ex.c ****   * @brief  Starts the TIM One Pulse signal generation in interrupt mode on the
1765:Drivers/STM32G4xx_HAL_Driver/Src/stm32g4xx_hal_tim_ex.c ****   *         complementary channel.
1766:Drivers/STM32G4xx_HAL_Driver/Src/stm32g4xx_hal_tim_ex.c ****   * @note OutputChannel must match the pulse output channel chosen when calling
1767:Drivers/STM32G4xx_HAL_Driver/Src/stm32g4xx_hal_tim_ex.c ****   *       @ref HAL_TIM_OnePulse_ConfigChannel().
1768:Drivers/STM32G4xx_HAL_Driver/Src/stm32g4xx_hal_tim_ex.c ****   * @param  htim TIM One Pulse handle
1769:Drivers/STM32G4xx_HAL_Driver/Src/stm32g4xx_hal_tim_ex.c ****   * @param  OutputChannel pulse output channel to enable
1770:Drivers/STM32G4xx_HAL_Driver/Src/stm32g4xx_hal_tim_ex.c ****   *          This parameter can be one of the following values:
1771:Drivers/STM32G4xx_HAL_Driver/Src/stm32g4xx_hal_tim_ex.c ****   *            @arg TIM_CHANNEL_1: TIM Channel 1 selected
1772:Drivers/STM32G4xx_HAL_Driver/Src/stm32g4xx_hal_tim_ex.c ****   *            @arg TIM_CHANNEL_2: TIM Channel 2 selected
1773:Drivers/STM32G4xx_HAL_Driver/Src/stm32g4xx_hal_tim_ex.c ****   * @retval HAL status
1774:Drivers/STM32G4xx_HAL_Driver/Src/stm32g4xx_hal_tim_ex.c ****   */
1775:Drivers/STM32G4xx_HAL_Driver/Src/stm32g4xx_hal_tim_ex.c **** HAL_StatusTypeDef HAL_TIMEx_OnePulseN_Start_IT(TIM_HandleTypeDef *htim, uint32_t OutputChannel)
1776:Drivers/STM32G4xx_HAL_Driver/Src/stm32g4xx_hal_tim_ex.c **** {
1777:Drivers/STM32G4xx_HAL_Driver/Src/stm32g4xx_hal_tim_ex.c ****   uint32_t input_channel = (OutputChannel == TIM_CHANNEL_1) ? TIM_CHANNEL_2 : TIM_CHANNEL_1;
1778:Drivers/STM32G4xx_HAL_Driver/Src/stm32g4xx_hal_tim_ex.c ****   HAL_TIM_ChannelStateTypeDef channel_1_state = TIM_CHANNEL_STATE_GET(htim, TIM_CHANNEL_1);
1779:Drivers/STM32G4xx_HAL_Driver/Src/stm32g4xx_hal_tim_ex.c ****   HAL_TIM_ChannelStateTypeDef channel_2_state = TIM_CHANNEL_STATE_GET(htim, TIM_CHANNEL_2);
1780:Drivers/STM32G4xx_HAL_Driver/Src/stm32g4xx_hal_tim_ex.c ****   HAL_TIM_ChannelStateTypeDef complementary_channel_1_state = TIM_CHANNEL_N_STATE_GET(htim, TIM_CHA
1781:Drivers/STM32G4xx_HAL_Driver/Src/stm32g4xx_hal_tim_ex.c ****   HAL_TIM_ChannelStateTypeDef complementary_channel_2_state = TIM_CHANNEL_N_STATE_GET(htim, TIM_CHA
1782:Drivers/STM32G4xx_HAL_Driver/Src/stm32g4xx_hal_tim_ex.c **** 
1783:Drivers/STM32G4xx_HAL_Driver/Src/stm32g4xx_hal_tim_ex.c ****   /* Check the parameters */
1784:Drivers/STM32G4xx_HAL_Driver/Src/stm32g4xx_hal_tim_ex.c ****   assert_param(IS_TIM_CCXN_INSTANCE(htim->Instance, OutputChannel));
1785:Drivers/STM32G4xx_HAL_Driver/Src/stm32g4xx_hal_tim_ex.c **** 
1786:Drivers/STM32G4xx_HAL_Driver/Src/stm32g4xx_hal_tim_ex.c ****   /* Check the TIM channels state */
1787:Drivers/STM32G4xx_HAL_Driver/Src/stm32g4xx_hal_tim_ex.c ****   if ((channel_1_state != HAL_TIM_CHANNEL_STATE_READY)
1788:Drivers/STM32G4xx_HAL_Driver/Src/stm32g4xx_hal_tim_ex.c ****       || (channel_2_state != HAL_TIM_CHANNEL_STATE_READY)
1789:Drivers/STM32G4xx_HAL_Driver/Src/stm32g4xx_hal_tim_ex.c ****       || (complementary_channel_1_state != HAL_TIM_CHANNEL_STATE_READY)
1790:Drivers/STM32G4xx_HAL_Driver/Src/stm32g4xx_hal_tim_ex.c ****       || (complementary_channel_2_state != HAL_TIM_CHANNEL_STATE_READY))
1791:Drivers/STM32G4xx_HAL_Driver/Src/stm32g4xx_hal_tim_ex.c ****   {
1792:Drivers/STM32G4xx_HAL_Driver/Src/stm32g4xx_hal_tim_ex.c ****     return HAL_ERROR;
1793:Drivers/STM32G4xx_HAL_Driver/Src/stm32g4xx_hal_tim_ex.c ****   }
1794:Drivers/STM32G4xx_HAL_Driver/Src/stm32g4xx_hal_tim_ex.c **** 
1795:Drivers/STM32G4xx_HAL_Driver/Src/stm32g4xx_hal_tim_ex.c ****   /* Set the TIM channels state */
1796:Drivers/STM32G4xx_HAL_Driver/Src/stm32g4xx_hal_tim_ex.c ****   TIM_CHANNEL_STATE_SET(htim, TIM_CHANNEL_1, HAL_TIM_CHANNEL_STATE_BUSY);
1797:Drivers/STM32G4xx_HAL_Driver/Src/stm32g4xx_hal_tim_ex.c ****   TIM_CHANNEL_STATE_SET(htim, TIM_CHANNEL_2, HAL_TIM_CHANNEL_STATE_BUSY);
ARM GAS  C:\Users\Booster\AppData\Local\Temp\ccs9w8jc.s 			page 33


1798:Drivers/STM32G4xx_HAL_Driver/Src/stm32g4xx_hal_tim_ex.c ****   TIM_CHANNEL_N_STATE_SET(htim, TIM_CHANNEL_1, HAL_TIM_CHANNEL_STATE_BUSY);
1799:Drivers/STM32G4xx_HAL_Driver/Src/stm32g4xx_hal_tim_ex.c ****   TIM_CHANNEL_N_STATE_SET(htim, TIM_CHANNEL_2, HAL_TIM_CHANNEL_STATE_BUSY);
1800:Drivers/STM32G4xx_HAL_Driver/Src/stm32g4xx_hal_tim_ex.c **** 
1801:Drivers/STM32G4xx_HAL_Driver/Src/stm32g4xx_hal_tim_ex.c ****   /* Enable the TIM Capture/Compare 1 interrupt */
1802:Drivers/STM32G4xx_HAL_Driver/Src/stm32g4xx_hal_tim_ex.c ****   __HAL_TIM_ENABLE_IT(htim, TIM_IT_CC1);
1803:Drivers/STM32G4xx_HAL_Driver/Src/stm32g4xx_hal_tim_ex.c **** 
1804:Drivers/STM32G4xx_HAL_Driver/Src/stm32g4xx_hal_tim_ex.c ****   /* Enable the TIM Capture/Compare 2 interrupt */
1805:Drivers/STM32G4xx_HAL_Driver/Src/stm32g4xx_hal_tim_ex.c ****   __HAL_TIM_ENABLE_IT(htim, TIM_IT_CC2);
1806:Drivers/STM32G4xx_HAL_Driver/Src/stm32g4xx_hal_tim_ex.c **** 
1807:Drivers/STM32G4xx_HAL_Driver/Src/stm32g4xx_hal_tim_ex.c ****   /* Enable the complementary One Pulse output channel and the Input Capture channel */
1808:Drivers/STM32G4xx_HAL_Driver/Src/stm32g4xx_hal_tim_ex.c ****   TIM_CCxNChannelCmd(htim->Instance, OutputChannel, TIM_CCxN_ENABLE);
1809:Drivers/STM32G4xx_HAL_Driver/Src/stm32g4xx_hal_tim_ex.c ****   TIM_CCxChannelCmd(htim->Instance, input_channel, TIM_CCx_ENABLE);
1810:Drivers/STM32G4xx_HAL_Driver/Src/stm32g4xx_hal_tim_ex.c **** 
1811:Drivers/STM32G4xx_HAL_Driver/Src/stm32g4xx_hal_tim_ex.c ****   /* Enable the Main Output */
1812:Drivers/STM32G4xx_HAL_Driver/Src/stm32g4xx_hal_tim_ex.c ****   __HAL_TIM_MOE_ENABLE(htim);
1813:Drivers/STM32G4xx_HAL_Driver/Src/stm32g4xx_hal_tim_ex.c **** 
1814:Drivers/STM32G4xx_HAL_Driver/Src/stm32g4xx_hal_tim_ex.c ****   /* Return function status */
1815:Drivers/STM32G4xx_HAL_Driver/Src/stm32g4xx_hal_tim_ex.c ****   return HAL_OK;
1816:Drivers/STM32G4xx_HAL_Driver/Src/stm32g4xx_hal_tim_ex.c **** }
1817:Drivers/STM32G4xx_HAL_Driver/Src/stm32g4xx_hal_tim_ex.c **** 
1818:Drivers/STM32G4xx_HAL_Driver/Src/stm32g4xx_hal_tim_ex.c **** /**
1819:Drivers/STM32G4xx_HAL_Driver/Src/stm32g4xx_hal_tim_ex.c ****   * @brief  Stops the TIM One Pulse signal generation in interrupt mode on the
1820:Drivers/STM32G4xx_HAL_Driver/Src/stm32g4xx_hal_tim_ex.c ****   *         complementary channel.
1821:Drivers/STM32G4xx_HAL_Driver/Src/stm32g4xx_hal_tim_ex.c ****   * @note OutputChannel must match the pulse output channel chosen when calling
1822:Drivers/STM32G4xx_HAL_Driver/Src/stm32g4xx_hal_tim_ex.c ****   *       @ref HAL_TIM_OnePulse_ConfigChannel().
1823:Drivers/STM32G4xx_HAL_Driver/Src/stm32g4xx_hal_tim_ex.c ****   * @param  htim TIM One Pulse handle
1824:Drivers/STM32G4xx_HAL_Driver/Src/stm32g4xx_hal_tim_ex.c ****   * @param  OutputChannel pulse output channel to disable
1825:Drivers/STM32G4xx_HAL_Driver/Src/stm32g4xx_hal_tim_ex.c ****   *          This parameter can be one of the following values:
1826:Drivers/STM32G4xx_HAL_Driver/Src/stm32g4xx_hal_tim_ex.c ****   *            @arg TIM_CHANNEL_1: TIM Channel 1 selected
1827:Drivers/STM32G4xx_HAL_Driver/Src/stm32g4xx_hal_tim_ex.c ****   *            @arg TIM_CHANNEL_2: TIM Channel 2 selected
1828:Drivers/STM32G4xx_HAL_Driver/Src/stm32g4xx_hal_tim_ex.c ****   * @retval HAL status
1829:Drivers/STM32G4xx_HAL_Driver/Src/stm32g4xx_hal_tim_ex.c ****   */
1830:Drivers/STM32G4xx_HAL_Driver/Src/stm32g4xx_hal_tim_ex.c **** HAL_StatusTypeDef HAL_TIMEx_OnePulseN_Stop_IT(TIM_HandleTypeDef *htim, uint32_t OutputChannel)
1831:Drivers/STM32G4xx_HAL_Driver/Src/stm32g4xx_hal_tim_ex.c **** {
1832:Drivers/STM32G4xx_HAL_Driver/Src/stm32g4xx_hal_tim_ex.c ****   uint32_t input_channel = (OutputChannel == TIM_CHANNEL_1) ? TIM_CHANNEL_2 : TIM_CHANNEL_1;
1833:Drivers/STM32G4xx_HAL_Driver/Src/stm32g4xx_hal_tim_ex.c **** 
1834:Drivers/STM32G4xx_HAL_Driver/Src/stm32g4xx_hal_tim_ex.c ****   /* Check the parameters */
1835:Drivers/STM32G4xx_HAL_Driver/Src/stm32g4xx_hal_tim_ex.c ****   assert_param(IS_TIM_CCXN_INSTANCE(htim->Instance, OutputChannel));
1836:Drivers/STM32G4xx_HAL_Driver/Src/stm32g4xx_hal_tim_ex.c **** 
1837:Drivers/STM32G4xx_HAL_Driver/Src/stm32g4xx_hal_tim_ex.c ****   /* Disable the TIM Capture/Compare 1 interrupt */
1838:Drivers/STM32G4xx_HAL_Driver/Src/stm32g4xx_hal_tim_ex.c ****   __HAL_TIM_DISABLE_IT(htim, TIM_IT_CC1);
1839:Drivers/STM32G4xx_HAL_Driver/Src/stm32g4xx_hal_tim_ex.c **** 
1840:Drivers/STM32G4xx_HAL_Driver/Src/stm32g4xx_hal_tim_ex.c ****   /* Disable the TIM Capture/Compare 2 interrupt */
1841:Drivers/STM32G4xx_HAL_Driver/Src/stm32g4xx_hal_tim_ex.c ****   __HAL_TIM_DISABLE_IT(htim, TIM_IT_CC2);
1842:Drivers/STM32G4xx_HAL_Driver/Src/stm32g4xx_hal_tim_ex.c **** 
1843:Drivers/STM32G4xx_HAL_Driver/Src/stm32g4xx_hal_tim_ex.c ****   /* Disable the complementary One Pulse output channel and the Input Capture channel */
1844:Drivers/STM32G4xx_HAL_Driver/Src/stm32g4xx_hal_tim_ex.c ****   TIM_CCxNChannelCmd(htim->Instance, OutputChannel, TIM_CCxN_DISABLE);
1845:Drivers/STM32G4xx_HAL_Driver/Src/stm32g4xx_hal_tim_ex.c ****   TIM_CCxChannelCmd(htim->Instance, input_channel, TIM_CCx_DISABLE);
1846:Drivers/STM32G4xx_HAL_Driver/Src/stm32g4xx_hal_tim_ex.c **** 
1847:Drivers/STM32G4xx_HAL_Driver/Src/stm32g4xx_hal_tim_ex.c ****   /* Disable the Main Output */
1848:Drivers/STM32G4xx_HAL_Driver/Src/stm32g4xx_hal_tim_ex.c ****   __HAL_TIM_MOE_DISABLE(htim);
1849:Drivers/STM32G4xx_HAL_Driver/Src/stm32g4xx_hal_tim_ex.c **** 
1850:Drivers/STM32G4xx_HAL_Driver/Src/stm32g4xx_hal_tim_ex.c ****   /* Disable the Peripheral */
1851:Drivers/STM32G4xx_HAL_Driver/Src/stm32g4xx_hal_tim_ex.c ****   __HAL_TIM_DISABLE(htim);
1852:Drivers/STM32G4xx_HAL_Driver/Src/stm32g4xx_hal_tim_ex.c **** 
1853:Drivers/STM32G4xx_HAL_Driver/Src/stm32g4xx_hal_tim_ex.c ****   /* Set the TIM  channels state */
1854:Drivers/STM32G4xx_HAL_Driver/Src/stm32g4xx_hal_tim_ex.c ****   TIM_CHANNEL_STATE_SET(htim, TIM_CHANNEL_1, HAL_TIM_CHANNEL_STATE_READY);
ARM GAS  C:\Users\Booster\AppData\Local\Temp\ccs9w8jc.s 			page 34


1855:Drivers/STM32G4xx_HAL_Driver/Src/stm32g4xx_hal_tim_ex.c ****   TIM_CHANNEL_STATE_SET(htim, TIM_CHANNEL_2, HAL_TIM_CHANNEL_STATE_READY);
1856:Drivers/STM32G4xx_HAL_Driver/Src/stm32g4xx_hal_tim_ex.c ****   TIM_CHANNEL_N_STATE_SET(htim, TIM_CHANNEL_1, HAL_TIM_CHANNEL_STATE_READY);
1857:Drivers/STM32G4xx_HAL_Driver/Src/stm32g4xx_hal_tim_ex.c ****   TIM_CHANNEL_N_STATE_SET(htim, TIM_CHANNEL_2, HAL_TIM_CHANNEL_STATE_READY);
1858:Drivers/STM32G4xx_HAL_Driver/Src/stm32g4xx_hal_tim_ex.c **** 
1859:Drivers/STM32G4xx_HAL_Driver/Src/stm32g4xx_hal_tim_ex.c ****   /* Return function status */
1860:Drivers/STM32G4xx_HAL_Driver/Src/stm32g4xx_hal_tim_ex.c ****   return HAL_OK;
1861:Drivers/STM32G4xx_HAL_Driver/Src/stm32g4xx_hal_tim_ex.c **** }
1862:Drivers/STM32G4xx_HAL_Driver/Src/stm32g4xx_hal_tim_ex.c **** 
1863:Drivers/STM32G4xx_HAL_Driver/Src/stm32g4xx_hal_tim_ex.c **** /**
1864:Drivers/STM32G4xx_HAL_Driver/Src/stm32g4xx_hal_tim_ex.c ****   * @}
1865:Drivers/STM32G4xx_HAL_Driver/Src/stm32g4xx_hal_tim_ex.c ****   */
1866:Drivers/STM32G4xx_HAL_Driver/Src/stm32g4xx_hal_tim_ex.c **** 
1867:Drivers/STM32G4xx_HAL_Driver/Src/stm32g4xx_hal_tim_ex.c **** /** @defgroup TIMEx_Exported_Functions_Group5 Extended Peripheral Control functions
1868:Drivers/STM32G4xx_HAL_Driver/Src/stm32g4xx_hal_tim_ex.c ****   * @brief    Peripheral Control functions
1869:Drivers/STM32G4xx_HAL_Driver/Src/stm32g4xx_hal_tim_ex.c ****   *
1870:Drivers/STM32G4xx_HAL_Driver/Src/stm32g4xx_hal_tim_ex.c **** @verbatim
1871:Drivers/STM32G4xx_HAL_Driver/Src/stm32g4xx_hal_tim_ex.c ****   ==============================================================================
1872:Drivers/STM32G4xx_HAL_Driver/Src/stm32g4xx_hal_tim_ex.c ****                     ##### Peripheral Control functions #####
1873:Drivers/STM32G4xx_HAL_Driver/Src/stm32g4xx_hal_tim_ex.c ****   ==============================================================================
1874:Drivers/STM32G4xx_HAL_Driver/Src/stm32g4xx_hal_tim_ex.c ****   [..]
1875:Drivers/STM32G4xx_HAL_Driver/Src/stm32g4xx_hal_tim_ex.c ****     This section provides functions allowing to:
1876:Drivers/STM32G4xx_HAL_Driver/Src/stm32g4xx_hal_tim_ex.c ****       (+) Configure the commutation event in case of use of the Hall sensor interface.
1877:Drivers/STM32G4xx_HAL_Driver/Src/stm32g4xx_hal_tim_ex.c ****       (+) Configure Output channels for OC and PWM mode.
1878:Drivers/STM32G4xx_HAL_Driver/Src/stm32g4xx_hal_tim_ex.c **** 
1879:Drivers/STM32G4xx_HAL_Driver/Src/stm32g4xx_hal_tim_ex.c ****       (+) Configure Complementary channels, break features and dead time.
1880:Drivers/STM32G4xx_HAL_Driver/Src/stm32g4xx_hal_tim_ex.c ****       (+) Configure Master synchronization.
1881:Drivers/STM32G4xx_HAL_Driver/Src/stm32g4xx_hal_tim_ex.c ****       (+) Configure timer remapping capabilities.
1882:Drivers/STM32G4xx_HAL_Driver/Src/stm32g4xx_hal_tim_ex.c ****       (+) Select timer input source.
1883:Drivers/STM32G4xx_HAL_Driver/Src/stm32g4xx_hal_tim_ex.c ****       (+) Enable or disable channel grouping.
1884:Drivers/STM32G4xx_HAL_Driver/Src/stm32g4xx_hal_tim_ex.c ****       (+) Configure Pulse on compare.
1885:Drivers/STM32G4xx_HAL_Driver/Src/stm32g4xx_hal_tim_ex.c ****       (+) Configure Encoder index.
1886:Drivers/STM32G4xx_HAL_Driver/Src/stm32g4xx_hal_tim_ex.c **** 
1887:Drivers/STM32G4xx_HAL_Driver/Src/stm32g4xx_hal_tim_ex.c **** @endverbatim
1888:Drivers/STM32G4xx_HAL_Driver/Src/stm32g4xx_hal_tim_ex.c ****   * @{
1889:Drivers/STM32G4xx_HAL_Driver/Src/stm32g4xx_hal_tim_ex.c ****   */
1890:Drivers/STM32G4xx_HAL_Driver/Src/stm32g4xx_hal_tim_ex.c **** 
1891:Drivers/STM32G4xx_HAL_Driver/Src/stm32g4xx_hal_tim_ex.c **** /**
1892:Drivers/STM32G4xx_HAL_Driver/Src/stm32g4xx_hal_tim_ex.c ****   * @brief  Configure the TIM commutation event sequence.
1893:Drivers/STM32G4xx_HAL_Driver/Src/stm32g4xx_hal_tim_ex.c ****   * @note  This function is mandatory to use the commutation event in order to
1894:Drivers/STM32G4xx_HAL_Driver/Src/stm32g4xx_hal_tim_ex.c ****   *        update the configuration at each commutation detection on the TRGI input of the Timer,
1895:Drivers/STM32G4xx_HAL_Driver/Src/stm32g4xx_hal_tim_ex.c ****   *        the typical use of this feature is with the use of another Timer(interface Timer)
1896:Drivers/STM32G4xx_HAL_Driver/Src/stm32g4xx_hal_tim_ex.c ****   *        configured in Hall sensor interface, this interface Timer will generate the
1897:Drivers/STM32G4xx_HAL_Driver/Src/stm32g4xx_hal_tim_ex.c ****   *        commutation at its TRGO output (connected to Timer used in this function) each time
1898:Drivers/STM32G4xx_HAL_Driver/Src/stm32g4xx_hal_tim_ex.c ****   *        the TI1 of the Interface Timer detect a commutation at its input TI1.
1899:Drivers/STM32G4xx_HAL_Driver/Src/stm32g4xx_hal_tim_ex.c ****   * @param  htim TIM handle
1900:Drivers/STM32G4xx_HAL_Driver/Src/stm32g4xx_hal_tim_ex.c ****   * @param  InputTrigger the Internal trigger corresponding to the Timer Interfacing with the Hall 
1901:Drivers/STM32G4xx_HAL_Driver/Src/stm32g4xx_hal_tim_ex.c ****   *          This parameter can be one of the following values:
1902:Drivers/STM32G4xx_HAL_Driver/Src/stm32g4xx_hal_tim_ex.c ****   *            @arg TIM_TS_ITR0: Internal trigger 0 selected
1903:Drivers/STM32G4xx_HAL_Driver/Src/stm32g4xx_hal_tim_ex.c ****   *            @arg TIM_TS_ITR1: Internal trigger 1 selected
1904:Drivers/STM32G4xx_HAL_Driver/Src/stm32g4xx_hal_tim_ex.c ****   *            @arg TIM_TS_ITR2: Internal trigger 2 selected
1905:Drivers/STM32G4xx_HAL_Driver/Src/stm32g4xx_hal_tim_ex.c ****   *            @arg TIM_TS_ITR3: Internal trigger 3 selected
1906:Drivers/STM32G4xx_HAL_Driver/Src/stm32g4xx_hal_tim_ex.c ****   *            @arg TIM_TS_ITR4: Internal trigger 4 selected   (*)
1907:Drivers/STM32G4xx_HAL_Driver/Src/stm32g4xx_hal_tim_ex.c ****   *            @arg TIM_TS_ITR5: Internal trigger 5 selected
1908:Drivers/STM32G4xx_HAL_Driver/Src/stm32g4xx_hal_tim_ex.c ****   *            @arg TIM_TS_ITR6: Internal trigger 6 selected
1909:Drivers/STM32G4xx_HAL_Driver/Src/stm32g4xx_hal_tim_ex.c ****   *            @arg TIM_TS_ITR7: Internal trigger 7 selected
1910:Drivers/STM32G4xx_HAL_Driver/Src/stm32g4xx_hal_tim_ex.c ****   *            @arg TIM_TS_ITR8: Internal trigger 8 selected
1911:Drivers/STM32G4xx_HAL_Driver/Src/stm32g4xx_hal_tim_ex.c ****   *            @arg TIM_TS_ITR9: Internal trigger 9 selected   (*)
ARM GAS  C:\Users\Booster\AppData\Local\Temp\ccs9w8jc.s 			page 35


1912:Drivers/STM32G4xx_HAL_Driver/Src/stm32g4xx_hal_tim_ex.c ****   *            @arg TIM_TS_ITR10: Internal trigger 10 selected
1913:Drivers/STM32G4xx_HAL_Driver/Src/stm32g4xx_hal_tim_ex.c ****   *            @arg TIM_TS_ITR11: Internal trigger 11 selected
1914:Drivers/STM32G4xx_HAL_Driver/Src/stm32g4xx_hal_tim_ex.c ****   *            @arg TIM_TS_NONE: No trigger is needed
1915:Drivers/STM32G4xx_HAL_Driver/Src/stm32g4xx_hal_tim_ex.c ****   *
1916:Drivers/STM32G4xx_HAL_Driver/Src/stm32g4xx_hal_tim_ex.c ****   *         (*)  Value not defined in all devices.
1917:Drivers/STM32G4xx_HAL_Driver/Src/stm32g4xx_hal_tim_ex.c ****   *
1918:Drivers/STM32G4xx_HAL_Driver/Src/stm32g4xx_hal_tim_ex.c ****   * @param  CommutationSource the Commutation Event source
1919:Drivers/STM32G4xx_HAL_Driver/Src/stm32g4xx_hal_tim_ex.c ****   *          This parameter can be one of the following values:
1920:Drivers/STM32G4xx_HAL_Driver/Src/stm32g4xx_hal_tim_ex.c ****   *            @arg TIM_COMMUTATION_TRGI: Commutation source is the TRGI of the Interface Timer
1921:Drivers/STM32G4xx_HAL_Driver/Src/stm32g4xx_hal_tim_ex.c ****   *            @arg TIM_COMMUTATION_SOFTWARE:  Commutation source is set by software using the COMG
1922:Drivers/STM32G4xx_HAL_Driver/Src/stm32g4xx_hal_tim_ex.c ****   * @retval HAL status
1923:Drivers/STM32G4xx_HAL_Driver/Src/stm32g4xx_hal_tim_ex.c ****   */
1924:Drivers/STM32G4xx_HAL_Driver/Src/stm32g4xx_hal_tim_ex.c **** HAL_StatusTypeDef HAL_TIMEx_ConfigCommutEvent(TIM_HandleTypeDef *htim, uint32_t  InputTrigger,
1925:Drivers/STM32G4xx_HAL_Driver/Src/stm32g4xx_hal_tim_ex.c ****                                               uint32_t  CommutationSource)
1926:Drivers/STM32G4xx_HAL_Driver/Src/stm32g4xx_hal_tim_ex.c **** {
1927:Drivers/STM32G4xx_HAL_Driver/Src/stm32g4xx_hal_tim_ex.c ****   /* Check the parameters */
1928:Drivers/STM32G4xx_HAL_Driver/Src/stm32g4xx_hal_tim_ex.c ****   assert_param(IS_TIM_COMMUTATION_EVENT_INSTANCE(htim->Instance));
1929:Drivers/STM32G4xx_HAL_Driver/Src/stm32g4xx_hal_tim_ex.c ****   assert_param(IS_TIM_INTERNAL_TRIGGEREVENT_INSTANCE(htim->Instance, InputTrigger));
1930:Drivers/STM32G4xx_HAL_Driver/Src/stm32g4xx_hal_tim_ex.c **** 
1931:Drivers/STM32G4xx_HAL_Driver/Src/stm32g4xx_hal_tim_ex.c ****   __HAL_LOCK(htim);
1932:Drivers/STM32G4xx_HAL_Driver/Src/stm32g4xx_hal_tim_ex.c **** 
1933:Drivers/STM32G4xx_HAL_Driver/Src/stm32g4xx_hal_tim_ex.c **** #if defined(TIM5) && defined(TIM20)
1934:Drivers/STM32G4xx_HAL_Driver/Src/stm32g4xx_hal_tim_ex.c ****   if ((InputTrigger == TIM_TS_ITR0)  || (InputTrigger == TIM_TS_ITR1) ||
1935:Drivers/STM32G4xx_HAL_Driver/Src/stm32g4xx_hal_tim_ex.c ****       (InputTrigger == TIM_TS_ITR2)  || (InputTrigger == TIM_TS_ITR3) ||
1936:Drivers/STM32G4xx_HAL_Driver/Src/stm32g4xx_hal_tim_ex.c ****       (InputTrigger == TIM_TS_ITR4)  || (InputTrigger == TIM_TS_ITR5) ||
1937:Drivers/STM32G4xx_HAL_Driver/Src/stm32g4xx_hal_tim_ex.c ****       (InputTrigger == TIM_TS_ITR6)  || (InputTrigger == TIM_TS_ITR7) ||
1938:Drivers/STM32G4xx_HAL_Driver/Src/stm32g4xx_hal_tim_ex.c ****       (InputTrigger == TIM_TS_ITR8)  || (InputTrigger == TIM_TS_ITR9) ||
1939:Drivers/STM32G4xx_HAL_Driver/Src/stm32g4xx_hal_tim_ex.c ****       (InputTrigger == TIM_TS_ITR10) || (InputTrigger == TIM_TS_ITR11))
1940:Drivers/STM32G4xx_HAL_Driver/Src/stm32g4xx_hal_tim_ex.c **** #elif defined(TIM5)
1941:Drivers/STM32G4xx_HAL_Driver/Src/stm32g4xx_hal_tim_ex.c ****   if ((InputTrigger == TIM_TS_ITR0)  || (InputTrigger == TIM_TS_ITR1) ||
1942:Drivers/STM32G4xx_HAL_Driver/Src/stm32g4xx_hal_tim_ex.c ****       (InputTrigger == TIM_TS_ITR2)  || (InputTrigger == TIM_TS_ITR3) ||
1943:Drivers/STM32G4xx_HAL_Driver/Src/stm32g4xx_hal_tim_ex.c ****       (InputTrigger == TIM_TS_ITR4)  || (InputTrigger == TIM_TS_ITR5) ||
1944:Drivers/STM32G4xx_HAL_Driver/Src/stm32g4xx_hal_tim_ex.c ****       (InputTrigger == TIM_TS_ITR6)  || (InputTrigger == TIM_TS_ITR7) ||
1945:Drivers/STM32G4xx_HAL_Driver/Src/stm32g4xx_hal_tim_ex.c ****       (InputTrigger == TIM_TS_ITR8)  || (InputTrigger == TIM_TS_ITR11))
1946:Drivers/STM32G4xx_HAL_Driver/Src/stm32g4xx_hal_tim_ex.c **** #elif defined(TIM20)
1947:Drivers/STM32G4xx_HAL_Driver/Src/stm32g4xx_hal_tim_ex.c ****   if ((InputTrigger == TIM_TS_ITR0)  || (InputTrigger == TIM_TS_ITR1) ||
1948:Drivers/STM32G4xx_HAL_Driver/Src/stm32g4xx_hal_tim_ex.c ****       (InputTrigger == TIM_TS_ITR2)  || (InputTrigger == TIM_TS_ITR3) ||
1949:Drivers/STM32G4xx_HAL_Driver/Src/stm32g4xx_hal_tim_ex.c ****       (InputTrigger == TIM_TS_ITR5)  || (InputTrigger == TIM_TS_ITR6) ||
1950:Drivers/STM32G4xx_HAL_Driver/Src/stm32g4xx_hal_tim_ex.c ****       (InputTrigger == TIM_TS_ITR7)  || (InputTrigger == TIM_TS_ITR8) ||
1951:Drivers/STM32G4xx_HAL_Driver/Src/stm32g4xx_hal_tim_ex.c ****       (InputTrigger == TIM_TS_ITR9)  || (InputTrigger == TIM_TS_ITR11))
1952:Drivers/STM32G4xx_HAL_Driver/Src/stm32g4xx_hal_tim_ex.c **** #else
1953:Drivers/STM32G4xx_HAL_Driver/Src/stm32g4xx_hal_tim_ex.c ****   if ((InputTrigger == TIM_TS_ITR0)  || (InputTrigger == TIM_TS_ITR1) ||
1954:Drivers/STM32G4xx_HAL_Driver/Src/stm32g4xx_hal_tim_ex.c ****       (InputTrigger == TIM_TS_ITR2)  || (InputTrigger == TIM_TS_ITR3) ||
1955:Drivers/STM32G4xx_HAL_Driver/Src/stm32g4xx_hal_tim_ex.c ****       (InputTrigger == TIM_TS_ITR5)  || (InputTrigger == TIM_TS_ITR6) ||
1956:Drivers/STM32G4xx_HAL_Driver/Src/stm32g4xx_hal_tim_ex.c ****       (InputTrigger == TIM_TS_ITR7)  || (InputTrigger == TIM_TS_ITR8) ||
1957:Drivers/STM32G4xx_HAL_Driver/Src/stm32g4xx_hal_tim_ex.c ****       (InputTrigger == TIM_TS_ITR11))
1958:Drivers/STM32G4xx_HAL_Driver/Src/stm32g4xx_hal_tim_ex.c **** #endif /* TIM5 && TIM20 */
1959:Drivers/STM32G4xx_HAL_Driver/Src/stm32g4xx_hal_tim_ex.c ****   {
1960:Drivers/STM32G4xx_HAL_Driver/Src/stm32g4xx_hal_tim_ex.c ****     /* Select the Input trigger */
1961:Drivers/STM32G4xx_HAL_Driver/Src/stm32g4xx_hal_tim_ex.c ****     htim->Instance->SMCR &= ~TIM_SMCR_TS;
1962:Drivers/STM32G4xx_HAL_Driver/Src/stm32g4xx_hal_tim_ex.c ****     htim->Instance->SMCR |= InputTrigger;
1963:Drivers/STM32G4xx_HAL_Driver/Src/stm32g4xx_hal_tim_ex.c ****   }
1964:Drivers/STM32G4xx_HAL_Driver/Src/stm32g4xx_hal_tim_ex.c **** 
1965:Drivers/STM32G4xx_HAL_Driver/Src/stm32g4xx_hal_tim_ex.c ****   /* Select the Capture Compare preload feature */
1966:Drivers/STM32G4xx_HAL_Driver/Src/stm32g4xx_hal_tim_ex.c ****   htim->Instance->CR2 |= TIM_CR2_CCPC;
1967:Drivers/STM32G4xx_HAL_Driver/Src/stm32g4xx_hal_tim_ex.c ****   /* Select the Commutation event source */
1968:Drivers/STM32G4xx_HAL_Driver/Src/stm32g4xx_hal_tim_ex.c ****   htim->Instance->CR2 &= ~TIM_CR2_CCUS;
ARM GAS  C:\Users\Booster\AppData\Local\Temp\ccs9w8jc.s 			page 36


1969:Drivers/STM32G4xx_HAL_Driver/Src/stm32g4xx_hal_tim_ex.c ****   htim->Instance->CR2 |= CommutationSource;
1970:Drivers/STM32G4xx_HAL_Driver/Src/stm32g4xx_hal_tim_ex.c **** 
1971:Drivers/STM32G4xx_HAL_Driver/Src/stm32g4xx_hal_tim_ex.c ****   /* Disable Commutation Interrupt */
1972:Drivers/STM32G4xx_HAL_Driver/Src/stm32g4xx_hal_tim_ex.c ****   __HAL_TIM_DISABLE_IT(htim, TIM_IT_COM);
1973:Drivers/STM32G4xx_HAL_Driver/Src/stm32g4xx_hal_tim_ex.c **** 
1974:Drivers/STM32G4xx_HAL_Driver/Src/stm32g4xx_hal_tim_ex.c ****   /* Disable Commutation DMA request */
1975:Drivers/STM32G4xx_HAL_Driver/Src/stm32g4xx_hal_tim_ex.c ****   __HAL_TIM_DISABLE_DMA(htim, TIM_DMA_COM);
1976:Drivers/STM32G4xx_HAL_Driver/Src/stm32g4xx_hal_tim_ex.c **** 
1977:Drivers/STM32G4xx_HAL_Driver/Src/stm32g4xx_hal_tim_ex.c ****   __HAL_UNLOCK(htim);
1978:Drivers/STM32G4xx_HAL_Driver/Src/stm32g4xx_hal_tim_ex.c **** 
1979:Drivers/STM32G4xx_HAL_Driver/Src/stm32g4xx_hal_tim_ex.c ****   return HAL_OK;
1980:Drivers/STM32G4xx_HAL_Driver/Src/stm32g4xx_hal_tim_ex.c **** }
1981:Drivers/STM32G4xx_HAL_Driver/Src/stm32g4xx_hal_tim_ex.c **** 
1982:Drivers/STM32G4xx_HAL_Driver/Src/stm32g4xx_hal_tim_ex.c **** /**
1983:Drivers/STM32G4xx_HAL_Driver/Src/stm32g4xx_hal_tim_ex.c ****   * @brief  Configure the TIM commutation event sequence with interrupt.
1984:Drivers/STM32G4xx_HAL_Driver/Src/stm32g4xx_hal_tim_ex.c ****   * @note  This function is mandatory to use the commutation event in order to
1985:Drivers/STM32G4xx_HAL_Driver/Src/stm32g4xx_hal_tim_ex.c ****   *        update the configuration at each commutation detection on the TRGI input of the Timer,
1986:Drivers/STM32G4xx_HAL_Driver/Src/stm32g4xx_hal_tim_ex.c ****   *        the typical use of this feature is with the use of another Timer(interface Timer)
1987:Drivers/STM32G4xx_HAL_Driver/Src/stm32g4xx_hal_tim_ex.c ****   *        configured in Hall sensor interface, this interface Timer will generate the
1988:Drivers/STM32G4xx_HAL_Driver/Src/stm32g4xx_hal_tim_ex.c ****   *        commutation at its TRGO output (connected to Timer used in this function) each time
1989:Drivers/STM32G4xx_HAL_Driver/Src/stm32g4xx_hal_tim_ex.c ****   *        the TI1 of the Interface Timer detect a commutation at its input TI1.
1990:Drivers/STM32G4xx_HAL_Driver/Src/stm32g4xx_hal_tim_ex.c ****   * @param  htim TIM handle
1991:Drivers/STM32G4xx_HAL_Driver/Src/stm32g4xx_hal_tim_ex.c ****   * @param  InputTrigger the Internal trigger corresponding to the Timer Interfacing with the Hall 
1992:Drivers/STM32G4xx_HAL_Driver/Src/stm32g4xx_hal_tim_ex.c ****   *          This parameter can be one of the following values:
1993:Drivers/STM32G4xx_HAL_Driver/Src/stm32g4xx_hal_tim_ex.c ****   *            @arg TIM_TS_ITR0: Internal trigger 0 selected
1994:Drivers/STM32G4xx_HAL_Driver/Src/stm32g4xx_hal_tim_ex.c ****   *            @arg TIM_TS_ITR1: Internal trigger 1 selected
1995:Drivers/STM32G4xx_HAL_Driver/Src/stm32g4xx_hal_tim_ex.c ****   *            @arg TIM_TS_ITR2: Internal trigger 2 selected
1996:Drivers/STM32G4xx_HAL_Driver/Src/stm32g4xx_hal_tim_ex.c ****   *            @arg TIM_TS_ITR3: Internal trigger 3 selected
1997:Drivers/STM32G4xx_HAL_Driver/Src/stm32g4xx_hal_tim_ex.c ****   *            @arg TIM_TS_ITR4: Internal trigger 4 selected   (*)
1998:Drivers/STM32G4xx_HAL_Driver/Src/stm32g4xx_hal_tim_ex.c ****   *            @arg TIM_TS_ITR5: Internal trigger 5 selected
1999:Drivers/STM32G4xx_HAL_Driver/Src/stm32g4xx_hal_tim_ex.c ****   *            @arg TIM_TS_ITR6: Internal trigger 6 selected
2000:Drivers/STM32G4xx_HAL_Driver/Src/stm32g4xx_hal_tim_ex.c ****   *            @arg TIM_TS_ITR7: Internal trigger 7 selected
2001:Drivers/STM32G4xx_HAL_Driver/Src/stm32g4xx_hal_tim_ex.c ****   *            @arg TIM_TS_ITR8: Internal trigger 8 selected
2002:Drivers/STM32G4xx_HAL_Driver/Src/stm32g4xx_hal_tim_ex.c ****   *            @arg TIM_TS_ITR9: Internal trigger 9 selected   (*)
2003:Drivers/STM32G4xx_HAL_Driver/Src/stm32g4xx_hal_tim_ex.c ****   *            @arg TIM_TS_ITR10: Internal trigger 10 selected
2004:Drivers/STM32G4xx_HAL_Driver/Src/stm32g4xx_hal_tim_ex.c ****   *            @arg TIM_TS_ITR11: Internal trigger 11 selected
2005:Drivers/STM32G4xx_HAL_Driver/Src/stm32g4xx_hal_tim_ex.c ****   *            @arg TIM_TS_NONE: No trigger is needed
2006:Drivers/STM32G4xx_HAL_Driver/Src/stm32g4xx_hal_tim_ex.c ****   *
2007:Drivers/STM32G4xx_HAL_Driver/Src/stm32g4xx_hal_tim_ex.c ****   *         (*)  Value not defined in all devices.
2008:Drivers/STM32G4xx_HAL_Driver/Src/stm32g4xx_hal_tim_ex.c ****   *
2009:Drivers/STM32G4xx_HAL_Driver/Src/stm32g4xx_hal_tim_ex.c ****   * @param  CommutationSource the Commutation Event source
2010:Drivers/STM32G4xx_HAL_Driver/Src/stm32g4xx_hal_tim_ex.c ****   *          This parameter can be one of the following values:
2011:Drivers/STM32G4xx_HAL_Driver/Src/stm32g4xx_hal_tim_ex.c ****   *            @arg TIM_COMMUTATION_TRGI: Commutation source is the TRGI of the Interface Timer
2012:Drivers/STM32G4xx_HAL_Driver/Src/stm32g4xx_hal_tim_ex.c ****   *            @arg TIM_COMMUTATION_SOFTWARE:  Commutation source is set by software using the COMG
2013:Drivers/STM32G4xx_HAL_Driver/Src/stm32g4xx_hal_tim_ex.c ****   * @retval HAL status
2014:Drivers/STM32G4xx_HAL_Driver/Src/stm32g4xx_hal_tim_ex.c ****   */
2015:Drivers/STM32G4xx_HAL_Driver/Src/stm32g4xx_hal_tim_ex.c **** HAL_StatusTypeDef HAL_TIMEx_ConfigCommutEvent_IT(TIM_HandleTypeDef *htim, uint32_t  InputTrigger,
2016:Drivers/STM32G4xx_HAL_Driver/Src/stm32g4xx_hal_tim_ex.c ****                                                  uint32_t  CommutationSource)
2017:Drivers/STM32G4xx_HAL_Driver/Src/stm32g4xx_hal_tim_ex.c **** {
2018:Drivers/STM32G4xx_HAL_Driver/Src/stm32g4xx_hal_tim_ex.c ****   /* Check the parameters */
2019:Drivers/STM32G4xx_HAL_Driver/Src/stm32g4xx_hal_tim_ex.c ****   assert_param(IS_TIM_COMMUTATION_EVENT_INSTANCE(htim->Instance));
2020:Drivers/STM32G4xx_HAL_Driver/Src/stm32g4xx_hal_tim_ex.c ****   assert_param(IS_TIM_INTERNAL_TRIGGEREVENT_INSTANCE(htim->Instance, InputTrigger));
2021:Drivers/STM32G4xx_HAL_Driver/Src/stm32g4xx_hal_tim_ex.c **** 
2022:Drivers/STM32G4xx_HAL_Driver/Src/stm32g4xx_hal_tim_ex.c ****   __HAL_LOCK(htim);
2023:Drivers/STM32G4xx_HAL_Driver/Src/stm32g4xx_hal_tim_ex.c **** 
2024:Drivers/STM32G4xx_HAL_Driver/Src/stm32g4xx_hal_tim_ex.c **** #if defined(TIM5) && defined(TIM20)
2025:Drivers/STM32G4xx_HAL_Driver/Src/stm32g4xx_hal_tim_ex.c ****   if ((InputTrigger == TIM_TS_ITR0)  || (InputTrigger == TIM_TS_ITR1) ||
ARM GAS  C:\Users\Booster\AppData\Local\Temp\ccs9w8jc.s 			page 37


2026:Drivers/STM32G4xx_HAL_Driver/Src/stm32g4xx_hal_tim_ex.c ****       (InputTrigger == TIM_TS_ITR2)  || (InputTrigger == TIM_TS_ITR3) ||
2027:Drivers/STM32G4xx_HAL_Driver/Src/stm32g4xx_hal_tim_ex.c ****       (InputTrigger == TIM_TS_ITR4)  || (InputTrigger == TIM_TS_ITR5) ||
2028:Drivers/STM32G4xx_HAL_Driver/Src/stm32g4xx_hal_tim_ex.c ****       (InputTrigger == TIM_TS_ITR6)  || (InputTrigger == TIM_TS_ITR7) ||
2029:Drivers/STM32G4xx_HAL_Driver/Src/stm32g4xx_hal_tim_ex.c ****       (InputTrigger == TIM_TS_ITR8)  || (InputTrigger == TIM_TS_ITR9) ||
2030:Drivers/STM32G4xx_HAL_Driver/Src/stm32g4xx_hal_tim_ex.c ****       (InputTrigger == TIM_TS_ITR10) || (InputTrigger == TIM_TS_ITR11))
2031:Drivers/STM32G4xx_HAL_Driver/Src/stm32g4xx_hal_tim_ex.c **** #elif defined(TIM5)
2032:Drivers/STM32G4xx_HAL_Driver/Src/stm32g4xx_hal_tim_ex.c ****   if ((InputTrigger == TIM_TS_ITR0)  || (InputTrigger == TIM_TS_ITR1) ||
2033:Drivers/STM32G4xx_HAL_Driver/Src/stm32g4xx_hal_tim_ex.c ****       (InputTrigger == TIM_TS_ITR2)  || (InputTrigger == TIM_TS_ITR3) ||
2034:Drivers/STM32G4xx_HAL_Driver/Src/stm32g4xx_hal_tim_ex.c ****       (InputTrigger == TIM_TS_ITR4)  || (InputTrigger == TIM_TS_ITR5) ||
2035:Drivers/STM32G4xx_HAL_Driver/Src/stm32g4xx_hal_tim_ex.c ****       (InputTrigger == TIM_TS_ITR6)  || (InputTrigger == TIM_TS_ITR7) ||
2036:Drivers/STM32G4xx_HAL_Driver/Src/stm32g4xx_hal_tim_ex.c ****       (InputTrigger == TIM_TS_ITR8)  || (InputTrigger == TIM_TS_ITR11))
2037:Drivers/STM32G4xx_HAL_Driver/Src/stm32g4xx_hal_tim_ex.c **** #elif defined(TIM20)
2038:Drivers/STM32G4xx_HAL_Driver/Src/stm32g4xx_hal_tim_ex.c ****   if ((InputTrigger == TIM_TS_ITR0)  || (InputTrigger == TIM_TS_ITR1) ||
2039:Drivers/STM32G4xx_HAL_Driver/Src/stm32g4xx_hal_tim_ex.c ****       (InputTrigger == TIM_TS_ITR2)  || (InputTrigger == TIM_TS_ITR3) ||
2040:Drivers/STM32G4xx_HAL_Driver/Src/stm32g4xx_hal_tim_ex.c ****       (InputTrigger == TIM_TS_ITR5)  || (InputTrigger == TIM_TS_ITR6) ||
2041:Drivers/STM32G4xx_HAL_Driver/Src/stm32g4xx_hal_tim_ex.c ****       (InputTrigger == TIM_TS_ITR7)  || (InputTrigger == TIM_TS_ITR8) ||
2042:Drivers/STM32G4xx_HAL_Driver/Src/stm32g4xx_hal_tim_ex.c ****       (InputTrigger == TIM_TS_ITR9)  || (InputTrigger == TIM_TS_ITR11))
2043:Drivers/STM32G4xx_HAL_Driver/Src/stm32g4xx_hal_tim_ex.c **** #else
2044:Drivers/STM32G4xx_HAL_Driver/Src/stm32g4xx_hal_tim_ex.c ****   if ((InputTrigger == TIM_TS_ITR0)  || (InputTrigger == TIM_TS_ITR1) ||
2045:Drivers/STM32G4xx_HAL_Driver/Src/stm32g4xx_hal_tim_ex.c ****       (InputTrigger == TIM_TS_ITR2)  || (InputTrigger == TIM_TS_ITR3) ||
2046:Drivers/STM32G4xx_HAL_Driver/Src/stm32g4xx_hal_tim_ex.c ****       (InputTrigger == TIM_TS_ITR5)  || (InputTrigger == TIM_TS_ITR6) ||
2047:Drivers/STM32G4xx_HAL_Driver/Src/stm32g4xx_hal_tim_ex.c ****       (InputTrigger == TIM_TS_ITR7)  || (InputTrigger == TIM_TS_ITR8) ||
2048:Drivers/STM32G4xx_HAL_Driver/Src/stm32g4xx_hal_tim_ex.c ****       (InputTrigger == TIM_TS_ITR11))
2049:Drivers/STM32G4xx_HAL_Driver/Src/stm32g4xx_hal_tim_ex.c **** #endif /* TIM5 && TIM20 */
2050:Drivers/STM32G4xx_HAL_Driver/Src/stm32g4xx_hal_tim_ex.c ****   {
2051:Drivers/STM32G4xx_HAL_Driver/Src/stm32g4xx_hal_tim_ex.c ****     /* Select the Input trigger */
2052:Drivers/STM32G4xx_HAL_Driver/Src/stm32g4xx_hal_tim_ex.c ****     htim->Instance->SMCR &= ~TIM_SMCR_TS;
2053:Drivers/STM32G4xx_HAL_Driver/Src/stm32g4xx_hal_tim_ex.c ****     htim->Instance->SMCR |= InputTrigger;
2054:Drivers/STM32G4xx_HAL_Driver/Src/stm32g4xx_hal_tim_ex.c ****   }
2055:Drivers/STM32G4xx_HAL_Driver/Src/stm32g4xx_hal_tim_ex.c **** 
2056:Drivers/STM32G4xx_HAL_Driver/Src/stm32g4xx_hal_tim_ex.c ****   /* Select the Capture Compare preload feature */
2057:Drivers/STM32G4xx_HAL_Driver/Src/stm32g4xx_hal_tim_ex.c ****   htim->Instance->CR2 |= TIM_CR2_CCPC;
2058:Drivers/STM32G4xx_HAL_Driver/Src/stm32g4xx_hal_tim_ex.c ****   /* Select the Commutation event source */
2059:Drivers/STM32G4xx_HAL_Driver/Src/stm32g4xx_hal_tim_ex.c ****   htim->Instance->CR2 &= ~TIM_CR2_CCUS;
2060:Drivers/STM32G4xx_HAL_Driver/Src/stm32g4xx_hal_tim_ex.c ****   htim->Instance->CR2 |= CommutationSource;
2061:Drivers/STM32G4xx_HAL_Driver/Src/stm32g4xx_hal_tim_ex.c **** 
2062:Drivers/STM32G4xx_HAL_Driver/Src/stm32g4xx_hal_tim_ex.c ****   /* Disable Commutation DMA request */
2063:Drivers/STM32G4xx_HAL_Driver/Src/stm32g4xx_hal_tim_ex.c ****   __HAL_TIM_DISABLE_DMA(htim, TIM_DMA_COM);
2064:Drivers/STM32G4xx_HAL_Driver/Src/stm32g4xx_hal_tim_ex.c **** 
2065:Drivers/STM32G4xx_HAL_Driver/Src/stm32g4xx_hal_tim_ex.c ****   /* Enable the Commutation Interrupt */
2066:Drivers/STM32G4xx_HAL_Driver/Src/stm32g4xx_hal_tim_ex.c ****   __HAL_TIM_ENABLE_IT(htim, TIM_IT_COM);
2067:Drivers/STM32G4xx_HAL_Driver/Src/stm32g4xx_hal_tim_ex.c **** 
2068:Drivers/STM32G4xx_HAL_Driver/Src/stm32g4xx_hal_tim_ex.c ****   __HAL_UNLOCK(htim);
2069:Drivers/STM32G4xx_HAL_Driver/Src/stm32g4xx_hal_tim_ex.c **** 
2070:Drivers/STM32G4xx_HAL_Driver/Src/stm32g4xx_hal_tim_ex.c ****   return HAL_OK;
2071:Drivers/STM32G4xx_HAL_Driver/Src/stm32g4xx_hal_tim_ex.c **** }
2072:Drivers/STM32G4xx_HAL_Driver/Src/stm32g4xx_hal_tim_ex.c **** 
2073:Drivers/STM32G4xx_HAL_Driver/Src/stm32g4xx_hal_tim_ex.c **** /**
2074:Drivers/STM32G4xx_HAL_Driver/Src/stm32g4xx_hal_tim_ex.c ****   * @brief  Configure the TIM commutation event sequence with DMA.
2075:Drivers/STM32G4xx_HAL_Driver/Src/stm32g4xx_hal_tim_ex.c ****   * @note  This function is mandatory to use the commutation event in order to
2076:Drivers/STM32G4xx_HAL_Driver/Src/stm32g4xx_hal_tim_ex.c ****   *        update the configuration at each commutation detection on the TRGI input of the Timer,
2077:Drivers/STM32G4xx_HAL_Driver/Src/stm32g4xx_hal_tim_ex.c ****   *        the typical use of this feature is with the use of another Timer(interface Timer)
2078:Drivers/STM32G4xx_HAL_Driver/Src/stm32g4xx_hal_tim_ex.c ****   *        configured in Hall sensor interface, this interface Timer will generate the
2079:Drivers/STM32G4xx_HAL_Driver/Src/stm32g4xx_hal_tim_ex.c ****   *        commutation at its TRGO output (connected to Timer used in this function) each time
2080:Drivers/STM32G4xx_HAL_Driver/Src/stm32g4xx_hal_tim_ex.c ****   *        the TI1 of the Interface Timer detect a commutation at its input TI1.
2081:Drivers/STM32G4xx_HAL_Driver/Src/stm32g4xx_hal_tim_ex.c ****   * @note  The user should configure the DMA in his own software, in This function only the COMDE b
2082:Drivers/STM32G4xx_HAL_Driver/Src/stm32g4xx_hal_tim_ex.c ****   * @param  htim TIM handle
ARM GAS  C:\Users\Booster\AppData\Local\Temp\ccs9w8jc.s 			page 38


2083:Drivers/STM32G4xx_HAL_Driver/Src/stm32g4xx_hal_tim_ex.c ****   * @param  InputTrigger the Internal trigger corresponding to the Timer Interfacing with the Hall 
2084:Drivers/STM32G4xx_HAL_Driver/Src/stm32g4xx_hal_tim_ex.c ****   *          This parameter can be one of the following values:
2085:Drivers/STM32G4xx_HAL_Driver/Src/stm32g4xx_hal_tim_ex.c ****   *            @arg TIM_TS_ITR0: Internal trigger 0 selected
2086:Drivers/STM32G4xx_HAL_Driver/Src/stm32g4xx_hal_tim_ex.c ****   *            @arg TIM_TS_ITR1: Internal trigger 1 selected
2087:Drivers/STM32G4xx_HAL_Driver/Src/stm32g4xx_hal_tim_ex.c ****   *            @arg TIM_TS_ITR2: Internal trigger 2 selected
2088:Drivers/STM32G4xx_HAL_Driver/Src/stm32g4xx_hal_tim_ex.c ****   *            @arg TIM_TS_ITR3: Internal trigger 3 selected
2089:Drivers/STM32G4xx_HAL_Driver/Src/stm32g4xx_hal_tim_ex.c ****   *            @arg TIM_TS_ITR4: Internal trigger 4 selected   (*)
2090:Drivers/STM32G4xx_HAL_Driver/Src/stm32g4xx_hal_tim_ex.c ****   *            @arg TIM_TS_ITR5: Internal trigger 5 selected
2091:Drivers/STM32G4xx_HAL_Driver/Src/stm32g4xx_hal_tim_ex.c ****   *            @arg TIM_TS_ITR6: Internal trigger 6 selected
2092:Drivers/STM32G4xx_HAL_Driver/Src/stm32g4xx_hal_tim_ex.c ****   *            @arg TIM_TS_ITR7: Internal trigger 7 selected
2093:Drivers/STM32G4xx_HAL_Driver/Src/stm32g4xx_hal_tim_ex.c ****   *            @arg TIM_TS_ITR8: Internal trigger 8 selected
2094:Drivers/STM32G4xx_HAL_Driver/Src/stm32g4xx_hal_tim_ex.c ****   *            @arg TIM_TS_ITR9: Internal trigger 9 selected   (*)
2095:Drivers/STM32G4xx_HAL_Driver/Src/stm32g4xx_hal_tim_ex.c ****   *            @arg TIM_TS_ITR10: Internal trigger 10 selected
2096:Drivers/STM32G4xx_HAL_Driver/Src/stm32g4xx_hal_tim_ex.c ****   *            @arg TIM_TS_ITR11: Internal trigger 11 selected
2097:Drivers/STM32G4xx_HAL_Driver/Src/stm32g4xx_hal_tim_ex.c ****   *            @arg TIM_TS_NONE: No trigger is needed
2098:Drivers/STM32G4xx_HAL_Driver/Src/stm32g4xx_hal_tim_ex.c ****   *
2099:Drivers/STM32G4xx_HAL_Driver/Src/stm32g4xx_hal_tim_ex.c ****   *         (*)  Value not defined in all devices.
2100:Drivers/STM32G4xx_HAL_Driver/Src/stm32g4xx_hal_tim_ex.c ****   *
2101:Drivers/STM32G4xx_HAL_Driver/Src/stm32g4xx_hal_tim_ex.c ****   * @param  CommutationSource the Commutation Event source
2102:Drivers/STM32G4xx_HAL_Driver/Src/stm32g4xx_hal_tim_ex.c ****   *          This parameter can be one of the following values:
2103:Drivers/STM32G4xx_HAL_Driver/Src/stm32g4xx_hal_tim_ex.c ****   *            @arg TIM_COMMUTATION_TRGI: Commutation source is the TRGI of the Interface Timer
2104:Drivers/STM32G4xx_HAL_Driver/Src/stm32g4xx_hal_tim_ex.c ****   *            @arg TIM_COMMUTATION_SOFTWARE:  Commutation source is set by software using the COMG
2105:Drivers/STM32G4xx_HAL_Driver/Src/stm32g4xx_hal_tim_ex.c ****   * @retval HAL status
2106:Drivers/STM32G4xx_HAL_Driver/Src/stm32g4xx_hal_tim_ex.c ****   */
2107:Drivers/STM32G4xx_HAL_Driver/Src/stm32g4xx_hal_tim_ex.c **** HAL_StatusTypeDef HAL_TIMEx_ConfigCommutEvent_DMA(TIM_HandleTypeDef *htim, uint32_t  InputTrigger,
2108:Drivers/STM32G4xx_HAL_Driver/Src/stm32g4xx_hal_tim_ex.c ****                                                   uint32_t  CommutationSource)
2109:Drivers/STM32G4xx_HAL_Driver/Src/stm32g4xx_hal_tim_ex.c **** {
2110:Drivers/STM32G4xx_HAL_Driver/Src/stm32g4xx_hal_tim_ex.c ****   /* Check the parameters */
2111:Drivers/STM32G4xx_HAL_Driver/Src/stm32g4xx_hal_tim_ex.c ****   assert_param(IS_TIM_COMMUTATION_EVENT_INSTANCE(htim->Instance));
2112:Drivers/STM32G4xx_HAL_Driver/Src/stm32g4xx_hal_tim_ex.c ****   assert_param(IS_TIM_INTERNAL_TRIGGEREVENT_INSTANCE(htim->Instance, InputTrigger));
2113:Drivers/STM32G4xx_HAL_Driver/Src/stm32g4xx_hal_tim_ex.c **** 
2114:Drivers/STM32G4xx_HAL_Driver/Src/stm32g4xx_hal_tim_ex.c ****   __HAL_LOCK(htim);
2115:Drivers/STM32G4xx_HAL_Driver/Src/stm32g4xx_hal_tim_ex.c **** 
2116:Drivers/STM32G4xx_HAL_Driver/Src/stm32g4xx_hal_tim_ex.c **** #if defined(TIM5) && defined(TIM20)
2117:Drivers/STM32G4xx_HAL_Driver/Src/stm32g4xx_hal_tim_ex.c ****   if ((InputTrigger == TIM_TS_ITR0)  || (InputTrigger == TIM_TS_ITR1) ||
2118:Drivers/STM32G4xx_HAL_Driver/Src/stm32g4xx_hal_tim_ex.c ****       (InputTrigger == TIM_TS_ITR2)  || (InputTrigger == TIM_TS_ITR3) ||
2119:Drivers/STM32G4xx_HAL_Driver/Src/stm32g4xx_hal_tim_ex.c ****       (InputTrigger == TIM_TS_ITR4)  || (InputTrigger == TIM_TS_ITR5) ||
2120:Drivers/STM32G4xx_HAL_Driver/Src/stm32g4xx_hal_tim_ex.c ****       (InputTrigger == TIM_TS_ITR6)  || (InputTrigger == TIM_TS_ITR7) ||
2121:Drivers/STM32G4xx_HAL_Driver/Src/stm32g4xx_hal_tim_ex.c ****       (InputTrigger == TIM_TS_ITR8)  || (InputTrigger == TIM_TS_ITR9) ||
2122:Drivers/STM32G4xx_HAL_Driver/Src/stm32g4xx_hal_tim_ex.c ****       (InputTrigger == TIM_TS_ITR10) || (InputTrigger == TIM_TS_ITR11))
2123:Drivers/STM32G4xx_HAL_Driver/Src/stm32g4xx_hal_tim_ex.c **** #elif defined(TIM5)
2124:Drivers/STM32G4xx_HAL_Driver/Src/stm32g4xx_hal_tim_ex.c ****   if ((InputTrigger == TIM_TS_ITR0)  || (InputTrigger == TIM_TS_ITR1) ||
2125:Drivers/STM32G4xx_HAL_Driver/Src/stm32g4xx_hal_tim_ex.c ****       (InputTrigger == TIM_TS_ITR2)  || (InputTrigger == TIM_TS_ITR3) ||
2126:Drivers/STM32G4xx_HAL_Driver/Src/stm32g4xx_hal_tim_ex.c ****       (InputTrigger == TIM_TS_ITR4)  || (InputTrigger == TIM_TS_ITR5) ||
2127:Drivers/STM32G4xx_HAL_Driver/Src/stm32g4xx_hal_tim_ex.c ****       (InputTrigger == TIM_TS_ITR6)  || (InputTrigger == TIM_TS_ITR7) ||
2128:Drivers/STM32G4xx_HAL_Driver/Src/stm32g4xx_hal_tim_ex.c ****       (InputTrigger == TIM_TS_ITR8)  || (InputTrigger == TIM_TS_ITR11))
2129:Drivers/STM32G4xx_HAL_Driver/Src/stm32g4xx_hal_tim_ex.c **** #elif defined(TIM20)
2130:Drivers/STM32G4xx_HAL_Driver/Src/stm32g4xx_hal_tim_ex.c ****   if ((InputTrigger == TIM_TS_ITR0)  || (InputTrigger == TIM_TS_ITR1) ||
2131:Drivers/STM32G4xx_HAL_Driver/Src/stm32g4xx_hal_tim_ex.c ****       (InputTrigger == TIM_TS_ITR2)  || (InputTrigger == TIM_TS_ITR3) ||
2132:Drivers/STM32G4xx_HAL_Driver/Src/stm32g4xx_hal_tim_ex.c ****       (InputTrigger == TIM_TS_ITR5)  || (InputTrigger == TIM_TS_ITR6) ||
2133:Drivers/STM32G4xx_HAL_Driver/Src/stm32g4xx_hal_tim_ex.c ****       (InputTrigger == TIM_TS_ITR7)  || (InputTrigger == TIM_TS_ITR8) ||
2134:Drivers/STM32G4xx_HAL_Driver/Src/stm32g4xx_hal_tim_ex.c ****       (InputTrigger == TIM_TS_ITR9)  || (InputTrigger == TIM_TS_ITR11))
2135:Drivers/STM32G4xx_HAL_Driver/Src/stm32g4xx_hal_tim_ex.c **** #else
2136:Drivers/STM32G4xx_HAL_Driver/Src/stm32g4xx_hal_tim_ex.c ****   if ((InputTrigger == TIM_TS_ITR0)  || (InputTrigger == TIM_TS_ITR1) ||
2137:Drivers/STM32G4xx_HAL_Driver/Src/stm32g4xx_hal_tim_ex.c ****       (InputTrigger == TIM_TS_ITR2)  || (InputTrigger == TIM_TS_ITR3) ||
2138:Drivers/STM32G4xx_HAL_Driver/Src/stm32g4xx_hal_tim_ex.c ****       (InputTrigger == TIM_TS_ITR5)  || (InputTrigger == TIM_TS_ITR6) ||
2139:Drivers/STM32G4xx_HAL_Driver/Src/stm32g4xx_hal_tim_ex.c ****       (InputTrigger == TIM_TS_ITR7)  || (InputTrigger == TIM_TS_ITR8) ||
ARM GAS  C:\Users\Booster\AppData\Local\Temp\ccs9w8jc.s 			page 39


2140:Drivers/STM32G4xx_HAL_Driver/Src/stm32g4xx_hal_tim_ex.c ****       (InputTrigger == TIM_TS_ITR11))
2141:Drivers/STM32G4xx_HAL_Driver/Src/stm32g4xx_hal_tim_ex.c **** #endif /* TIM5 && TIM20 */
2142:Drivers/STM32G4xx_HAL_Driver/Src/stm32g4xx_hal_tim_ex.c ****   {
2143:Drivers/STM32G4xx_HAL_Driver/Src/stm32g4xx_hal_tim_ex.c ****     /* Select the Input trigger */
2144:Drivers/STM32G4xx_HAL_Driver/Src/stm32g4xx_hal_tim_ex.c ****     htim->Instance->SMCR &= ~TIM_SMCR_TS;
2145:Drivers/STM32G4xx_HAL_Driver/Src/stm32g4xx_hal_tim_ex.c ****     htim->Instance->SMCR |= InputTrigger;
2146:Drivers/STM32G4xx_HAL_Driver/Src/stm32g4xx_hal_tim_ex.c ****   }
2147:Drivers/STM32G4xx_HAL_Driver/Src/stm32g4xx_hal_tim_ex.c **** 
2148:Drivers/STM32G4xx_HAL_Driver/Src/stm32g4xx_hal_tim_ex.c ****   /* Select the Capture Compare preload feature */
2149:Drivers/STM32G4xx_HAL_Driver/Src/stm32g4xx_hal_tim_ex.c ****   htim->Instance->CR2 |= TIM_CR2_CCPC;
2150:Drivers/STM32G4xx_HAL_Driver/Src/stm32g4xx_hal_tim_ex.c ****   /* Select the Commutation event source */
2151:Drivers/STM32G4xx_HAL_Driver/Src/stm32g4xx_hal_tim_ex.c ****   htim->Instance->CR2 &= ~TIM_CR2_CCUS;
2152:Drivers/STM32G4xx_HAL_Driver/Src/stm32g4xx_hal_tim_ex.c ****   htim->Instance->CR2 |= CommutationSource;
2153:Drivers/STM32G4xx_HAL_Driver/Src/stm32g4xx_hal_tim_ex.c **** 
2154:Drivers/STM32G4xx_HAL_Driver/Src/stm32g4xx_hal_tim_ex.c ****   /* Enable the Commutation DMA Request */
2155:Drivers/STM32G4xx_HAL_Driver/Src/stm32g4xx_hal_tim_ex.c ****   /* Set the DMA Commutation Callback */
2156:Drivers/STM32G4xx_HAL_Driver/Src/stm32g4xx_hal_tim_ex.c ****   htim->hdma[TIM_DMA_ID_COMMUTATION]->XferCpltCallback = TIMEx_DMACommutationCplt;
2157:Drivers/STM32G4xx_HAL_Driver/Src/stm32g4xx_hal_tim_ex.c ****   htim->hdma[TIM_DMA_ID_COMMUTATION]->XferHalfCpltCallback = TIMEx_DMACommutationHalfCplt;
2158:Drivers/STM32G4xx_HAL_Driver/Src/stm32g4xx_hal_tim_ex.c ****   /* Set the DMA error callback */
2159:Drivers/STM32G4xx_HAL_Driver/Src/stm32g4xx_hal_tim_ex.c ****   htim->hdma[TIM_DMA_ID_COMMUTATION]->XferErrorCallback = TIM_DMAError;
2160:Drivers/STM32G4xx_HAL_Driver/Src/stm32g4xx_hal_tim_ex.c **** 
2161:Drivers/STM32G4xx_HAL_Driver/Src/stm32g4xx_hal_tim_ex.c ****   /* Disable Commutation Interrupt */
2162:Drivers/STM32G4xx_HAL_Driver/Src/stm32g4xx_hal_tim_ex.c ****   __HAL_TIM_DISABLE_IT(htim, TIM_IT_COM);
2163:Drivers/STM32G4xx_HAL_Driver/Src/stm32g4xx_hal_tim_ex.c **** 
2164:Drivers/STM32G4xx_HAL_Driver/Src/stm32g4xx_hal_tim_ex.c ****   /* Enable the Commutation DMA Request */
2165:Drivers/STM32G4xx_HAL_Driver/Src/stm32g4xx_hal_tim_ex.c ****   __HAL_TIM_ENABLE_DMA(htim, TIM_DMA_COM);
2166:Drivers/STM32G4xx_HAL_Driver/Src/stm32g4xx_hal_tim_ex.c **** 
2167:Drivers/STM32G4xx_HAL_Driver/Src/stm32g4xx_hal_tim_ex.c ****   __HAL_UNLOCK(htim);
2168:Drivers/STM32G4xx_HAL_Driver/Src/stm32g4xx_hal_tim_ex.c **** 
2169:Drivers/STM32G4xx_HAL_Driver/Src/stm32g4xx_hal_tim_ex.c ****   return HAL_OK;
2170:Drivers/STM32G4xx_HAL_Driver/Src/stm32g4xx_hal_tim_ex.c **** }
2171:Drivers/STM32G4xx_HAL_Driver/Src/stm32g4xx_hal_tim_ex.c **** 
2172:Drivers/STM32G4xx_HAL_Driver/Src/stm32g4xx_hal_tim_ex.c **** /**
2173:Drivers/STM32G4xx_HAL_Driver/Src/stm32g4xx_hal_tim_ex.c ****   * @brief  Configures the TIM in master mode.
2174:Drivers/STM32G4xx_HAL_Driver/Src/stm32g4xx_hal_tim_ex.c ****   * @param  htim TIM handle.
2175:Drivers/STM32G4xx_HAL_Driver/Src/stm32g4xx_hal_tim_ex.c ****   * @param  sMasterConfig pointer to a TIM_MasterConfigTypeDef structure that
2176:Drivers/STM32G4xx_HAL_Driver/Src/stm32g4xx_hal_tim_ex.c ****   *         contains the selected trigger output (TRGO) and the Master/Slave
2177:Drivers/STM32G4xx_HAL_Driver/Src/stm32g4xx_hal_tim_ex.c ****   *         mode.
2178:Drivers/STM32G4xx_HAL_Driver/Src/stm32g4xx_hal_tim_ex.c ****   * @retval HAL status
2179:Drivers/STM32G4xx_HAL_Driver/Src/stm32g4xx_hal_tim_ex.c ****   */
2180:Drivers/STM32G4xx_HAL_Driver/Src/stm32g4xx_hal_tim_ex.c **** HAL_StatusTypeDef HAL_TIMEx_MasterConfigSynchronization(TIM_HandleTypeDef *htim,
2181:Drivers/STM32G4xx_HAL_Driver/Src/stm32g4xx_hal_tim_ex.c ****                                                         const TIM_MasterConfigTypeDef *sMasterConfi
2182:Drivers/STM32G4xx_HAL_Driver/Src/stm32g4xx_hal_tim_ex.c **** {
2183:Drivers/STM32G4xx_HAL_Driver/Src/stm32g4xx_hal_tim_ex.c ****   uint32_t tmpcr2;
2184:Drivers/STM32G4xx_HAL_Driver/Src/stm32g4xx_hal_tim_ex.c ****   uint32_t tmpsmcr;
2185:Drivers/STM32G4xx_HAL_Driver/Src/stm32g4xx_hal_tim_ex.c **** 
2186:Drivers/STM32G4xx_HAL_Driver/Src/stm32g4xx_hal_tim_ex.c ****   /* Check the parameters */
2187:Drivers/STM32G4xx_HAL_Driver/Src/stm32g4xx_hal_tim_ex.c ****   assert_param(IS_TIM_MASTER_INSTANCE(htim->Instance));
2188:Drivers/STM32G4xx_HAL_Driver/Src/stm32g4xx_hal_tim_ex.c ****   assert_param(IS_TIM_TRGO_SOURCE(sMasterConfig->MasterOutputTrigger));
2189:Drivers/STM32G4xx_HAL_Driver/Src/stm32g4xx_hal_tim_ex.c ****   assert_param(IS_TIM_MSM_STATE(sMasterConfig->MasterSlaveMode));
2190:Drivers/STM32G4xx_HAL_Driver/Src/stm32g4xx_hal_tim_ex.c **** 
2191:Drivers/STM32G4xx_HAL_Driver/Src/stm32g4xx_hal_tim_ex.c ****   /* Check input state */
2192:Drivers/STM32G4xx_HAL_Driver/Src/stm32g4xx_hal_tim_ex.c ****   __HAL_LOCK(htim);
2193:Drivers/STM32G4xx_HAL_Driver/Src/stm32g4xx_hal_tim_ex.c **** 
2194:Drivers/STM32G4xx_HAL_Driver/Src/stm32g4xx_hal_tim_ex.c ****   /* Change the handler state */
2195:Drivers/STM32G4xx_HAL_Driver/Src/stm32g4xx_hal_tim_ex.c ****   htim->State = HAL_TIM_STATE_BUSY;
2196:Drivers/STM32G4xx_HAL_Driver/Src/stm32g4xx_hal_tim_ex.c **** 
ARM GAS  C:\Users\Booster\AppData\Local\Temp\ccs9w8jc.s 			page 40


2197:Drivers/STM32G4xx_HAL_Driver/Src/stm32g4xx_hal_tim_ex.c ****   /* Get the TIMx CR2 register value */
2198:Drivers/STM32G4xx_HAL_Driver/Src/stm32g4xx_hal_tim_ex.c ****   tmpcr2 = htim->Instance->CR2;
2199:Drivers/STM32G4xx_HAL_Driver/Src/stm32g4xx_hal_tim_ex.c **** 
2200:Drivers/STM32G4xx_HAL_Driver/Src/stm32g4xx_hal_tim_ex.c ****   /* Get the TIMx SMCR register value */
2201:Drivers/STM32G4xx_HAL_Driver/Src/stm32g4xx_hal_tim_ex.c ****   tmpsmcr = htim->Instance->SMCR;
2202:Drivers/STM32G4xx_HAL_Driver/Src/stm32g4xx_hal_tim_ex.c **** 
2203:Drivers/STM32G4xx_HAL_Driver/Src/stm32g4xx_hal_tim_ex.c ****   /* If the timer supports ADC synchronization through TRGO2, set the master mode selection 2 */
2204:Drivers/STM32G4xx_HAL_Driver/Src/stm32g4xx_hal_tim_ex.c ****   if (IS_TIM_TRGO2_INSTANCE(htim->Instance))
2205:Drivers/STM32G4xx_HAL_Driver/Src/stm32g4xx_hal_tim_ex.c ****   {
2206:Drivers/STM32G4xx_HAL_Driver/Src/stm32g4xx_hal_tim_ex.c ****     /* Check the parameters */
2207:Drivers/STM32G4xx_HAL_Driver/Src/stm32g4xx_hal_tim_ex.c ****     assert_param(IS_TIM_TRGO2_SOURCE(sMasterConfig->MasterOutputTrigger2));
2208:Drivers/STM32G4xx_HAL_Driver/Src/stm32g4xx_hal_tim_ex.c **** 
2209:Drivers/STM32G4xx_HAL_Driver/Src/stm32g4xx_hal_tim_ex.c ****     /* Clear the MMS2 bits */
2210:Drivers/STM32G4xx_HAL_Driver/Src/stm32g4xx_hal_tim_ex.c ****     tmpcr2 &= ~TIM_CR2_MMS2;
2211:Drivers/STM32G4xx_HAL_Driver/Src/stm32g4xx_hal_tim_ex.c ****     /* Select the TRGO2 source*/
2212:Drivers/STM32G4xx_HAL_Driver/Src/stm32g4xx_hal_tim_ex.c ****     tmpcr2 |= sMasterConfig->MasterOutputTrigger2;
2213:Drivers/STM32G4xx_HAL_Driver/Src/stm32g4xx_hal_tim_ex.c ****   }
2214:Drivers/STM32G4xx_HAL_Driver/Src/stm32g4xx_hal_tim_ex.c **** 
2215:Drivers/STM32G4xx_HAL_Driver/Src/stm32g4xx_hal_tim_ex.c ****   /* Reset the MMS Bits */
2216:Drivers/STM32G4xx_HAL_Driver/Src/stm32g4xx_hal_tim_ex.c ****   tmpcr2 &= ~TIM_CR2_MMS;
2217:Drivers/STM32G4xx_HAL_Driver/Src/stm32g4xx_hal_tim_ex.c ****   /* Select the TRGO source */
2218:Drivers/STM32G4xx_HAL_Driver/Src/stm32g4xx_hal_tim_ex.c ****   tmpcr2 |=  sMasterConfig->MasterOutputTrigger;
2219:Drivers/STM32G4xx_HAL_Driver/Src/stm32g4xx_hal_tim_ex.c **** 
2220:Drivers/STM32G4xx_HAL_Driver/Src/stm32g4xx_hal_tim_ex.c ****   /* Update TIMx CR2 */
2221:Drivers/STM32G4xx_HAL_Driver/Src/stm32g4xx_hal_tim_ex.c ****   htim->Instance->CR2 = tmpcr2;
2222:Drivers/STM32G4xx_HAL_Driver/Src/stm32g4xx_hal_tim_ex.c **** 
2223:Drivers/STM32G4xx_HAL_Driver/Src/stm32g4xx_hal_tim_ex.c ****   if (IS_TIM_SLAVE_INSTANCE(htim->Instance))
2224:Drivers/STM32G4xx_HAL_Driver/Src/stm32g4xx_hal_tim_ex.c ****   {
2225:Drivers/STM32G4xx_HAL_Driver/Src/stm32g4xx_hal_tim_ex.c ****     /* Reset the MSM Bit */
2226:Drivers/STM32G4xx_HAL_Driver/Src/stm32g4xx_hal_tim_ex.c ****     tmpsmcr &= ~TIM_SMCR_MSM;
2227:Drivers/STM32G4xx_HAL_Driver/Src/stm32g4xx_hal_tim_ex.c ****     /* Set master mode */
2228:Drivers/STM32G4xx_HAL_Driver/Src/stm32g4xx_hal_tim_ex.c ****     tmpsmcr |= sMasterConfig->MasterSlaveMode;
2229:Drivers/STM32G4xx_HAL_Driver/Src/stm32g4xx_hal_tim_ex.c **** 
2230:Drivers/STM32G4xx_HAL_Driver/Src/stm32g4xx_hal_tim_ex.c ****     /* Update TIMx SMCR */
2231:Drivers/STM32G4xx_HAL_Driver/Src/stm32g4xx_hal_tim_ex.c ****     htim->Instance->SMCR = tmpsmcr;
2232:Drivers/STM32G4xx_HAL_Driver/Src/stm32g4xx_hal_tim_ex.c ****   }
2233:Drivers/STM32G4xx_HAL_Driver/Src/stm32g4xx_hal_tim_ex.c **** 
2234:Drivers/STM32G4xx_HAL_Driver/Src/stm32g4xx_hal_tim_ex.c ****   /* Change the htim state */
2235:Drivers/STM32G4xx_HAL_Driver/Src/stm32g4xx_hal_tim_ex.c ****   htim->State = HAL_TIM_STATE_READY;
2236:Drivers/STM32G4xx_HAL_Driver/Src/stm32g4xx_hal_tim_ex.c **** 
2237:Drivers/STM32G4xx_HAL_Driver/Src/stm32g4xx_hal_tim_ex.c ****   __HAL_UNLOCK(htim);
2238:Drivers/STM32G4xx_HAL_Driver/Src/stm32g4xx_hal_tim_ex.c **** 
2239:Drivers/STM32G4xx_HAL_Driver/Src/stm32g4xx_hal_tim_ex.c ****   return HAL_OK;
2240:Drivers/STM32G4xx_HAL_Driver/Src/stm32g4xx_hal_tim_ex.c **** }
2241:Drivers/STM32G4xx_HAL_Driver/Src/stm32g4xx_hal_tim_ex.c **** 
2242:Drivers/STM32G4xx_HAL_Driver/Src/stm32g4xx_hal_tim_ex.c **** /**
2243:Drivers/STM32G4xx_HAL_Driver/Src/stm32g4xx_hal_tim_ex.c ****   * @brief  Configures the Break feature, dead time, Lock level, OSSI/OSSR State
2244:Drivers/STM32G4xx_HAL_Driver/Src/stm32g4xx_hal_tim_ex.c ****   *         and the AOE(automatic output enable).
2245:Drivers/STM32G4xx_HAL_Driver/Src/stm32g4xx_hal_tim_ex.c ****   * @param  htim TIM handle
2246:Drivers/STM32G4xx_HAL_Driver/Src/stm32g4xx_hal_tim_ex.c ****   * @param  sBreakDeadTimeConfig pointer to a TIM_ConfigBreakDeadConfigTypeDef structure that
2247:Drivers/STM32G4xx_HAL_Driver/Src/stm32g4xx_hal_tim_ex.c ****   *         contains the BDTR Register configuration  information for the TIM peripheral.
2248:Drivers/STM32G4xx_HAL_Driver/Src/stm32g4xx_hal_tim_ex.c ****   * @note   Interrupts can be generated when an active level is detected on the
2249:Drivers/STM32G4xx_HAL_Driver/Src/stm32g4xx_hal_tim_ex.c ****   *         break input, the break 2 input or the system break input. Break
2250:Drivers/STM32G4xx_HAL_Driver/Src/stm32g4xx_hal_tim_ex.c ****   *         interrupt can be enabled by calling the @ref __HAL_TIM_ENABLE_IT macro.
2251:Drivers/STM32G4xx_HAL_Driver/Src/stm32g4xx_hal_tim_ex.c ****   * @retval HAL status
2252:Drivers/STM32G4xx_HAL_Driver/Src/stm32g4xx_hal_tim_ex.c ****   */
2253:Drivers/STM32G4xx_HAL_Driver/Src/stm32g4xx_hal_tim_ex.c **** HAL_StatusTypeDef HAL_TIMEx_ConfigBreakDeadTime(TIM_HandleTypeDef *htim,
ARM GAS  C:\Users\Booster\AppData\Local\Temp\ccs9w8jc.s 			page 41


2254:Drivers/STM32G4xx_HAL_Driver/Src/stm32g4xx_hal_tim_ex.c ****                                                 const TIM_BreakDeadTimeConfigTypeDef *sBreakDeadTim
2255:Drivers/STM32G4xx_HAL_Driver/Src/stm32g4xx_hal_tim_ex.c **** {
2256:Drivers/STM32G4xx_HAL_Driver/Src/stm32g4xx_hal_tim_ex.c ****   /* Keep this variable initialized to 0 as it is used to configure BDTR register */
2257:Drivers/STM32G4xx_HAL_Driver/Src/stm32g4xx_hal_tim_ex.c ****   uint32_t tmpbdtr = 0U;
2258:Drivers/STM32G4xx_HAL_Driver/Src/stm32g4xx_hal_tim_ex.c **** 
2259:Drivers/STM32G4xx_HAL_Driver/Src/stm32g4xx_hal_tim_ex.c ****   /* Check the parameters */
2260:Drivers/STM32G4xx_HAL_Driver/Src/stm32g4xx_hal_tim_ex.c ****   assert_param(IS_TIM_BREAK_INSTANCE(htim->Instance));
2261:Drivers/STM32G4xx_HAL_Driver/Src/stm32g4xx_hal_tim_ex.c ****   assert_param(IS_TIM_OSSR_STATE(sBreakDeadTimeConfig->OffStateRunMode));
2262:Drivers/STM32G4xx_HAL_Driver/Src/stm32g4xx_hal_tim_ex.c ****   assert_param(IS_TIM_OSSI_STATE(sBreakDeadTimeConfig->OffStateIDLEMode));
2263:Drivers/STM32G4xx_HAL_Driver/Src/stm32g4xx_hal_tim_ex.c ****   assert_param(IS_TIM_LOCK_LEVEL(sBreakDeadTimeConfig->LockLevel));
2264:Drivers/STM32G4xx_HAL_Driver/Src/stm32g4xx_hal_tim_ex.c ****   assert_param(IS_TIM_DEADTIME(sBreakDeadTimeConfig->DeadTime));
2265:Drivers/STM32G4xx_HAL_Driver/Src/stm32g4xx_hal_tim_ex.c ****   assert_param(IS_TIM_BREAK_STATE(sBreakDeadTimeConfig->BreakState));
2266:Drivers/STM32G4xx_HAL_Driver/Src/stm32g4xx_hal_tim_ex.c ****   assert_param(IS_TIM_BREAK_POLARITY(sBreakDeadTimeConfig->BreakPolarity));
2267:Drivers/STM32G4xx_HAL_Driver/Src/stm32g4xx_hal_tim_ex.c ****   assert_param(IS_TIM_BREAK_FILTER(sBreakDeadTimeConfig->BreakFilter));
2268:Drivers/STM32G4xx_HAL_Driver/Src/stm32g4xx_hal_tim_ex.c ****   assert_param(IS_TIM_AUTOMATIC_OUTPUT_STATE(sBreakDeadTimeConfig->AutomaticOutput));
2269:Drivers/STM32G4xx_HAL_Driver/Src/stm32g4xx_hal_tim_ex.c ****   assert_param(IS_TIM_BREAK_AFMODE(sBreakDeadTimeConfig->BreakAFMode));
2270:Drivers/STM32G4xx_HAL_Driver/Src/stm32g4xx_hal_tim_ex.c **** 
2271:Drivers/STM32G4xx_HAL_Driver/Src/stm32g4xx_hal_tim_ex.c ****   /* Check input state */
2272:Drivers/STM32G4xx_HAL_Driver/Src/stm32g4xx_hal_tim_ex.c ****   __HAL_LOCK(htim);
2273:Drivers/STM32G4xx_HAL_Driver/Src/stm32g4xx_hal_tim_ex.c **** 
2274:Drivers/STM32G4xx_HAL_Driver/Src/stm32g4xx_hal_tim_ex.c ****   /* Set the Lock level, the Break enable Bit and the Polarity, the OSSR State,
2275:Drivers/STM32G4xx_HAL_Driver/Src/stm32g4xx_hal_tim_ex.c ****      the OSSI State, the dead time value and the Automatic Output Enable Bit */
2276:Drivers/STM32G4xx_HAL_Driver/Src/stm32g4xx_hal_tim_ex.c **** 
2277:Drivers/STM32G4xx_HAL_Driver/Src/stm32g4xx_hal_tim_ex.c ****   /* Set the BDTR bits */
2278:Drivers/STM32G4xx_HAL_Driver/Src/stm32g4xx_hal_tim_ex.c ****   MODIFY_REG(tmpbdtr, TIM_BDTR_DTG, sBreakDeadTimeConfig->DeadTime);
2279:Drivers/STM32G4xx_HAL_Driver/Src/stm32g4xx_hal_tim_ex.c ****   MODIFY_REG(tmpbdtr, TIM_BDTR_LOCK, sBreakDeadTimeConfig->LockLevel);
2280:Drivers/STM32G4xx_HAL_Driver/Src/stm32g4xx_hal_tim_ex.c ****   MODIFY_REG(tmpbdtr, TIM_BDTR_OSSI, sBreakDeadTimeConfig->OffStateIDLEMode);
2281:Drivers/STM32G4xx_HAL_Driver/Src/stm32g4xx_hal_tim_ex.c ****   MODIFY_REG(tmpbdtr, TIM_BDTR_OSSR, sBreakDeadTimeConfig->OffStateRunMode);
2282:Drivers/STM32G4xx_HAL_Driver/Src/stm32g4xx_hal_tim_ex.c ****   MODIFY_REG(tmpbdtr, TIM_BDTR_BKE, sBreakDeadTimeConfig->BreakState);
2283:Drivers/STM32G4xx_HAL_Driver/Src/stm32g4xx_hal_tim_ex.c ****   MODIFY_REG(tmpbdtr, TIM_BDTR_BKP, sBreakDeadTimeConfig->BreakPolarity);
2284:Drivers/STM32G4xx_HAL_Driver/Src/stm32g4xx_hal_tim_ex.c ****   MODIFY_REG(tmpbdtr, TIM_BDTR_AOE, sBreakDeadTimeConfig->AutomaticOutput);
2285:Drivers/STM32G4xx_HAL_Driver/Src/stm32g4xx_hal_tim_ex.c ****   MODIFY_REG(tmpbdtr, TIM_BDTR_BKF, (sBreakDeadTimeConfig->BreakFilter << TIM_BDTR_BKF_Pos));
2286:Drivers/STM32G4xx_HAL_Driver/Src/stm32g4xx_hal_tim_ex.c ****   MODIFY_REG(tmpbdtr, TIM_BDTR_BKBID, sBreakDeadTimeConfig->BreakAFMode);
2287:Drivers/STM32G4xx_HAL_Driver/Src/stm32g4xx_hal_tim_ex.c **** 
2288:Drivers/STM32G4xx_HAL_Driver/Src/stm32g4xx_hal_tim_ex.c ****   if (IS_TIM_BKIN2_INSTANCE(htim->Instance))
2289:Drivers/STM32G4xx_HAL_Driver/Src/stm32g4xx_hal_tim_ex.c ****   {
2290:Drivers/STM32G4xx_HAL_Driver/Src/stm32g4xx_hal_tim_ex.c ****     /* Check the parameters */
2291:Drivers/STM32G4xx_HAL_Driver/Src/stm32g4xx_hal_tim_ex.c ****     assert_param(IS_TIM_BREAK2_STATE(sBreakDeadTimeConfig->Break2State));
2292:Drivers/STM32G4xx_HAL_Driver/Src/stm32g4xx_hal_tim_ex.c ****     assert_param(IS_TIM_BREAK2_POLARITY(sBreakDeadTimeConfig->Break2Polarity));
2293:Drivers/STM32G4xx_HAL_Driver/Src/stm32g4xx_hal_tim_ex.c ****     assert_param(IS_TIM_BREAK_FILTER(sBreakDeadTimeConfig->Break2Filter));
2294:Drivers/STM32G4xx_HAL_Driver/Src/stm32g4xx_hal_tim_ex.c ****     assert_param(IS_TIM_BREAK2_AFMODE(sBreakDeadTimeConfig->Break2AFMode));
2295:Drivers/STM32G4xx_HAL_Driver/Src/stm32g4xx_hal_tim_ex.c **** 
2296:Drivers/STM32G4xx_HAL_Driver/Src/stm32g4xx_hal_tim_ex.c ****     /* Set the BREAK2 input related BDTR bits */
2297:Drivers/STM32G4xx_HAL_Driver/Src/stm32g4xx_hal_tim_ex.c ****     MODIFY_REG(tmpbdtr, TIM_BDTR_BK2F, (sBreakDeadTimeConfig->Break2Filter << TIM_BDTR_BK2F_Pos));
2298:Drivers/STM32G4xx_HAL_Driver/Src/stm32g4xx_hal_tim_ex.c ****     MODIFY_REG(tmpbdtr, TIM_BDTR_BK2E, sBreakDeadTimeConfig->Break2State);
2299:Drivers/STM32G4xx_HAL_Driver/Src/stm32g4xx_hal_tim_ex.c ****     MODIFY_REG(tmpbdtr, TIM_BDTR_BK2P, sBreakDeadTimeConfig->Break2Polarity);
2300:Drivers/STM32G4xx_HAL_Driver/Src/stm32g4xx_hal_tim_ex.c ****     MODIFY_REG(tmpbdtr, TIM_BDTR_BK2BID, sBreakDeadTimeConfig->Break2AFMode);
2301:Drivers/STM32G4xx_HAL_Driver/Src/stm32g4xx_hal_tim_ex.c ****   }
2302:Drivers/STM32G4xx_HAL_Driver/Src/stm32g4xx_hal_tim_ex.c **** 
2303:Drivers/STM32G4xx_HAL_Driver/Src/stm32g4xx_hal_tim_ex.c ****   /* Set TIMx_BDTR */
2304:Drivers/STM32G4xx_HAL_Driver/Src/stm32g4xx_hal_tim_ex.c ****   htim->Instance->BDTR = tmpbdtr;
2305:Drivers/STM32G4xx_HAL_Driver/Src/stm32g4xx_hal_tim_ex.c **** 
2306:Drivers/STM32G4xx_HAL_Driver/Src/stm32g4xx_hal_tim_ex.c ****   __HAL_UNLOCK(htim);
2307:Drivers/STM32G4xx_HAL_Driver/Src/stm32g4xx_hal_tim_ex.c **** 
2308:Drivers/STM32G4xx_HAL_Driver/Src/stm32g4xx_hal_tim_ex.c ****   return HAL_OK;
2309:Drivers/STM32G4xx_HAL_Driver/Src/stm32g4xx_hal_tim_ex.c **** }
2310:Drivers/STM32G4xx_HAL_Driver/Src/stm32g4xx_hal_tim_ex.c **** 
ARM GAS  C:\Users\Booster\AppData\Local\Temp\ccs9w8jc.s 			page 42


2311:Drivers/STM32G4xx_HAL_Driver/Src/stm32g4xx_hal_tim_ex.c **** /**
2312:Drivers/STM32G4xx_HAL_Driver/Src/stm32g4xx_hal_tim_ex.c ****   * @brief  Configures the break input source.
2313:Drivers/STM32G4xx_HAL_Driver/Src/stm32g4xx_hal_tim_ex.c ****   * @param  htim TIM handle.
2314:Drivers/STM32G4xx_HAL_Driver/Src/stm32g4xx_hal_tim_ex.c ****   * @param  BreakInput Break input to configure
2315:Drivers/STM32G4xx_HAL_Driver/Src/stm32g4xx_hal_tim_ex.c ****   *          This parameter can be one of the following values:
2316:Drivers/STM32G4xx_HAL_Driver/Src/stm32g4xx_hal_tim_ex.c ****   *            @arg TIM_BREAKINPUT_BRK: Timer break input
2317:Drivers/STM32G4xx_HAL_Driver/Src/stm32g4xx_hal_tim_ex.c ****   *            @arg TIM_BREAKINPUT_BRK2: Timer break 2 input
2318:Drivers/STM32G4xx_HAL_Driver/Src/stm32g4xx_hal_tim_ex.c ****   * @param  sBreakInputConfig Break input source configuration
2319:Drivers/STM32G4xx_HAL_Driver/Src/stm32g4xx_hal_tim_ex.c ****   * @retval HAL status
2320:Drivers/STM32G4xx_HAL_Driver/Src/stm32g4xx_hal_tim_ex.c ****   */
2321:Drivers/STM32G4xx_HAL_Driver/Src/stm32g4xx_hal_tim_ex.c **** HAL_StatusTypeDef HAL_TIMEx_ConfigBreakInput(TIM_HandleTypeDef *htim,
2322:Drivers/STM32G4xx_HAL_Driver/Src/stm32g4xx_hal_tim_ex.c ****                                              uint32_t BreakInput,
2323:Drivers/STM32G4xx_HAL_Driver/Src/stm32g4xx_hal_tim_ex.c ****                                              const TIMEx_BreakInputConfigTypeDef *sBreakInputConfig
2324:Drivers/STM32G4xx_HAL_Driver/Src/stm32g4xx_hal_tim_ex.c **** {
2325:Drivers/STM32G4xx_HAL_Driver/Src/stm32g4xx_hal_tim_ex.c ****   HAL_StatusTypeDef status = HAL_OK;
2326:Drivers/STM32G4xx_HAL_Driver/Src/stm32g4xx_hal_tim_ex.c ****   uint32_t tmporx;
2327:Drivers/STM32G4xx_HAL_Driver/Src/stm32g4xx_hal_tim_ex.c ****   uint32_t bkin_enable_mask;
2328:Drivers/STM32G4xx_HAL_Driver/Src/stm32g4xx_hal_tim_ex.c ****   uint32_t bkin_polarity_mask;
2329:Drivers/STM32G4xx_HAL_Driver/Src/stm32g4xx_hal_tim_ex.c ****   uint32_t bkin_enable_bitpos;
2330:Drivers/STM32G4xx_HAL_Driver/Src/stm32g4xx_hal_tim_ex.c ****   uint32_t bkin_polarity_bitpos;
2331:Drivers/STM32G4xx_HAL_Driver/Src/stm32g4xx_hal_tim_ex.c **** 
2332:Drivers/STM32G4xx_HAL_Driver/Src/stm32g4xx_hal_tim_ex.c ****   /* Check the parameters */
2333:Drivers/STM32G4xx_HAL_Driver/Src/stm32g4xx_hal_tim_ex.c ****   assert_param(IS_TIM_BREAK_INSTANCE(htim->Instance));
2334:Drivers/STM32G4xx_HAL_Driver/Src/stm32g4xx_hal_tim_ex.c ****   assert_param(IS_TIM_BREAKINPUT(BreakInput));
2335:Drivers/STM32G4xx_HAL_Driver/Src/stm32g4xx_hal_tim_ex.c ****   assert_param(IS_TIM_BREAKINPUTSOURCE(sBreakInputConfig->Source));
2336:Drivers/STM32G4xx_HAL_Driver/Src/stm32g4xx_hal_tim_ex.c ****   assert_param(IS_TIM_BREAKINPUTSOURCE_STATE(sBreakInputConfig->Enable));
2337:Drivers/STM32G4xx_HAL_Driver/Src/stm32g4xx_hal_tim_ex.c ****   assert_param(IS_TIM_BREAKINPUTSOURCE_POLARITY(sBreakInputConfig->Polarity));
2338:Drivers/STM32G4xx_HAL_Driver/Src/stm32g4xx_hal_tim_ex.c **** 
2339:Drivers/STM32G4xx_HAL_Driver/Src/stm32g4xx_hal_tim_ex.c ****   /* Check input state */
2340:Drivers/STM32G4xx_HAL_Driver/Src/stm32g4xx_hal_tim_ex.c ****   __HAL_LOCK(htim);
2341:Drivers/STM32G4xx_HAL_Driver/Src/stm32g4xx_hal_tim_ex.c **** 
2342:Drivers/STM32G4xx_HAL_Driver/Src/stm32g4xx_hal_tim_ex.c ****   switch (sBreakInputConfig->Source)
2343:Drivers/STM32G4xx_HAL_Driver/Src/stm32g4xx_hal_tim_ex.c ****   {
2344:Drivers/STM32G4xx_HAL_Driver/Src/stm32g4xx_hal_tim_ex.c ****     case TIM_BREAKINPUTSOURCE_BKIN:
2345:Drivers/STM32G4xx_HAL_Driver/Src/stm32g4xx_hal_tim_ex.c ****     {
2346:Drivers/STM32G4xx_HAL_Driver/Src/stm32g4xx_hal_tim_ex.c ****       bkin_enable_mask = TIM1_AF1_BKINE;
2347:Drivers/STM32G4xx_HAL_Driver/Src/stm32g4xx_hal_tim_ex.c ****       bkin_enable_bitpos = TIM1_AF1_BKINE_Pos;
2348:Drivers/STM32G4xx_HAL_Driver/Src/stm32g4xx_hal_tim_ex.c ****       bkin_polarity_mask = TIM1_AF1_BKINP;
2349:Drivers/STM32G4xx_HAL_Driver/Src/stm32g4xx_hal_tim_ex.c ****       bkin_polarity_bitpos = TIM1_AF1_BKINP_Pos;
2350:Drivers/STM32G4xx_HAL_Driver/Src/stm32g4xx_hal_tim_ex.c ****       break;
2351:Drivers/STM32G4xx_HAL_Driver/Src/stm32g4xx_hal_tim_ex.c ****     }
2352:Drivers/STM32G4xx_HAL_Driver/Src/stm32g4xx_hal_tim_ex.c ****     case TIM_BREAKINPUTSOURCE_COMP1:
2353:Drivers/STM32G4xx_HAL_Driver/Src/stm32g4xx_hal_tim_ex.c ****     {
2354:Drivers/STM32G4xx_HAL_Driver/Src/stm32g4xx_hal_tim_ex.c ****       bkin_enable_mask = TIM1_AF1_BKCMP1E;
2355:Drivers/STM32G4xx_HAL_Driver/Src/stm32g4xx_hal_tim_ex.c ****       bkin_enable_bitpos = TIM1_AF1_BKCMP1E_Pos;
2356:Drivers/STM32G4xx_HAL_Driver/Src/stm32g4xx_hal_tim_ex.c ****       bkin_polarity_mask = TIM1_AF1_BKCMP1P;
2357:Drivers/STM32G4xx_HAL_Driver/Src/stm32g4xx_hal_tim_ex.c ****       bkin_polarity_bitpos = TIM1_AF1_BKCMP1P_Pos;
2358:Drivers/STM32G4xx_HAL_Driver/Src/stm32g4xx_hal_tim_ex.c ****       break;
2359:Drivers/STM32G4xx_HAL_Driver/Src/stm32g4xx_hal_tim_ex.c ****     }
2360:Drivers/STM32G4xx_HAL_Driver/Src/stm32g4xx_hal_tim_ex.c ****     case TIM_BREAKINPUTSOURCE_COMP2:
2361:Drivers/STM32G4xx_HAL_Driver/Src/stm32g4xx_hal_tim_ex.c ****     {
2362:Drivers/STM32G4xx_HAL_Driver/Src/stm32g4xx_hal_tim_ex.c ****       bkin_enable_mask = TIM1_AF1_BKCMP2E;
2363:Drivers/STM32G4xx_HAL_Driver/Src/stm32g4xx_hal_tim_ex.c ****       bkin_enable_bitpos = TIM1_AF1_BKCMP2E_Pos;
2364:Drivers/STM32G4xx_HAL_Driver/Src/stm32g4xx_hal_tim_ex.c ****       bkin_polarity_mask = TIM1_AF1_BKCMP2P;
2365:Drivers/STM32G4xx_HAL_Driver/Src/stm32g4xx_hal_tim_ex.c ****       bkin_polarity_bitpos = TIM1_AF1_BKCMP2P_Pos;
2366:Drivers/STM32G4xx_HAL_Driver/Src/stm32g4xx_hal_tim_ex.c ****       break;
2367:Drivers/STM32G4xx_HAL_Driver/Src/stm32g4xx_hal_tim_ex.c ****     }
ARM GAS  C:\Users\Booster\AppData\Local\Temp\ccs9w8jc.s 			page 43


2368:Drivers/STM32G4xx_HAL_Driver/Src/stm32g4xx_hal_tim_ex.c ****     case TIM_BREAKINPUTSOURCE_COMP3:
2369:Drivers/STM32G4xx_HAL_Driver/Src/stm32g4xx_hal_tim_ex.c ****     {
2370:Drivers/STM32G4xx_HAL_Driver/Src/stm32g4xx_hal_tim_ex.c ****       bkin_enable_mask = TIM1_AF1_BKCMP3E;
2371:Drivers/STM32G4xx_HAL_Driver/Src/stm32g4xx_hal_tim_ex.c ****       bkin_enable_bitpos = TIM1_AF1_BKCMP3E_Pos;
2372:Drivers/STM32G4xx_HAL_Driver/Src/stm32g4xx_hal_tim_ex.c ****       bkin_polarity_mask = TIM1_AF1_BKCMP3P;
2373:Drivers/STM32G4xx_HAL_Driver/Src/stm32g4xx_hal_tim_ex.c ****       bkin_polarity_bitpos = TIM1_AF1_BKCMP3P_Pos;
2374:Drivers/STM32G4xx_HAL_Driver/Src/stm32g4xx_hal_tim_ex.c ****       break;
2375:Drivers/STM32G4xx_HAL_Driver/Src/stm32g4xx_hal_tim_ex.c ****     }
2376:Drivers/STM32G4xx_HAL_Driver/Src/stm32g4xx_hal_tim_ex.c ****     case TIM_BREAKINPUTSOURCE_COMP4:
2377:Drivers/STM32G4xx_HAL_Driver/Src/stm32g4xx_hal_tim_ex.c ****     {
2378:Drivers/STM32G4xx_HAL_Driver/Src/stm32g4xx_hal_tim_ex.c ****       bkin_enable_mask = TIM1_AF1_BKCMP4E;
2379:Drivers/STM32G4xx_HAL_Driver/Src/stm32g4xx_hal_tim_ex.c ****       bkin_enable_bitpos = TIM1_AF1_BKCMP4E_Pos;
2380:Drivers/STM32G4xx_HAL_Driver/Src/stm32g4xx_hal_tim_ex.c ****       bkin_polarity_mask = TIM1_AF1_BKCMP4P;
2381:Drivers/STM32G4xx_HAL_Driver/Src/stm32g4xx_hal_tim_ex.c ****       bkin_polarity_bitpos = TIM1_AF1_BKCMP4P_Pos;
2382:Drivers/STM32G4xx_HAL_Driver/Src/stm32g4xx_hal_tim_ex.c ****       break;
2383:Drivers/STM32G4xx_HAL_Driver/Src/stm32g4xx_hal_tim_ex.c ****     }
2384:Drivers/STM32G4xx_HAL_Driver/Src/stm32g4xx_hal_tim_ex.c **** #if defined (COMP5)
2385:Drivers/STM32G4xx_HAL_Driver/Src/stm32g4xx_hal_tim_ex.c ****     case TIM_BREAKINPUTSOURCE_COMP5:
2386:Drivers/STM32G4xx_HAL_Driver/Src/stm32g4xx_hal_tim_ex.c ****     {
2387:Drivers/STM32G4xx_HAL_Driver/Src/stm32g4xx_hal_tim_ex.c ****       bkin_enable_mask = TIM1_AF1_BKCMP5E;
2388:Drivers/STM32G4xx_HAL_Driver/Src/stm32g4xx_hal_tim_ex.c ****       bkin_enable_bitpos = TIM1_AF1_BKCMP5E_Pos;
2389:Drivers/STM32G4xx_HAL_Driver/Src/stm32g4xx_hal_tim_ex.c ****       /* No palarity bit for this COMP. Variable bkin_polarity_mask keeps its default value 0 */
2390:Drivers/STM32G4xx_HAL_Driver/Src/stm32g4xx_hal_tim_ex.c ****       bkin_polarity_mask = 0U;
2391:Drivers/STM32G4xx_HAL_Driver/Src/stm32g4xx_hal_tim_ex.c ****       bkin_polarity_bitpos = 0U;
2392:Drivers/STM32G4xx_HAL_Driver/Src/stm32g4xx_hal_tim_ex.c ****       break;
2393:Drivers/STM32G4xx_HAL_Driver/Src/stm32g4xx_hal_tim_ex.c ****     }
2394:Drivers/STM32G4xx_HAL_Driver/Src/stm32g4xx_hal_tim_ex.c **** #endif /* COMP5 */
2395:Drivers/STM32G4xx_HAL_Driver/Src/stm32g4xx_hal_tim_ex.c **** #if defined (COMP6)
2396:Drivers/STM32G4xx_HAL_Driver/Src/stm32g4xx_hal_tim_ex.c ****     case TIM_BREAKINPUTSOURCE_COMP6:
2397:Drivers/STM32G4xx_HAL_Driver/Src/stm32g4xx_hal_tim_ex.c ****     {
2398:Drivers/STM32G4xx_HAL_Driver/Src/stm32g4xx_hal_tim_ex.c ****       bkin_enable_mask = TIM1_AF1_BKCMP6E;
2399:Drivers/STM32G4xx_HAL_Driver/Src/stm32g4xx_hal_tim_ex.c ****       bkin_enable_bitpos = TIM1_AF1_BKCMP6E_Pos;
2400:Drivers/STM32G4xx_HAL_Driver/Src/stm32g4xx_hal_tim_ex.c ****       /* No palarity bit for this COMP. Variable bkin_polarity_mask keeps its default value 0 */
2401:Drivers/STM32G4xx_HAL_Driver/Src/stm32g4xx_hal_tim_ex.c ****       bkin_polarity_mask = 0U;
2402:Drivers/STM32G4xx_HAL_Driver/Src/stm32g4xx_hal_tim_ex.c ****       bkin_polarity_bitpos = 0U;
2403:Drivers/STM32G4xx_HAL_Driver/Src/stm32g4xx_hal_tim_ex.c ****       break;
2404:Drivers/STM32G4xx_HAL_Driver/Src/stm32g4xx_hal_tim_ex.c ****     }
2405:Drivers/STM32G4xx_HAL_Driver/Src/stm32g4xx_hal_tim_ex.c **** #endif /* COMP7 */
2406:Drivers/STM32G4xx_HAL_Driver/Src/stm32g4xx_hal_tim_ex.c **** #if defined (COMP7)
2407:Drivers/STM32G4xx_HAL_Driver/Src/stm32g4xx_hal_tim_ex.c ****     case TIM_BREAKINPUTSOURCE_COMP7:
2408:Drivers/STM32G4xx_HAL_Driver/Src/stm32g4xx_hal_tim_ex.c ****     {
2409:Drivers/STM32G4xx_HAL_Driver/Src/stm32g4xx_hal_tim_ex.c ****       bkin_enable_mask = TIM1_AF1_BKCMP7E;
2410:Drivers/STM32G4xx_HAL_Driver/Src/stm32g4xx_hal_tim_ex.c ****       bkin_enable_bitpos = TIM1_AF1_BKCMP7E_Pos;
2411:Drivers/STM32G4xx_HAL_Driver/Src/stm32g4xx_hal_tim_ex.c ****       /* No palarity bit for this COMP. Variable bkin_polarity_mask keeps its default value 0 */
2412:Drivers/STM32G4xx_HAL_Driver/Src/stm32g4xx_hal_tim_ex.c ****       bkin_polarity_mask = 0U;
2413:Drivers/STM32G4xx_HAL_Driver/Src/stm32g4xx_hal_tim_ex.c ****       bkin_polarity_bitpos = 0U;
2414:Drivers/STM32G4xx_HAL_Driver/Src/stm32g4xx_hal_tim_ex.c ****       break;
2415:Drivers/STM32G4xx_HAL_Driver/Src/stm32g4xx_hal_tim_ex.c ****     }
2416:Drivers/STM32G4xx_HAL_Driver/Src/stm32g4xx_hal_tim_ex.c **** #endif /* COMP7 */
2417:Drivers/STM32G4xx_HAL_Driver/Src/stm32g4xx_hal_tim_ex.c **** 
2418:Drivers/STM32G4xx_HAL_Driver/Src/stm32g4xx_hal_tim_ex.c ****     default:
2419:Drivers/STM32G4xx_HAL_Driver/Src/stm32g4xx_hal_tim_ex.c ****     {
2420:Drivers/STM32G4xx_HAL_Driver/Src/stm32g4xx_hal_tim_ex.c ****       bkin_enable_mask = 0U;
2421:Drivers/STM32G4xx_HAL_Driver/Src/stm32g4xx_hal_tim_ex.c ****       bkin_polarity_mask = 0U;
2422:Drivers/STM32G4xx_HAL_Driver/Src/stm32g4xx_hal_tim_ex.c ****       bkin_enable_bitpos = 0U;
2423:Drivers/STM32G4xx_HAL_Driver/Src/stm32g4xx_hal_tim_ex.c ****       bkin_polarity_bitpos = 0U;
2424:Drivers/STM32G4xx_HAL_Driver/Src/stm32g4xx_hal_tim_ex.c ****       break;
ARM GAS  C:\Users\Booster\AppData\Local\Temp\ccs9w8jc.s 			page 44


2425:Drivers/STM32G4xx_HAL_Driver/Src/stm32g4xx_hal_tim_ex.c ****     }
2426:Drivers/STM32G4xx_HAL_Driver/Src/stm32g4xx_hal_tim_ex.c ****   }
2427:Drivers/STM32G4xx_HAL_Driver/Src/stm32g4xx_hal_tim_ex.c **** 
2428:Drivers/STM32G4xx_HAL_Driver/Src/stm32g4xx_hal_tim_ex.c ****   switch (BreakInput)
2429:Drivers/STM32G4xx_HAL_Driver/Src/stm32g4xx_hal_tim_ex.c ****   {
2430:Drivers/STM32G4xx_HAL_Driver/Src/stm32g4xx_hal_tim_ex.c ****     case TIM_BREAKINPUT_BRK:
2431:Drivers/STM32G4xx_HAL_Driver/Src/stm32g4xx_hal_tim_ex.c ****     {
2432:Drivers/STM32G4xx_HAL_Driver/Src/stm32g4xx_hal_tim_ex.c ****       /* Get the TIMx_AF1 register value */
2433:Drivers/STM32G4xx_HAL_Driver/Src/stm32g4xx_hal_tim_ex.c ****       tmporx = htim->Instance->AF1;
2434:Drivers/STM32G4xx_HAL_Driver/Src/stm32g4xx_hal_tim_ex.c **** 
2435:Drivers/STM32G4xx_HAL_Driver/Src/stm32g4xx_hal_tim_ex.c ****       /* Enable the break input */
2436:Drivers/STM32G4xx_HAL_Driver/Src/stm32g4xx_hal_tim_ex.c ****       tmporx &= ~bkin_enable_mask;
2437:Drivers/STM32G4xx_HAL_Driver/Src/stm32g4xx_hal_tim_ex.c ****       tmporx |= (sBreakInputConfig->Enable << bkin_enable_bitpos) & bkin_enable_mask;
2438:Drivers/STM32G4xx_HAL_Driver/Src/stm32g4xx_hal_tim_ex.c **** 
2439:Drivers/STM32G4xx_HAL_Driver/Src/stm32g4xx_hal_tim_ex.c ****       /* Set the break input polarity */
2440:Drivers/STM32G4xx_HAL_Driver/Src/stm32g4xx_hal_tim_ex.c ****       tmporx &= ~bkin_polarity_mask;
2441:Drivers/STM32G4xx_HAL_Driver/Src/stm32g4xx_hal_tim_ex.c ****       tmporx |= (sBreakInputConfig->Polarity << bkin_polarity_bitpos) & bkin_polarity_mask;
2442:Drivers/STM32G4xx_HAL_Driver/Src/stm32g4xx_hal_tim_ex.c **** 
2443:Drivers/STM32G4xx_HAL_Driver/Src/stm32g4xx_hal_tim_ex.c ****       /* Set TIMx_AF1 */
2444:Drivers/STM32G4xx_HAL_Driver/Src/stm32g4xx_hal_tim_ex.c ****       htim->Instance->AF1 = tmporx;
2445:Drivers/STM32G4xx_HAL_Driver/Src/stm32g4xx_hal_tim_ex.c ****       break;
2446:Drivers/STM32G4xx_HAL_Driver/Src/stm32g4xx_hal_tim_ex.c ****     }
2447:Drivers/STM32G4xx_HAL_Driver/Src/stm32g4xx_hal_tim_ex.c ****     case TIM_BREAKINPUT_BRK2:
2448:Drivers/STM32G4xx_HAL_Driver/Src/stm32g4xx_hal_tim_ex.c ****     {
2449:Drivers/STM32G4xx_HAL_Driver/Src/stm32g4xx_hal_tim_ex.c ****       /* Get the TIMx_AF2 register value */
2450:Drivers/STM32G4xx_HAL_Driver/Src/stm32g4xx_hal_tim_ex.c ****       tmporx = htim->Instance->AF2;
2451:Drivers/STM32G4xx_HAL_Driver/Src/stm32g4xx_hal_tim_ex.c **** 
2452:Drivers/STM32G4xx_HAL_Driver/Src/stm32g4xx_hal_tim_ex.c ****       /* Enable the break input */
2453:Drivers/STM32G4xx_HAL_Driver/Src/stm32g4xx_hal_tim_ex.c ****       tmporx &= ~bkin_enable_mask;
2454:Drivers/STM32G4xx_HAL_Driver/Src/stm32g4xx_hal_tim_ex.c ****       tmporx |= (sBreakInputConfig->Enable << bkin_enable_bitpos) & bkin_enable_mask;
2455:Drivers/STM32G4xx_HAL_Driver/Src/stm32g4xx_hal_tim_ex.c **** 
2456:Drivers/STM32G4xx_HAL_Driver/Src/stm32g4xx_hal_tim_ex.c ****       /* Set the break input polarity */
2457:Drivers/STM32G4xx_HAL_Driver/Src/stm32g4xx_hal_tim_ex.c ****       tmporx &= ~bkin_polarity_mask;
2458:Drivers/STM32G4xx_HAL_Driver/Src/stm32g4xx_hal_tim_ex.c ****       tmporx |= (sBreakInputConfig->Polarity << bkin_polarity_bitpos) & bkin_polarity_mask;
2459:Drivers/STM32G4xx_HAL_Driver/Src/stm32g4xx_hal_tim_ex.c **** 
2460:Drivers/STM32G4xx_HAL_Driver/Src/stm32g4xx_hal_tim_ex.c ****       /* Set TIMx_AF2 */
2461:Drivers/STM32G4xx_HAL_Driver/Src/stm32g4xx_hal_tim_ex.c ****       htim->Instance->AF2 = tmporx;
2462:Drivers/STM32G4xx_HAL_Driver/Src/stm32g4xx_hal_tim_ex.c ****       break;
2463:Drivers/STM32G4xx_HAL_Driver/Src/stm32g4xx_hal_tim_ex.c ****     }
2464:Drivers/STM32G4xx_HAL_Driver/Src/stm32g4xx_hal_tim_ex.c ****     default:
2465:Drivers/STM32G4xx_HAL_Driver/Src/stm32g4xx_hal_tim_ex.c ****       status = HAL_ERROR;
2466:Drivers/STM32G4xx_HAL_Driver/Src/stm32g4xx_hal_tim_ex.c ****       break;
2467:Drivers/STM32G4xx_HAL_Driver/Src/stm32g4xx_hal_tim_ex.c ****   }
2468:Drivers/STM32G4xx_HAL_Driver/Src/stm32g4xx_hal_tim_ex.c **** 
2469:Drivers/STM32G4xx_HAL_Driver/Src/stm32g4xx_hal_tim_ex.c ****   __HAL_UNLOCK(htim);
2470:Drivers/STM32G4xx_HAL_Driver/Src/stm32g4xx_hal_tim_ex.c **** 
2471:Drivers/STM32G4xx_HAL_Driver/Src/stm32g4xx_hal_tim_ex.c ****   return status;
2472:Drivers/STM32G4xx_HAL_Driver/Src/stm32g4xx_hal_tim_ex.c **** }
2473:Drivers/STM32G4xx_HAL_Driver/Src/stm32g4xx_hal_tim_ex.c **** 
2474:Drivers/STM32G4xx_HAL_Driver/Src/stm32g4xx_hal_tim_ex.c **** /**
2475:Drivers/STM32G4xx_HAL_Driver/Src/stm32g4xx_hal_tim_ex.c ****   * @brief  Configures the TIMx Remapping input capabilities.
2476:Drivers/STM32G4xx_HAL_Driver/Src/stm32g4xx_hal_tim_ex.c ****   * @param  htim TIM handle.
2477:Drivers/STM32G4xx_HAL_Driver/Src/stm32g4xx_hal_tim_ex.c ****   * @param  Remap specifies the TIM remapping source.
2478:Drivers/STM32G4xx_HAL_Driver/Src/stm32g4xx_hal_tim_ex.c ****   *         For TIM1, the parameter can take one of the following values:
2479:Drivers/STM32G4xx_HAL_Driver/Src/stm32g4xx_hal_tim_ex.c ****   *            @arg TIM_TIM1_ETR_GPIO           TIM1 ETR is connected to GPIO
2480:Drivers/STM32G4xx_HAL_Driver/Src/stm32g4xx_hal_tim_ex.c ****   *            @arg TIM_TIM1_ETR_COMP1          TIM1 ETR is connected to COMP1 output
2481:Drivers/STM32G4xx_HAL_Driver/Src/stm32g4xx_hal_tim_ex.c ****   *            @arg TIM_TIM1_ETR_COMP2          TIM1 ETR is connected to COMP2 output
ARM GAS  C:\Users\Booster\AppData\Local\Temp\ccs9w8jc.s 			page 45


2482:Drivers/STM32G4xx_HAL_Driver/Src/stm32g4xx_hal_tim_ex.c ****   *            @arg TIM_TIM1_ETR_COMP3          TIM1 ETR is connected to COMP3 output
2483:Drivers/STM32G4xx_HAL_Driver/Src/stm32g4xx_hal_tim_ex.c ****   *            @arg TIM_TIM1_ETR_COMP4          TIM1 ETR is connected to COMP4 output
2484:Drivers/STM32G4xx_HAL_Driver/Src/stm32g4xx_hal_tim_ex.c ****   *            @arg TIM_TIM1_ETR_COMP5          TIM1 ETR is connected to COMP5 output    (*)
2485:Drivers/STM32G4xx_HAL_Driver/Src/stm32g4xx_hal_tim_ex.c ****   *            @arg TIM_TIM1_ETR_COMP6          TIM1 ETR is connected to COMP6 output    (*)
2486:Drivers/STM32G4xx_HAL_Driver/Src/stm32g4xx_hal_tim_ex.c ****   *            @arg TIM_TIM1_ETR_COMP7          TIM1 ETR is connected to COMP7 output    (*)
2487:Drivers/STM32G4xx_HAL_Driver/Src/stm32g4xx_hal_tim_ex.c ****   *            @arg TIM_TIM1_ETR_ADC1_AWD1      TIM1 ETR is connected to ADC1 AWD1
2488:Drivers/STM32G4xx_HAL_Driver/Src/stm32g4xx_hal_tim_ex.c ****   *            @arg TIM_TIM1_ETR_ADC1_AWD2      TIM1 ETR is connected to ADC1 AWD2
2489:Drivers/STM32G4xx_HAL_Driver/Src/stm32g4xx_hal_tim_ex.c ****   *            @arg TIM_TIM1_ETR_ADC1_AWD3      TIM1 ETR is connected to ADC1 AWD3
2490:Drivers/STM32G4xx_HAL_Driver/Src/stm32g4xx_hal_tim_ex.c ****   *            @arg TIM_TIM1_ETR_ADC4_AWD1      TIM1 ETR is connected to ADC4 AWD1       (*)
2491:Drivers/STM32G4xx_HAL_Driver/Src/stm32g4xx_hal_tim_ex.c ****   *            @arg TIM_TIM1_ETR_ADC4_AWD2      TIM1 ETR is connected to ADC4 AWD2       (*)
2492:Drivers/STM32G4xx_HAL_Driver/Src/stm32g4xx_hal_tim_ex.c ****   *            @arg TIM_TIM1_ETR_ADC4_AWD3      TIM1 ETR is connected to ADC4 AWD3       (*)
2493:Drivers/STM32G4xx_HAL_Driver/Src/stm32g4xx_hal_tim_ex.c ****   *
2494:Drivers/STM32G4xx_HAL_Driver/Src/stm32g4xx_hal_tim_ex.c ****   *         For TIM2, the parameter can take one of the following values:
2495:Drivers/STM32G4xx_HAL_Driver/Src/stm32g4xx_hal_tim_ex.c ****   *            @arg TIM_TIM2_ETR_GPIO           TIM2 ETR is connected to GPIO
2496:Drivers/STM32G4xx_HAL_Driver/Src/stm32g4xx_hal_tim_ex.c ****   *            @arg TIM_TIM2_ETR_COMP1          TIM2 ETR is connected to COMP1 output
2497:Drivers/STM32G4xx_HAL_Driver/Src/stm32g4xx_hal_tim_ex.c ****   *            @arg TIM_TIM2_ETR_COMP2          TIM2 ETR is connected to COMP2 output
2498:Drivers/STM32G4xx_HAL_Driver/Src/stm32g4xx_hal_tim_ex.c ****   *            @arg TIM_TIM2_ETR_COMP3          TIM2 ETR is connected to COMP3 output
2499:Drivers/STM32G4xx_HAL_Driver/Src/stm32g4xx_hal_tim_ex.c ****   *            @arg TIM_TIM2_ETR_COMP4          TIM2 ETR is connected to COMP4 output
2500:Drivers/STM32G4xx_HAL_Driver/Src/stm32g4xx_hal_tim_ex.c ****   *            @arg TIM_TIM2_ETR_COMP5          TIM2 ETR is connected to COMP5 output    (*)
2501:Drivers/STM32G4xx_HAL_Driver/Src/stm32g4xx_hal_tim_ex.c ****   *            @arg TIM_TIM2_ETR_COMP6          TIM2 ETR is connected to COMP6 output    (*)
2502:Drivers/STM32G4xx_HAL_Driver/Src/stm32g4xx_hal_tim_ex.c ****   *            @arg TIM_TIM2_ETR_COMP7          TIM2 ETR is connected to COMP7 output    (*)
2503:Drivers/STM32G4xx_HAL_Driver/Src/stm32g4xx_hal_tim_ex.c ****   *            @arg TIM_TIM2_ETR_TIM3_ETR       TIM2 ETR is connected to TIM3 ETR pin
2504:Drivers/STM32G4xx_HAL_Driver/Src/stm32g4xx_hal_tim_ex.c ****   *            @arg TIM_TIM2_ETR_TIM4_ETR       TIM2 ETR is connected to TIM4 ETR pin
2505:Drivers/STM32G4xx_HAL_Driver/Src/stm32g4xx_hal_tim_ex.c ****   *            @arg TIM_TIM2_ETR_TIM5_ETR       TIM2 ETR is connected to TIM5 ETR pin    (*)
2506:Drivers/STM32G4xx_HAL_Driver/Src/stm32g4xx_hal_tim_ex.c ****   *            @arg TIM_TIM2_ETR_LSE
2507:Drivers/STM32G4xx_HAL_Driver/Src/stm32g4xx_hal_tim_ex.c ****   *
2508:Drivers/STM32G4xx_HAL_Driver/Src/stm32g4xx_hal_tim_ex.c ****   *         For TIM3, the parameter can take one of the following values:
2509:Drivers/STM32G4xx_HAL_Driver/Src/stm32g4xx_hal_tim_ex.c ****   *            @arg TIM_TIM3_ETR_GPIO           TIM3 ETR is connected to GPIO
2510:Drivers/STM32G4xx_HAL_Driver/Src/stm32g4xx_hal_tim_ex.c ****   *            @arg TIM_TIM3_ETR_COMP1          TIM3 ETR is connected to COMP1 output
2511:Drivers/STM32G4xx_HAL_Driver/Src/stm32g4xx_hal_tim_ex.c ****   *            @arg TIM_TIM3_ETR_COMP2          TIM3 ETR is connected to COMP2 output
2512:Drivers/STM32G4xx_HAL_Driver/Src/stm32g4xx_hal_tim_ex.c ****   *            @arg TIM_TIM3_ETR_COMP3          TIM3 ETR is connected to COMP3 output
2513:Drivers/STM32G4xx_HAL_Driver/Src/stm32g4xx_hal_tim_ex.c ****   *            @arg TIM_TIM3_ETR_COMP4          TIM3 ETR is connected to COMP4 output
2514:Drivers/STM32G4xx_HAL_Driver/Src/stm32g4xx_hal_tim_ex.c ****   *            @arg TIM_TIM3_ETR_COMP5          TIM3 ETR is connected to COMP5 output    (*)
2515:Drivers/STM32G4xx_HAL_Driver/Src/stm32g4xx_hal_tim_ex.c ****   *            @arg TIM_TIM3_ETR_COMP6          TIM3 ETR is connected to COMP6 output    (*)
2516:Drivers/STM32G4xx_HAL_Driver/Src/stm32g4xx_hal_tim_ex.c ****   *            @arg TIM_TIM3_ETR_COMP7          TIM3 ETR is connected to COMP7 output    (*)
2517:Drivers/STM32G4xx_HAL_Driver/Src/stm32g4xx_hal_tim_ex.c ****   *            @arg TIM_TIM3_ETR_TIM2_ETR       TIM3 ETR is connected to TIM2 ETR pin
2518:Drivers/STM32G4xx_HAL_Driver/Src/stm32g4xx_hal_tim_ex.c ****   *            @arg TIM_TIM3_ETR_TIM4_ETR       TIM3 ETR is connected to TIM4 ETR pin
2519:Drivers/STM32G4xx_HAL_Driver/Src/stm32g4xx_hal_tim_ex.c ****   *            @arg TIM_TIM3_ETR_ADC2_AWD1      TIM3 ETR is connected to ADC2 AWD1
2520:Drivers/STM32G4xx_HAL_Driver/Src/stm32g4xx_hal_tim_ex.c ****   *            @arg TIM_TIM3_ETR_ADC2_AWD2      TIM3 ETR is connected to ADC2 AWD2
2521:Drivers/STM32G4xx_HAL_Driver/Src/stm32g4xx_hal_tim_ex.c ****   *            @arg TIM_TIM3_ETR_ADC2_AWD3      TIM3 ETR is connected to ADC2 AWD3
2522:Drivers/STM32G4xx_HAL_Driver/Src/stm32g4xx_hal_tim_ex.c ****   *
2523:Drivers/STM32G4xx_HAL_Driver/Src/stm32g4xx_hal_tim_ex.c ****   *         For TIM4, the parameter can take one of the following values:
2524:Drivers/STM32G4xx_HAL_Driver/Src/stm32g4xx_hal_tim_ex.c ****   *            @arg TIM_TIM4_ETR_GPIO           TIM4 ETR is connected to GPIO
2525:Drivers/STM32G4xx_HAL_Driver/Src/stm32g4xx_hal_tim_ex.c ****   *            @arg TIM_TIM4_ETR_COMP1          TIM4 ETR is connected to COMP1 output
2526:Drivers/STM32G4xx_HAL_Driver/Src/stm32g4xx_hal_tim_ex.c ****   *            @arg TIM_TIM4_ETR_COMP2          TIM4 ETR is connected to COMP2 output
2527:Drivers/STM32G4xx_HAL_Driver/Src/stm32g4xx_hal_tim_ex.c ****   *            @arg TIM_TIM4_ETR_COMP3          TIM4 ETR is connected to COMP3 output
2528:Drivers/STM32G4xx_HAL_Driver/Src/stm32g4xx_hal_tim_ex.c ****   *            @arg TIM_TIM4_ETR_COMP4          TIM4 ETR is connected to COMP4 output
2529:Drivers/STM32G4xx_HAL_Driver/Src/stm32g4xx_hal_tim_ex.c ****   *            @arg TIM_TIM4_ETR_COMP5          TIM4 ETR is connected to COMP5 output    (*)
2530:Drivers/STM32G4xx_HAL_Driver/Src/stm32g4xx_hal_tim_ex.c ****   *            @arg TIM_TIM4_ETR_COMP6          TIM4 ETR is connected to COMP6 output    (*)
2531:Drivers/STM32G4xx_HAL_Driver/Src/stm32g4xx_hal_tim_ex.c ****   *            @arg TIM_TIM4_ETR_COMP7          TIM4 ETR is connected to COMP7 output    (*)
2532:Drivers/STM32G4xx_HAL_Driver/Src/stm32g4xx_hal_tim_ex.c ****   *            @arg TIM_TIM4_ETR_TIM3_ETR       TIM4 ETR is connected to TIM3 ETR pin
2533:Drivers/STM32G4xx_HAL_Driver/Src/stm32g4xx_hal_tim_ex.c ****   *            @arg TIM_TIM4_ETR_TIM5_ETR       TIM4 ETR is connected to TIM5 ETR pin    (*)
2534:Drivers/STM32G4xx_HAL_Driver/Src/stm32g4xx_hal_tim_ex.c ****   *
2535:Drivers/STM32G4xx_HAL_Driver/Src/stm32g4xx_hal_tim_ex.c ****   *         For TIM5, the parameter can take one of the following values:       (**)
2536:Drivers/STM32G4xx_HAL_Driver/Src/stm32g4xx_hal_tim_ex.c ****   *            @arg TIM_TIM5_ETR_GPIO           TIM5 ETR is connected to GPIO            (*)
2537:Drivers/STM32G4xx_HAL_Driver/Src/stm32g4xx_hal_tim_ex.c ****   *            @arg TIM_TIM5_ETR_COMP1          TIM5 ETR is connected to COMP1 output    (*)
2538:Drivers/STM32G4xx_HAL_Driver/Src/stm32g4xx_hal_tim_ex.c ****   *            @arg TIM_TIM5_ETR_COMP2          TIM5 ETR is connected to COMP2 output    (*)
ARM GAS  C:\Users\Booster\AppData\Local\Temp\ccs9w8jc.s 			page 46


2539:Drivers/STM32G4xx_HAL_Driver/Src/stm32g4xx_hal_tim_ex.c ****   *            @arg TIM_TIM5_ETR_COMP3          TIM5 ETR is connected to COMP3 output    (*)
2540:Drivers/STM32G4xx_HAL_Driver/Src/stm32g4xx_hal_tim_ex.c ****   *            @arg TIM_TIM5_ETR_COMP4          TIM5 ETR is connected to COMP4 output    (*)
2541:Drivers/STM32G4xx_HAL_Driver/Src/stm32g4xx_hal_tim_ex.c ****   *            @arg TIM_TIM5_ETR_COMP5          TIM5 ETR is connected to COMP5 output    (*)
2542:Drivers/STM32G4xx_HAL_Driver/Src/stm32g4xx_hal_tim_ex.c ****   *            @arg TIM_TIM5_ETR_COMP6          TIM5 ETR is connected to COMP6 output    (*)
2543:Drivers/STM32G4xx_HAL_Driver/Src/stm32g4xx_hal_tim_ex.c ****   *            @arg TIM_TIM5_ETR_COMP7          TIM5 ETR is connected to COMP7 output    (*)
2544:Drivers/STM32G4xx_HAL_Driver/Src/stm32g4xx_hal_tim_ex.c ****   *            @arg TIM_TIM5_ETR_TIM2_ETR       TIM5 ETR is connected to TIM2 ETR pin    (*)
2545:Drivers/STM32G4xx_HAL_Driver/Src/stm32g4xx_hal_tim_ex.c ****   *            @arg TIM_TIM5_ETR_TIM3_ETR       TIM5 ETR is connected to TIM3 ETR pin    (*)
2546:Drivers/STM32G4xx_HAL_Driver/Src/stm32g4xx_hal_tim_ex.c ****   *
2547:Drivers/STM32G4xx_HAL_Driver/Src/stm32g4xx_hal_tim_ex.c ****   *         For TIM8, the parameter can take one of the following values:
2548:Drivers/STM32G4xx_HAL_Driver/Src/stm32g4xx_hal_tim_ex.c ****   *            @arg TIM_TIM8_ETR_GPIO            TIM8 ETR is connected to GPIO
2549:Drivers/STM32G4xx_HAL_Driver/Src/stm32g4xx_hal_tim_ex.c ****   *            @arg TIM_TIM8_ETR_COMP1           TIM8 ETR is connected to COMP1 output
2550:Drivers/STM32G4xx_HAL_Driver/Src/stm32g4xx_hal_tim_ex.c ****   *            @arg TIM_TIM8_ETR_COMP2           TIM8 ETR is connected to COMP2 output
2551:Drivers/STM32G4xx_HAL_Driver/Src/stm32g4xx_hal_tim_ex.c ****   *            @arg TIM_TIM8_ETR_COMP3           TIM8 ETR is connected to COMP3 output
2552:Drivers/STM32G4xx_HAL_Driver/Src/stm32g4xx_hal_tim_ex.c ****   *            @arg TIM_TIM8_ETR_COMP4           TIM8 ETR is connected to COMP4 output
2553:Drivers/STM32G4xx_HAL_Driver/Src/stm32g4xx_hal_tim_ex.c ****   *            @arg TIM_TIM8_ETR_COMP5           TIM8 ETR is connected to COMP5 output    (*)
2554:Drivers/STM32G4xx_HAL_Driver/Src/stm32g4xx_hal_tim_ex.c ****   *            @arg TIM_TIM8_ETR_COMP6           TIM8 ETR is connected to COMP6 output    (*)
2555:Drivers/STM32G4xx_HAL_Driver/Src/stm32g4xx_hal_tim_ex.c ****   *            @arg TIM_TIM8_ETR_COMP7           TIM8 ETR is connected to COMP7 output    (*)
2556:Drivers/STM32G4xx_HAL_Driver/Src/stm32g4xx_hal_tim_ex.c ****   *            @arg TIM_TIM8_ETR_ADC2_AWD1       TIM8 ETR is connected to ADC2 AWD1
2557:Drivers/STM32G4xx_HAL_Driver/Src/stm32g4xx_hal_tim_ex.c ****   *            @arg TIM_TIM8_ETR_ADC2_AWD2       TIM8 ETR is connected to ADC2 AWD2
2558:Drivers/STM32G4xx_HAL_Driver/Src/stm32g4xx_hal_tim_ex.c ****   *            @arg TIM_TIM8_ETR_ADC2_AWD3       TIM8 ETR is connected to ADC2 AWD3
2559:Drivers/STM32G4xx_HAL_Driver/Src/stm32g4xx_hal_tim_ex.c ****   *            @arg TIM_TIM8_ETR_ADC3_AWD1       TIM8 ETR is connected to ADC3 AWD1       (*)
2560:Drivers/STM32G4xx_HAL_Driver/Src/stm32g4xx_hal_tim_ex.c ****   *            @arg TIM_TIM8_ETR_ADC3_AWD2       TIM8 ETR is connected to ADC3 AWD2       (*)
2561:Drivers/STM32G4xx_HAL_Driver/Src/stm32g4xx_hal_tim_ex.c ****   *            @arg TIM_TIM8_ETR_ADC3_AWD3       TIM8 ETR is connected to ADC3 AWD3       (*)
2562:Drivers/STM32G4xx_HAL_Driver/Src/stm32g4xx_hal_tim_ex.c ****   *
2563:Drivers/STM32G4xx_HAL_Driver/Src/stm32g4xx_hal_tim_ex.c ****   *         For TIM20, the parameter can take one of the following values:       (**)
2564:Drivers/STM32G4xx_HAL_Driver/Src/stm32g4xx_hal_tim_ex.c ****   *            @arg TIM_TIM20_ETR_GPIO            TIM20 ETR is connected to GPIO
2565:Drivers/STM32G4xx_HAL_Driver/Src/stm32g4xx_hal_tim_ex.c ****   *            @arg TIM_TIM20_ETR_COMP1           TIM20 ETR is connected to COMP1 output  (*)
2566:Drivers/STM32G4xx_HAL_Driver/Src/stm32g4xx_hal_tim_ex.c ****   *            @arg TIM_TIM20_ETR_COMP2           TIM20 ETR is connected to COMP2 output  (*)
2567:Drivers/STM32G4xx_HAL_Driver/Src/stm32g4xx_hal_tim_ex.c ****   *            @arg TIM_TIM20_ETR_COMP3           TIM20 ETR is connected to COMP3 output  (*)
2568:Drivers/STM32G4xx_HAL_Driver/Src/stm32g4xx_hal_tim_ex.c ****   *            @arg TIM_TIM20_ETR_COMP4           TIM20 ETR is connected to COMP4 output  (*)
2569:Drivers/STM32G4xx_HAL_Driver/Src/stm32g4xx_hal_tim_ex.c ****   *            @arg TIM_TIM20_ETR_COMP5           TIM20 ETR is connected to COMP5 output  (*)
2570:Drivers/STM32G4xx_HAL_Driver/Src/stm32g4xx_hal_tim_ex.c ****   *            @arg TIM_TIM20_ETR_COMP6           TIM20 ETR is connected to COMP6 output  (*)
2571:Drivers/STM32G4xx_HAL_Driver/Src/stm32g4xx_hal_tim_ex.c ****   *            @arg TIM_TIM20_ETR_COMP7           TIM20 ETR is connected to COMP7 output  (*)
2572:Drivers/STM32G4xx_HAL_Driver/Src/stm32g4xx_hal_tim_ex.c ****   *            @arg TIM_TIM20_ETR_ADC3_AWD1       TIM20 ETR is connected to ADC3 AWD1     (*)
2573:Drivers/STM32G4xx_HAL_Driver/Src/stm32g4xx_hal_tim_ex.c ****   *            @arg TIM_TIM20_ETR_ADC3_AWD2       TIM20 ETR is connected to ADC3 AWD2     (*)
2574:Drivers/STM32G4xx_HAL_Driver/Src/stm32g4xx_hal_tim_ex.c ****   *            @arg TIM_TIM20_ETR_ADC3_AWD3       TIM20 ETR is connected to ADC3 AWD3     (*)
2575:Drivers/STM32G4xx_HAL_Driver/Src/stm32g4xx_hal_tim_ex.c ****   *            @arg TIM_TIM20_ETR_ADC5_AWD1       TIM20 ETR is connected to ADC5 AWD1     (*)
2576:Drivers/STM32G4xx_HAL_Driver/Src/stm32g4xx_hal_tim_ex.c ****   *            @arg TIM_TIM20_ETR_ADC5_AWD2       TIM20 ETR is connected to ADC5 AWD2     (*)
2577:Drivers/STM32G4xx_HAL_Driver/Src/stm32g4xx_hal_tim_ex.c ****   *            @arg TIM_TIM20_ETR_ADC5_AWD3       TIM20 ETR is connected to ADC5 AWD3     (*)
2578:Drivers/STM32G4xx_HAL_Driver/Src/stm32g4xx_hal_tim_ex.c ****   *
2579:Drivers/STM32G4xx_HAL_Driver/Src/stm32g4xx_hal_tim_ex.c ****   *         (*)  Value not defined in all devices. \n
2580:Drivers/STM32G4xx_HAL_Driver/Src/stm32g4xx_hal_tim_ex.c ****   *         (**) Register not available in all devices.
2581:Drivers/STM32G4xx_HAL_Driver/Src/stm32g4xx_hal_tim_ex.c ****   *
2582:Drivers/STM32G4xx_HAL_Driver/Src/stm32g4xx_hal_tim_ex.c ****   * @retval HAL status
2583:Drivers/STM32G4xx_HAL_Driver/Src/stm32g4xx_hal_tim_ex.c ****   */
2584:Drivers/STM32G4xx_HAL_Driver/Src/stm32g4xx_hal_tim_ex.c **** HAL_StatusTypeDef HAL_TIMEx_RemapConfig(TIM_HandleTypeDef *htim, uint32_t Remap)
2585:Drivers/STM32G4xx_HAL_Driver/Src/stm32g4xx_hal_tim_ex.c **** {
2586:Drivers/STM32G4xx_HAL_Driver/Src/stm32g4xx_hal_tim_ex.c ****   /* Check parameters */
2587:Drivers/STM32G4xx_HAL_Driver/Src/stm32g4xx_hal_tim_ex.c ****   assert_param(IS_TIM_REMAP_INSTANCE(htim->Instance));
2588:Drivers/STM32G4xx_HAL_Driver/Src/stm32g4xx_hal_tim_ex.c ****   assert_param(IS_TIM_REMAP(Remap));
2589:Drivers/STM32G4xx_HAL_Driver/Src/stm32g4xx_hal_tim_ex.c **** 
2590:Drivers/STM32G4xx_HAL_Driver/Src/stm32g4xx_hal_tim_ex.c ****   __HAL_LOCK(htim);
2591:Drivers/STM32G4xx_HAL_Driver/Src/stm32g4xx_hal_tim_ex.c **** 
2592:Drivers/STM32G4xx_HAL_Driver/Src/stm32g4xx_hal_tim_ex.c ****   MODIFY_REG(htim->Instance->AF1, TIM1_AF1_ETRSEL_Msk, Remap);
2593:Drivers/STM32G4xx_HAL_Driver/Src/stm32g4xx_hal_tim_ex.c **** 
2594:Drivers/STM32G4xx_HAL_Driver/Src/stm32g4xx_hal_tim_ex.c ****   __HAL_UNLOCK(htim);
2595:Drivers/STM32G4xx_HAL_Driver/Src/stm32g4xx_hal_tim_ex.c **** 
ARM GAS  C:\Users\Booster\AppData\Local\Temp\ccs9w8jc.s 			page 47


2596:Drivers/STM32G4xx_HAL_Driver/Src/stm32g4xx_hal_tim_ex.c ****   return HAL_OK;
2597:Drivers/STM32G4xx_HAL_Driver/Src/stm32g4xx_hal_tim_ex.c **** }
2598:Drivers/STM32G4xx_HAL_Driver/Src/stm32g4xx_hal_tim_ex.c **** 
2599:Drivers/STM32G4xx_HAL_Driver/Src/stm32g4xx_hal_tim_ex.c **** /**
2600:Drivers/STM32G4xx_HAL_Driver/Src/stm32g4xx_hal_tim_ex.c ****   * @brief  Select the timer input source
2601:Drivers/STM32G4xx_HAL_Driver/Src/stm32g4xx_hal_tim_ex.c ****   * @param  htim TIM handle.
2602:Drivers/STM32G4xx_HAL_Driver/Src/stm32g4xx_hal_tim_ex.c ****   * @param  Channel specifies the TIM Channel
2603:Drivers/STM32G4xx_HAL_Driver/Src/stm32g4xx_hal_tim_ex.c ****   *          This parameter can be one of the following values:
2604:Drivers/STM32G4xx_HAL_Driver/Src/stm32g4xx_hal_tim_ex.c ****   *            @arg TIM_CHANNEL_1: TI1 input channel
2605:Drivers/STM32G4xx_HAL_Driver/Src/stm32g4xx_hal_tim_ex.c ****   *            @arg TIM_CHANNEL_2: TI2 input channel
2606:Drivers/STM32G4xx_HAL_Driver/Src/stm32g4xx_hal_tim_ex.c ****   *            @arg TIM_CHANNEL_3: TI3 input channel
2607:Drivers/STM32G4xx_HAL_Driver/Src/stm32g4xx_hal_tim_ex.c ****   *            @arg TIM_CHANNEL_4: TI4 input channel
2608:Drivers/STM32G4xx_HAL_Driver/Src/stm32g4xx_hal_tim_ex.c ****   * @param  TISelection specifies the timer input source
2609:Drivers/STM32G4xx_HAL_Driver/Src/stm32g4xx_hal_tim_ex.c ****   *         For TIM1 this parameter can be one of the following values:
2610:Drivers/STM32G4xx_HAL_Driver/Src/stm32g4xx_hal_tim_ex.c ****   *            @arg TIM_TIM1_TI1_GPIO:                TIM1 TI1 is connected to GPIO
2611:Drivers/STM32G4xx_HAL_Driver/Src/stm32g4xx_hal_tim_ex.c ****   *            @arg TIM_TIM1_TI1_COMP1:               TIM1 TI1 is connected to COMP1 output
2612:Drivers/STM32G4xx_HAL_Driver/Src/stm32g4xx_hal_tim_ex.c ****   *            @arg TIM_TIM1_TI1_COMP2:               TIM1 TI1 is connected to COMP2 output
2613:Drivers/STM32G4xx_HAL_Driver/Src/stm32g4xx_hal_tim_ex.c ****   *            @arg TIM_TIM1_TI1_COMP3:               TIM1 TI1 is connected to COMP3 output
2614:Drivers/STM32G4xx_HAL_Driver/Src/stm32g4xx_hal_tim_ex.c ****   *            @arg TIM_TIM1_TI1_COMP4:               TIM1 TI1 is connected to COMP4 output
2615:Drivers/STM32G4xx_HAL_Driver/Src/stm32g4xx_hal_tim_ex.c ****   *
2616:Drivers/STM32G4xx_HAL_Driver/Src/stm32g4xx_hal_tim_ex.c ****   *         For TIM2 this parameter can be one of the following values:
2617:Drivers/STM32G4xx_HAL_Driver/Src/stm32g4xx_hal_tim_ex.c ****   *            @arg TIM_TIM2_TI1_GPIO:                TIM2 TI1 is connected to GPIO
2618:Drivers/STM32G4xx_HAL_Driver/Src/stm32g4xx_hal_tim_ex.c ****   *            @arg TIM_TIM2_TI1_COMP1:               TIM2 TI1 is connected to COMP1 output
2619:Drivers/STM32G4xx_HAL_Driver/Src/stm32g4xx_hal_tim_ex.c ****   *            @arg TIM_TIM2_TI1_COMP2:               TIM2 TI1 is connected to COMP2 output
2620:Drivers/STM32G4xx_HAL_Driver/Src/stm32g4xx_hal_tim_ex.c ****   *            @arg TIM_TIM2_TI1_COMP3:               TIM2 TI1 is connected to COMP3 output
2621:Drivers/STM32G4xx_HAL_Driver/Src/stm32g4xx_hal_tim_ex.c ****   *            @arg TIM_TIM2_TI1_COMP4:               TIM2 TI1 is connected to COMP4 output
2622:Drivers/STM32G4xx_HAL_Driver/Src/stm32g4xx_hal_tim_ex.c ****   *            @arg TIM_TIM2_TI1_COMP5:               TIM2 TI1 is connected to COMP5 output     (*)
2623:Drivers/STM32G4xx_HAL_Driver/Src/stm32g4xx_hal_tim_ex.c ****   *
2624:Drivers/STM32G4xx_HAL_Driver/Src/stm32g4xx_hal_tim_ex.c ****   *            @arg TIM_TIM2_TI2_GPIO:                TIM1 TI2 is connected to GPIO
2625:Drivers/STM32G4xx_HAL_Driver/Src/stm32g4xx_hal_tim_ex.c ****   *            @arg TIM_TIM2_TI2_COMP1:               TIM2 TI2 is connected to COMP1 output
2626:Drivers/STM32G4xx_HAL_Driver/Src/stm32g4xx_hal_tim_ex.c ****   *            @arg TIM_TIM2_TI2_COMP2:               TIM2 TI2 is connected to COMP2 output
2627:Drivers/STM32G4xx_HAL_Driver/Src/stm32g4xx_hal_tim_ex.c ****   *            @arg TIM_TIM2_TI2_COMP3:               TIM2 TI2 is connected to COMP3 output
2628:Drivers/STM32G4xx_HAL_Driver/Src/stm32g4xx_hal_tim_ex.c ****   *            @arg TIM_TIM2_TI2_COMP4:               TIM2 TI2 is connected to COMP4 output
2629:Drivers/STM32G4xx_HAL_Driver/Src/stm32g4xx_hal_tim_ex.c ****   *            @arg TIM_TIM2_TI2_COMP6:               TIM2 TI2 is connected to COMP6 output     (*)
2630:Drivers/STM32G4xx_HAL_Driver/Src/stm32g4xx_hal_tim_ex.c ****   *
2631:Drivers/STM32G4xx_HAL_Driver/Src/stm32g4xx_hal_tim_ex.c ****   *            @arg TIM_TIM2_TI3_GPIO:                TIM2 TI3 is connected to GPIO
2632:Drivers/STM32G4xx_HAL_Driver/Src/stm32g4xx_hal_tim_ex.c ****   *            @arg TIM_TIM2_TI3_COMP4:               TIM2 TI3 is connected to COMP4 output
2633:Drivers/STM32G4xx_HAL_Driver/Src/stm32g4xx_hal_tim_ex.c ****   *
2634:Drivers/STM32G4xx_HAL_Driver/Src/stm32g4xx_hal_tim_ex.c ****   *            @arg TIM_TIM2_TI4_GPIO:                TIM2 TI4 is connected to GPIO
2635:Drivers/STM32G4xx_HAL_Driver/Src/stm32g4xx_hal_tim_ex.c ****   *            @arg TIM_TIM2_TI4_COMP1:               TIM2 TI4 is connected to COMP1 output
2636:Drivers/STM32G4xx_HAL_Driver/Src/stm32g4xx_hal_tim_ex.c ****   *            @arg TIM_TIM2_TI4_COMP2:               TIM2 TI4 is connected to COMP2 output
2637:Drivers/STM32G4xx_HAL_Driver/Src/stm32g4xx_hal_tim_ex.c ****   *
2638:Drivers/STM32G4xx_HAL_Driver/Src/stm32g4xx_hal_tim_ex.c ****   *         For TIM3 this parameter can be one of the following values:
2639:Drivers/STM32G4xx_HAL_Driver/Src/stm32g4xx_hal_tim_ex.c ****   *            @arg TIM_TIM3_TI1_GPIO:                TIM3 TI1 is connected to GPIO
2640:Drivers/STM32G4xx_HAL_Driver/Src/stm32g4xx_hal_tim_ex.c ****   *            @arg TIM_TIM3_TI1_COMP1:               TIM3 TI1 is connected to COMP1 output
2641:Drivers/STM32G4xx_HAL_Driver/Src/stm32g4xx_hal_tim_ex.c ****   *            @arg TIM_TIM3_TI1_COMP2:               TIM3 TI1 is connected to COMP2 output
2642:Drivers/STM32G4xx_HAL_Driver/Src/stm32g4xx_hal_tim_ex.c ****   *            @arg TIM_TIM3_TI1_COMP3:               TIM3 TI1 is connected to COMP3 output
2643:Drivers/STM32G4xx_HAL_Driver/Src/stm32g4xx_hal_tim_ex.c ****   *            @arg TIM_TIM3_TI1_COMP4:               TIM3 TI1 is connected to COMP4 output
2644:Drivers/STM32G4xx_HAL_Driver/Src/stm32g4xx_hal_tim_ex.c ****   *            @arg TIM_TIM3_TI1_COMP5:               TIM3 TI1 is connected to COMP5 output     (*)
2645:Drivers/STM32G4xx_HAL_Driver/Src/stm32g4xx_hal_tim_ex.c ****   *            @arg TIM_TIM3_TI1_COMP6:               TIM3 TI1 is connected to COMP6 output     (*)
2646:Drivers/STM32G4xx_HAL_Driver/Src/stm32g4xx_hal_tim_ex.c ****   *            @arg TIM_TIM3_TI1_COMP7:               TIM3 TI1 is connected to COMP7 output     (*)
2647:Drivers/STM32G4xx_HAL_Driver/Src/stm32g4xx_hal_tim_ex.c ****   *
2648:Drivers/STM32G4xx_HAL_Driver/Src/stm32g4xx_hal_tim_ex.c ****   *            @arg TIM_TIM3_TI2_GPIO:                TIM3 TI2 is connected to GPIO
2649:Drivers/STM32G4xx_HAL_Driver/Src/stm32g4xx_hal_tim_ex.c ****   *            @arg TIM_TIM3_TI2_COMP1:               TIM3 TI2 is connected to COMP1 output
2650:Drivers/STM32G4xx_HAL_Driver/Src/stm32g4xx_hal_tim_ex.c ****   *            @arg TIM_TIM3_TI2_COMP2:               TIM3 TI2 is connected to COMP2 output
2651:Drivers/STM32G4xx_HAL_Driver/Src/stm32g4xx_hal_tim_ex.c ****   *            @arg TIM_TIM3_TI2_COMP3:               TIM3 TI2 is connected to COMP3 output
2652:Drivers/STM32G4xx_HAL_Driver/Src/stm32g4xx_hal_tim_ex.c ****   *            @arg TIM_TIM3_TI2_COMP4:               TIM3 TI2 is connected to COMP4 output
ARM GAS  C:\Users\Booster\AppData\Local\Temp\ccs9w8jc.s 			page 48


2653:Drivers/STM32G4xx_HAL_Driver/Src/stm32g4xx_hal_tim_ex.c ****   *            @arg TIM_TIM3_TI2_COMP5:               TIM3 TI2 is connected to COMP5 output     (*)
2654:Drivers/STM32G4xx_HAL_Driver/Src/stm32g4xx_hal_tim_ex.c ****   *            @arg TIM_TIM3_TI2_COMP6:               TIM3 TI2 is connected to COMP6 output     (*)
2655:Drivers/STM32G4xx_HAL_Driver/Src/stm32g4xx_hal_tim_ex.c ****   *            @arg TIM_TIM3_TI2_COMP7:               TIM3 TI2 is connected to COMP7 output     (*)
2656:Drivers/STM32G4xx_HAL_Driver/Src/stm32g4xx_hal_tim_ex.c ****   *
2657:Drivers/STM32G4xx_HAL_Driver/Src/stm32g4xx_hal_tim_ex.c ****   *            @arg TIM_TIM3_TI3_GPIO:                TIM3 TI3 is connected to GPIO
2658:Drivers/STM32G4xx_HAL_Driver/Src/stm32g4xx_hal_tim_ex.c ****   *            @arg TIM_TIM3_TI3_COMP3:               TIM3 TI3 is connected to COMP3 output
2659:Drivers/STM32G4xx_HAL_Driver/Src/stm32g4xx_hal_tim_ex.c ****   *
2660:Drivers/STM32G4xx_HAL_Driver/Src/stm32g4xx_hal_tim_ex.c ****   *         For TIM4 this parameter can be one of the following values:
2661:Drivers/STM32G4xx_HAL_Driver/Src/stm32g4xx_hal_tim_ex.c ****   *            @arg TIM_TIM4_TI1_GPIO:                TIM4 TI1 is connected to GPIO
2662:Drivers/STM32G4xx_HAL_Driver/Src/stm32g4xx_hal_tim_ex.c ****   *            @arg TIM_TIM4_TI1_COMP1:               TIM4 TI1 is connected to COMP1 output
2663:Drivers/STM32G4xx_HAL_Driver/Src/stm32g4xx_hal_tim_ex.c ****   *            @arg TIM_TIM4_TI1_COMP2:               TIM4 TI1 is connected to COMP2 output
2664:Drivers/STM32G4xx_HAL_Driver/Src/stm32g4xx_hal_tim_ex.c ****   *            @arg TIM_TIM4_TI1_COMP3:               TIM4 TI1 is connected to COMP3 output
2665:Drivers/STM32G4xx_HAL_Driver/Src/stm32g4xx_hal_tim_ex.c ****   *            @arg TIM_TIM4_TI1_COMP4:               TIM4 TI1 is connected to COMP4 output
2666:Drivers/STM32G4xx_HAL_Driver/Src/stm32g4xx_hal_tim_ex.c ****   *            @arg TIM_TIM4_TI1_COMP5:               TIM4 TI1 is connected to COMP5 output     (*)
2667:Drivers/STM32G4xx_HAL_Driver/Src/stm32g4xx_hal_tim_ex.c ****   *            @arg TIM_TIM4_TI1_COMP6:               TIM4 TI1 is connected to COMP6 output     (*)
2668:Drivers/STM32G4xx_HAL_Driver/Src/stm32g4xx_hal_tim_ex.c ****   *            @arg TIM_TIM4_TI1_COMP7:               TIM4 TI1 is connected to COMP7 output     (*)
2669:Drivers/STM32G4xx_HAL_Driver/Src/stm32g4xx_hal_tim_ex.c ****   *
2670:Drivers/STM32G4xx_HAL_Driver/Src/stm32g4xx_hal_tim_ex.c ****   *            @arg TIM_TIM4_TI2_GPIO:                TIM4 TI2 is connected to GPIO
2671:Drivers/STM32G4xx_HAL_Driver/Src/stm32g4xx_hal_tim_ex.c ****   *            @arg TIM_TIM4_TI2_COMP1:               TIM4 TI2 is connected to COMP1 output
2672:Drivers/STM32G4xx_HAL_Driver/Src/stm32g4xx_hal_tim_ex.c ****   *            @arg TIM_TIM4_TI2_COMP2:               TIM4 TI2 is connected to COMP2 output
2673:Drivers/STM32G4xx_HAL_Driver/Src/stm32g4xx_hal_tim_ex.c ****   *            @arg TIM_TIM4_TI2_COMP3:               TIM4 TI2 is connected to COMP3 output
2674:Drivers/STM32G4xx_HAL_Driver/Src/stm32g4xx_hal_tim_ex.c ****   *            @arg TIM_TIM4_TI2_COMP4:               TIM4 TI2 is connected to COMP4 output
2675:Drivers/STM32G4xx_HAL_Driver/Src/stm32g4xx_hal_tim_ex.c ****   *            @arg TIM_TIM4_TI2_COMP5:               TIM4 TI2 is connected to COMP5 output     (*)
2676:Drivers/STM32G4xx_HAL_Driver/Src/stm32g4xx_hal_tim_ex.c ****   *            @arg TIM_TIM4_TI2_COMP6:               TIM4 TI2 is connected to COMP6 output     (*)
2677:Drivers/STM32G4xx_HAL_Driver/Src/stm32g4xx_hal_tim_ex.c ****   *            @arg TIM_TIM4_TI2_COMP7:               TIM4 TI2 is connected to COMP7 output     (*)
2678:Drivers/STM32G4xx_HAL_Driver/Src/stm32g4xx_hal_tim_ex.c ****   *
2679:Drivers/STM32G4xx_HAL_Driver/Src/stm32g4xx_hal_tim_ex.c ****   *            @arg TIM_TIM4_TI3_GPIO:                TIM4 TI3 is connected to GPIO
2680:Drivers/STM32G4xx_HAL_Driver/Src/stm32g4xx_hal_tim_ex.c ****   *            @arg TIM_TIM4_TI3_COMP5:               TIM4 TI3 is connected to COMP5 output     (*)
2681:Drivers/STM32G4xx_HAL_Driver/Src/stm32g4xx_hal_tim_ex.c ****   *
2682:Drivers/STM32G4xx_HAL_Driver/Src/stm32g4xx_hal_tim_ex.c ****   *            @arg TIM_TIM4_TI4_GPIO:                TIM4 TI4 is connected to GPIO
2683:Drivers/STM32G4xx_HAL_Driver/Src/stm32g4xx_hal_tim_ex.c ****   *            @arg TIM_TIM4_TI4_COMP6:               TIM4 TI4 is connected to COMP6 output     (*)
2684:Drivers/STM32G4xx_HAL_Driver/Src/stm32g4xx_hal_tim_ex.c ****   *
2685:Drivers/STM32G4xx_HAL_Driver/Src/stm32g4xx_hal_tim_ex.c ****   *         For TIM5 this parameter can be one of the following values:    (**)
2686:Drivers/STM32G4xx_HAL_Driver/Src/stm32g4xx_hal_tim_ex.c ****   *            @arg TIM_TIM5_TI1_GPIO:                TIM5 TI1 is connected to GPIO
2687:Drivers/STM32G4xx_HAL_Driver/Src/stm32g4xx_hal_tim_ex.c ****   *            @arg TIM_TIM5_TI1_LSI:                 TIM5 TI1 is connected to LSI clock        (*)
2688:Drivers/STM32G4xx_HAL_Driver/Src/stm32g4xx_hal_tim_ex.c ****   *            @arg TIM_TIM5_TI1_LSE:                 TIM5 TI1 is connected to LSE clock        (*)
2689:Drivers/STM32G4xx_HAL_Driver/Src/stm32g4xx_hal_tim_ex.c ****   *            @arg TIM_TIM5_TI1_RTC_WK:              TIM5 TI1 is connected to RTC Wakeup       (*)
2690:Drivers/STM32G4xx_HAL_Driver/Src/stm32g4xx_hal_tim_ex.c ****   *            @arg TIM_TIM5_TI1_COMP1:               TIM5 TI1 is connected to COMP1 output     (*)
2691:Drivers/STM32G4xx_HAL_Driver/Src/stm32g4xx_hal_tim_ex.c ****   *            @arg TIM_TIM5_TI1_COMP2:               TIM5 TI1 is connected to COMP2 output     (*)
2692:Drivers/STM32G4xx_HAL_Driver/Src/stm32g4xx_hal_tim_ex.c ****   *            @arg TIM_TIM5_TI1_COMP3:               TIM5 TI1 is connected to COMP3 output     (*)
2693:Drivers/STM32G4xx_HAL_Driver/Src/stm32g4xx_hal_tim_ex.c ****   *            @arg TIM_TIM5_TI1_COMP4:               TIM5 TI1 is connected to COMP4 output     (*)
2694:Drivers/STM32G4xx_HAL_Driver/Src/stm32g4xx_hal_tim_ex.c ****   *            @arg TIM_TIM5_TI1_COMP5:               TIM5 TI1 is connected to COMP5 output     (*)
2695:Drivers/STM32G4xx_HAL_Driver/Src/stm32g4xx_hal_tim_ex.c ****   *            @arg TIM_TIM5_TI1_COMP6:               TIM5 TI1 is connected to COMP6 output     (*)
2696:Drivers/STM32G4xx_HAL_Driver/Src/stm32g4xx_hal_tim_ex.c ****   *            @arg TIM_TIM5_TI1_COMP7:               TIM5 TI1 is connected to COMP7 output     (*)
2697:Drivers/STM32G4xx_HAL_Driver/Src/stm32g4xx_hal_tim_ex.c ****   *
2698:Drivers/STM32G4xx_HAL_Driver/Src/stm32g4xx_hal_tim_ex.c ****   *            @arg TIM_TIM5_TI2_GPIO:                TIM5 TI2 is connected to GPIO
2699:Drivers/STM32G4xx_HAL_Driver/Src/stm32g4xx_hal_tim_ex.c ****   *            @arg TIM_TIM5_TI2_COMP1:               TIM5 TI2 is connected to COMP1 output
2700:Drivers/STM32G4xx_HAL_Driver/Src/stm32g4xx_hal_tim_ex.c ****   *            @arg TIM_TIM5_TI2_COMP2:               TIM5 TI2 is connected to COMP2 output
2701:Drivers/STM32G4xx_HAL_Driver/Src/stm32g4xx_hal_tim_ex.c ****   *            @arg TIM_TIM5_TI2_COMP3:               TIM5 TI2 is connected to COMP3 output
2702:Drivers/STM32G4xx_HAL_Driver/Src/stm32g4xx_hal_tim_ex.c ****   *            @arg TIM_TIM5_TI2_COMP4:               TIM5 TI2 is connected to COMP4 output
2703:Drivers/STM32G4xx_HAL_Driver/Src/stm32g4xx_hal_tim_ex.c ****   *            @arg TIM_TIM5_TI2_COMP5:               TIM5 TI2 is connected to COMP5 output     (*)
2704:Drivers/STM32G4xx_HAL_Driver/Src/stm32g4xx_hal_tim_ex.c ****   *            @arg TIM_TIM5_TI2_COMP6:               TIM5 TI2 is connected to COMP6 output     (*)
2705:Drivers/STM32G4xx_HAL_Driver/Src/stm32g4xx_hal_tim_ex.c ****   *            @arg TIM_TIM5_TI2_COMP7:               TIM5 TI2 is connected to COMP7 output     (*)
2706:Drivers/STM32G4xx_HAL_Driver/Src/stm32g4xx_hal_tim_ex.c ****   *
2707:Drivers/STM32G4xx_HAL_Driver/Src/stm32g4xx_hal_tim_ex.c ****   *         For TIM8 this parameter can be one of the following values:
2708:Drivers/STM32G4xx_HAL_Driver/Src/stm32g4xx_hal_tim_ex.c ****   *            @arg TIM_TIM8_TI1_GPIO:                TIM8 TI1 is connected to GPIO
2709:Drivers/STM32G4xx_HAL_Driver/Src/stm32g4xx_hal_tim_ex.c ****   *            @arg TIM_TIM8_TI1_COMP1:               TIM8 TI1 is connected to COMP1 output
ARM GAS  C:\Users\Booster\AppData\Local\Temp\ccs9w8jc.s 			page 49


2710:Drivers/STM32G4xx_HAL_Driver/Src/stm32g4xx_hal_tim_ex.c ****   *            @arg TIM_TIM8_TI1_COMP2:               TIM8 TI1 is connected to COMP2 output
2711:Drivers/STM32G4xx_HAL_Driver/Src/stm32g4xx_hal_tim_ex.c ****   *            @arg TIM_TIM8_TI1_COMP3:               TIM8 TI1 is connected to COMP3 output
2712:Drivers/STM32G4xx_HAL_Driver/Src/stm32g4xx_hal_tim_ex.c ****   *            @arg TIM_TIM8_TI1_COMP4:               TIM8 TI1 is connected to COMP4 output
2713:Drivers/STM32G4xx_HAL_Driver/Src/stm32g4xx_hal_tim_ex.c ****   *
2714:Drivers/STM32G4xx_HAL_Driver/Src/stm32g4xx_hal_tim_ex.c ****   *         For TIM15 this parameter can be one of the following values:
2715:Drivers/STM32G4xx_HAL_Driver/Src/stm32g4xx_hal_tim_ex.c ****   *            @arg TIM_TIM15_TI1_GPIO:                TIM15 TI1 is connected to GPIO
2716:Drivers/STM32G4xx_HAL_Driver/Src/stm32g4xx_hal_tim_ex.c ****   *            @arg TIM_TIM15_TI1_LSE:                 TIM15 TI1 is connected to LSE clock
2717:Drivers/STM32G4xx_HAL_Driver/Src/stm32g4xx_hal_tim_ex.c ****   *            @arg TIM_TIM15_TI1_COMP1:               TIM15 TI1 is connected to COMP1 output
2718:Drivers/STM32G4xx_HAL_Driver/Src/stm32g4xx_hal_tim_ex.c ****   *            @arg TIM_TIM15_TI1_COMP2:               TIM15 TI1 is connected to COMP2 output
2719:Drivers/STM32G4xx_HAL_Driver/Src/stm32g4xx_hal_tim_ex.c ****   *            @arg TIM_TIM15_TI1_COMP5:               TIM15 TI1 is connected to COMP5 output     (
2720:Drivers/STM32G4xx_HAL_Driver/Src/stm32g4xx_hal_tim_ex.c ****   *            @arg TIM_TIM15_TI1_COMP7:               TIM15 TI1 is connected to COMP7 output     (
2721:Drivers/STM32G4xx_HAL_Driver/Src/stm32g4xx_hal_tim_ex.c ****   *
2722:Drivers/STM32G4xx_HAL_Driver/Src/stm32g4xx_hal_tim_ex.c ****   *            @arg TIM_TIM15_TI2_GPIO:                TIM15 TI2 is connected to GPIO
2723:Drivers/STM32G4xx_HAL_Driver/Src/stm32g4xx_hal_tim_ex.c ****   *            @arg TIM_TIM15_TI2_COMP2:               TIM15 TI2 is connected to COMP2 output
2724:Drivers/STM32G4xx_HAL_Driver/Src/stm32g4xx_hal_tim_ex.c ****   *            @arg TIM_TIM15_TI2_COMP3:               TIM15 TI2 is connected to COMP3 output
2725:Drivers/STM32G4xx_HAL_Driver/Src/stm32g4xx_hal_tim_ex.c ****   *            @arg TIM_TIM15_TI2_COMP6:               TIM15 TI2 is connected to COMP6 output     (
2726:Drivers/STM32G4xx_HAL_Driver/Src/stm32g4xx_hal_tim_ex.c ****   *            @arg TIM_TIM15_TI2_COMP7:               TIM15 TI2 is connected to COMP7 output     (
2727:Drivers/STM32G4xx_HAL_Driver/Src/stm32g4xx_hal_tim_ex.c ****   *
2728:Drivers/STM32G4xx_HAL_Driver/Src/stm32g4xx_hal_tim_ex.c ****   *         For TIM16 this parameter can be one of the following values:
2729:Drivers/STM32G4xx_HAL_Driver/Src/stm32g4xx_hal_tim_ex.c ****   *            @arg TIM_TIM16_TI1_GPIO:                TIM16 TI1 is connected to GPIO
2730:Drivers/STM32G4xx_HAL_Driver/Src/stm32g4xx_hal_tim_ex.c ****   *            @arg TIM_TIM16_TI1_COMP6:               TIM16 TI1 is connected to COMP6 output     (
2731:Drivers/STM32G4xx_HAL_Driver/Src/stm32g4xx_hal_tim_ex.c ****   *            @arg TIM_TIM16_TI1_MCO:                 TIM15 TI1 is connected to MCO output
2732:Drivers/STM32G4xx_HAL_Driver/Src/stm32g4xx_hal_tim_ex.c ****   *            @arg TIM_TIM16_TI1_HSE_32:              TIM15 TI1 is connected to HSE div 32
2733:Drivers/STM32G4xx_HAL_Driver/Src/stm32g4xx_hal_tim_ex.c ****   *            @arg TIM_TIM16_TI1_RTC_WK:              TIM15 TI1 is connected to RTC wakeup
2734:Drivers/STM32G4xx_HAL_Driver/Src/stm32g4xx_hal_tim_ex.c ****   *            @arg TIM_TIM16_TI1_LSE:                 TIM15 TI1 is connected to LSE clock
2735:Drivers/STM32G4xx_HAL_Driver/Src/stm32g4xx_hal_tim_ex.c ****   *            @arg TIM_TIM16_TI1_LSI:                 TIM15 TI1 is connected to LSI clock
2736:Drivers/STM32G4xx_HAL_Driver/Src/stm32g4xx_hal_tim_ex.c ****   *
2737:Drivers/STM32G4xx_HAL_Driver/Src/stm32g4xx_hal_tim_ex.c ****   *         For TIM17 this parameter can be one of the following values:
2738:Drivers/STM32G4xx_HAL_Driver/Src/stm32g4xx_hal_tim_ex.c ****   *            @arg TIM_TIM17_TI1_GPIO:                TIM17 TI1 is connected to GPIO
2739:Drivers/STM32G4xx_HAL_Driver/Src/stm32g4xx_hal_tim_ex.c ****   *            @arg TIM_TIM17_TI1_COMP5:               TIM17 TI1 is connected to COMP5 output     (
2740:Drivers/STM32G4xx_HAL_Driver/Src/stm32g4xx_hal_tim_ex.c ****   *            @arg TIM_TIM17_TI1_MCO:                 TIM17 TI1 is connected to MCO output
2741:Drivers/STM32G4xx_HAL_Driver/Src/stm32g4xx_hal_tim_ex.c ****   *            @arg TIM_TIM17_TI1_HSE_32:              TIM17 TI1 is connected to HSE div 32
2742:Drivers/STM32G4xx_HAL_Driver/Src/stm32g4xx_hal_tim_ex.c ****   *            @arg TIM_TIM17_TI1_RTC_WK:              TIM17 TI1 is connected to RTC wakeup
2743:Drivers/STM32G4xx_HAL_Driver/Src/stm32g4xx_hal_tim_ex.c ****   *            @arg TIM_TIM17_TI1_LSE:                 TIM17 TI1 is connected to LSE clock
2744:Drivers/STM32G4xx_HAL_Driver/Src/stm32g4xx_hal_tim_ex.c ****   *            @arg TIM_TIM17_TI1_LSI:                 TIM17 TI1 is connected to LSI clock
2745:Drivers/STM32G4xx_HAL_Driver/Src/stm32g4xx_hal_tim_ex.c **** 
2746:Drivers/STM32G4xx_HAL_Driver/Src/stm32g4xx_hal_tim_ex.c ****   *         For TIM20 this parameter can be one of the following values:    (**)
2747:Drivers/STM32G4xx_HAL_Driver/Src/stm32g4xx_hal_tim_ex.c ****   *            @arg TIM_TIM20_TI1_GPIO:                TIM20 TI1 is connected to GPIO
2748:Drivers/STM32G4xx_HAL_Driver/Src/stm32g4xx_hal_tim_ex.c ****   *            @arg TIM_TIM20_TI1_COMP1:               TIM20 TI1 is connected to COMP1 output     (
2749:Drivers/STM32G4xx_HAL_Driver/Src/stm32g4xx_hal_tim_ex.c ****   *            @arg TIM_TIM20_TI1_COMP2:               TIM20 TI1 is connected to COMP2 output     (
2750:Drivers/STM32G4xx_HAL_Driver/Src/stm32g4xx_hal_tim_ex.c ****   *            @arg TIM_TIM20_TI1_COMP3:               TIM20 TI1 is connected to COMP3 output     (
2751:Drivers/STM32G4xx_HAL_Driver/Src/stm32g4xx_hal_tim_ex.c ****   *            @arg TIM_TIM20_TI1_COMP4:               TIM20 TI1 is connected to COMP4 output     (
2752:Drivers/STM32G4xx_HAL_Driver/Src/stm32g4xx_hal_tim_ex.c ****   *
2753:Drivers/STM32G4xx_HAL_Driver/Src/stm32g4xx_hal_tim_ex.c ****   *         (*)  Value not defined in all devices. \n
2754:Drivers/STM32G4xx_HAL_Driver/Src/stm32g4xx_hal_tim_ex.c ****   *         (**) Register not available in all devices.
2755:Drivers/STM32G4xx_HAL_Driver/Src/stm32g4xx_hal_tim_ex.c ****   *
2756:Drivers/STM32G4xx_HAL_Driver/Src/stm32g4xx_hal_tim_ex.c ****   * @retval HAL status
2757:Drivers/STM32G4xx_HAL_Driver/Src/stm32g4xx_hal_tim_ex.c ****   */
2758:Drivers/STM32G4xx_HAL_Driver/Src/stm32g4xx_hal_tim_ex.c **** HAL_StatusTypeDef  HAL_TIMEx_TISelection(TIM_HandleTypeDef *htim, uint32_t TISelection, uint32_t Ch
2759:Drivers/STM32G4xx_HAL_Driver/Src/stm32g4xx_hal_tim_ex.c **** {
2760:Drivers/STM32G4xx_HAL_Driver/Src/stm32g4xx_hal_tim_ex.c ****   HAL_StatusTypeDef status = HAL_OK;
2761:Drivers/STM32G4xx_HAL_Driver/Src/stm32g4xx_hal_tim_ex.c **** 
2762:Drivers/STM32G4xx_HAL_Driver/Src/stm32g4xx_hal_tim_ex.c ****   /* Check parameters */
2763:Drivers/STM32G4xx_HAL_Driver/Src/stm32g4xx_hal_tim_ex.c ****   assert_param(IS_TIM_TISEL_TIX_INSTANCE(htim->Instance, Channel));
2764:Drivers/STM32G4xx_HAL_Driver/Src/stm32g4xx_hal_tim_ex.c ****   assert_param(IS_TIM_TISEL(TISelection));
2765:Drivers/STM32G4xx_HAL_Driver/Src/stm32g4xx_hal_tim_ex.c **** 
2766:Drivers/STM32G4xx_HAL_Driver/Src/stm32g4xx_hal_tim_ex.c ****   __HAL_LOCK(htim);
ARM GAS  C:\Users\Booster\AppData\Local\Temp\ccs9w8jc.s 			page 50


2767:Drivers/STM32G4xx_HAL_Driver/Src/stm32g4xx_hal_tim_ex.c **** 
2768:Drivers/STM32G4xx_HAL_Driver/Src/stm32g4xx_hal_tim_ex.c ****   switch (Channel)
2769:Drivers/STM32G4xx_HAL_Driver/Src/stm32g4xx_hal_tim_ex.c ****   {
2770:Drivers/STM32G4xx_HAL_Driver/Src/stm32g4xx_hal_tim_ex.c ****     case TIM_CHANNEL_1:
2771:Drivers/STM32G4xx_HAL_Driver/Src/stm32g4xx_hal_tim_ex.c ****       MODIFY_REG(htim->Instance->TISEL, TIM_TISEL_TI1SEL, TISelection);
2772:Drivers/STM32G4xx_HAL_Driver/Src/stm32g4xx_hal_tim_ex.c **** 
2773:Drivers/STM32G4xx_HAL_Driver/Src/stm32g4xx_hal_tim_ex.c ****       /* If required, set OR bit to request HSE/32 clock */
2774:Drivers/STM32G4xx_HAL_Driver/Src/stm32g4xx_hal_tim_ex.c ****       if (IS_TIM_HSE32_INSTANCE(htim->Instance))
2775:Drivers/STM32G4xx_HAL_Driver/Src/stm32g4xx_hal_tim_ex.c ****       {
2776:Drivers/STM32G4xx_HAL_Driver/Src/stm32g4xx_hal_tim_ex.c ****         SET_BIT(htim->Instance->OR, TIM_OR_HSE32EN);
2777:Drivers/STM32G4xx_HAL_Driver/Src/stm32g4xx_hal_tim_ex.c ****       }
2778:Drivers/STM32G4xx_HAL_Driver/Src/stm32g4xx_hal_tim_ex.c ****       else
2779:Drivers/STM32G4xx_HAL_Driver/Src/stm32g4xx_hal_tim_ex.c ****       {
2780:Drivers/STM32G4xx_HAL_Driver/Src/stm32g4xx_hal_tim_ex.c ****         CLEAR_BIT(htim->Instance->OR, TIM_OR_HSE32EN);
2781:Drivers/STM32G4xx_HAL_Driver/Src/stm32g4xx_hal_tim_ex.c ****       }
2782:Drivers/STM32G4xx_HAL_Driver/Src/stm32g4xx_hal_tim_ex.c ****       break;
2783:Drivers/STM32G4xx_HAL_Driver/Src/stm32g4xx_hal_tim_ex.c ****     case TIM_CHANNEL_2:
2784:Drivers/STM32G4xx_HAL_Driver/Src/stm32g4xx_hal_tim_ex.c ****       MODIFY_REG(htim->Instance->TISEL, TIM_TISEL_TI2SEL, TISelection);
2785:Drivers/STM32G4xx_HAL_Driver/Src/stm32g4xx_hal_tim_ex.c ****       break;
2786:Drivers/STM32G4xx_HAL_Driver/Src/stm32g4xx_hal_tim_ex.c ****     case TIM_CHANNEL_3:
2787:Drivers/STM32G4xx_HAL_Driver/Src/stm32g4xx_hal_tim_ex.c ****       MODIFY_REG(htim->Instance->TISEL, TIM_TISEL_TI3SEL, TISelection);
2788:Drivers/STM32G4xx_HAL_Driver/Src/stm32g4xx_hal_tim_ex.c ****       break;
2789:Drivers/STM32G4xx_HAL_Driver/Src/stm32g4xx_hal_tim_ex.c ****     case TIM_CHANNEL_4:
2790:Drivers/STM32G4xx_HAL_Driver/Src/stm32g4xx_hal_tim_ex.c ****       MODIFY_REG(htim->Instance->TISEL, TIM_TISEL_TI4SEL, TISelection);
2791:Drivers/STM32G4xx_HAL_Driver/Src/stm32g4xx_hal_tim_ex.c ****       break;
2792:Drivers/STM32G4xx_HAL_Driver/Src/stm32g4xx_hal_tim_ex.c ****     default:
2793:Drivers/STM32G4xx_HAL_Driver/Src/stm32g4xx_hal_tim_ex.c ****       status = HAL_ERROR;
2794:Drivers/STM32G4xx_HAL_Driver/Src/stm32g4xx_hal_tim_ex.c ****       break;
2795:Drivers/STM32G4xx_HAL_Driver/Src/stm32g4xx_hal_tim_ex.c ****   }
2796:Drivers/STM32G4xx_HAL_Driver/Src/stm32g4xx_hal_tim_ex.c **** 
2797:Drivers/STM32G4xx_HAL_Driver/Src/stm32g4xx_hal_tim_ex.c ****   __HAL_UNLOCK(htim);
2798:Drivers/STM32G4xx_HAL_Driver/Src/stm32g4xx_hal_tim_ex.c **** 
2799:Drivers/STM32G4xx_HAL_Driver/Src/stm32g4xx_hal_tim_ex.c ****   return status;
2800:Drivers/STM32G4xx_HAL_Driver/Src/stm32g4xx_hal_tim_ex.c **** }
2801:Drivers/STM32G4xx_HAL_Driver/Src/stm32g4xx_hal_tim_ex.c **** 
2802:Drivers/STM32G4xx_HAL_Driver/Src/stm32g4xx_hal_tim_ex.c **** /**
2803:Drivers/STM32G4xx_HAL_Driver/Src/stm32g4xx_hal_tim_ex.c ****   * @brief  Group channel 5 and channel 1, 2 or 3
2804:Drivers/STM32G4xx_HAL_Driver/Src/stm32g4xx_hal_tim_ex.c ****   * @param  htim TIM handle.
2805:Drivers/STM32G4xx_HAL_Driver/Src/stm32g4xx_hal_tim_ex.c ****   * @param  Channels specifies the reference signal(s) the OC5REF is combined with.
2806:Drivers/STM32G4xx_HAL_Driver/Src/stm32g4xx_hal_tim_ex.c ****   *         This parameter can be any combination of the following values:
2807:Drivers/STM32G4xx_HAL_Driver/Src/stm32g4xx_hal_tim_ex.c ****   *         TIM_GROUPCH5_NONE: No effect of OC5REF on OC1REFC, OC2REFC and OC3REFC
2808:Drivers/STM32G4xx_HAL_Driver/Src/stm32g4xx_hal_tim_ex.c ****   *         TIM_GROUPCH5_OC1REFC: OC1REFC is the logical AND of OC1REFC and OC5REF
2809:Drivers/STM32G4xx_HAL_Driver/Src/stm32g4xx_hal_tim_ex.c ****   *         TIM_GROUPCH5_OC2REFC: OC2REFC is the logical AND of OC2REFC and OC5REF
2810:Drivers/STM32G4xx_HAL_Driver/Src/stm32g4xx_hal_tim_ex.c ****   *         TIM_GROUPCH5_OC3REFC: OC3REFC is the logical AND of OC3REFC and OC5REF
2811:Drivers/STM32G4xx_HAL_Driver/Src/stm32g4xx_hal_tim_ex.c ****   * @retval HAL status
2812:Drivers/STM32G4xx_HAL_Driver/Src/stm32g4xx_hal_tim_ex.c ****   */
2813:Drivers/STM32G4xx_HAL_Driver/Src/stm32g4xx_hal_tim_ex.c **** HAL_StatusTypeDef HAL_TIMEx_GroupChannel5(TIM_HandleTypeDef *htim, uint32_t Channels)
2814:Drivers/STM32G4xx_HAL_Driver/Src/stm32g4xx_hal_tim_ex.c **** {
2815:Drivers/STM32G4xx_HAL_Driver/Src/stm32g4xx_hal_tim_ex.c ****   /* Check parameters */
2816:Drivers/STM32G4xx_HAL_Driver/Src/stm32g4xx_hal_tim_ex.c ****   assert_param(IS_TIM_COMBINED3PHASEPWM_INSTANCE(htim->Instance));
2817:Drivers/STM32G4xx_HAL_Driver/Src/stm32g4xx_hal_tim_ex.c ****   assert_param(IS_TIM_GROUPCH5(Channels));
2818:Drivers/STM32G4xx_HAL_Driver/Src/stm32g4xx_hal_tim_ex.c **** 
2819:Drivers/STM32G4xx_HAL_Driver/Src/stm32g4xx_hal_tim_ex.c ****   /* Process Locked */
2820:Drivers/STM32G4xx_HAL_Driver/Src/stm32g4xx_hal_tim_ex.c ****   __HAL_LOCK(htim);
2821:Drivers/STM32G4xx_HAL_Driver/Src/stm32g4xx_hal_tim_ex.c **** 
2822:Drivers/STM32G4xx_HAL_Driver/Src/stm32g4xx_hal_tim_ex.c ****   htim->State = HAL_TIM_STATE_BUSY;
2823:Drivers/STM32G4xx_HAL_Driver/Src/stm32g4xx_hal_tim_ex.c **** 
ARM GAS  C:\Users\Booster\AppData\Local\Temp\ccs9w8jc.s 			page 51


2824:Drivers/STM32G4xx_HAL_Driver/Src/stm32g4xx_hal_tim_ex.c ****   /* Clear GC5Cx bit fields */
2825:Drivers/STM32G4xx_HAL_Driver/Src/stm32g4xx_hal_tim_ex.c ****   htim->Instance->CCR5 &= ~(TIM_CCR5_GC5C3 | TIM_CCR5_GC5C2 | TIM_CCR5_GC5C1);
2826:Drivers/STM32G4xx_HAL_Driver/Src/stm32g4xx_hal_tim_ex.c **** 
2827:Drivers/STM32G4xx_HAL_Driver/Src/stm32g4xx_hal_tim_ex.c ****   /* Set GC5Cx bit fields */
2828:Drivers/STM32G4xx_HAL_Driver/Src/stm32g4xx_hal_tim_ex.c ****   htim->Instance->CCR5 |= Channels;
2829:Drivers/STM32G4xx_HAL_Driver/Src/stm32g4xx_hal_tim_ex.c **** 
2830:Drivers/STM32G4xx_HAL_Driver/Src/stm32g4xx_hal_tim_ex.c ****   /* Change the htim state */
2831:Drivers/STM32G4xx_HAL_Driver/Src/stm32g4xx_hal_tim_ex.c ****   htim->State = HAL_TIM_STATE_READY;
2832:Drivers/STM32G4xx_HAL_Driver/Src/stm32g4xx_hal_tim_ex.c **** 
2833:Drivers/STM32G4xx_HAL_Driver/Src/stm32g4xx_hal_tim_ex.c ****   __HAL_UNLOCK(htim);
2834:Drivers/STM32G4xx_HAL_Driver/Src/stm32g4xx_hal_tim_ex.c **** 
2835:Drivers/STM32G4xx_HAL_Driver/Src/stm32g4xx_hal_tim_ex.c ****   return HAL_OK;
2836:Drivers/STM32G4xx_HAL_Driver/Src/stm32g4xx_hal_tim_ex.c **** }
2837:Drivers/STM32G4xx_HAL_Driver/Src/stm32g4xx_hal_tim_ex.c **** 
2838:Drivers/STM32G4xx_HAL_Driver/Src/stm32g4xx_hal_tim_ex.c **** /**
2839:Drivers/STM32G4xx_HAL_Driver/Src/stm32g4xx_hal_tim_ex.c ****   * @brief  Disarm the designated break input (when it operates in bidirectional mode).
2840:Drivers/STM32G4xx_HAL_Driver/Src/stm32g4xx_hal_tim_ex.c ****   * @param  htim TIM handle.
2841:Drivers/STM32G4xx_HAL_Driver/Src/stm32g4xx_hal_tim_ex.c ****   * @param  BreakInput Break input to disarm
2842:Drivers/STM32G4xx_HAL_Driver/Src/stm32g4xx_hal_tim_ex.c ****   *          This parameter can be one of the following values:
2843:Drivers/STM32G4xx_HAL_Driver/Src/stm32g4xx_hal_tim_ex.c ****   *            @arg TIM_BREAKINPUT_BRK: Timer break input
2844:Drivers/STM32G4xx_HAL_Driver/Src/stm32g4xx_hal_tim_ex.c ****   *            @arg TIM_BREAKINPUT_BRK2: Timer break 2 input
2845:Drivers/STM32G4xx_HAL_Driver/Src/stm32g4xx_hal_tim_ex.c ****   * @note  The break input can be disarmed only when it is configured in
2846:Drivers/STM32G4xx_HAL_Driver/Src/stm32g4xx_hal_tim_ex.c ****   *        bidirectional mode and when when MOE is reset.
2847:Drivers/STM32G4xx_HAL_Driver/Src/stm32g4xx_hal_tim_ex.c ****   * @note  Purpose is to be able to have the input voltage back to high-state,
2848:Drivers/STM32G4xx_HAL_Driver/Src/stm32g4xx_hal_tim_ex.c ****   *        whatever the time constant on the output .
2849:Drivers/STM32G4xx_HAL_Driver/Src/stm32g4xx_hal_tim_ex.c ****   * @retval HAL status
2850:Drivers/STM32G4xx_HAL_Driver/Src/stm32g4xx_hal_tim_ex.c ****   */
2851:Drivers/STM32G4xx_HAL_Driver/Src/stm32g4xx_hal_tim_ex.c **** HAL_StatusTypeDef HAL_TIMEx_DisarmBreakInput(TIM_HandleTypeDef *htim, uint32_t BreakInput)
2852:Drivers/STM32G4xx_HAL_Driver/Src/stm32g4xx_hal_tim_ex.c **** {
2853:Drivers/STM32G4xx_HAL_Driver/Src/stm32g4xx_hal_tim_ex.c ****   HAL_StatusTypeDef status = HAL_OK;
2854:Drivers/STM32G4xx_HAL_Driver/Src/stm32g4xx_hal_tim_ex.c ****   uint32_t tmpbdtr;
2855:Drivers/STM32G4xx_HAL_Driver/Src/stm32g4xx_hal_tim_ex.c **** 
2856:Drivers/STM32G4xx_HAL_Driver/Src/stm32g4xx_hal_tim_ex.c ****   /* Check the parameters */
2857:Drivers/STM32G4xx_HAL_Driver/Src/stm32g4xx_hal_tim_ex.c ****   assert_param(IS_TIM_BREAK_INSTANCE(htim->Instance));
2858:Drivers/STM32G4xx_HAL_Driver/Src/stm32g4xx_hal_tim_ex.c ****   assert_param(IS_TIM_BREAKINPUT(BreakInput));
2859:Drivers/STM32G4xx_HAL_Driver/Src/stm32g4xx_hal_tim_ex.c **** 
2860:Drivers/STM32G4xx_HAL_Driver/Src/stm32g4xx_hal_tim_ex.c ****   switch (BreakInput)
2861:Drivers/STM32G4xx_HAL_Driver/Src/stm32g4xx_hal_tim_ex.c ****   {
2862:Drivers/STM32G4xx_HAL_Driver/Src/stm32g4xx_hal_tim_ex.c ****     case TIM_BREAKINPUT_BRK:
2863:Drivers/STM32G4xx_HAL_Driver/Src/stm32g4xx_hal_tim_ex.c ****     {
2864:Drivers/STM32G4xx_HAL_Driver/Src/stm32g4xx_hal_tim_ex.c ****       /* Check initial conditions */
2865:Drivers/STM32G4xx_HAL_Driver/Src/stm32g4xx_hal_tim_ex.c ****       tmpbdtr = READ_REG(htim->Instance->BDTR);
2866:Drivers/STM32G4xx_HAL_Driver/Src/stm32g4xx_hal_tim_ex.c ****       if ((READ_BIT(tmpbdtr, TIM_BDTR_BKBID) == TIM_BDTR_BKBID) &&
2867:Drivers/STM32G4xx_HAL_Driver/Src/stm32g4xx_hal_tim_ex.c ****           (READ_BIT(tmpbdtr, TIM_BDTR_MOE) == 0U))
2868:Drivers/STM32G4xx_HAL_Driver/Src/stm32g4xx_hal_tim_ex.c ****       {
2869:Drivers/STM32G4xx_HAL_Driver/Src/stm32g4xx_hal_tim_ex.c ****         /* Break input BRK is disarmed */
2870:Drivers/STM32G4xx_HAL_Driver/Src/stm32g4xx_hal_tim_ex.c ****         SET_BIT(htim->Instance->BDTR, TIM_BDTR_BKDSRM);
2871:Drivers/STM32G4xx_HAL_Driver/Src/stm32g4xx_hal_tim_ex.c ****       }
2872:Drivers/STM32G4xx_HAL_Driver/Src/stm32g4xx_hal_tim_ex.c ****       break;
2873:Drivers/STM32G4xx_HAL_Driver/Src/stm32g4xx_hal_tim_ex.c ****     }
2874:Drivers/STM32G4xx_HAL_Driver/Src/stm32g4xx_hal_tim_ex.c ****     case TIM_BREAKINPUT_BRK2:
2875:Drivers/STM32G4xx_HAL_Driver/Src/stm32g4xx_hal_tim_ex.c ****     {
2876:Drivers/STM32G4xx_HAL_Driver/Src/stm32g4xx_hal_tim_ex.c ****       /* Check initial conditions */
2877:Drivers/STM32G4xx_HAL_Driver/Src/stm32g4xx_hal_tim_ex.c ****       tmpbdtr = READ_REG(htim->Instance->BDTR);
2878:Drivers/STM32G4xx_HAL_Driver/Src/stm32g4xx_hal_tim_ex.c ****       if ((READ_BIT(tmpbdtr, TIM_BDTR_BK2BID) == TIM_BDTR_BK2BID) &&
2879:Drivers/STM32G4xx_HAL_Driver/Src/stm32g4xx_hal_tim_ex.c ****           (READ_BIT(tmpbdtr, TIM_BDTR_MOE) == 0U))
2880:Drivers/STM32G4xx_HAL_Driver/Src/stm32g4xx_hal_tim_ex.c ****       {
ARM GAS  C:\Users\Booster\AppData\Local\Temp\ccs9w8jc.s 			page 52


2881:Drivers/STM32G4xx_HAL_Driver/Src/stm32g4xx_hal_tim_ex.c ****         /* Break input BRK is disarmed */
2882:Drivers/STM32G4xx_HAL_Driver/Src/stm32g4xx_hal_tim_ex.c ****         SET_BIT(htim->Instance->BDTR, TIM_BDTR_BK2DSRM);
2883:Drivers/STM32G4xx_HAL_Driver/Src/stm32g4xx_hal_tim_ex.c ****       }
2884:Drivers/STM32G4xx_HAL_Driver/Src/stm32g4xx_hal_tim_ex.c ****       break;
2885:Drivers/STM32G4xx_HAL_Driver/Src/stm32g4xx_hal_tim_ex.c ****     }
2886:Drivers/STM32G4xx_HAL_Driver/Src/stm32g4xx_hal_tim_ex.c ****     default:
2887:Drivers/STM32G4xx_HAL_Driver/Src/stm32g4xx_hal_tim_ex.c ****       status = HAL_ERROR;
2888:Drivers/STM32G4xx_HAL_Driver/Src/stm32g4xx_hal_tim_ex.c ****       break;
2889:Drivers/STM32G4xx_HAL_Driver/Src/stm32g4xx_hal_tim_ex.c ****   }
2890:Drivers/STM32G4xx_HAL_Driver/Src/stm32g4xx_hal_tim_ex.c **** 
2891:Drivers/STM32G4xx_HAL_Driver/Src/stm32g4xx_hal_tim_ex.c ****   return status;
2892:Drivers/STM32G4xx_HAL_Driver/Src/stm32g4xx_hal_tim_ex.c **** }
2893:Drivers/STM32G4xx_HAL_Driver/Src/stm32g4xx_hal_tim_ex.c **** 
2894:Drivers/STM32G4xx_HAL_Driver/Src/stm32g4xx_hal_tim_ex.c **** /**
2895:Drivers/STM32G4xx_HAL_Driver/Src/stm32g4xx_hal_tim_ex.c ****   * @brief  Arm the designated break input (when it operates in bidirectional mode).
2896:Drivers/STM32G4xx_HAL_Driver/Src/stm32g4xx_hal_tim_ex.c ****   * @param  htim TIM handle.
2897:Drivers/STM32G4xx_HAL_Driver/Src/stm32g4xx_hal_tim_ex.c ****   * @param  BreakInput Break input to arm
2898:Drivers/STM32G4xx_HAL_Driver/Src/stm32g4xx_hal_tim_ex.c ****   *          This parameter can be one of the following values:
2899:Drivers/STM32G4xx_HAL_Driver/Src/stm32g4xx_hal_tim_ex.c ****   *            @arg TIM_BREAKINPUT_BRK: Timer break input
2900:Drivers/STM32G4xx_HAL_Driver/Src/stm32g4xx_hal_tim_ex.c ****   *            @arg TIM_BREAKINPUT_BRK2: Timer break 2 input
2901:Drivers/STM32G4xx_HAL_Driver/Src/stm32g4xx_hal_tim_ex.c ****   * @note  Arming is possible at anytime, even if fault is present.
2902:Drivers/STM32G4xx_HAL_Driver/Src/stm32g4xx_hal_tim_ex.c ****   * @note  Break input is automatically armed as soon as MOE bit is set.
2903:Drivers/STM32G4xx_HAL_Driver/Src/stm32g4xx_hal_tim_ex.c ****   * @retval HAL status
2904:Drivers/STM32G4xx_HAL_Driver/Src/stm32g4xx_hal_tim_ex.c ****   */
2905:Drivers/STM32G4xx_HAL_Driver/Src/stm32g4xx_hal_tim_ex.c **** HAL_StatusTypeDef HAL_TIMEx_ReArmBreakInput(const TIM_HandleTypeDef *htim, uint32_t BreakInput)
2906:Drivers/STM32G4xx_HAL_Driver/Src/stm32g4xx_hal_tim_ex.c **** {
2907:Drivers/STM32G4xx_HAL_Driver/Src/stm32g4xx_hal_tim_ex.c ****   HAL_StatusTypeDef status = HAL_OK;
2908:Drivers/STM32G4xx_HAL_Driver/Src/stm32g4xx_hal_tim_ex.c ****   uint32_t tickstart;
2909:Drivers/STM32G4xx_HAL_Driver/Src/stm32g4xx_hal_tim_ex.c **** 
2910:Drivers/STM32G4xx_HAL_Driver/Src/stm32g4xx_hal_tim_ex.c ****   /* Check the parameters */
2911:Drivers/STM32G4xx_HAL_Driver/Src/stm32g4xx_hal_tim_ex.c ****   assert_param(IS_TIM_BREAK_INSTANCE(htim->Instance));
2912:Drivers/STM32G4xx_HAL_Driver/Src/stm32g4xx_hal_tim_ex.c ****   assert_param(IS_TIM_BREAKINPUT(BreakInput));
2913:Drivers/STM32G4xx_HAL_Driver/Src/stm32g4xx_hal_tim_ex.c **** 
2914:Drivers/STM32G4xx_HAL_Driver/Src/stm32g4xx_hal_tim_ex.c ****   switch (BreakInput)
2915:Drivers/STM32G4xx_HAL_Driver/Src/stm32g4xx_hal_tim_ex.c ****   {
2916:Drivers/STM32G4xx_HAL_Driver/Src/stm32g4xx_hal_tim_ex.c ****     case TIM_BREAKINPUT_BRK:
2917:Drivers/STM32G4xx_HAL_Driver/Src/stm32g4xx_hal_tim_ex.c ****     {
2918:Drivers/STM32G4xx_HAL_Driver/Src/stm32g4xx_hal_tim_ex.c ****       /* Check initial conditions */
2919:Drivers/STM32G4xx_HAL_Driver/Src/stm32g4xx_hal_tim_ex.c ****       if (READ_BIT(htim->Instance->BDTR, TIM_BDTR_BKBID) == TIM_BDTR_BKBID)
2920:Drivers/STM32G4xx_HAL_Driver/Src/stm32g4xx_hal_tim_ex.c ****       {
2921:Drivers/STM32G4xx_HAL_Driver/Src/stm32g4xx_hal_tim_ex.c ****         /* Break input BRK is re-armed automatically by hardware. Poll to check whether fault condi
2922:Drivers/STM32G4xx_HAL_Driver/Src/stm32g4xx_hal_tim_ex.c ****         /* Init tickstart for timeout management */
2923:Drivers/STM32G4xx_HAL_Driver/Src/stm32g4xx_hal_tim_ex.c ****         tickstart = HAL_GetTick();
2924:Drivers/STM32G4xx_HAL_Driver/Src/stm32g4xx_hal_tim_ex.c ****         while (READ_BIT(htim->Instance->BDTR, TIM_BDTR_BKDSRM) != 0UL)
2925:Drivers/STM32G4xx_HAL_Driver/Src/stm32g4xx_hal_tim_ex.c ****         {
2926:Drivers/STM32G4xx_HAL_Driver/Src/stm32g4xx_hal_tim_ex.c ****           if ((HAL_GetTick() - tickstart) > TIM_BREAKINPUT_REARM_TIMEOUT)
2927:Drivers/STM32G4xx_HAL_Driver/Src/stm32g4xx_hal_tim_ex.c ****           {
2928:Drivers/STM32G4xx_HAL_Driver/Src/stm32g4xx_hal_tim_ex.c ****             /* New check to avoid false timeout detection in case of preemption */
2929:Drivers/STM32G4xx_HAL_Driver/Src/stm32g4xx_hal_tim_ex.c ****             if (READ_BIT(htim->Instance->BDTR, TIM_BDTR_BKDSRM) != 0UL)
2930:Drivers/STM32G4xx_HAL_Driver/Src/stm32g4xx_hal_tim_ex.c ****             {
2931:Drivers/STM32G4xx_HAL_Driver/Src/stm32g4xx_hal_tim_ex.c ****               return HAL_TIMEOUT;
2932:Drivers/STM32G4xx_HAL_Driver/Src/stm32g4xx_hal_tim_ex.c ****             }
2933:Drivers/STM32G4xx_HAL_Driver/Src/stm32g4xx_hal_tim_ex.c ****           }
2934:Drivers/STM32G4xx_HAL_Driver/Src/stm32g4xx_hal_tim_ex.c ****         }
2935:Drivers/STM32G4xx_HAL_Driver/Src/stm32g4xx_hal_tim_ex.c ****       }
2936:Drivers/STM32G4xx_HAL_Driver/Src/stm32g4xx_hal_tim_ex.c ****       break;
2937:Drivers/STM32G4xx_HAL_Driver/Src/stm32g4xx_hal_tim_ex.c ****     }
ARM GAS  C:\Users\Booster\AppData\Local\Temp\ccs9w8jc.s 			page 53


2938:Drivers/STM32G4xx_HAL_Driver/Src/stm32g4xx_hal_tim_ex.c **** 
2939:Drivers/STM32G4xx_HAL_Driver/Src/stm32g4xx_hal_tim_ex.c ****     case TIM_BREAKINPUT_BRK2:
2940:Drivers/STM32G4xx_HAL_Driver/Src/stm32g4xx_hal_tim_ex.c ****     {
2941:Drivers/STM32G4xx_HAL_Driver/Src/stm32g4xx_hal_tim_ex.c ****       /* Check initial conditions */
2942:Drivers/STM32G4xx_HAL_Driver/Src/stm32g4xx_hal_tim_ex.c ****       if (READ_BIT(htim->Instance->BDTR, TIM_BDTR_BK2BID) == TIM_BDTR_BK2BID)
2943:Drivers/STM32G4xx_HAL_Driver/Src/stm32g4xx_hal_tim_ex.c ****       {
2944:Drivers/STM32G4xx_HAL_Driver/Src/stm32g4xx_hal_tim_ex.c ****         /* Break input BRK2 is re-armed automatically by hardware. Poll to check whether fault cond
2945:Drivers/STM32G4xx_HAL_Driver/Src/stm32g4xx_hal_tim_ex.c ****         /* Init tickstart for timeout management */
2946:Drivers/STM32G4xx_HAL_Driver/Src/stm32g4xx_hal_tim_ex.c ****         tickstart = HAL_GetTick();
2947:Drivers/STM32G4xx_HAL_Driver/Src/stm32g4xx_hal_tim_ex.c ****         while (READ_BIT(htim->Instance->BDTR, TIM_BDTR_BK2DSRM) != 0UL)
2948:Drivers/STM32G4xx_HAL_Driver/Src/stm32g4xx_hal_tim_ex.c ****         {
2949:Drivers/STM32G4xx_HAL_Driver/Src/stm32g4xx_hal_tim_ex.c ****           if ((HAL_GetTick() - tickstart) > TIM_BREAKINPUT_REARM_TIMEOUT)
2950:Drivers/STM32G4xx_HAL_Driver/Src/stm32g4xx_hal_tim_ex.c ****           {
2951:Drivers/STM32G4xx_HAL_Driver/Src/stm32g4xx_hal_tim_ex.c ****             /* New check to avoid false timeout detection in case of preemption */
2952:Drivers/STM32G4xx_HAL_Driver/Src/stm32g4xx_hal_tim_ex.c ****             if (READ_BIT(htim->Instance->BDTR, TIM_BDTR_BK2DSRM) != 0UL)
2953:Drivers/STM32G4xx_HAL_Driver/Src/stm32g4xx_hal_tim_ex.c ****             {
2954:Drivers/STM32G4xx_HAL_Driver/Src/stm32g4xx_hal_tim_ex.c ****               return HAL_TIMEOUT;
2955:Drivers/STM32G4xx_HAL_Driver/Src/stm32g4xx_hal_tim_ex.c ****             }
2956:Drivers/STM32G4xx_HAL_Driver/Src/stm32g4xx_hal_tim_ex.c ****           }
2957:Drivers/STM32G4xx_HAL_Driver/Src/stm32g4xx_hal_tim_ex.c ****         }
2958:Drivers/STM32G4xx_HAL_Driver/Src/stm32g4xx_hal_tim_ex.c ****       }
2959:Drivers/STM32G4xx_HAL_Driver/Src/stm32g4xx_hal_tim_ex.c ****       break;
2960:Drivers/STM32G4xx_HAL_Driver/Src/stm32g4xx_hal_tim_ex.c ****     }
2961:Drivers/STM32G4xx_HAL_Driver/Src/stm32g4xx_hal_tim_ex.c ****     default:
2962:Drivers/STM32G4xx_HAL_Driver/Src/stm32g4xx_hal_tim_ex.c ****       status = HAL_ERROR;
2963:Drivers/STM32G4xx_HAL_Driver/Src/stm32g4xx_hal_tim_ex.c ****       break;
2964:Drivers/STM32G4xx_HAL_Driver/Src/stm32g4xx_hal_tim_ex.c ****   }
2965:Drivers/STM32G4xx_HAL_Driver/Src/stm32g4xx_hal_tim_ex.c **** 
2966:Drivers/STM32G4xx_HAL_Driver/Src/stm32g4xx_hal_tim_ex.c ****   return status;
2967:Drivers/STM32G4xx_HAL_Driver/Src/stm32g4xx_hal_tim_ex.c **** }
2968:Drivers/STM32G4xx_HAL_Driver/Src/stm32g4xx_hal_tim_ex.c **** 
2969:Drivers/STM32G4xx_HAL_Driver/Src/stm32g4xx_hal_tim_ex.c **** /**
2970:Drivers/STM32G4xx_HAL_Driver/Src/stm32g4xx_hal_tim_ex.c ****   * @brief  Enable dithering
2971:Drivers/STM32G4xx_HAL_Driver/Src/stm32g4xx_hal_tim_ex.c ****   * @param  htim TIM handle
2972:Drivers/STM32G4xx_HAL_Driver/Src/stm32g4xx_hal_tim_ex.c ****   * @note   Main usage is PWM mode
2973:Drivers/STM32G4xx_HAL_Driver/Src/stm32g4xx_hal_tim_ex.c ****   * @note   This function must be called when timer is stopped or disabled (CEN =0)
2974:Drivers/STM32G4xx_HAL_Driver/Src/stm32g4xx_hal_tim_ex.c ****   * @note   If dithering is activated, pay attention to ARR, CCRx, CNT interpretation:
2975:Drivers/STM32G4xx_HAL_Driver/Src/stm32g4xx_hal_tim_ex.c ****   *           - CNT: only CNT[11:0] holds the non-dithered part for 16b timers (or CNT[26:0] for 32
2976:Drivers/STM32G4xx_HAL_Driver/Src/stm32g4xx_hal_tim_ex.c ****   *           - ARR: ARR[15:4] holds the non-dithered part, and ARR[3:0] the dither part for 16b ti
2977:Drivers/STM32G4xx_HAL_Driver/Src/stm32g4xx_hal_tim_ex.c ****   *           - CCRx: CCRx[15:4] holds the non-dithered part, and CCRx[3:0] the dither part for 16b
2978:Drivers/STM32G4xx_HAL_Driver/Src/stm32g4xx_hal_tim_ex.c ****   *           - ARR and CCRx values are limited to 0xFFEF in dithering mode for 16b timers
2979:Drivers/STM32G4xx_HAL_Driver/Src/stm32g4xx_hal_tim_ex.c ****   *             (corresponds to 4094 for the integer part and 15 for the dithered part).
2980:Drivers/STM32G4xx_HAL_Driver/Src/stm32g4xx_hal_tim_ex.c ****   * @note   Macros @ref __HAL_TIM_CALC_PERIOD_DITHER() __HAL_TIM_CALC_DELAY_DITHER()  __HAL_TIM_CAL
2981:Drivers/STM32G4xx_HAL_Driver/Src/stm32g4xx_hal_tim_ex.c ****   *         can be used to calculate period (ARR) and delay (CCRx) value.
2982:Drivers/STM32G4xx_HAL_Driver/Src/stm32g4xx_hal_tim_ex.c ****   * @note   Enabling dithering, modifies automatically values of registers ARR/CCRx to keep the sam
2983:Drivers/STM32G4xx_HAL_Driver/Src/stm32g4xx_hal_tim_ex.c ****   * @note   Enabling dithering, modifies automatically values of registers ARR/CCRx to keep the sam
2984:Drivers/STM32G4xx_HAL_Driver/Src/stm32g4xx_hal_tim_ex.c ****   *         So it may be necessary to read ARR value or CCRx value with macros @ref __HAL_TIM_GET_A
2985:Drivers/STM32G4xx_HAL_Driver/Src/stm32g4xx_hal_tim_ex.c ****   *         __HAL_TIM_GET_COMPARE() and if necessary update Init structure field htim->Init.Period 
2986:Drivers/STM32G4xx_HAL_Driver/Src/stm32g4xx_hal_tim_ex.c ****   * @retval HAL status
2987:Drivers/STM32G4xx_HAL_Driver/Src/stm32g4xx_hal_tim_ex.c ****   */
2988:Drivers/STM32G4xx_HAL_Driver/Src/stm32g4xx_hal_tim_ex.c **** HAL_StatusTypeDef HAL_TIMEx_DitheringEnable(TIM_HandleTypeDef *htim)
2989:Drivers/STM32G4xx_HAL_Driver/Src/stm32g4xx_hal_tim_ex.c **** {
2990:Drivers/STM32G4xx_HAL_Driver/Src/stm32g4xx_hal_tim_ex.c ****   /* Check the parameters */
2991:Drivers/STM32G4xx_HAL_Driver/Src/stm32g4xx_hal_tim_ex.c ****   assert_param(IS_TIM_INSTANCE(htim->Instance));
2992:Drivers/STM32G4xx_HAL_Driver/Src/stm32g4xx_hal_tim_ex.c **** 
2993:Drivers/STM32G4xx_HAL_Driver/Src/stm32g4xx_hal_tim_ex.c ****   SET_BIT(htim->Instance->CR1, TIM_CR1_DITHEN);
2994:Drivers/STM32G4xx_HAL_Driver/Src/stm32g4xx_hal_tim_ex.c ****   return HAL_OK;
ARM GAS  C:\Users\Booster\AppData\Local\Temp\ccs9w8jc.s 			page 54


2995:Drivers/STM32G4xx_HAL_Driver/Src/stm32g4xx_hal_tim_ex.c **** }
2996:Drivers/STM32G4xx_HAL_Driver/Src/stm32g4xx_hal_tim_ex.c **** 
2997:Drivers/STM32G4xx_HAL_Driver/Src/stm32g4xx_hal_tim_ex.c **** /**
2998:Drivers/STM32G4xx_HAL_Driver/Src/stm32g4xx_hal_tim_ex.c ****   * @brief  Disable dithering
2999:Drivers/STM32G4xx_HAL_Driver/Src/stm32g4xx_hal_tim_ex.c ****   * @param  htim TIM handle
3000:Drivers/STM32G4xx_HAL_Driver/Src/stm32g4xx_hal_tim_ex.c ****   * @note   This function must be called when timer is stopped or disabled (CEN =0)
3001:Drivers/STM32G4xx_HAL_Driver/Src/stm32g4xx_hal_tim_ex.c ****   * @note   If dithering is activated, pay attention to ARR, CCRx, CNT interpretation:
3002:Drivers/STM32G4xx_HAL_Driver/Src/stm32g4xx_hal_tim_ex.c ****   *           - CNT: only CNT[11:0] holds the non-dithered part for 16b timers (or CNT[26:0] for 32
3003:Drivers/STM32G4xx_HAL_Driver/Src/stm32g4xx_hal_tim_ex.c ****   *           - ARR: ARR[15:4] holds the non-dithered part, and ARR[3:0] the dither part for 16b ti
3004:Drivers/STM32G4xx_HAL_Driver/Src/stm32g4xx_hal_tim_ex.c ****   *           - CCRx: CCRx[15:4] holds the non-dithered part, and CCRx[3:0] the dither part for 16b
3005:Drivers/STM32G4xx_HAL_Driver/Src/stm32g4xx_hal_tim_ex.c ****   *           - ARR and CCRx values are limited to 0xFFEF in dithering mode
3006:Drivers/STM32G4xx_HAL_Driver/Src/stm32g4xx_hal_tim_ex.c ****   *             (corresponds to 4094 for the integer part and 15 for the dithered part).
3007:Drivers/STM32G4xx_HAL_Driver/Src/stm32g4xx_hal_tim_ex.c ****   * @note   Disabling dithering, modifies automatically values of registers ARR/CCRx to keep the sa
3008:Drivers/STM32G4xx_HAL_Driver/Src/stm32g4xx_hal_tim_ex.c ****   *         So it may be necessary to read ARR value or CCRx value with macros @ref __HAL_TIM_GET_A
3009:Drivers/STM32G4xx_HAL_Driver/Src/stm32g4xx_hal_tim_ex.c ****   *         __HAL_TIM_GET_COMPARE() and if necessary update Init structure field htim->Init.Period 
3010:Drivers/STM32G4xx_HAL_Driver/Src/stm32g4xx_hal_tim_ex.c ****   * @retval HAL status
3011:Drivers/STM32G4xx_HAL_Driver/Src/stm32g4xx_hal_tim_ex.c ****   */
3012:Drivers/STM32G4xx_HAL_Driver/Src/stm32g4xx_hal_tim_ex.c **** HAL_StatusTypeDef HAL_TIMEx_DitheringDisable(TIM_HandleTypeDef *htim)
3013:Drivers/STM32G4xx_HAL_Driver/Src/stm32g4xx_hal_tim_ex.c **** {
3014:Drivers/STM32G4xx_HAL_Driver/Src/stm32g4xx_hal_tim_ex.c ****   /* Check the parameters */
3015:Drivers/STM32G4xx_HAL_Driver/Src/stm32g4xx_hal_tim_ex.c ****   assert_param(IS_TIM_INSTANCE(htim->Instance));
3016:Drivers/STM32G4xx_HAL_Driver/Src/stm32g4xx_hal_tim_ex.c **** 
3017:Drivers/STM32G4xx_HAL_Driver/Src/stm32g4xx_hal_tim_ex.c ****   CLEAR_BIT(htim->Instance->CR1, TIM_CR1_DITHEN);
3018:Drivers/STM32G4xx_HAL_Driver/Src/stm32g4xx_hal_tim_ex.c ****   return HAL_OK;
3019:Drivers/STM32G4xx_HAL_Driver/Src/stm32g4xx_hal_tim_ex.c **** }
3020:Drivers/STM32G4xx_HAL_Driver/Src/stm32g4xx_hal_tim_ex.c **** 
3021:Drivers/STM32G4xx_HAL_Driver/Src/stm32g4xx_hal_tim_ex.c **** /**
3022:Drivers/STM32G4xx_HAL_Driver/Src/stm32g4xx_hal_tim_ex.c ****   * @brief  Initializes the pulse on compare pulse width and pulse prescaler
3023:Drivers/STM32G4xx_HAL_Driver/Src/stm32g4xx_hal_tim_ex.c ****   * @param  htim TIM Output Compare handle
3024:Drivers/STM32G4xx_HAL_Driver/Src/stm32g4xx_hal_tim_ex.c ****   * @param  PulseWidthPrescaler  Pulse width prescaler
3025:Drivers/STM32G4xx_HAL_Driver/Src/stm32g4xx_hal_tim_ex.c ****   *         This parameter can be a number between Min_Data = 0x0 and Max_Data = 0x7
3026:Drivers/STM32G4xx_HAL_Driver/Src/stm32g4xx_hal_tim_ex.c ****   * @param  PulseWidth  Pulse width
3027:Drivers/STM32G4xx_HAL_Driver/Src/stm32g4xx_hal_tim_ex.c ****   *         This parameter can be a number between Min_Data = 0x00 and Max_Data = 0xFF
3028:Drivers/STM32G4xx_HAL_Driver/Src/stm32g4xx_hal_tim_ex.c ****   * @retval HAL status
3029:Drivers/STM32G4xx_HAL_Driver/Src/stm32g4xx_hal_tim_ex.c ****   */
3030:Drivers/STM32G4xx_HAL_Driver/Src/stm32g4xx_hal_tim_ex.c **** HAL_StatusTypeDef HAL_TIMEx_OC_ConfigPulseOnCompare(TIM_HandleTypeDef *htim,
3031:Drivers/STM32G4xx_HAL_Driver/Src/stm32g4xx_hal_tim_ex.c ****                                                     uint32_t PulseWidthPrescaler,
3032:Drivers/STM32G4xx_HAL_Driver/Src/stm32g4xx_hal_tim_ex.c ****                                                     uint32_t PulseWidth)
3033:Drivers/STM32G4xx_HAL_Driver/Src/stm32g4xx_hal_tim_ex.c **** {
3034:Drivers/STM32G4xx_HAL_Driver/Src/stm32g4xx_hal_tim_ex.c ****   uint32_t tmpecr;
3035:Drivers/STM32G4xx_HAL_Driver/Src/stm32g4xx_hal_tim_ex.c **** 
3036:Drivers/STM32G4xx_HAL_Driver/Src/stm32g4xx_hal_tim_ex.c ****   /* Check the parameters */
3037:Drivers/STM32G4xx_HAL_Driver/Src/stm32g4xx_hal_tim_ex.c ****   assert_param(IS_TIM_PULSEONCOMPARE_INSTANCE(htim->Instance));
3038:Drivers/STM32G4xx_HAL_Driver/Src/stm32g4xx_hal_tim_ex.c ****   assert_param(IS_TIM_PULSEONCOMPARE_WIDTH(PulseWidth));
3039:Drivers/STM32G4xx_HAL_Driver/Src/stm32g4xx_hal_tim_ex.c ****   assert_param(IS_TIM_PULSEONCOMPARE_WIDTHPRESCALER(PulseWidthPrescaler));
3040:Drivers/STM32G4xx_HAL_Driver/Src/stm32g4xx_hal_tim_ex.c **** 
3041:Drivers/STM32G4xx_HAL_Driver/Src/stm32g4xx_hal_tim_ex.c ****   /* Process Locked */
3042:Drivers/STM32G4xx_HAL_Driver/Src/stm32g4xx_hal_tim_ex.c ****   __HAL_LOCK(htim);
3043:Drivers/STM32G4xx_HAL_Driver/Src/stm32g4xx_hal_tim_ex.c **** 
3044:Drivers/STM32G4xx_HAL_Driver/Src/stm32g4xx_hal_tim_ex.c ****   /* Set the TIM state */
3045:Drivers/STM32G4xx_HAL_Driver/Src/stm32g4xx_hal_tim_ex.c ****   htim->State = HAL_TIM_STATE_BUSY;
3046:Drivers/STM32G4xx_HAL_Driver/Src/stm32g4xx_hal_tim_ex.c **** 
3047:Drivers/STM32G4xx_HAL_Driver/Src/stm32g4xx_hal_tim_ex.c ****   /* Get the TIMx ECR register value */
3048:Drivers/STM32G4xx_HAL_Driver/Src/stm32g4xx_hal_tim_ex.c ****   tmpecr = htim->Instance->ECR;
3049:Drivers/STM32G4xx_HAL_Driver/Src/stm32g4xx_hal_tim_ex.c ****   /* Reset the Pulse width prescaler and the Pulse width */
3050:Drivers/STM32G4xx_HAL_Driver/Src/stm32g4xx_hal_tim_ex.c ****   tmpecr &= ~(TIM_ECR_PWPRSC | TIM_ECR_PW);
3051:Drivers/STM32G4xx_HAL_Driver/Src/stm32g4xx_hal_tim_ex.c ****   /* Set the Pulse width prescaler and Pulse width*/
ARM GAS  C:\Users\Booster\AppData\Local\Temp\ccs9w8jc.s 			page 55


3052:Drivers/STM32G4xx_HAL_Driver/Src/stm32g4xx_hal_tim_ex.c ****   tmpecr |= PulseWidthPrescaler << TIM_ECR_PWPRSC_Pos;
3053:Drivers/STM32G4xx_HAL_Driver/Src/stm32g4xx_hal_tim_ex.c ****   tmpecr |= PulseWidth << TIM_ECR_PW_Pos;
3054:Drivers/STM32G4xx_HAL_Driver/Src/stm32g4xx_hal_tim_ex.c ****   /* Write to TIMx ECR */
3055:Drivers/STM32G4xx_HAL_Driver/Src/stm32g4xx_hal_tim_ex.c ****   htim->Instance->ECR = tmpecr;
3056:Drivers/STM32G4xx_HAL_Driver/Src/stm32g4xx_hal_tim_ex.c **** 
3057:Drivers/STM32G4xx_HAL_Driver/Src/stm32g4xx_hal_tim_ex.c ****   /* Change the TIM state */
3058:Drivers/STM32G4xx_HAL_Driver/Src/stm32g4xx_hal_tim_ex.c ****   htim->State = HAL_TIM_STATE_READY;
3059:Drivers/STM32G4xx_HAL_Driver/Src/stm32g4xx_hal_tim_ex.c **** 
3060:Drivers/STM32G4xx_HAL_Driver/Src/stm32g4xx_hal_tim_ex.c ****   /* Release Lock */
3061:Drivers/STM32G4xx_HAL_Driver/Src/stm32g4xx_hal_tim_ex.c ****   __HAL_UNLOCK(htim);
3062:Drivers/STM32G4xx_HAL_Driver/Src/stm32g4xx_hal_tim_ex.c **** 
3063:Drivers/STM32G4xx_HAL_Driver/Src/stm32g4xx_hal_tim_ex.c ****   return HAL_OK;
3064:Drivers/STM32G4xx_HAL_Driver/Src/stm32g4xx_hal_tim_ex.c **** }
3065:Drivers/STM32G4xx_HAL_Driver/Src/stm32g4xx_hal_tim_ex.c **** 
3066:Drivers/STM32G4xx_HAL_Driver/Src/stm32g4xx_hal_tim_ex.c **** /**
3067:Drivers/STM32G4xx_HAL_Driver/Src/stm32g4xx_hal_tim_ex.c ****   * @brief  Configure preload source of Slave Mode Selection bitfield (SMS in SMCR register)
3068:Drivers/STM32G4xx_HAL_Driver/Src/stm32g4xx_hal_tim_ex.c ****   * @param  htim TIM handle
3069:Drivers/STM32G4xx_HAL_Driver/Src/stm32g4xx_hal_tim_ex.c ****   * @param  Source Source of slave mode selection preload
3070:Drivers/STM32G4xx_HAL_Driver/Src/stm32g4xx_hal_tim_ex.c ****   *         This parameter can be one of the following values:
3071:Drivers/STM32G4xx_HAL_Driver/Src/stm32g4xx_hal_tim_ex.c ****   *            @arg TIM_SMS_PRELOAD_SOURCE_UPDATE: Timer update event is used as source of Slave Mo
3072:Drivers/STM32G4xx_HAL_Driver/Src/stm32g4xx_hal_tim_ex.c ****   *            @arg TIM_SMS_PRELOAD_SOURCE_INDEX: Timer index event is used as source of Slave Mode
3073:Drivers/STM32G4xx_HAL_Driver/Src/stm32g4xx_hal_tim_ex.c ****   * @retval HAL status
3074:Drivers/STM32G4xx_HAL_Driver/Src/stm32g4xx_hal_tim_ex.c ****   */
3075:Drivers/STM32G4xx_HAL_Driver/Src/stm32g4xx_hal_tim_ex.c **** HAL_StatusTypeDef HAL_TIMEx_ConfigSlaveModePreload(TIM_HandleTypeDef *htim, uint32_t Source)
3076:Drivers/STM32G4xx_HAL_Driver/Src/stm32g4xx_hal_tim_ex.c **** {
3077:Drivers/STM32G4xx_HAL_Driver/Src/stm32g4xx_hal_tim_ex.c ****   /* Check the parameters */
3078:Drivers/STM32G4xx_HAL_Driver/Src/stm32g4xx_hal_tim_ex.c ****   assert_param(IS_TIM_SLAVE_INSTANCE(htim->Instance));
3079:Drivers/STM32G4xx_HAL_Driver/Src/stm32g4xx_hal_tim_ex.c ****   assert_param(IS_TIM_SLAVE_PRELOAD_SOURCE(Source));
3080:Drivers/STM32G4xx_HAL_Driver/Src/stm32g4xx_hal_tim_ex.c **** 
3081:Drivers/STM32G4xx_HAL_Driver/Src/stm32g4xx_hal_tim_ex.c ****   MODIFY_REG(htim->Instance->SMCR, TIM_SMCR_SMSPS, Source);
3082:Drivers/STM32G4xx_HAL_Driver/Src/stm32g4xx_hal_tim_ex.c ****   return HAL_OK;
3083:Drivers/STM32G4xx_HAL_Driver/Src/stm32g4xx_hal_tim_ex.c **** }
3084:Drivers/STM32G4xx_HAL_Driver/Src/stm32g4xx_hal_tim_ex.c **** 
3085:Drivers/STM32G4xx_HAL_Driver/Src/stm32g4xx_hal_tim_ex.c **** /**
3086:Drivers/STM32G4xx_HAL_Driver/Src/stm32g4xx_hal_tim_ex.c ****   * @brief  Enable preload of Slave Mode Selection bitfield (SMS in SMCR register)
3087:Drivers/STM32G4xx_HAL_Driver/Src/stm32g4xx_hal_tim_ex.c ****   * @param  htim TIM handle
3088:Drivers/STM32G4xx_HAL_Driver/Src/stm32g4xx_hal_tim_ex.c ****   * @retval HAL status
3089:Drivers/STM32G4xx_HAL_Driver/Src/stm32g4xx_hal_tim_ex.c ****   */
3090:Drivers/STM32G4xx_HAL_Driver/Src/stm32g4xx_hal_tim_ex.c **** HAL_StatusTypeDef HAL_TIMEx_EnableSlaveModePreload(TIM_HandleTypeDef *htim)
3091:Drivers/STM32G4xx_HAL_Driver/Src/stm32g4xx_hal_tim_ex.c **** {
3092:Drivers/STM32G4xx_HAL_Driver/Src/stm32g4xx_hal_tim_ex.c ****   /* Check the parameters */
3093:Drivers/STM32G4xx_HAL_Driver/Src/stm32g4xx_hal_tim_ex.c ****   assert_param(IS_TIM_SLAVE_INSTANCE(htim->Instance));
3094:Drivers/STM32G4xx_HAL_Driver/Src/stm32g4xx_hal_tim_ex.c **** 
3095:Drivers/STM32G4xx_HAL_Driver/Src/stm32g4xx_hal_tim_ex.c ****   SET_BIT(htim->Instance->SMCR, TIM_SMCR_SMSPE);
3096:Drivers/STM32G4xx_HAL_Driver/Src/stm32g4xx_hal_tim_ex.c ****   return HAL_OK;
3097:Drivers/STM32G4xx_HAL_Driver/Src/stm32g4xx_hal_tim_ex.c **** }
3098:Drivers/STM32G4xx_HAL_Driver/Src/stm32g4xx_hal_tim_ex.c **** 
3099:Drivers/STM32G4xx_HAL_Driver/Src/stm32g4xx_hal_tim_ex.c **** /**
3100:Drivers/STM32G4xx_HAL_Driver/Src/stm32g4xx_hal_tim_ex.c ****   * @brief  Disable preload of Slave Mode Selection bitfield (SMS in SMCR register)
3101:Drivers/STM32G4xx_HAL_Driver/Src/stm32g4xx_hal_tim_ex.c ****   * @param  htim TIM handle
3102:Drivers/STM32G4xx_HAL_Driver/Src/stm32g4xx_hal_tim_ex.c ****   * @retval HAL status
3103:Drivers/STM32G4xx_HAL_Driver/Src/stm32g4xx_hal_tim_ex.c ****   */
3104:Drivers/STM32G4xx_HAL_Driver/Src/stm32g4xx_hal_tim_ex.c **** HAL_StatusTypeDef HAL_TIMEx_DisableSlaveModePreload(TIM_HandleTypeDef *htim)
3105:Drivers/STM32G4xx_HAL_Driver/Src/stm32g4xx_hal_tim_ex.c **** {
3106:Drivers/STM32G4xx_HAL_Driver/Src/stm32g4xx_hal_tim_ex.c ****   /* Check the parameters */
3107:Drivers/STM32G4xx_HAL_Driver/Src/stm32g4xx_hal_tim_ex.c ****   assert_param(IS_TIM_SLAVE_INSTANCE(htim->Instance));
3108:Drivers/STM32G4xx_HAL_Driver/Src/stm32g4xx_hal_tim_ex.c **** 
ARM GAS  C:\Users\Booster\AppData\Local\Temp\ccs9w8jc.s 			page 56


3109:Drivers/STM32G4xx_HAL_Driver/Src/stm32g4xx_hal_tim_ex.c ****   CLEAR_BIT(htim->Instance->SMCR, TIM_SMCR_SMSPE);
3110:Drivers/STM32G4xx_HAL_Driver/Src/stm32g4xx_hal_tim_ex.c ****   return HAL_OK;
3111:Drivers/STM32G4xx_HAL_Driver/Src/stm32g4xx_hal_tim_ex.c **** }
3112:Drivers/STM32G4xx_HAL_Driver/Src/stm32g4xx_hal_tim_ex.c **** 
3113:Drivers/STM32G4xx_HAL_Driver/Src/stm32g4xx_hal_tim_ex.c **** /**
3114:Drivers/STM32G4xx_HAL_Driver/Src/stm32g4xx_hal_tim_ex.c ****   * @brief  Enable deadtime preload
3115:Drivers/STM32G4xx_HAL_Driver/Src/stm32g4xx_hal_tim_ex.c ****   * @param  htim TIM handle
3116:Drivers/STM32G4xx_HAL_Driver/Src/stm32g4xx_hal_tim_ex.c ****   * @retval HAL status
3117:Drivers/STM32G4xx_HAL_Driver/Src/stm32g4xx_hal_tim_ex.c ****   */
3118:Drivers/STM32G4xx_HAL_Driver/Src/stm32g4xx_hal_tim_ex.c **** HAL_StatusTypeDef HAL_TIMEx_EnableDeadTimePreload(TIM_HandleTypeDef *htim)
3119:Drivers/STM32G4xx_HAL_Driver/Src/stm32g4xx_hal_tim_ex.c **** {
3120:Drivers/STM32G4xx_HAL_Driver/Src/stm32g4xx_hal_tim_ex.c ****   /* Check the parameters */
3121:Drivers/STM32G4xx_HAL_Driver/Src/stm32g4xx_hal_tim_ex.c ****   assert_param(IS_TIM_BREAK_INSTANCE(htim->Instance));
3122:Drivers/STM32G4xx_HAL_Driver/Src/stm32g4xx_hal_tim_ex.c **** 
3123:Drivers/STM32G4xx_HAL_Driver/Src/stm32g4xx_hal_tim_ex.c ****   SET_BIT(htim->Instance->DTR2, TIM_DTR2_DTPE);
3124:Drivers/STM32G4xx_HAL_Driver/Src/stm32g4xx_hal_tim_ex.c ****   return HAL_OK;
3125:Drivers/STM32G4xx_HAL_Driver/Src/stm32g4xx_hal_tim_ex.c **** }
3126:Drivers/STM32G4xx_HAL_Driver/Src/stm32g4xx_hal_tim_ex.c **** 
3127:Drivers/STM32G4xx_HAL_Driver/Src/stm32g4xx_hal_tim_ex.c **** /**
3128:Drivers/STM32G4xx_HAL_Driver/Src/stm32g4xx_hal_tim_ex.c ****   * @brief  Disable deadtime preload
3129:Drivers/STM32G4xx_HAL_Driver/Src/stm32g4xx_hal_tim_ex.c ****   * @param  htim TIM handle
3130:Drivers/STM32G4xx_HAL_Driver/Src/stm32g4xx_hal_tim_ex.c ****   * @retval HAL status
3131:Drivers/STM32G4xx_HAL_Driver/Src/stm32g4xx_hal_tim_ex.c ****   */
3132:Drivers/STM32G4xx_HAL_Driver/Src/stm32g4xx_hal_tim_ex.c **** HAL_StatusTypeDef HAL_TIMEx_DisableDeadTimePreload(TIM_HandleTypeDef *htim)
3133:Drivers/STM32G4xx_HAL_Driver/Src/stm32g4xx_hal_tim_ex.c **** {
3134:Drivers/STM32G4xx_HAL_Driver/Src/stm32g4xx_hal_tim_ex.c ****   /* Check the parameters */
3135:Drivers/STM32G4xx_HAL_Driver/Src/stm32g4xx_hal_tim_ex.c ****   assert_param(IS_TIM_BREAK_INSTANCE(htim->Instance));
3136:Drivers/STM32G4xx_HAL_Driver/Src/stm32g4xx_hal_tim_ex.c **** 
3137:Drivers/STM32G4xx_HAL_Driver/Src/stm32g4xx_hal_tim_ex.c ****   CLEAR_BIT(htim->Instance->DTR2, TIM_DTR2_DTPE);
3138:Drivers/STM32G4xx_HAL_Driver/Src/stm32g4xx_hal_tim_ex.c ****   return HAL_OK;
3139:Drivers/STM32G4xx_HAL_Driver/Src/stm32g4xx_hal_tim_ex.c **** }
3140:Drivers/STM32G4xx_HAL_Driver/Src/stm32g4xx_hal_tim_ex.c **** 
3141:Drivers/STM32G4xx_HAL_Driver/Src/stm32g4xx_hal_tim_ex.c **** /**
3142:Drivers/STM32G4xx_HAL_Driver/Src/stm32g4xx_hal_tim_ex.c ****   * @brief  Configure deadtime
3143:Drivers/STM32G4xx_HAL_Driver/Src/stm32g4xx_hal_tim_ex.c ****   * @param  htim TIM handle
3144:Drivers/STM32G4xx_HAL_Driver/Src/stm32g4xx_hal_tim_ex.c ****   * @param  Deadtime Deadtime value
3145:Drivers/STM32G4xx_HAL_Driver/Src/stm32g4xx_hal_tim_ex.c ****   * @note   This parameter can be a number between Min_Data = 0x00 and Max_Data = 0xFF
3146:Drivers/STM32G4xx_HAL_Driver/Src/stm32g4xx_hal_tim_ex.c ****   * @retval HAL status
3147:Drivers/STM32G4xx_HAL_Driver/Src/stm32g4xx_hal_tim_ex.c ****   */
3148:Drivers/STM32G4xx_HAL_Driver/Src/stm32g4xx_hal_tim_ex.c **** HAL_StatusTypeDef HAL_TIMEx_ConfigDeadTime(TIM_HandleTypeDef *htim, uint32_t Deadtime)
3149:Drivers/STM32G4xx_HAL_Driver/Src/stm32g4xx_hal_tim_ex.c **** {
3150:Drivers/STM32G4xx_HAL_Driver/Src/stm32g4xx_hal_tim_ex.c ****   /* Check the parameters */
3151:Drivers/STM32G4xx_HAL_Driver/Src/stm32g4xx_hal_tim_ex.c ****   assert_param(IS_TIM_BREAK_INSTANCE(htim->Instance));
3152:Drivers/STM32G4xx_HAL_Driver/Src/stm32g4xx_hal_tim_ex.c ****   assert_param(IS_TIM_DEADTIME(Deadtime));
3153:Drivers/STM32G4xx_HAL_Driver/Src/stm32g4xx_hal_tim_ex.c **** 
3154:Drivers/STM32G4xx_HAL_Driver/Src/stm32g4xx_hal_tim_ex.c ****   MODIFY_REG(htim->Instance->BDTR, TIM_BDTR_DTG, Deadtime);
3155:Drivers/STM32G4xx_HAL_Driver/Src/stm32g4xx_hal_tim_ex.c ****   return HAL_OK;
3156:Drivers/STM32G4xx_HAL_Driver/Src/stm32g4xx_hal_tim_ex.c **** }
3157:Drivers/STM32G4xx_HAL_Driver/Src/stm32g4xx_hal_tim_ex.c **** 
3158:Drivers/STM32G4xx_HAL_Driver/Src/stm32g4xx_hal_tim_ex.c **** /**
3159:Drivers/STM32G4xx_HAL_Driver/Src/stm32g4xx_hal_tim_ex.c ****   * @brief  Configure asymmetrical deadtime
3160:Drivers/STM32G4xx_HAL_Driver/Src/stm32g4xx_hal_tim_ex.c ****   * @param  htim TIM handle
3161:Drivers/STM32G4xx_HAL_Driver/Src/stm32g4xx_hal_tim_ex.c ****   * @param  FallingDeadtime Falling edge deadtime value
3162:Drivers/STM32G4xx_HAL_Driver/Src/stm32g4xx_hal_tim_ex.c ****   * @note   This parameter can be a number between Min_Data = 0x00 and Max_Data = 0xFF
3163:Drivers/STM32G4xx_HAL_Driver/Src/stm32g4xx_hal_tim_ex.c ****   * @retval HAL status
3164:Drivers/STM32G4xx_HAL_Driver/Src/stm32g4xx_hal_tim_ex.c ****   */
3165:Drivers/STM32G4xx_HAL_Driver/Src/stm32g4xx_hal_tim_ex.c **** HAL_StatusTypeDef HAL_TIMEx_ConfigAsymmetricalDeadTime(TIM_HandleTypeDef *htim, uint32_t FallingDea
ARM GAS  C:\Users\Booster\AppData\Local\Temp\ccs9w8jc.s 			page 57


3166:Drivers/STM32G4xx_HAL_Driver/Src/stm32g4xx_hal_tim_ex.c **** {
3167:Drivers/STM32G4xx_HAL_Driver/Src/stm32g4xx_hal_tim_ex.c ****   /* Check the parameters */
3168:Drivers/STM32G4xx_HAL_Driver/Src/stm32g4xx_hal_tim_ex.c ****   assert_param(IS_TIM_BREAK_INSTANCE(htim->Instance));
3169:Drivers/STM32G4xx_HAL_Driver/Src/stm32g4xx_hal_tim_ex.c ****   assert_param(IS_TIM_DEADTIME(FallingDeadtime));
3170:Drivers/STM32G4xx_HAL_Driver/Src/stm32g4xx_hal_tim_ex.c **** 
3171:Drivers/STM32G4xx_HAL_Driver/Src/stm32g4xx_hal_tim_ex.c ****   MODIFY_REG(htim->Instance->DTR2, TIM_DTR2_DTGF, FallingDeadtime);
3172:Drivers/STM32G4xx_HAL_Driver/Src/stm32g4xx_hal_tim_ex.c ****   return HAL_OK;
3173:Drivers/STM32G4xx_HAL_Driver/Src/stm32g4xx_hal_tim_ex.c **** }
3174:Drivers/STM32G4xx_HAL_Driver/Src/stm32g4xx_hal_tim_ex.c **** 
3175:Drivers/STM32G4xx_HAL_Driver/Src/stm32g4xx_hal_tim_ex.c **** /**
3176:Drivers/STM32G4xx_HAL_Driver/Src/stm32g4xx_hal_tim_ex.c ****   * @brief  Enable asymmetrical deadtime
3177:Drivers/STM32G4xx_HAL_Driver/Src/stm32g4xx_hal_tim_ex.c ****   * @param  htim TIM handle
3178:Drivers/STM32G4xx_HAL_Driver/Src/stm32g4xx_hal_tim_ex.c ****   * @retval HAL status
3179:Drivers/STM32G4xx_HAL_Driver/Src/stm32g4xx_hal_tim_ex.c ****   */
3180:Drivers/STM32G4xx_HAL_Driver/Src/stm32g4xx_hal_tim_ex.c **** HAL_StatusTypeDef HAL_TIMEx_EnableAsymmetricalDeadTime(TIM_HandleTypeDef *htim)
3181:Drivers/STM32G4xx_HAL_Driver/Src/stm32g4xx_hal_tim_ex.c **** {
3182:Drivers/STM32G4xx_HAL_Driver/Src/stm32g4xx_hal_tim_ex.c ****   /* Check the parameters */
3183:Drivers/STM32G4xx_HAL_Driver/Src/stm32g4xx_hal_tim_ex.c ****   assert_param(IS_TIM_BREAK_INSTANCE(htim->Instance));
3184:Drivers/STM32G4xx_HAL_Driver/Src/stm32g4xx_hal_tim_ex.c **** 
3185:Drivers/STM32G4xx_HAL_Driver/Src/stm32g4xx_hal_tim_ex.c ****   SET_BIT(htim->Instance->DTR2, TIM_DTR2_DTAE);
3186:Drivers/STM32G4xx_HAL_Driver/Src/stm32g4xx_hal_tim_ex.c ****   return HAL_OK;
3187:Drivers/STM32G4xx_HAL_Driver/Src/stm32g4xx_hal_tim_ex.c **** }
3188:Drivers/STM32G4xx_HAL_Driver/Src/stm32g4xx_hal_tim_ex.c **** 
3189:Drivers/STM32G4xx_HAL_Driver/Src/stm32g4xx_hal_tim_ex.c **** /**
3190:Drivers/STM32G4xx_HAL_Driver/Src/stm32g4xx_hal_tim_ex.c ****   * @brief  Disable asymmetrical deadtime
3191:Drivers/STM32G4xx_HAL_Driver/Src/stm32g4xx_hal_tim_ex.c ****   * @param  htim TIM handle
3192:Drivers/STM32G4xx_HAL_Driver/Src/stm32g4xx_hal_tim_ex.c ****   * @retval HAL status
3193:Drivers/STM32G4xx_HAL_Driver/Src/stm32g4xx_hal_tim_ex.c ****   */
3194:Drivers/STM32G4xx_HAL_Driver/Src/stm32g4xx_hal_tim_ex.c **** HAL_StatusTypeDef HAL_TIMEx_DisableAsymmetricalDeadTime(TIM_HandleTypeDef *htim)
3195:Drivers/STM32G4xx_HAL_Driver/Src/stm32g4xx_hal_tim_ex.c **** {
3196:Drivers/STM32G4xx_HAL_Driver/Src/stm32g4xx_hal_tim_ex.c ****   /* Check the parameters */
3197:Drivers/STM32G4xx_HAL_Driver/Src/stm32g4xx_hal_tim_ex.c ****   assert_param(IS_TIM_BREAK_INSTANCE(htim->Instance));
3198:Drivers/STM32G4xx_HAL_Driver/Src/stm32g4xx_hal_tim_ex.c **** 
3199:Drivers/STM32G4xx_HAL_Driver/Src/stm32g4xx_hal_tim_ex.c ****   CLEAR_BIT(htim->Instance->DTR2, TIM_DTR2_DTAE);
3200:Drivers/STM32G4xx_HAL_Driver/Src/stm32g4xx_hal_tim_ex.c ****   return HAL_OK;
3201:Drivers/STM32G4xx_HAL_Driver/Src/stm32g4xx_hal_tim_ex.c **** }
3202:Drivers/STM32G4xx_HAL_Driver/Src/stm32g4xx_hal_tim_ex.c **** 
3203:Drivers/STM32G4xx_HAL_Driver/Src/stm32g4xx_hal_tim_ex.c **** /**
3204:Drivers/STM32G4xx_HAL_Driver/Src/stm32g4xx_hal_tim_ex.c ****   * @brief  Configures the encoder index.
3205:Drivers/STM32G4xx_HAL_Driver/Src/stm32g4xx_hal_tim_ex.c ****   * @note   warning in case of encoder mode clock plus direction
3206:Drivers/STM32G4xx_HAL_Driver/Src/stm32g4xx_hal_tim_ex.c ****   *                    @ref TIM_ENCODERMODE_CLOCKPLUSDIRECTION_X1 or @ref TIM_ENCODERMODE_CLOCKPLUS
3207:Drivers/STM32G4xx_HAL_Driver/Src/stm32g4xx_hal_tim_ex.c ****   *         Direction must be set to @ref TIM_ENCODERINDEX_DIRECTION_UP_DOWN
3208:Drivers/STM32G4xx_HAL_Driver/Src/stm32g4xx_hal_tim_ex.c ****   * @param  htim TIM handle.
3209:Drivers/STM32G4xx_HAL_Driver/Src/stm32g4xx_hal_tim_ex.c ****   * @param  sEncoderIndexConfig Encoder index configuration
3210:Drivers/STM32G4xx_HAL_Driver/Src/stm32g4xx_hal_tim_ex.c ****   * @retval HAL status
3211:Drivers/STM32G4xx_HAL_Driver/Src/stm32g4xx_hal_tim_ex.c ****   */
3212:Drivers/STM32G4xx_HAL_Driver/Src/stm32g4xx_hal_tim_ex.c **** HAL_StatusTypeDef HAL_TIMEx_ConfigEncoderIndex(TIM_HandleTypeDef *htim,
3213:Drivers/STM32G4xx_HAL_Driver/Src/stm32g4xx_hal_tim_ex.c ****                                                TIMEx_EncoderIndexConfigTypeDef *sEncoderIndexConfig
3214:Drivers/STM32G4xx_HAL_Driver/Src/stm32g4xx_hal_tim_ex.c **** {
3215:Drivers/STM32G4xx_HAL_Driver/Src/stm32g4xx_hal_tim_ex.c ****   /* Check the parameters */
3216:Drivers/STM32G4xx_HAL_Driver/Src/stm32g4xx_hal_tim_ex.c ****   assert_param(IS_TIM_ENCODER_INTERFACE_INSTANCE(htim->Instance));
3217:Drivers/STM32G4xx_HAL_Driver/Src/stm32g4xx_hal_tim_ex.c ****   assert_param(IS_TIM_ENCODERINDEX_POLARITY(sEncoderIndexConfig->Polarity));
3218:Drivers/STM32G4xx_HAL_Driver/Src/stm32g4xx_hal_tim_ex.c ****   assert_param(IS_TIM_ENCODERINDEX_PRESCALER(sEncoderIndexConfig->Prescaler));
3219:Drivers/STM32G4xx_HAL_Driver/Src/stm32g4xx_hal_tim_ex.c ****   assert_param(IS_TIM_ENCODERINDEX_FILTER(sEncoderIndexConfig->Filter));
3220:Drivers/STM32G4xx_HAL_Driver/Src/stm32g4xx_hal_tim_ex.c ****   assert_param(IS_FUNCTIONAL_STATE(sEncoderIndexConfig->FirstIndexEnable));
3221:Drivers/STM32G4xx_HAL_Driver/Src/stm32g4xx_hal_tim_ex.c ****   assert_param(IS_TIM_ENCODERINDEX_POSITION(sEncoderIndexConfig->Position));
3222:Drivers/STM32G4xx_HAL_Driver/Src/stm32g4xx_hal_tim_ex.c ****   assert_param(IS_TIM_ENCODERINDEX_DIRECTION(sEncoderIndexConfig->Direction));
ARM GAS  C:\Users\Booster\AppData\Local\Temp\ccs9w8jc.s 			page 58


3223:Drivers/STM32G4xx_HAL_Driver/Src/stm32g4xx_hal_tim_ex.c **** 
3224:Drivers/STM32G4xx_HAL_Driver/Src/stm32g4xx_hal_tim_ex.c ****   /* Process Locked */
3225:Drivers/STM32G4xx_HAL_Driver/Src/stm32g4xx_hal_tim_ex.c ****   __HAL_LOCK(htim);
3226:Drivers/STM32G4xx_HAL_Driver/Src/stm32g4xx_hal_tim_ex.c **** 
3227:Drivers/STM32G4xx_HAL_Driver/Src/stm32g4xx_hal_tim_ex.c ****   /* Configures the TIMx External Trigger (ETR) which is used as Index input */
3228:Drivers/STM32G4xx_HAL_Driver/Src/stm32g4xx_hal_tim_ex.c ****   TIM_ETR_SetConfig(htim->Instance,
3229:Drivers/STM32G4xx_HAL_Driver/Src/stm32g4xx_hal_tim_ex.c ****                     sEncoderIndexConfig->Prescaler,
3230:Drivers/STM32G4xx_HAL_Driver/Src/stm32g4xx_hal_tim_ex.c ****                     sEncoderIndexConfig->Polarity,
3231:Drivers/STM32G4xx_HAL_Driver/Src/stm32g4xx_hal_tim_ex.c ****                     sEncoderIndexConfig->Filter);
3232:Drivers/STM32G4xx_HAL_Driver/Src/stm32g4xx_hal_tim_ex.c **** 
3233:Drivers/STM32G4xx_HAL_Driver/Src/stm32g4xx_hal_tim_ex.c ****   /* Configures the encoder index */
3234:Drivers/STM32G4xx_HAL_Driver/Src/stm32g4xx_hal_tim_ex.c ****   MODIFY_REG(htim->Instance->ECR,
3235:Drivers/STM32G4xx_HAL_Driver/Src/stm32g4xx_hal_tim_ex.c ****              TIM_ECR_IDIR_Msk | TIM_ECR_FIDX_Msk | TIM_ECR_IPOS_Msk,
3236:Drivers/STM32G4xx_HAL_Driver/Src/stm32g4xx_hal_tim_ex.c ****              (sEncoderIndexConfig->Direction |
3237:Drivers/STM32G4xx_HAL_Driver/Src/stm32g4xx_hal_tim_ex.c ****               ((sEncoderIndexConfig->FirstIndexEnable == ENABLE) ? (0x1U << TIM_ECR_FIDX_Pos) : 0U)
3238:Drivers/STM32G4xx_HAL_Driver/Src/stm32g4xx_hal_tim_ex.c ****               sEncoderIndexConfig->Position |
3239:Drivers/STM32G4xx_HAL_Driver/Src/stm32g4xx_hal_tim_ex.c ****               TIM_ECR_IE));
3240:Drivers/STM32G4xx_HAL_Driver/Src/stm32g4xx_hal_tim_ex.c **** 
3241:Drivers/STM32G4xx_HAL_Driver/Src/stm32g4xx_hal_tim_ex.c ****   __HAL_UNLOCK(htim);
3242:Drivers/STM32G4xx_HAL_Driver/Src/stm32g4xx_hal_tim_ex.c **** 
3243:Drivers/STM32G4xx_HAL_Driver/Src/stm32g4xx_hal_tim_ex.c ****   return HAL_OK;
3244:Drivers/STM32G4xx_HAL_Driver/Src/stm32g4xx_hal_tim_ex.c **** }
3245:Drivers/STM32G4xx_HAL_Driver/Src/stm32g4xx_hal_tim_ex.c **** 
3246:Drivers/STM32G4xx_HAL_Driver/Src/stm32g4xx_hal_tim_ex.c **** /**
3247:Drivers/STM32G4xx_HAL_Driver/Src/stm32g4xx_hal_tim_ex.c ****   * @brief  Enable encoder index
3248:Drivers/STM32G4xx_HAL_Driver/Src/stm32g4xx_hal_tim_ex.c ****   * @param  htim TIM handle
3249:Drivers/STM32G4xx_HAL_Driver/Src/stm32g4xx_hal_tim_ex.c ****   * @retval HAL status
3250:Drivers/STM32G4xx_HAL_Driver/Src/stm32g4xx_hal_tim_ex.c ****   */
3251:Drivers/STM32G4xx_HAL_Driver/Src/stm32g4xx_hal_tim_ex.c **** HAL_StatusTypeDef HAL_TIMEx_EnableEncoderIndex(TIM_HandleTypeDef *htim)
3252:Drivers/STM32G4xx_HAL_Driver/Src/stm32g4xx_hal_tim_ex.c **** {
3253:Drivers/STM32G4xx_HAL_Driver/Src/stm32g4xx_hal_tim_ex.c ****   /* Check the parameters */
3254:Drivers/STM32G4xx_HAL_Driver/Src/stm32g4xx_hal_tim_ex.c ****   assert_param(IS_TIM_ENCODER_INTERFACE_INSTANCE(htim->Instance));
3255:Drivers/STM32G4xx_HAL_Driver/Src/stm32g4xx_hal_tim_ex.c **** 
3256:Drivers/STM32G4xx_HAL_Driver/Src/stm32g4xx_hal_tim_ex.c ****   SET_BIT(htim->Instance->ECR, TIM_ECR_IE);
3257:Drivers/STM32G4xx_HAL_Driver/Src/stm32g4xx_hal_tim_ex.c ****   return HAL_OK;
3258:Drivers/STM32G4xx_HAL_Driver/Src/stm32g4xx_hal_tim_ex.c **** }
3259:Drivers/STM32G4xx_HAL_Driver/Src/stm32g4xx_hal_tim_ex.c **** 
3260:Drivers/STM32G4xx_HAL_Driver/Src/stm32g4xx_hal_tim_ex.c **** /**
3261:Drivers/STM32G4xx_HAL_Driver/Src/stm32g4xx_hal_tim_ex.c ****   * @brief  Disable encoder index
3262:Drivers/STM32G4xx_HAL_Driver/Src/stm32g4xx_hal_tim_ex.c ****   * @param  htim TIM handle
3263:Drivers/STM32G4xx_HAL_Driver/Src/stm32g4xx_hal_tim_ex.c ****   * @retval HAL status
3264:Drivers/STM32G4xx_HAL_Driver/Src/stm32g4xx_hal_tim_ex.c ****   */
3265:Drivers/STM32G4xx_HAL_Driver/Src/stm32g4xx_hal_tim_ex.c **** HAL_StatusTypeDef HAL_TIMEx_DisableEncoderIndex(TIM_HandleTypeDef *htim)
3266:Drivers/STM32G4xx_HAL_Driver/Src/stm32g4xx_hal_tim_ex.c **** {
3267:Drivers/STM32G4xx_HAL_Driver/Src/stm32g4xx_hal_tim_ex.c ****   /* Check the parameters */
3268:Drivers/STM32G4xx_HAL_Driver/Src/stm32g4xx_hal_tim_ex.c ****   assert_param(IS_TIM_ENCODER_INTERFACE_INSTANCE(htim->Instance));
3269:Drivers/STM32G4xx_HAL_Driver/Src/stm32g4xx_hal_tim_ex.c **** 
3270:Drivers/STM32G4xx_HAL_Driver/Src/stm32g4xx_hal_tim_ex.c ****   CLEAR_BIT(htim->Instance->ECR, TIM_ECR_IE);
3271:Drivers/STM32G4xx_HAL_Driver/Src/stm32g4xx_hal_tim_ex.c ****   return HAL_OK;
3272:Drivers/STM32G4xx_HAL_Driver/Src/stm32g4xx_hal_tim_ex.c **** }
3273:Drivers/STM32G4xx_HAL_Driver/Src/stm32g4xx_hal_tim_ex.c **** 
3274:Drivers/STM32G4xx_HAL_Driver/Src/stm32g4xx_hal_tim_ex.c **** /**
3275:Drivers/STM32G4xx_HAL_Driver/Src/stm32g4xx_hal_tim_ex.c ****   * @brief  Enable encoder first index
3276:Drivers/STM32G4xx_HAL_Driver/Src/stm32g4xx_hal_tim_ex.c ****   * @param  htim TIM handle
3277:Drivers/STM32G4xx_HAL_Driver/Src/stm32g4xx_hal_tim_ex.c ****   * @retval HAL status
3278:Drivers/STM32G4xx_HAL_Driver/Src/stm32g4xx_hal_tim_ex.c ****   */
3279:Drivers/STM32G4xx_HAL_Driver/Src/stm32g4xx_hal_tim_ex.c **** HAL_StatusTypeDef HAL_TIMEx_EnableEncoderFirstIndex(TIM_HandleTypeDef *htim)
ARM GAS  C:\Users\Booster\AppData\Local\Temp\ccs9w8jc.s 			page 59


3280:Drivers/STM32G4xx_HAL_Driver/Src/stm32g4xx_hal_tim_ex.c **** {
3281:Drivers/STM32G4xx_HAL_Driver/Src/stm32g4xx_hal_tim_ex.c ****   /* Check the parameters */
3282:Drivers/STM32G4xx_HAL_Driver/Src/stm32g4xx_hal_tim_ex.c ****   assert_param(IS_TIM_ENCODER_INTERFACE_INSTANCE(htim->Instance));
3283:Drivers/STM32G4xx_HAL_Driver/Src/stm32g4xx_hal_tim_ex.c **** 
3284:Drivers/STM32G4xx_HAL_Driver/Src/stm32g4xx_hal_tim_ex.c ****   SET_BIT(htim->Instance->ECR, TIM_ECR_FIDX);
3285:Drivers/STM32G4xx_HAL_Driver/Src/stm32g4xx_hal_tim_ex.c ****   return HAL_OK;
3286:Drivers/STM32G4xx_HAL_Driver/Src/stm32g4xx_hal_tim_ex.c **** }
3287:Drivers/STM32G4xx_HAL_Driver/Src/stm32g4xx_hal_tim_ex.c **** 
3288:Drivers/STM32G4xx_HAL_Driver/Src/stm32g4xx_hal_tim_ex.c **** /**
3289:Drivers/STM32G4xx_HAL_Driver/Src/stm32g4xx_hal_tim_ex.c ****   * @brief  Disable encoder first index
3290:Drivers/STM32G4xx_HAL_Driver/Src/stm32g4xx_hal_tim_ex.c ****   * @param  htim TIM handle
3291:Drivers/STM32G4xx_HAL_Driver/Src/stm32g4xx_hal_tim_ex.c ****   * @retval HAL status
3292:Drivers/STM32G4xx_HAL_Driver/Src/stm32g4xx_hal_tim_ex.c ****   */
3293:Drivers/STM32G4xx_HAL_Driver/Src/stm32g4xx_hal_tim_ex.c **** HAL_StatusTypeDef HAL_TIMEx_DisableEncoderFirstIndex(TIM_HandleTypeDef *htim)
3294:Drivers/STM32G4xx_HAL_Driver/Src/stm32g4xx_hal_tim_ex.c **** {
3295:Drivers/STM32G4xx_HAL_Driver/Src/stm32g4xx_hal_tim_ex.c ****   /* Check the parameters */
3296:Drivers/STM32G4xx_HAL_Driver/Src/stm32g4xx_hal_tim_ex.c ****   assert_param(IS_TIM_ENCODER_INTERFACE_INSTANCE(htim->Instance));
3297:Drivers/STM32G4xx_HAL_Driver/Src/stm32g4xx_hal_tim_ex.c **** 
3298:Drivers/STM32G4xx_HAL_Driver/Src/stm32g4xx_hal_tim_ex.c ****   CLEAR_BIT(htim->Instance->ECR, TIM_ECR_FIDX);
3299:Drivers/STM32G4xx_HAL_Driver/Src/stm32g4xx_hal_tim_ex.c ****   return HAL_OK;
3300:Drivers/STM32G4xx_HAL_Driver/Src/stm32g4xx_hal_tim_ex.c **** }
3301:Drivers/STM32G4xx_HAL_Driver/Src/stm32g4xx_hal_tim_ex.c **** 
3302:Drivers/STM32G4xx_HAL_Driver/Src/stm32g4xx_hal_tim_ex.c **** /**
3303:Drivers/STM32G4xx_HAL_Driver/Src/stm32g4xx_hal_tim_ex.c ****   * @}
3304:Drivers/STM32G4xx_HAL_Driver/Src/stm32g4xx_hal_tim_ex.c ****   */
3305:Drivers/STM32G4xx_HAL_Driver/Src/stm32g4xx_hal_tim_ex.c **** 
3306:Drivers/STM32G4xx_HAL_Driver/Src/stm32g4xx_hal_tim_ex.c **** /** @defgroup TIMEx_Exported_Functions_Group6 Extended Callbacks functions
3307:Drivers/STM32G4xx_HAL_Driver/Src/stm32g4xx_hal_tim_ex.c ****   * @brief    Extended Callbacks functions
3308:Drivers/STM32G4xx_HAL_Driver/Src/stm32g4xx_hal_tim_ex.c ****   *
3309:Drivers/STM32G4xx_HAL_Driver/Src/stm32g4xx_hal_tim_ex.c **** @verbatim
3310:Drivers/STM32G4xx_HAL_Driver/Src/stm32g4xx_hal_tim_ex.c ****   ==============================================================================
3311:Drivers/STM32G4xx_HAL_Driver/Src/stm32g4xx_hal_tim_ex.c ****                     ##### Extended Callbacks functions #####
3312:Drivers/STM32G4xx_HAL_Driver/Src/stm32g4xx_hal_tim_ex.c ****   ==============================================================================
3313:Drivers/STM32G4xx_HAL_Driver/Src/stm32g4xx_hal_tim_ex.c ****   [..]
3314:Drivers/STM32G4xx_HAL_Driver/Src/stm32g4xx_hal_tim_ex.c ****     This section provides Extended TIM callback functions:
3315:Drivers/STM32G4xx_HAL_Driver/Src/stm32g4xx_hal_tim_ex.c ****     (+) Timer Commutation callback
3316:Drivers/STM32G4xx_HAL_Driver/Src/stm32g4xx_hal_tim_ex.c ****     (+) Timer Break callback
3317:Drivers/STM32G4xx_HAL_Driver/Src/stm32g4xx_hal_tim_ex.c **** 
3318:Drivers/STM32G4xx_HAL_Driver/Src/stm32g4xx_hal_tim_ex.c **** @endverbatim
3319:Drivers/STM32G4xx_HAL_Driver/Src/stm32g4xx_hal_tim_ex.c ****   * @{
3320:Drivers/STM32G4xx_HAL_Driver/Src/stm32g4xx_hal_tim_ex.c ****   */
3321:Drivers/STM32G4xx_HAL_Driver/Src/stm32g4xx_hal_tim_ex.c **** 
3322:Drivers/STM32G4xx_HAL_Driver/Src/stm32g4xx_hal_tim_ex.c **** /**
3323:Drivers/STM32G4xx_HAL_Driver/Src/stm32g4xx_hal_tim_ex.c ****   * @brief  Commutation callback in non-blocking mode
3324:Drivers/STM32G4xx_HAL_Driver/Src/stm32g4xx_hal_tim_ex.c ****   * @param  htim TIM handle
3325:Drivers/STM32G4xx_HAL_Driver/Src/stm32g4xx_hal_tim_ex.c ****   * @retval None
3326:Drivers/STM32G4xx_HAL_Driver/Src/stm32g4xx_hal_tim_ex.c ****   */
3327:Drivers/STM32G4xx_HAL_Driver/Src/stm32g4xx_hal_tim_ex.c **** __weak void HAL_TIMEx_CommutCallback(TIM_HandleTypeDef *htim)
3328:Drivers/STM32G4xx_HAL_Driver/Src/stm32g4xx_hal_tim_ex.c **** {
3329:Drivers/STM32G4xx_HAL_Driver/Src/stm32g4xx_hal_tim_ex.c ****   /* Prevent unused argument(s) compilation warning */
3330:Drivers/STM32G4xx_HAL_Driver/Src/stm32g4xx_hal_tim_ex.c ****   UNUSED(htim);
3331:Drivers/STM32G4xx_HAL_Driver/Src/stm32g4xx_hal_tim_ex.c **** 
3332:Drivers/STM32G4xx_HAL_Driver/Src/stm32g4xx_hal_tim_ex.c ****   /* NOTE : This function should not be modified, when the callback is needed,
3333:Drivers/STM32G4xx_HAL_Driver/Src/stm32g4xx_hal_tim_ex.c ****             the HAL_TIMEx_CommutCallback could be implemented in the user file
3334:Drivers/STM32G4xx_HAL_Driver/Src/stm32g4xx_hal_tim_ex.c ****    */
3335:Drivers/STM32G4xx_HAL_Driver/Src/stm32g4xx_hal_tim_ex.c **** }
3336:Drivers/STM32G4xx_HAL_Driver/Src/stm32g4xx_hal_tim_ex.c **** /**
ARM GAS  C:\Users\Booster\AppData\Local\Temp\ccs9w8jc.s 			page 60


3337:Drivers/STM32G4xx_HAL_Driver/Src/stm32g4xx_hal_tim_ex.c ****   * @brief  Commutation half complete callback in non-blocking mode
3338:Drivers/STM32G4xx_HAL_Driver/Src/stm32g4xx_hal_tim_ex.c ****   * @param  htim TIM handle
3339:Drivers/STM32G4xx_HAL_Driver/Src/stm32g4xx_hal_tim_ex.c ****   * @retval None
3340:Drivers/STM32G4xx_HAL_Driver/Src/stm32g4xx_hal_tim_ex.c ****   */
3341:Drivers/STM32G4xx_HAL_Driver/Src/stm32g4xx_hal_tim_ex.c **** __weak void HAL_TIMEx_CommutHalfCpltCallback(TIM_HandleTypeDef *htim)
3342:Drivers/STM32G4xx_HAL_Driver/Src/stm32g4xx_hal_tim_ex.c **** {
3343:Drivers/STM32G4xx_HAL_Driver/Src/stm32g4xx_hal_tim_ex.c ****   /* Prevent unused argument(s) compilation warning */
3344:Drivers/STM32G4xx_HAL_Driver/Src/stm32g4xx_hal_tim_ex.c ****   UNUSED(htim);
3345:Drivers/STM32G4xx_HAL_Driver/Src/stm32g4xx_hal_tim_ex.c **** 
3346:Drivers/STM32G4xx_HAL_Driver/Src/stm32g4xx_hal_tim_ex.c ****   /* NOTE : This function should not be modified, when the callback is needed,
3347:Drivers/STM32G4xx_HAL_Driver/Src/stm32g4xx_hal_tim_ex.c ****             the HAL_TIMEx_CommutHalfCpltCallback could be implemented in the user file
3348:Drivers/STM32G4xx_HAL_Driver/Src/stm32g4xx_hal_tim_ex.c ****    */
3349:Drivers/STM32G4xx_HAL_Driver/Src/stm32g4xx_hal_tim_ex.c **** }
3350:Drivers/STM32G4xx_HAL_Driver/Src/stm32g4xx_hal_tim_ex.c **** 
3351:Drivers/STM32G4xx_HAL_Driver/Src/stm32g4xx_hal_tim_ex.c **** /**
3352:Drivers/STM32G4xx_HAL_Driver/Src/stm32g4xx_hal_tim_ex.c ****   * @brief  Break detection callback in non-blocking mode
3353:Drivers/STM32G4xx_HAL_Driver/Src/stm32g4xx_hal_tim_ex.c ****   * @param  htim TIM handle
3354:Drivers/STM32G4xx_HAL_Driver/Src/stm32g4xx_hal_tim_ex.c ****   * @retval None
3355:Drivers/STM32G4xx_HAL_Driver/Src/stm32g4xx_hal_tim_ex.c ****   */
3356:Drivers/STM32G4xx_HAL_Driver/Src/stm32g4xx_hal_tim_ex.c **** __weak void HAL_TIMEx_BreakCallback(TIM_HandleTypeDef *htim)
3357:Drivers/STM32G4xx_HAL_Driver/Src/stm32g4xx_hal_tim_ex.c **** {
3358:Drivers/STM32G4xx_HAL_Driver/Src/stm32g4xx_hal_tim_ex.c ****   /* Prevent unused argument(s) compilation warning */
3359:Drivers/STM32G4xx_HAL_Driver/Src/stm32g4xx_hal_tim_ex.c ****   UNUSED(htim);
3360:Drivers/STM32G4xx_HAL_Driver/Src/stm32g4xx_hal_tim_ex.c **** 
3361:Drivers/STM32G4xx_HAL_Driver/Src/stm32g4xx_hal_tim_ex.c ****   /* NOTE : This function should not be modified, when the callback is needed,
3362:Drivers/STM32G4xx_HAL_Driver/Src/stm32g4xx_hal_tim_ex.c ****             the HAL_TIMEx_BreakCallback could be implemented in the user file
3363:Drivers/STM32G4xx_HAL_Driver/Src/stm32g4xx_hal_tim_ex.c ****    */
3364:Drivers/STM32G4xx_HAL_Driver/Src/stm32g4xx_hal_tim_ex.c **** }
3365:Drivers/STM32G4xx_HAL_Driver/Src/stm32g4xx_hal_tim_ex.c **** 
3366:Drivers/STM32G4xx_HAL_Driver/Src/stm32g4xx_hal_tim_ex.c **** /**
3367:Drivers/STM32G4xx_HAL_Driver/Src/stm32g4xx_hal_tim_ex.c ****   * @brief  Break2 detection callback in non blocking mode
3368:Drivers/STM32G4xx_HAL_Driver/Src/stm32g4xx_hal_tim_ex.c ****   * @param  htim: TIM handle
3369:Drivers/STM32G4xx_HAL_Driver/Src/stm32g4xx_hal_tim_ex.c ****   * @retval None
3370:Drivers/STM32G4xx_HAL_Driver/Src/stm32g4xx_hal_tim_ex.c ****   */
3371:Drivers/STM32G4xx_HAL_Driver/Src/stm32g4xx_hal_tim_ex.c **** __weak void HAL_TIMEx_Break2Callback(TIM_HandleTypeDef *htim)
3372:Drivers/STM32G4xx_HAL_Driver/Src/stm32g4xx_hal_tim_ex.c **** {
3373:Drivers/STM32G4xx_HAL_Driver/Src/stm32g4xx_hal_tim_ex.c ****   /* Prevent unused argument(s) compilation warning */
3374:Drivers/STM32G4xx_HAL_Driver/Src/stm32g4xx_hal_tim_ex.c ****   UNUSED(htim);
3375:Drivers/STM32G4xx_HAL_Driver/Src/stm32g4xx_hal_tim_ex.c **** 
3376:Drivers/STM32G4xx_HAL_Driver/Src/stm32g4xx_hal_tim_ex.c ****   /* NOTE : This function Should not be modified, when the callback is needed,
3377:Drivers/STM32G4xx_HAL_Driver/Src/stm32g4xx_hal_tim_ex.c ****             the HAL_TIMEx_Break2Callback could be implemented in the user file
3378:Drivers/STM32G4xx_HAL_Driver/Src/stm32g4xx_hal_tim_ex.c ****    */
3379:Drivers/STM32G4xx_HAL_Driver/Src/stm32g4xx_hal_tim_ex.c **** }
3380:Drivers/STM32G4xx_HAL_Driver/Src/stm32g4xx_hal_tim_ex.c **** 
3381:Drivers/STM32G4xx_HAL_Driver/Src/stm32g4xx_hal_tim_ex.c **** /**
3382:Drivers/STM32G4xx_HAL_Driver/Src/stm32g4xx_hal_tim_ex.c ****   * @brief  Encoder index callback in non-blocking mode
3383:Drivers/STM32G4xx_HAL_Driver/Src/stm32g4xx_hal_tim_ex.c ****   * @param  htim TIM handle
3384:Drivers/STM32G4xx_HAL_Driver/Src/stm32g4xx_hal_tim_ex.c ****   * @retval None
3385:Drivers/STM32G4xx_HAL_Driver/Src/stm32g4xx_hal_tim_ex.c ****   */
3386:Drivers/STM32G4xx_HAL_Driver/Src/stm32g4xx_hal_tim_ex.c **** __weak void HAL_TIMEx_EncoderIndexCallback(TIM_HandleTypeDef *htim)
3387:Drivers/STM32G4xx_HAL_Driver/Src/stm32g4xx_hal_tim_ex.c **** {
3388:Drivers/STM32G4xx_HAL_Driver/Src/stm32g4xx_hal_tim_ex.c ****   /* Prevent unused argument(s) compilation warning */
3389:Drivers/STM32G4xx_HAL_Driver/Src/stm32g4xx_hal_tim_ex.c ****   UNUSED(htim);
3390:Drivers/STM32G4xx_HAL_Driver/Src/stm32g4xx_hal_tim_ex.c **** 
3391:Drivers/STM32G4xx_HAL_Driver/Src/stm32g4xx_hal_tim_ex.c ****   /* NOTE : This function should not be modified, when the callback is needed,
3392:Drivers/STM32G4xx_HAL_Driver/Src/stm32g4xx_hal_tim_ex.c ****             the HAL_TIMEx_EncoderIndexCallback could be implemented in the user file
3393:Drivers/STM32G4xx_HAL_Driver/Src/stm32g4xx_hal_tim_ex.c ****    */
ARM GAS  C:\Users\Booster\AppData\Local\Temp\ccs9w8jc.s 			page 61


3394:Drivers/STM32G4xx_HAL_Driver/Src/stm32g4xx_hal_tim_ex.c **** }
3395:Drivers/STM32G4xx_HAL_Driver/Src/stm32g4xx_hal_tim_ex.c **** 
3396:Drivers/STM32G4xx_HAL_Driver/Src/stm32g4xx_hal_tim_ex.c **** /**
3397:Drivers/STM32G4xx_HAL_Driver/Src/stm32g4xx_hal_tim_ex.c ****   * @brief  Direction change callback in non-blocking mode
3398:Drivers/STM32G4xx_HAL_Driver/Src/stm32g4xx_hal_tim_ex.c ****   * @param  htim TIM handle
3399:Drivers/STM32G4xx_HAL_Driver/Src/stm32g4xx_hal_tim_ex.c ****   * @retval None
3400:Drivers/STM32G4xx_HAL_Driver/Src/stm32g4xx_hal_tim_ex.c ****   */
3401:Drivers/STM32G4xx_HAL_Driver/Src/stm32g4xx_hal_tim_ex.c **** __weak void HAL_TIMEx_DirectionChangeCallback(TIM_HandleTypeDef *htim)
3402:Drivers/STM32G4xx_HAL_Driver/Src/stm32g4xx_hal_tim_ex.c **** {
3403:Drivers/STM32G4xx_HAL_Driver/Src/stm32g4xx_hal_tim_ex.c ****   /* Prevent unused argument(s) compilation warning */
3404:Drivers/STM32G4xx_HAL_Driver/Src/stm32g4xx_hal_tim_ex.c ****   UNUSED(htim);
3405:Drivers/STM32G4xx_HAL_Driver/Src/stm32g4xx_hal_tim_ex.c **** 
3406:Drivers/STM32G4xx_HAL_Driver/Src/stm32g4xx_hal_tim_ex.c ****   /* NOTE : This function should not be modified, when the callback is needed,
3407:Drivers/STM32G4xx_HAL_Driver/Src/stm32g4xx_hal_tim_ex.c ****             the HAL_TIMEx_DirectionChangeCallback could be implemented in the user file
3408:Drivers/STM32G4xx_HAL_Driver/Src/stm32g4xx_hal_tim_ex.c ****    */
3409:Drivers/STM32G4xx_HAL_Driver/Src/stm32g4xx_hal_tim_ex.c **** }
3410:Drivers/STM32G4xx_HAL_Driver/Src/stm32g4xx_hal_tim_ex.c **** 
3411:Drivers/STM32G4xx_HAL_Driver/Src/stm32g4xx_hal_tim_ex.c **** /**
3412:Drivers/STM32G4xx_HAL_Driver/Src/stm32g4xx_hal_tim_ex.c ****   * @brief  Index error callback in non-blocking mode
3413:Drivers/STM32G4xx_HAL_Driver/Src/stm32g4xx_hal_tim_ex.c ****   * @param  htim TIM handle
3414:Drivers/STM32G4xx_HAL_Driver/Src/stm32g4xx_hal_tim_ex.c ****   * @retval None
3415:Drivers/STM32G4xx_HAL_Driver/Src/stm32g4xx_hal_tim_ex.c ****   */
3416:Drivers/STM32G4xx_HAL_Driver/Src/stm32g4xx_hal_tim_ex.c **** __weak void HAL_TIMEx_IndexErrorCallback(TIM_HandleTypeDef *htim)
3417:Drivers/STM32G4xx_HAL_Driver/Src/stm32g4xx_hal_tim_ex.c **** {
3418:Drivers/STM32G4xx_HAL_Driver/Src/stm32g4xx_hal_tim_ex.c ****   /* Prevent unused argument(s) compilation warning */
3419:Drivers/STM32G4xx_HAL_Driver/Src/stm32g4xx_hal_tim_ex.c ****   UNUSED(htim);
3420:Drivers/STM32G4xx_HAL_Driver/Src/stm32g4xx_hal_tim_ex.c **** 
3421:Drivers/STM32G4xx_HAL_Driver/Src/stm32g4xx_hal_tim_ex.c ****   /* NOTE : This function should not be modified, when the callback is needed,
3422:Drivers/STM32G4xx_HAL_Driver/Src/stm32g4xx_hal_tim_ex.c ****             the HAL_TIMEx_IndexErrorCallback could be implemented in the user file
3423:Drivers/STM32G4xx_HAL_Driver/Src/stm32g4xx_hal_tim_ex.c ****    */
3424:Drivers/STM32G4xx_HAL_Driver/Src/stm32g4xx_hal_tim_ex.c **** }
3425:Drivers/STM32G4xx_HAL_Driver/Src/stm32g4xx_hal_tim_ex.c **** 
3426:Drivers/STM32G4xx_HAL_Driver/Src/stm32g4xx_hal_tim_ex.c **** /**
3427:Drivers/STM32G4xx_HAL_Driver/Src/stm32g4xx_hal_tim_ex.c ****   * @brief  Transition error callback in non-blocking mode
3428:Drivers/STM32G4xx_HAL_Driver/Src/stm32g4xx_hal_tim_ex.c ****   * @param  htim TIM handle
3429:Drivers/STM32G4xx_HAL_Driver/Src/stm32g4xx_hal_tim_ex.c ****   * @retval None
3430:Drivers/STM32G4xx_HAL_Driver/Src/stm32g4xx_hal_tim_ex.c ****   */
3431:Drivers/STM32G4xx_HAL_Driver/Src/stm32g4xx_hal_tim_ex.c **** __weak void HAL_TIMEx_TransitionErrorCallback(TIM_HandleTypeDef *htim)
3432:Drivers/STM32G4xx_HAL_Driver/Src/stm32g4xx_hal_tim_ex.c **** {
3433:Drivers/STM32G4xx_HAL_Driver/Src/stm32g4xx_hal_tim_ex.c ****   /* Prevent unused argument(s) compilation warning */
3434:Drivers/STM32G4xx_HAL_Driver/Src/stm32g4xx_hal_tim_ex.c ****   UNUSED(htim);
3435:Drivers/STM32G4xx_HAL_Driver/Src/stm32g4xx_hal_tim_ex.c **** 
3436:Drivers/STM32G4xx_HAL_Driver/Src/stm32g4xx_hal_tim_ex.c ****   /* NOTE : This function should not be modified, when the callback is needed,
3437:Drivers/STM32G4xx_HAL_Driver/Src/stm32g4xx_hal_tim_ex.c ****             the HAL_TIMEx_TransitionErrorCallback could be implemented in the user file
3438:Drivers/STM32G4xx_HAL_Driver/Src/stm32g4xx_hal_tim_ex.c ****    */
3439:Drivers/STM32G4xx_HAL_Driver/Src/stm32g4xx_hal_tim_ex.c **** }
3440:Drivers/STM32G4xx_HAL_Driver/Src/stm32g4xx_hal_tim_ex.c **** 
3441:Drivers/STM32G4xx_HAL_Driver/Src/stm32g4xx_hal_tim_ex.c **** /**
3442:Drivers/STM32G4xx_HAL_Driver/Src/stm32g4xx_hal_tim_ex.c ****   * @}
3443:Drivers/STM32G4xx_HAL_Driver/Src/stm32g4xx_hal_tim_ex.c ****   */
3444:Drivers/STM32G4xx_HAL_Driver/Src/stm32g4xx_hal_tim_ex.c **** 
3445:Drivers/STM32G4xx_HAL_Driver/Src/stm32g4xx_hal_tim_ex.c **** /** @defgroup TIMEx_Exported_Functions_Group7 Extended Peripheral State functions
3446:Drivers/STM32G4xx_HAL_Driver/Src/stm32g4xx_hal_tim_ex.c ****   * @brief    Extended Peripheral State functions
3447:Drivers/STM32G4xx_HAL_Driver/Src/stm32g4xx_hal_tim_ex.c ****   *
3448:Drivers/STM32G4xx_HAL_Driver/Src/stm32g4xx_hal_tim_ex.c **** @verbatim
3449:Drivers/STM32G4xx_HAL_Driver/Src/stm32g4xx_hal_tim_ex.c ****   ==============================================================================
3450:Drivers/STM32G4xx_HAL_Driver/Src/stm32g4xx_hal_tim_ex.c ****                 ##### Extended Peripheral State functions #####
ARM GAS  C:\Users\Booster\AppData\Local\Temp\ccs9w8jc.s 			page 62


3451:Drivers/STM32G4xx_HAL_Driver/Src/stm32g4xx_hal_tim_ex.c ****   ==============================================================================
3452:Drivers/STM32G4xx_HAL_Driver/Src/stm32g4xx_hal_tim_ex.c ****   [..]
3453:Drivers/STM32G4xx_HAL_Driver/Src/stm32g4xx_hal_tim_ex.c ****     This subsection permits to get in run-time the status of the peripheral
3454:Drivers/STM32G4xx_HAL_Driver/Src/stm32g4xx_hal_tim_ex.c ****     and the data flow.
3455:Drivers/STM32G4xx_HAL_Driver/Src/stm32g4xx_hal_tim_ex.c **** 
3456:Drivers/STM32G4xx_HAL_Driver/Src/stm32g4xx_hal_tim_ex.c **** @endverbatim
3457:Drivers/STM32G4xx_HAL_Driver/Src/stm32g4xx_hal_tim_ex.c ****   * @{
3458:Drivers/STM32G4xx_HAL_Driver/Src/stm32g4xx_hal_tim_ex.c ****   */
3459:Drivers/STM32G4xx_HAL_Driver/Src/stm32g4xx_hal_tim_ex.c **** 
3460:Drivers/STM32G4xx_HAL_Driver/Src/stm32g4xx_hal_tim_ex.c **** /**
3461:Drivers/STM32G4xx_HAL_Driver/Src/stm32g4xx_hal_tim_ex.c ****   * @brief  Return the TIM Hall Sensor interface handle state.
3462:Drivers/STM32G4xx_HAL_Driver/Src/stm32g4xx_hal_tim_ex.c ****   * @param  htim TIM Hall Sensor handle
3463:Drivers/STM32G4xx_HAL_Driver/Src/stm32g4xx_hal_tim_ex.c ****   * @retval HAL state
3464:Drivers/STM32G4xx_HAL_Driver/Src/stm32g4xx_hal_tim_ex.c ****   */
3465:Drivers/STM32G4xx_HAL_Driver/Src/stm32g4xx_hal_tim_ex.c **** HAL_TIM_StateTypeDef HAL_TIMEx_HallSensor_GetState(const TIM_HandleTypeDef *htim)
3466:Drivers/STM32G4xx_HAL_Driver/Src/stm32g4xx_hal_tim_ex.c **** {
3467:Drivers/STM32G4xx_HAL_Driver/Src/stm32g4xx_hal_tim_ex.c ****   return htim->State;
3468:Drivers/STM32G4xx_HAL_Driver/Src/stm32g4xx_hal_tim_ex.c **** }
3469:Drivers/STM32G4xx_HAL_Driver/Src/stm32g4xx_hal_tim_ex.c **** 
3470:Drivers/STM32G4xx_HAL_Driver/Src/stm32g4xx_hal_tim_ex.c **** /**
3471:Drivers/STM32G4xx_HAL_Driver/Src/stm32g4xx_hal_tim_ex.c ****   * @brief  Return actual state of the TIM complementary channel.
3472:Drivers/STM32G4xx_HAL_Driver/Src/stm32g4xx_hal_tim_ex.c ****   * @param  htim TIM handle
3473:Drivers/STM32G4xx_HAL_Driver/Src/stm32g4xx_hal_tim_ex.c ****   * @param  ChannelN TIM Complementary channel
3474:Drivers/STM32G4xx_HAL_Driver/Src/stm32g4xx_hal_tim_ex.c ****   *          This parameter can be one of the following values:
3475:Drivers/STM32G4xx_HAL_Driver/Src/stm32g4xx_hal_tim_ex.c ****   *            @arg TIM_CHANNEL_1: TIM Channel 1
3476:Drivers/STM32G4xx_HAL_Driver/Src/stm32g4xx_hal_tim_ex.c ****   *            @arg TIM_CHANNEL_2: TIM Channel 2
3477:Drivers/STM32G4xx_HAL_Driver/Src/stm32g4xx_hal_tim_ex.c ****   *            @arg TIM_CHANNEL_3: TIM Channel 3
3478:Drivers/STM32G4xx_HAL_Driver/Src/stm32g4xx_hal_tim_ex.c ****   *            @arg TIM_CHANNEL_4: TIM Channel 4
3479:Drivers/STM32G4xx_HAL_Driver/Src/stm32g4xx_hal_tim_ex.c ****   * @retval TIM Complementary channel state
3480:Drivers/STM32G4xx_HAL_Driver/Src/stm32g4xx_hal_tim_ex.c ****   */
3481:Drivers/STM32G4xx_HAL_Driver/Src/stm32g4xx_hal_tim_ex.c **** HAL_TIM_ChannelStateTypeDef HAL_TIMEx_GetChannelNState(const TIM_HandleTypeDef *htim,  uint32_t Cha
3482:Drivers/STM32G4xx_HAL_Driver/Src/stm32g4xx_hal_tim_ex.c **** {
3483:Drivers/STM32G4xx_HAL_Driver/Src/stm32g4xx_hal_tim_ex.c ****   HAL_TIM_ChannelStateTypeDef channel_state;
3484:Drivers/STM32G4xx_HAL_Driver/Src/stm32g4xx_hal_tim_ex.c **** 
3485:Drivers/STM32G4xx_HAL_Driver/Src/stm32g4xx_hal_tim_ex.c ****   /* Check the parameters */
3486:Drivers/STM32G4xx_HAL_Driver/Src/stm32g4xx_hal_tim_ex.c ****   assert_param(IS_TIM_CCXN_INSTANCE(htim->Instance, ChannelN));
3487:Drivers/STM32G4xx_HAL_Driver/Src/stm32g4xx_hal_tim_ex.c **** 
3488:Drivers/STM32G4xx_HAL_Driver/Src/stm32g4xx_hal_tim_ex.c ****   channel_state = TIM_CHANNEL_N_STATE_GET(htim, ChannelN);
3489:Drivers/STM32G4xx_HAL_Driver/Src/stm32g4xx_hal_tim_ex.c **** 
3490:Drivers/STM32G4xx_HAL_Driver/Src/stm32g4xx_hal_tim_ex.c ****   return channel_state;
3491:Drivers/STM32G4xx_HAL_Driver/Src/stm32g4xx_hal_tim_ex.c **** }
3492:Drivers/STM32G4xx_HAL_Driver/Src/stm32g4xx_hal_tim_ex.c **** /**
3493:Drivers/STM32G4xx_HAL_Driver/Src/stm32g4xx_hal_tim_ex.c ****   * @}
3494:Drivers/STM32G4xx_HAL_Driver/Src/stm32g4xx_hal_tim_ex.c ****   */
3495:Drivers/STM32G4xx_HAL_Driver/Src/stm32g4xx_hal_tim_ex.c **** 
3496:Drivers/STM32G4xx_HAL_Driver/Src/stm32g4xx_hal_tim_ex.c **** /**
3497:Drivers/STM32G4xx_HAL_Driver/Src/stm32g4xx_hal_tim_ex.c ****   * @}
3498:Drivers/STM32G4xx_HAL_Driver/Src/stm32g4xx_hal_tim_ex.c ****   */
3499:Drivers/STM32G4xx_HAL_Driver/Src/stm32g4xx_hal_tim_ex.c **** 
3500:Drivers/STM32G4xx_HAL_Driver/Src/stm32g4xx_hal_tim_ex.c **** /* Private functions ---------------------------------------------------------*/
3501:Drivers/STM32G4xx_HAL_Driver/Src/stm32g4xx_hal_tim_ex.c **** /** @defgroup TIMEx_Private_Functions TIM Extended Private Functions
3502:Drivers/STM32G4xx_HAL_Driver/Src/stm32g4xx_hal_tim_ex.c ****   * @{
3503:Drivers/STM32G4xx_HAL_Driver/Src/stm32g4xx_hal_tim_ex.c ****   */
3504:Drivers/STM32G4xx_HAL_Driver/Src/stm32g4xx_hal_tim_ex.c **** 
3505:Drivers/STM32G4xx_HAL_Driver/Src/stm32g4xx_hal_tim_ex.c **** /**
3506:Drivers/STM32G4xx_HAL_Driver/Src/stm32g4xx_hal_tim_ex.c ****   * @brief  TIM DMA Commutation callback.
3507:Drivers/STM32G4xx_HAL_Driver/Src/stm32g4xx_hal_tim_ex.c ****   * @param  hdma pointer to DMA handle.
ARM GAS  C:\Users\Booster\AppData\Local\Temp\ccs9w8jc.s 			page 63


3508:Drivers/STM32G4xx_HAL_Driver/Src/stm32g4xx_hal_tim_ex.c ****   * @retval None
3509:Drivers/STM32G4xx_HAL_Driver/Src/stm32g4xx_hal_tim_ex.c ****   */
3510:Drivers/STM32G4xx_HAL_Driver/Src/stm32g4xx_hal_tim_ex.c **** void TIMEx_DMACommutationCplt(DMA_HandleTypeDef *hdma)
3511:Drivers/STM32G4xx_HAL_Driver/Src/stm32g4xx_hal_tim_ex.c **** {
3512:Drivers/STM32G4xx_HAL_Driver/Src/stm32g4xx_hal_tim_ex.c ****   TIM_HandleTypeDef *htim = (TIM_HandleTypeDef *)((DMA_HandleTypeDef *)hdma)->Parent;
3513:Drivers/STM32G4xx_HAL_Driver/Src/stm32g4xx_hal_tim_ex.c **** 
3514:Drivers/STM32G4xx_HAL_Driver/Src/stm32g4xx_hal_tim_ex.c ****   /* Change the htim state */
3515:Drivers/STM32G4xx_HAL_Driver/Src/stm32g4xx_hal_tim_ex.c ****   htim->State = HAL_TIM_STATE_READY;
3516:Drivers/STM32G4xx_HAL_Driver/Src/stm32g4xx_hal_tim_ex.c **** 
3517:Drivers/STM32G4xx_HAL_Driver/Src/stm32g4xx_hal_tim_ex.c **** #if (USE_HAL_TIM_REGISTER_CALLBACKS == 1)
3518:Drivers/STM32G4xx_HAL_Driver/Src/stm32g4xx_hal_tim_ex.c ****   htim->CommutationCallback(htim);
3519:Drivers/STM32G4xx_HAL_Driver/Src/stm32g4xx_hal_tim_ex.c **** #else
3520:Drivers/STM32G4xx_HAL_Driver/Src/stm32g4xx_hal_tim_ex.c ****   HAL_TIMEx_CommutCallback(htim);
3521:Drivers/STM32G4xx_HAL_Driver/Src/stm32g4xx_hal_tim_ex.c **** #endif /* USE_HAL_TIM_REGISTER_CALLBACKS */
3522:Drivers/STM32G4xx_HAL_Driver/Src/stm32g4xx_hal_tim_ex.c **** }
3523:Drivers/STM32G4xx_HAL_Driver/Src/stm32g4xx_hal_tim_ex.c **** 
3524:Drivers/STM32G4xx_HAL_Driver/Src/stm32g4xx_hal_tim_ex.c **** /**
3525:Drivers/STM32G4xx_HAL_Driver/Src/stm32g4xx_hal_tim_ex.c ****   * @brief  TIM DMA Commutation half complete callback.
3526:Drivers/STM32G4xx_HAL_Driver/Src/stm32g4xx_hal_tim_ex.c ****   * @param  hdma pointer to DMA handle.
3527:Drivers/STM32G4xx_HAL_Driver/Src/stm32g4xx_hal_tim_ex.c ****   * @retval None
3528:Drivers/STM32G4xx_HAL_Driver/Src/stm32g4xx_hal_tim_ex.c ****   */
3529:Drivers/STM32G4xx_HAL_Driver/Src/stm32g4xx_hal_tim_ex.c **** void TIMEx_DMACommutationHalfCplt(DMA_HandleTypeDef *hdma)
3530:Drivers/STM32G4xx_HAL_Driver/Src/stm32g4xx_hal_tim_ex.c **** {
3531:Drivers/STM32G4xx_HAL_Driver/Src/stm32g4xx_hal_tim_ex.c ****   TIM_HandleTypeDef *htim = (TIM_HandleTypeDef *)((DMA_HandleTypeDef *)hdma)->Parent;
3532:Drivers/STM32G4xx_HAL_Driver/Src/stm32g4xx_hal_tim_ex.c **** 
3533:Drivers/STM32G4xx_HAL_Driver/Src/stm32g4xx_hal_tim_ex.c ****   /* Change the htim state */
3534:Drivers/STM32G4xx_HAL_Driver/Src/stm32g4xx_hal_tim_ex.c ****   htim->State = HAL_TIM_STATE_READY;
3535:Drivers/STM32G4xx_HAL_Driver/Src/stm32g4xx_hal_tim_ex.c **** 
3536:Drivers/STM32G4xx_HAL_Driver/Src/stm32g4xx_hal_tim_ex.c **** #if (USE_HAL_TIM_REGISTER_CALLBACKS == 1)
3537:Drivers/STM32G4xx_HAL_Driver/Src/stm32g4xx_hal_tim_ex.c ****   htim->CommutationHalfCpltCallback(htim);
3538:Drivers/STM32G4xx_HAL_Driver/Src/stm32g4xx_hal_tim_ex.c **** #else
3539:Drivers/STM32G4xx_HAL_Driver/Src/stm32g4xx_hal_tim_ex.c ****   HAL_TIMEx_CommutHalfCpltCallback(htim);
3540:Drivers/STM32G4xx_HAL_Driver/Src/stm32g4xx_hal_tim_ex.c **** #endif /* USE_HAL_TIM_REGISTER_CALLBACKS */
3541:Drivers/STM32G4xx_HAL_Driver/Src/stm32g4xx_hal_tim_ex.c **** }
3542:Drivers/STM32G4xx_HAL_Driver/Src/stm32g4xx_hal_tim_ex.c **** 
3543:Drivers/STM32G4xx_HAL_Driver/Src/stm32g4xx_hal_tim_ex.c **** 
3544:Drivers/STM32G4xx_HAL_Driver/Src/stm32g4xx_hal_tim_ex.c **** /**
3545:Drivers/STM32G4xx_HAL_Driver/Src/stm32g4xx_hal_tim_ex.c ****   * @brief  TIM DMA Delay Pulse complete callback (complementary channel).
3546:Drivers/STM32G4xx_HAL_Driver/Src/stm32g4xx_hal_tim_ex.c ****   * @param  hdma pointer to DMA handle.
3547:Drivers/STM32G4xx_HAL_Driver/Src/stm32g4xx_hal_tim_ex.c ****   * @retval None
3548:Drivers/STM32G4xx_HAL_Driver/Src/stm32g4xx_hal_tim_ex.c ****   */
3549:Drivers/STM32G4xx_HAL_Driver/Src/stm32g4xx_hal_tim_ex.c **** static void TIM_DMADelayPulseNCplt(DMA_HandleTypeDef *hdma)
3550:Drivers/STM32G4xx_HAL_Driver/Src/stm32g4xx_hal_tim_ex.c **** {
3551:Drivers/STM32G4xx_HAL_Driver/Src/stm32g4xx_hal_tim_ex.c ****   TIM_HandleTypeDef *htim = (TIM_HandleTypeDef *)((DMA_HandleTypeDef *)hdma)->Parent;
3552:Drivers/STM32G4xx_HAL_Driver/Src/stm32g4xx_hal_tim_ex.c **** 
3553:Drivers/STM32G4xx_HAL_Driver/Src/stm32g4xx_hal_tim_ex.c ****   if (hdma == htim->hdma[TIM_DMA_ID_CC1])
3554:Drivers/STM32G4xx_HAL_Driver/Src/stm32g4xx_hal_tim_ex.c ****   {
3555:Drivers/STM32G4xx_HAL_Driver/Src/stm32g4xx_hal_tim_ex.c ****     htim->Channel = HAL_TIM_ACTIVE_CHANNEL_1;
3556:Drivers/STM32G4xx_HAL_Driver/Src/stm32g4xx_hal_tim_ex.c **** 
3557:Drivers/STM32G4xx_HAL_Driver/Src/stm32g4xx_hal_tim_ex.c ****     if (hdma->Init.Mode == DMA_NORMAL)
3558:Drivers/STM32G4xx_HAL_Driver/Src/stm32g4xx_hal_tim_ex.c ****     {
3559:Drivers/STM32G4xx_HAL_Driver/Src/stm32g4xx_hal_tim_ex.c ****       TIM_CHANNEL_N_STATE_SET(htim, TIM_CHANNEL_1, HAL_TIM_CHANNEL_STATE_READY);
3560:Drivers/STM32G4xx_HAL_Driver/Src/stm32g4xx_hal_tim_ex.c ****     }
3561:Drivers/STM32G4xx_HAL_Driver/Src/stm32g4xx_hal_tim_ex.c ****   }
3562:Drivers/STM32G4xx_HAL_Driver/Src/stm32g4xx_hal_tim_ex.c ****   else if (hdma == htim->hdma[TIM_DMA_ID_CC2])
3563:Drivers/STM32G4xx_HAL_Driver/Src/stm32g4xx_hal_tim_ex.c ****   {
3564:Drivers/STM32G4xx_HAL_Driver/Src/stm32g4xx_hal_tim_ex.c ****     htim->Channel = HAL_TIM_ACTIVE_CHANNEL_2;
ARM GAS  C:\Users\Booster\AppData\Local\Temp\ccs9w8jc.s 			page 64


3565:Drivers/STM32G4xx_HAL_Driver/Src/stm32g4xx_hal_tim_ex.c **** 
3566:Drivers/STM32G4xx_HAL_Driver/Src/stm32g4xx_hal_tim_ex.c ****     if (hdma->Init.Mode == DMA_NORMAL)
3567:Drivers/STM32G4xx_HAL_Driver/Src/stm32g4xx_hal_tim_ex.c ****     {
3568:Drivers/STM32G4xx_HAL_Driver/Src/stm32g4xx_hal_tim_ex.c ****       TIM_CHANNEL_N_STATE_SET(htim, TIM_CHANNEL_2, HAL_TIM_CHANNEL_STATE_READY);
3569:Drivers/STM32G4xx_HAL_Driver/Src/stm32g4xx_hal_tim_ex.c ****     }
3570:Drivers/STM32G4xx_HAL_Driver/Src/stm32g4xx_hal_tim_ex.c ****   }
3571:Drivers/STM32G4xx_HAL_Driver/Src/stm32g4xx_hal_tim_ex.c ****   else if (hdma == htim->hdma[TIM_DMA_ID_CC3])
3572:Drivers/STM32G4xx_HAL_Driver/Src/stm32g4xx_hal_tim_ex.c ****   {
3573:Drivers/STM32G4xx_HAL_Driver/Src/stm32g4xx_hal_tim_ex.c ****     htim->Channel = HAL_TIM_ACTIVE_CHANNEL_3;
3574:Drivers/STM32G4xx_HAL_Driver/Src/stm32g4xx_hal_tim_ex.c **** 
3575:Drivers/STM32G4xx_HAL_Driver/Src/stm32g4xx_hal_tim_ex.c ****     if (hdma->Init.Mode == DMA_NORMAL)
3576:Drivers/STM32G4xx_HAL_Driver/Src/stm32g4xx_hal_tim_ex.c ****     {
3577:Drivers/STM32G4xx_HAL_Driver/Src/stm32g4xx_hal_tim_ex.c ****       TIM_CHANNEL_N_STATE_SET(htim, TIM_CHANNEL_3, HAL_TIM_CHANNEL_STATE_READY);
3578:Drivers/STM32G4xx_HAL_Driver/Src/stm32g4xx_hal_tim_ex.c ****     }
3579:Drivers/STM32G4xx_HAL_Driver/Src/stm32g4xx_hal_tim_ex.c ****   }
3580:Drivers/STM32G4xx_HAL_Driver/Src/stm32g4xx_hal_tim_ex.c ****   else if (hdma == htim->hdma[TIM_DMA_ID_CC4])
3581:Drivers/STM32G4xx_HAL_Driver/Src/stm32g4xx_hal_tim_ex.c ****   {
3582:Drivers/STM32G4xx_HAL_Driver/Src/stm32g4xx_hal_tim_ex.c ****     htim->Channel = HAL_TIM_ACTIVE_CHANNEL_4;
3583:Drivers/STM32G4xx_HAL_Driver/Src/stm32g4xx_hal_tim_ex.c **** 
3584:Drivers/STM32G4xx_HAL_Driver/Src/stm32g4xx_hal_tim_ex.c ****     if (hdma->Init.Mode == DMA_NORMAL)
3585:Drivers/STM32G4xx_HAL_Driver/Src/stm32g4xx_hal_tim_ex.c ****     {
3586:Drivers/STM32G4xx_HAL_Driver/Src/stm32g4xx_hal_tim_ex.c ****       TIM_CHANNEL_N_STATE_SET(htim, TIM_CHANNEL_4, HAL_TIM_CHANNEL_STATE_READY);
3587:Drivers/STM32G4xx_HAL_Driver/Src/stm32g4xx_hal_tim_ex.c ****     }
3588:Drivers/STM32G4xx_HAL_Driver/Src/stm32g4xx_hal_tim_ex.c ****   }
3589:Drivers/STM32G4xx_HAL_Driver/Src/stm32g4xx_hal_tim_ex.c ****   else
3590:Drivers/STM32G4xx_HAL_Driver/Src/stm32g4xx_hal_tim_ex.c ****   {
3591:Drivers/STM32G4xx_HAL_Driver/Src/stm32g4xx_hal_tim_ex.c ****     /* nothing to do */
3592:Drivers/STM32G4xx_HAL_Driver/Src/stm32g4xx_hal_tim_ex.c ****   }
3593:Drivers/STM32G4xx_HAL_Driver/Src/stm32g4xx_hal_tim_ex.c **** 
3594:Drivers/STM32G4xx_HAL_Driver/Src/stm32g4xx_hal_tim_ex.c **** #if (USE_HAL_TIM_REGISTER_CALLBACKS == 1)
3595:Drivers/STM32G4xx_HAL_Driver/Src/stm32g4xx_hal_tim_ex.c ****   htim->PWM_PulseFinishedCallback(htim);
3596:Drivers/STM32G4xx_HAL_Driver/Src/stm32g4xx_hal_tim_ex.c **** #else
3597:Drivers/STM32G4xx_HAL_Driver/Src/stm32g4xx_hal_tim_ex.c ****   HAL_TIM_PWM_PulseFinishedCallback(htim);
3598:Drivers/STM32G4xx_HAL_Driver/Src/stm32g4xx_hal_tim_ex.c **** #endif /* USE_HAL_TIM_REGISTER_CALLBACKS */
3599:Drivers/STM32G4xx_HAL_Driver/Src/stm32g4xx_hal_tim_ex.c **** 
3600:Drivers/STM32G4xx_HAL_Driver/Src/stm32g4xx_hal_tim_ex.c ****   htim->Channel = HAL_TIM_ACTIVE_CHANNEL_CLEARED;
3601:Drivers/STM32G4xx_HAL_Driver/Src/stm32g4xx_hal_tim_ex.c **** }
3602:Drivers/STM32G4xx_HAL_Driver/Src/stm32g4xx_hal_tim_ex.c **** 
3603:Drivers/STM32G4xx_HAL_Driver/Src/stm32g4xx_hal_tim_ex.c **** /**
3604:Drivers/STM32G4xx_HAL_Driver/Src/stm32g4xx_hal_tim_ex.c ****   * @brief  TIM DMA error callback (complementary channel)
3605:Drivers/STM32G4xx_HAL_Driver/Src/stm32g4xx_hal_tim_ex.c ****   * @param  hdma pointer to DMA handle.
3606:Drivers/STM32G4xx_HAL_Driver/Src/stm32g4xx_hal_tim_ex.c ****   * @retval None
3607:Drivers/STM32G4xx_HAL_Driver/Src/stm32g4xx_hal_tim_ex.c ****   */
3608:Drivers/STM32G4xx_HAL_Driver/Src/stm32g4xx_hal_tim_ex.c **** static void TIM_DMAErrorCCxN(DMA_HandleTypeDef *hdma)
3609:Drivers/STM32G4xx_HAL_Driver/Src/stm32g4xx_hal_tim_ex.c **** {
3610:Drivers/STM32G4xx_HAL_Driver/Src/stm32g4xx_hal_tim_ex.c ****   TIM_HandleTypeDef *htim = (TIM_HandleTypeDef *)((DMA_HandleTypeDef *)hdma)->Parent;
3611:Drivers/STM32G4xx_HAL_Driver/Src/stm32g4xx_hal_tim_ex.c **** 
3612:Drivers/STM32G4xx_HAL_Driver/Src/stm32g4xx_hal_tim_ex.c ****   if (hdma == htim->hdma[TIM_DMA_ID_CC1])
3613:Drivers/STM32G4xx_HAL_Driver/Src/stm32g4xx_hal_tim_ex.c ****   {
3614:Drivers/STM32G4xx_HAL_Driver/Src/stm32g4xx_hal_tim_ex.c ****     htim->Channel = HAL_TIM_ACTIVE_CHANNEL_1;
3615:Drivers/STM32G4xx_HAL_Driver/Src/stm32g4xx_hal_tim_ex.c ****     TIM_CHANNEL_N_STATE_SET(htim, TIM_CHANNEL_1, HAL_TIM_CHANNEL_STATE_READY);
3616:Drivers/STM32G4xx_HAL_Driver/Src/stm32g4xx_hal_tim_ex.c ****   }
3617:Drivers/STM32G4xx_HAL_Driver/Src/stm32g4xx_hal_tim_ex.c ****   else if (hdma == htim->hdma[TIM_DMA_ID_CC2])
3618:Drivers/STM32G4xx_HAL_Driver/Src/stm32g4xx_hal_tim_ex.c ****   {
3619:Drivers/STM32G4xx_HAL_Driver/Src/stm32g4xx_hal_tim_ex.c ****     htim->Channel = HAL_TIM_ACTIVE_CHANNEL_2;
3620:Drivers/STM32G4xx_HAL_Driver/Src/stm32g4xx_hal_tim_ex.c ****     TIM_CHANNEL_N_STATE_SET(htim, TIM_CHANNEL_2, HAL_TIM_CHANNEL_STATE_READY);
3621:Drivers/STM32G4xx_HAL_Driver/Src/stm32g4xx_hal_tim_ex.c ****   }
ARM GAS  C:\Users\Booster\AppData\Local\Temp\ccs9w8jc.s 			page 65


3622:Drivers/STM32G4xx_HAL_Driver/Src/stm32g4xx_hal_tim_ex.c ****   else if (hdma == htim->hdma[TIM_DMA_ID_CC3])
3623:Drivers/STM32G4xx_HAL_Driver/Src/stm32g4xx_hal_tim_ex.c ****   {
3624:Drivers/STM32G4xx_HAL_Driver/Src/stm32g4xx_hal_tim_ex.c ****     htim->Channel = HAL_TIM_ACTIVE_CHANNEL_3;
3625:Drivers/STM32G4xx_HAL_Driver/Src/stm32g4xx_hal_tim_ex.c ****     TIM_CHANNEL_N_STATE_SET(htim, TIM_CHANNEL_3, HAL_TIM_CHANNEL_STATE_READY);
3626:Drivers/STM32G4xx_HAL_Driver/Src/stm32g4xx_hal_tim_ex.c ****   }
3627:Drivers/STM32G4xx_HAL_Driver/Src/stm32g4xx_hal_tim_ex.c ****   else if (hdma == htim->hdma[TIM_DMA_ID_CC4])
3628:Drivers/STM32G4xx_HAL_Driver/Src/stm32g4xx_hal_tim_ex.c ****   {
3629:Drivers/STM32G4xx_HAL_Driver/Src/stm32g4xx_hal_tim_ex.c ****     htim->Channel = HAL_TIM_ACTIVE_CHANNEL_4;
3630:Drivers/STM32G4xx_HAL_Driver/Src/stm32g4xx_hal_tim_ex.c ****     TIM_CHANNEL_N_STATE_SET(htim, TIM_CHANNEL_4, HAL_TIM_CHANNEL_STATE_READY);
3631:Drivers/STM32G4xx_HAL_Driver/Src/stm32g4xx_hal_tim_ex.c ****   }
3632:Drivers/STM32G4xx_HAL_Driver/Src/stm32g4xx_hal_tim_ex.c ****   else
3633:Drivers/STM32G4xx_HAL_Driver/Src/stm32g4xx_hal_tim_ex.c ****   {
3634:Drivers/STM32G4xx_HAL_Driver/Src/stm32g4xx_hal_tim_ex.c ****     /* nothing to do */
3635:Drivers/STM32G4xx_HAL_Driver/Src/stm32g4xx_hal_tim_ex.c ****   }
3636:Drivers/STM32G4xx_HAL_Driver/Src/stm32g4xx_hal_tim_ex.c **** 
3637:Drivers/STM32G4xx_HAL_Driver/Src/stm32g4xx_hal_tim_ex.c **** #if (USE_HAL_TIM_REGISTER_CALLBACKS == 1)
3638:Drivers/STM32G4xx_HAL_Driver/Src/stm32g4xx_hal_tim_ex.c ****   htim->ErrorCallback(htim);
3639:Drivers/STM32G4xx_HAL_Driver/Src/stm32g4xx_hal_tim_ex.c **** #else
3640:Drivers/STM32G4xx_HAL_Driver/Src/stm32g4xx_hal_tim_ex.c ****   HAL_TIM_ErrorCallback(htim);
3641:Drivers/STM32G4xx_HAL_Driver/Src/stm32g4xx_hal_tim_ex.c **** #endif /* USE_HAL_TIM_REGISTER_CALLBACKS */
3642:Drivers/STM32G4xx_HAL_Driver/Src/stm32g4xx_hal_tim_ex.c **** 
3643:Drivers/STM32G4xx_HAL_Driver/Src/stm32g4xx_hal_tim_ex.c ****   htim->Channel = HAL_TIM_ACTIVE_CHANNEL_CLEARED;
3644:Drivers/STM32G4xx_HAL_Driver/Src/stm32g4xx_hal_tim_ex.c **** }
3645:Drivers/STM32G4xx_HAL_Driver/Src/stm32g4xx_hal_tim_ex.c **** 
3646:Drivers/STM32G4xx_HAL_Driver/Src/stm32g4xx_hal_tim_ex.c **** /**
3647:Drivers/STM32G4xx_HAL_Driver/Src/stm32g4xx_hal_tim_ex.c ****   * @brief  Enables or disables the TIM Capture Compare Channel xN.
3648:Drivers/STM32G4xx_HAL_Driver/Src/stm32g4xx_hal_tim_ex.c ****   * @param  TIMx to select the TIM peripheral
3649:Drivers/STM32G4xx_HAL_Driver/Src/stm32g4xx_hal_tim_ex.c ****   * @param  Channel specifies the TIM Channel
3650:Drivers/STM32G4xx_HAL_Driver/Src/stm32g4xx_hal_tim_ex.c ****   *          This parameter can be one of the following values:
3651:Drivers/STM32G4xx_HAL_Driver/Src/stm32g4xx_hal_tim_ex.c ****   *            @arg TIM_CHANNEL_1: TIM Channel 1
3652:Drivers/STM32G4xx_HAL_Driver/Src/stm32g4xx_hal_tim_ex.c ****   *            @arg TIM_CHANNEL_2: TIM Channel 2
3653:Drivers/STM32G4xx_HAL_Driver/Src/stm32g4xx_hal_tim_ex.c ****   *            @arg TIM_CHANNEL_3: TIM Channel 3
3654:Drivers/STM32G4xx_HAL_Driver/Src/stm32g4xx_hal_tim_ex.c ****   *            @arg TIM_CHANNEL_4: TIM Channel 4
3655:Drivers/STM32G4xx_HAL_Driver/Src/stm32g4xx_hal_tim_ex.c ****   * @param  ChannelNState specifies the TIM Channel CCxNE bit new state.
3656:Drivers/STM32G4xx_HAL_Driver/Src/stm32g4xx_hal_tim_ex.c ****   *          This parameter can be: TIM_CCxN_ENABLE or TIM_CCxN_Disable.
3657:Drivers/STM32G4xx_HAL_Driver/Src/stm32g4xx_hal_tim_ex.c ****   * @retval None
3658:Drivers/STM32G4xx_HAL_Driver/Src/stm32g4xx_hal_tim_ex.c ****   */
3659:Drivers/STM32G4xx_HAL_Driver/Src/stm32g4xx_hal_tim_ex.c **** static void TIM_CCxNChannelCmd(TIM_TypeDef *TIMx, uint32_t Channel, uint32_t ChannelNState)
3660:Drivers/STM32G4xx_HAL_Driver/Src/stm32g4xx_hal_tim_ex.c **** {
  29              		.loc 1 3660 1 view -0
  30              		.cfi_startproc
  31              		@ args = 0, pretend = 0, frame = 0
  32              		@ frame_needed = 0, uses_anonymous_args = 0
  33              		@ link register save eliminated.
3661:Drivers/STM32G4xx_HAL_Driver/Src/stm32g4xx_hal_tim_ex.c ****   uint32_t tmp;
  34              		.loc 1 3661 3 view .LVU1
3662:Drivers/STM32G4xx_HAL_Driver/Src/stm32g4xx_hal_tim_ex.c **** 
3663:Drivers/STM32G4xx_HAL_Driver/Src/stm32g4xx_hal_tim_ex.c ****   tmp = TIM_CCER_CC1NE << (Channel & 0xFU); /* 0xFU = 15 bits max shift */
  35              		.loc 1 3663 3 view .LVU2
  36              		.loc 1 3663 36 is_stmt 0 view .LVU3
  37 0000 01F00F01 		and	r1, r1, #15
  38              	.LVL1:
  39              		.loc 1 3663 7 view .LVU4
  40 0004 4FF0040C 		mov	ip, #4
  41 0008 0CFA01FC 		lsl	ip, ip, r1
  42              	.LVL2:
3664:Drivers/STM32G4xx_HAL_Driver/Src/stm32g4xx_hal_tim_ex.c **** 
ARM GAS  C:\Users\Booster\AppData\Local\Temp\ccs9w8jc.s 			page 66


3665:Drivers/STM32G4xx_HAL_Driver/Src/stm32g4xx_hal_tim_ex.c ****   /* Reset the CCxNE Bit */
3666:Drivers/STM32G4xx_HAL_Driver/Src/stm32g4xx_hal_tim_ex.c ****   TIMx->CCER &=  ~tmp;
  43              		.loc 1 3666 3 is_stmt 1 view .LVU5
  44              		.loc 1 3666 7 is_stmt 0 view .LVU6
  45 000c 036A     		ldr	r3, [r0, #32]
  46              		.loc 1 3666 14 view .LVU7
  47 000e 23EA0C03 		bic	r3, r3, ip
  48 0012 0362     		str	r3, [r0, #32]
3667:Drivers/STM32G4xx_HAL_Driver/Src/stm32g4xx_hal_tim_ex.c **** 
3668:Drivers/STM32G4xx_HAL_Driver/Src/stm32g4xx_hal_tim_ex.c ****   /* Set or reset the CCxNE Bit */
3669:Drivers/STM32G4xx_HAL_Driver/Src/stm32g4xx_hal_tim_ex.c ****   TIMx->CCER |= (uint32_t)(ChannelNState << (Channel & 0xFU)); /* 0xFU = 15 bits max shift */
  49              		.loc 1 3669 3 is_stmt 1 view .LVU8
  50              		.loc 1 3669 7 is_stmt 0 view .LVU9
  51 0014 036A     		ldr	r3, [r0, #32]
  52              		.loc 1 3669 42 view .LVU10
  53 0016 8A40     		lsls	r2, r2, r1
  54              	.LVL3:
  55              		.loc 1 3669 14 view .LVU11
  56 0018 1343     		orrs	r3, r3, r2
  57 001a 0362     		str	r3, [r0, #32]
3670:Drivers/STM32G4xx_HAL_Driver/Src/stm32g4xx_hal_tim_ex.c **** }
  58              		.loc 1 3670 1 view .LVU12
  59 001c 7047     		bx	lr
  60              		.cfi_endproc
  61              	.LFE397:
  63              		.section	.text.TIM_DMAErrorCCxN,"ax",%progbits
  64              		.align	1
  65              		.syntax unified
  66              		.thumb
  67              		.thumb_func
  69              	TIM_DMAErrorCCxN:
  70              	.LVL4:
  71              	.LFB396:
3609:Drivers/STM32G4xx_HAL_Driver/Src/stm32g4xx_hal_tim_ex.c ****   TIM_HandleTypeDef *htim = (TIM_HandleTypeDef *)((DMA_HandleTypeDef *)hdma)->Parent;
  72              		.loc 1 3609 1 is_stmt 1 view -0
  73              		.cfi_startproc
  74              		@ args = 0, pretend = 0, frame = 0
  75              		@ frame_needed = 0, uses_anonymous_args = 0
3609:Drivers/STM32G4xx_HAL_Driver/Src/stm32g4xx_hal_tim_ex.c ****   TIM_HandleTypeDef *htim = (TIM_HandleTypeDef *)((DMA_HandleTypeDef *)hdma)->Parent;
  76              		.loc 1 3609 1 is_stmt 0 view .LVU14
  77 0000 10B5     		push	{r4, lr}
  78              	.LCFI0:
  79              		.cfi_def_cfa_offset 8
  80              		.cfi_offset 4, -8
  81              		.cfi_offset 14, -4
3610:Drivers/STM32G4xx_HAL_Driver/Src/stm32g4xx_hal_tim_ex.c **** 
  82              		.loc 1 3610 3 is_stmt 1 view .LVU15
3610:Drivers/STM32G4xx_HAL_Driver/Src/stm32g4xx_hal_tim_ex.c **** 
  83              		.loc 1 3610 22 is_stmt 0 view .LVU16
  84 0002 846A     		ldr	r4, [r0, #40]
  85              	.LVL5:
3612:Drivers/STM32G4xx_HAL_Driver/Src/stm32g4xx_hal_tim_ex.c ****   {
  86              		.loc 1 3612 3 is_stmt 1 view .LVU17
3612:Drivers/STM32G4xx_HAL_Driver/Src/stm32g4xx_hal_tim_ex.c ****   {
  87              		.loc 1 3612 25 is_stmt 0 view .LVU18
  88 0004 636A     		ldr	r3, [r4, #36]
3612:Drivers/STM32G4xx_HAL_Driver/Src/stm32g4xx_hal_tim_ex.c ****   {
ARM GAS  C:\Users\Booster\AppData\Local\Temp\ccs9w8jc.s 			page 67


  89              		.loc 1 3612 6 view .LVU19
  90 0006 8342     		cmp	r3, r0
  91 0008 0ED0     		beq	.L8
3617:Drivers/STM32G4xx_HAL_Driver/Src/stm32g4xx_hal_tim_ex.c ****   {
  92              		.loc 1 3617 8 is_stmt 1 view .LVU20
3617:Drivers/STM32G4xx_HAL_Driver/Src/stm32g4xx_hal_tim_ex.c ****   {
  93              		.loc 1 3617 30 is_stmt 0 view .LVU21
  94 000a A36A     		ldr	r3, [r4, #40]
3617:Drivers/STM32G4xx_HAL_Driver/Src/stm32g4xx_hal_tim_ex.c ****   {
  95              		.loc 1 3617 11 view .LVU22
  96 000c 8342     		cmp	r3, r0
  97 000e 15D0     		beq	.L9
3622:Drivers/STM32G4xx_HAL_Driver/Src/stm32g4xx_hal_tim_ex.c ****   {
  98              		.loc 1 3622 8 is_stmt 1 view .LVU23
3622:Drivers/STM32G4xx_HAL_Driver/Src/stm32g4xx_hal_tim_ex.c ****   {
  99              		.loc 1 3622 30 is_stmt 0 view .LVU24
 100 0010 E36A     		ldr	r3, [r4, #44]
3622:Drivers/STM32G4xx_HAL_Driver/Src/stm32g4xx_hal_tim_ex.c ****   {
 101              		.loc 1 3622 11 view .LVU25
 102 0012 8342     		cmp	r3, r0
 103 0014 18D0     		beq	.L10
3627:Drivers/STM32G4xx_HAL_Driver/Src/stm32g4xx_hal_tim_ex.c ****   {
 104              		.loc 1 3627 8 is_stmt 1 view .LVU26
3627:Drivers/STM32G4xx_HAL_Driver/Src/stm32g4xx_hal_tim_ex.c ****   {
 105              		.loc 1 3627 30 is_stmt 0 view .LVU27
 106 0016 236B     		ldr	r3, [r4, #48]
3627:Drivers/STM32G4xx_HAL_Driver/Src/stm32g4xx_hal_tim_ex.c ****   {
 107              		.loc 1 3627 11 view .LVU28
 108 0018 8342     		cmp	r3, r0
 109 001a 09D1     		bne	.L4
3629:Drivers/STM32G4xx_HAL_Driver/Src/stm32g4xx_hal_tim_ex.c ****     TIM_CHANNEL_N_STATE_SET(htim, TIM_CHANNEL_4, HAL_TIM_CHANNEL_STATE_READY);
 110              		.loc 1 3629 5 is_stmt 1 view .LVU29
3629:Drivers/STM32G4xx_HAL_Driver/Src/stm32g4xx_hal_tim_ex.c ****     TIM_CHANNEL_N_STATE_SET(htim, TIM_CHANNEL_4, HAL_TIM_CHANNEL_STATE_READY);
 111              		.loc 1 3629 19 is_stmt 0 view .LVU30
 112 001c 0823     		movs	r3, #8
 113 001e 2377     		strb	r3, [r4, #28]
3630:Drivers/STM32G4xx_HAL_Driver/Src/stm32g4xx_hal_tim_ex.c ****   }
 114              		.loc 1 3630 5 is_stmt 1 view .LVU31
 115 0020 0123     		movs	r3, #1
 116 0022 84F84730 		strb	r3, [r4, #71]
 117 0026 03E0     		b	.L4
 118              	.L8:
3614:Drivers/STM32G4xx_HAL_Driver/Src/stm32g4xx_hal_tim_ex.c ****     TIM_CHANNEL_N_STATE_SET(htim, TIM_CHANNEL_1, HAL_TIM_CHANNEL_STATE_READY);
 119              		.loc 1 3614 5 view .LVU32
3614:Drivers/STM32G4xx_HAL_Driver/Src/stm32g4xx_hal_tim_ex.c ****     TIM_CHANNEL_N_STATE_SET(htim, TIM_CHANNEL_1, HAL_TIM_CHANNEL_STATE_READY);
 120              		.loc 1 3614 19 is_stmt 0 view .LVU33
 121 0028 0123     		movs	r3, #1
 122 002a 2377     		strb	r3, [r4, #28]
3615:Drivers/STM32G4xx_HAL_Driver/Src/stm32g4xx_hal_tim_ex.c ****   }
 123              		.loc 1 3615 5 is_stmt 1 view .LVU34
 124 002c 84F84430 		strb	r3, [r4, #68]
 125              	.L4:
3635:Drivers/STM32G4xx_HAL_Driver/Src/stm32g4xx_hal_tim_ex.c **** 
 126              		.loc 1 3635 3 view .LVU35
3640:Drivers/STM32G4xx_HAL_Driver/Src/stm32g4xx_hal_tim_ex.c **** #endif /* USE_HAL_TIM_REGISTER_CALLBACKS */
 127              		.loc 1 3640 3 view .LVU36
 128 0030 2046     		mov	r0, r4
ARM GAS  C:\Users\Booster\AppData\Local\Temp\ccs9w8jc.s 			page 68


 129              	.LVL6:
3640:Drivers/STM32G4xx_HAL_Driver/Src/stm32g4xx_hal_tim_ex.c **** #endif /* USE_HAL_TIM_REGISTER_CALLBACKS */
 130              		.loc 1 3640 3 is_stmt 0 view .LVU37
 131 0032 FFF7FEFF 		bl	HAL_TIM_ErrorCallback
 132              	.LVL7:
3643:Drivers/STM32G4xx_HAL_Driver/Src/stm32g4xx_hal_tim_ex.c **** }
 133              		.loc 1 3643 3 is_stmt 1 view .LVU38
3643:Drivers/STM32G4xx_HAL_Driver/Src/stm32g4xx_hal_tim_ex.c **** }
 134              		.loc 1 3643 17 is_stmt 0 view .LVU39
 135 0036 0023     		movs	r3, #0
 136 0038 2377     		strb	r3, [r4, #28]
3644:Drivers/STM32G4xx_HAL_Driver/Src/stm32g4xx_hal_tim_ex.c **** 
 137              		.loc 1 3644 1 view .LVU40
 138 003a 10BD     		pop	{r4, pc}
 139              	.LVL8:
 140              	.L9:
3619:Drivers/STM32G4xx_HAL_Driver/Src/stm32g4xx_hal_tim_ex.c ****     TIM_CHANNEL_N_STATE_SET(htim, TIM_CHANNEL_2, HAL_TIM_CHANNEL_STATE_READY);
 141              		.loc 1 3619 5 is_stmt 1 view .LVU41
3619:Drivers/STM32G4xx_HAL_Driver/Src/stm32g4xx_hal_tim_ex.c ****     TIM_CHANNEL_N_STATE_SET(htim, TIM_CHANNEL_2, HAL_TIM_CHANNEL_STATE_READY);
 142              		.loc 1 3619 19 is_stmt 0 view .LVU42
 143 003c 0223     		movs	r3, #2
 144 003e 2377     		strb	r3, [r4, #28]
3620:Drivers/STM32G4xx_HAL_Driver/Src/stm32g4xx_hal_tim_ex.c ****   }
 145              		.loc 1 3620 5 is_stmt 1 view .LVU43
 146 0040 0123     		movs	r3, #1
 147 0042 84F84530 		strb	r3, [r4, #69]
 148 0046 F3E7     		b	.L4
 149              	.L10:
3624:Drivers/STM32G4xx_HAL_Driver/Src/stm32g4xx_hal_tim_ex.c ****     TIM_CHANNEL_N_STATE_SET(htim, TIM_CHANNEL_3, HAL_TIM_CHANNEL_STATE_READY);
 150              		.loc 1 3624 5 view .LVU44
3624:Drivers/STM32G4xx_HAL_Driver/Src/stm32g4xx_hal_tim_ex.c ****     TIM_CHANNEL_N_STATE_SET(htim, TIM_CHANNEL_3, HAL_TIM_CHANNEL_STATE_READY);
 151              		.loc 1 3624 19 is_stmt 0 view .LVU45
 152 0048 0423     		movs	r3, #4
 153 004a 2377     		strb	r3, [r4, #28]
3625:Drivers/STM32G4xx_HAL_Driver/Src/stm32g4xx_hal_tim_ex.c ****   }
 154              		.loc 1 3625 5 is_stmt 1 view .LVU46
 155 004c 0123     		movs	r3, #1
 156 004e 84F84630 		strb	r3, [r4, #70]
 157 0052 EDE7     		b	.L4
 158              		.cfi_endproc
 159              	.LFE396:
 161              		.section	.text.TIM_DMADelayPulseNCplt,"ax",%progbits
 162              		.align	1
 163              		.syntax unified
 164              		.thumb
 165              		.thumb_func
 167              	TIM_DMADelayPulseNCplt:
 168              	.LVL9:
 169              	.LFB395:
3550:Drivers/STM32G4xx_HAL_Driver/Src/stm32g4xx_hal_tim_ex.c ****   TIM_HandleTypeDef *htim = (TIM_HandleTypeDef *)((DMA_HandleTypeDef *)hdma)->Parent;
 170              		.loc 1 3550 1 view -0
 171              		.cfi_startproc
 172              		@ args = 0, pretend = 0, frame = 0
 173              		@ frame_needed = 0, uses_anonymous_args = 0
3550:Drivers/STM32G4xx_HAL_Driver/Src/stm32g4xx_hal_tim_ex.c ****   TIM_HandleTypeDef *htim = (TIM_HandleTypeDef *)((DMA_HandleTypeDef *)hdma)->Parent;
 174              		.loc 1 3550 1 is_stmt 0 view .LVU48
 175 0000 10B5     		push	{r4, lr}
ARM GAS  C:\Users\Booster\AppData\Local\Temp\ccs9w8jc.s 			page 69


 176              	.LCFI1:
 177              		.cfi_def_cfa_offset 8
 178              		.cfi_offset 4, -8
 179              		.cfi_offset 14, -4
3551:Drivers/STM32G4xx_HAL_Driver/Src/stm32g4xx_hal_tim_ex.c **** 
 180              		.loc 1 3551 3 is_stmt 1 view .LVU49
3551:Drivers/STM32G4xx_HAL_Driver/Src/stm32g4xx_hal_tim_ex.c **** 
 181              		.loc 1 3551 22 is_stmt 0 view .LVU50
 182 0002 846A     		ldr	r4, [r0, #40]
 183              	.LVL10:
3553:Drivers/STM32G4xx_HAL_Driver/Src/stm32g4xx_hal_tim_ex.c ****   {
 184              		.loc 1 3553 3 is_stmt 1 view .LVU51
3553:Drivers/STM32G4xx_HAL_Driver/Src/stm32g4xx_hal_tim_ex.c ****   {
 185              		.loc 1 3553 25 is_stmt 0 view .LVU52
 186 0004 636A     		ldr	r3, [r4, #36]
3553:Drivers/STM32G4xx_HAL_Driver/Src/stm32g4xx_hal_tim_ex.c ****   {
 187              		.loc 1 3553 6 view .LVU53
 188 0006 8342     		cmp	r3, r0
 189 0008 0ED0     		beq	.L17
3562:Drivers/STM32G4xx_HAL_Driver/Src/stm32g4xx_hal_tim_ex.c ****   {
 190              		.loc 1 3562 8 is_stmt 1 view .LVU54
3562:Drivers/STM32G4xx_HAL_Driver/Src/stm32g4xx_hal_tim_ex.c ****   {
 191              		.loc 1 3562 30 is_stmt 0 view .LVU55
 192 000a A36A     		ldr	r3, [r4, #40]
3562:Drivers/STM32G4xx_HAL_Driver/Src/stm32g4xx_hal_tim_ex.c ****   {
 193              		.loc 1 3562 11 view .LVU56
 194 000c 8342     		cmp	r3, r0
 195 000e 14D0     		beq	.L18
3571:Drivers/STM32G4xx_HAL_Driver/Src/stm32g4xx_hal_tim_ex.c ****   {
 196              		.loc 1 3571 8 is_stmt 1 view .LVU57
3571:Drivers/STM32G4xx_HAL_Driver/Src/stm32g4xx_hal_tim_ex.c ****   {
 197              		.loc 1 3571 30 is_stmt 0 view .LVU58
 198 0010 E36A     		ldr	r3, [r4, #44]
3571:Drivers/STM32G4xx_HAL_Driver/Src/stm32g4xx_hal_tim_ex.c ****   {
 199              		.loc 1 3571 11 view .LVU59
 200 0012 8342     		cmp	r3, r0
 201 0014 1AD0     		beq	.L19
3580:Drivers/STM32G4xx_HAL_Driver/Src/stm32g4xx_hal_tim_ex.c ****   {
 202              		.loc 1 3580 8 is_stmt 1 view .LVU60
3580:Drivers/STM32G4xx_HAL_Driver/Src/stm32g4xx_hal_tim_ex.c ****   {
 203              		.loc 1 3580 30 is_stmt 0 view .LVU61
 204 0016 236B     		ldr	r3, [r4, #48]
3580:Drivers/STM32G4xx_HAL_Driver/Src/stm32g4xx_hal_tim_ex.c ****   {
 205              		.loc 1 3580 11 view .LVU62
 206 0018 8342     		cmp	r3, r0
 207 001a 20D0     		beq	.L20
 208              	.L13:
3592:Drivers/STM32G4xx_HAL_Driver/Src/stm32g4xx_hal_tim_ex.c **** 
 209              		.loc 1 3592 3 is_stmt 1 view .LVU63
3597:Drivers/STM32G4xx_HAL_Driver/Src/stm32g4xx_hal_tim_ex.c **** #endif /* USE_HAL_TIM_REGISTER_CALLBACKS */
 210              		.loc 1 3597 3 view .LVU64
 211 001c 2046     		mov	r0, r4
 212              	.LVL11:
3597:Drivers/STM32G4xx_HAL_Driver/Src/stm32g4xx_hal_tim_ex.c **** #endif /* USE_HAL_TIM_REGISTER_CALLBACKS */
 213              		.loc 1 3597 3 is_stmt 0 view .LVU65
 214 001e FFF7FEFF 		bl	HAL_TIM_PWM_PulseFinishedCallback
 215              	.LVL12:
ARM GAS  C:\Users\Booster\AppData\Local\Temp\ccs9w8jc.s 			page 70


3600:Drivers/STM32G4xx_HAL_Driver/Src/stm32g4xx_hal_tim_ex.c **** }
 216              		.loc 1 3600 3 is_stmt 1 view .LVU66
3600:Drivers/STM32G4xx_HAL_Driver/Src/stm32g4xx_hal_tim_ex.c **** }
 217              		.loc 1 3600 17 is_stmt 0 view .LVU67
 218 0022 0023     		movs	r3, #0
 219 0024 2377     		strb	r3, [r4, #28]
3601:Drivers/STM32G4xx_HAL_Driver/Src/stm32g4xx_hal_tim_ex.c **** 
 220              		.loc 1 3601 1 view .LVU68
 221 0026 10BD     		pop	{r4, pc}
 222              	.LVL13:
 223              	.L17:
3555:Drivers/STM32G4xx_HAL_Driver/Src/stm32g4xx_hal_tim_ex.c **** 
 224              		.loc 1 3555 5 is_stmt 1 view .LVU69
3555:Drivers/STM32G4xx_HAL_Driver/Src/stm32g4xx_hal_tim_ex.c **** 
 225              		.loc 1 3555 19 is_stmt 0 view .LVU70
 226 0028 0123     		movs	r3, #1
 227 002a 2377     		strb	r3, [r4, #28]
3557:Drivers/STM32G4xx_HAL_Driver/Src/stm32g4xx_hal_tim_ex.c ****     {
 228              		.loc 1 3557 5 is_stmt 1 view .LVU71
3557:Drivers/STM32G4xx_HAL_Driver/Src/stm32g4xx_hal_tim_ex.c ****     {
 229              		.loc 1 3557 19 is_stmt 0 view .LVU72
 230 002c C369     		ldr	r3, [r0, #28]
3557:Drivers/STM32G4xx_HAL_Driver/Src/stm32g4xx_hal_tim_ex.c ****     {
 231              		.loc 1 3557 8 view .LVU73
 232 002e 002B     		cmp	r3, #0
 233 0030 F4D1     		bne	.L13
3559:Drivers/STM32G4xx_HAL_Driver/Src/stm32g4xx_hal_tim_ex.c ****     }
 234              		.loc 1 3559 7 is_stmt 1 view .LVU74
 235 0032 0123     		movs	r3, #1
 236 0034 84F84430 		strb	r3, [r4, #68]
 237 0038 F0E7     		b	.L13
 238              	.L18:
3564:Drivers/STM32G4xx_HAL_Driver/Src/stm32g4xx_hal_tim_ex.c **** 
 239              		.loc 1 3564 5 view .LVU75
3564:Drivers/STM32G4xx_HAL_Driver/Src/stm32g4xx_hal_tim_ex.c **** 
 240              		.loc 1 3564 19 is_stmt 0 view .LVU76
 241 003a 0223     		movs	r3, #2
 242 003c 2377     		strb	r3, [r4, #28]
3566:Drivers/STM32G4xx_HAL_Driver/Src/stm32g4xx_hal_tim_ex.c ****     {
 243              		.loc 1 3566 5 is_stmt 1 view .LVU77
3566:Drivers/STM32G4xx_HAL_Driver/Src/stm32g4xx_hal_tim_ex.c ****     {
 244              		.loc 1 3566 19 is_stmt 0 view .LVU78
 245 003e C369     		ldr	r3, [r0, #28]
3566:Drivers/STM32G4xx_HAL_Driver/Src/stm32g4xx_hal_tim_ex.c ****     {
 246              		.loc 1 3566 8 view .LVU79
 247 0040 002B     		cmp	r3, #0
 248 0042 EBD1     		bne	.L13
3568:Drivers/STM32G4xx_HAL_Driver/Src/stm32g4xx_hal_tim_ex.c ****     }
 249              		.loc 1 3568 7 is_stmt 1 view .LVU80
 250 0044 0123     		movs	r3, #1
 251 0046 84F84530 		strb	r3, [r4, #69]
 252 004a E7E7     		b	.L13
 253              	.L19:
3573:Drivers/STM32G4xx_HAL_Driver/Src/stm32g4xx_hal_tim_ex.c **** 
 254              		.loc 1 3573 5 view .LVU81
3573:Drivers/STM32G4xx_HAL_Driver/Src/stm32g4xx_hal_tim_ex.c **** 
 255              		.loc 1 3573 19 is_stmt 0 view .LVU82
ARM GAS  C:\Users\Booster\AppData\Local\Temp\ccs9w8jc.s 			page 71


 256 004c 0423     		movs	r3, #4
 257 004e 2377     		strb	r3, [r4, #28]
3575:Drivers/STM32G4xx_HAL_Driver/Src/stm32g4xx_hal_tim_ex.c ****     {
 258              		.loc 1 3575 5 is_stmt 1 view .LVU83
3575:Drivers/STM32G4xx_HAL_Driver/Src/stm32g4xx_hal_tim_ex.c ****     {
 259              		.loc 1 3575 19 is_stmt 0 view .LVU84
 260 0050 C369     		ldr	r3, [r0, #28]
3575:Drivers/STM32G4xx_HAL_Driver/Src/stm32g4xx_hal_tim_ex.c ****     {
 261              		.loc 1 3575 8 view .LVU85
 262 0052 002B     		cmp	r3, #0
 263 0054 E2D1     		bne	.L13
3577:Drivers/STM32G4xx_HAL_Driver/Src/stm32g4xx_hal_tim_ex.c ****     }
 264              		.loc 1 3577 7 is_stmt 1 view .LVU86
 265 0056 0123     		movs	r3, #1
 266 0058 84F84630 		strb	r3, [r4, #70]
 267 005c DEE7     		b	.L13
 268              	.L20:
3582:Drivers/STM32G4xx_HAL_Driver/Src/stm32g4xx_hal_tim_ex.c **** 
 269              		.loc 1 3582 5 view .LVU87
3582:Drivers/STM32G4xx_HAL_Driver/Src/stm32g4xx_hal_tim_ex.c **** 
 270              		.loc 1 3582 19 is_stmt 0 view .LVU88
 271 005e 0823     		movs	r3, #8
 272 0060 2377     		strb	r3, [r4, #28]
3584:Drivers/STM32G4xx_HAL_Driver/Src/stm32g4xx_hal_tim_ex.c ****     {
 273              		.loc 1 3584 5 is_stmt 1 view .LVU89
3584:Drivers/STM32G4xx_HAL_Driver/Src/stm32g4xx_hal_tim_ex.c ****     {
 274              		.loc 1 3584 19 is_stmt 0 view .LVU90
 275 0062 C369     		ldr	r3, [r0, #28]
3584:Drivers/STM32G4xx_HAL_Driver/Src/stm32g4xx_hal_tim_ex.c ****     {
 276              		.loc 1 3584 8 view .LVU91
 277 0064 002B     		cmp	r3, #0
 278 0066 D9D1     		bne	.L13
3586:Drivers/STM32G4xx_HAL_Driver/Src/stm32g4xx_hal_tim_ex.c ****     }
 279              		.loc 1 3586 7 is_stmt 1 view .LVU92
 280 0068 0123     		movs	r3, #1
 281 006a 84F84730 		strb	r3, [r4, #71]
 282 006e D5E7     		b	.L13
 283              		.cfi_endproc
 284              	.LFE395:
 286              		.section	.text.HAL_TIMEx_HallSensor_MspInit,"ax",%progbits
 287              		.align	1
 288              		.weak	HAL_TIMEx_HallSensor_MspInit
 289              		.syntax unified
 290              		.thumb
 291              		.thumb_func
 293              	HAL_TIMEx_HallSensor_MspInit:
 294              	.LVL14:
 295              	.LFB331:
 305:Drivers/STM32G4xx_HAL_Driver/Src/stm32g4xx_hal_tim_ex.c ****   /* Prevent unused argument(s) compilation warning */
 296              		.loc 1 305 1 view -0
 297              		.cfi_startproc
 298              		@ args = 0, pretend = 0, frame = 0
 299              		@ frame_needed = 0, uses_anonymous_args = 0
 300              		@ link register save eliminated.
 307:Drivers/STM32G4xx_HAL_Driver/Src/stm32g4xx_hal_tim_ex.c **** 
 301              		.loc 1 307 3 view .LVU94
 312:Drivers/STM32G4xx_HAL_Driver/Src/stm32g4xx_hal_tim_ex.c **** 
ARM GAS  C:\Users\Booster\AppData\Local\Temp\ccs9w8jc.s 			page 72


 302              		.loc 1 312 1 is_stmt 0 view .LVU95
 303 0000 7047     		bx	lr
 304              		.cfi_endproc
 305              	.LFE331:
 307              		.section	.text.HAL_TIMEx_HallSensor_Init,"ax",%progbits
 308              		.align	1
 309              		.global	HAL_TIMEx_HallSensor_Init
 310              		.syntax unified
 311              		.thumb
 312              		.thumb_func
 314              	HAL_TIMEx_HallSensor_Init:
 315              	.LVL15:
 316              	.LFB329:
 158:Drivers/STM32G4xx_HAL_Driver/Src/stm32g4xx_hal_tim_ex.c ****   TIM_OC_InitTypeDef OC_Config;
 317              		.loc 1 158 1 is_stmt 1 view -0
 318              		.cfi_startproc
 319              		@ args = 0, pretend = 0, frame = 32
 320              		@ frame_needed = 0, uses_anonymous_args = 0
 159:Drivers/STM32G4xx_HAL_Driver/Src/stm32g4xx_hal_tim_ex.c **** 
 321              		.loc 1 159 3 view .LVU97
 162:Drivers/STM32G4xx_HAL_Driver/Src/stm32g4xx_hal_tim_ex.c ****   {
 322              		.loc 1 162 3 view .LVU98
 162:Drivers/STM32G4xx_HAL_Driver/Src/stm32g4xx_hal_tim_ex.c ****   {
 323              		.loc 1 162 6 is_stmt 0 view .LVU99
 324 0000 0028     		cmp	r0, #0
 325 0002 6BD0     		beq	.L25
 158:Drivers/STM32G4xx_HAL_Driver/Src/stm32g4xx_hal_tim_ex.c ****   TIM_OC_InitTypeDef OC_Config;
 326              		.loc 1 158 1 view .LVU100
 327 0004 70B5     		push	{r4, r5, r6, lr}
 328              	.LCFI2:
 329              		.cfi_def_cfa_offset 16
 330              		.cfi_offset 4, -16
 331              		.cfi_offset 5, -12
 332              		.cfi_offset 6, -8
 333              		.cfi_offset 14, -4
 334 0006 88B0     		sub	sp, sp, #32
 335              	.LCFI3:
 336              		.cfi_def_cfa_offset 48
 337 0008 0E46     		mov	r6, r1
 338 000a 0446     		mov	r4, r0
 168:Drivers/STM32G4xx_HAL_Driver/Src/stm32g4xx_hal_tim_ex.c ****   assert_param(IS_TIM_COUNTER_MODE(htim->Init.CounterMode));
 339              		.loc 1 168 3 is_stmt 1 view .LVU101
 169:Drivers/STM32G4xx_HAL_Driver/Src/stm32g4xx_hal_tim_ex.c ****   assert_param(IS_TIM_CLOCKDIVISION_DIV(htim->Init.ClockDivision));
 340              		.loc 1 169 3 view .LVU102
 170:Drivers/STM32G4xx_HAL_Driver/Src/stm32g4xx_hal_tim_ex.c ****   assert_param(IS_TIM_AUTORELOAD_PRELOAD(htim->Init.AutoReloadPreload));
 341              		.loc 1 170 3 view .LVU103
 171:Drivers/STM32G4xx_HAL_Driver/Src/stm32g4xx_hal_tim_ex.c ****   assert_param(IS_TIM_IC_POLARITY(sConfig->IC1Polarity));
 342              		.loc 1 171 3 view .LVU104
 172:Drivers/STM32G4xx_HAL_Driver/Src/stm32g4xx_hal_tim_ex.c ****   assert_param(IS_TIM_PERIOD(htim, htim->Init.Period));
 343              		.loc 1 172 3 view .LVU105
 173:Drivers/STM32G4xx_HAL_Driver/Src/stm32g4xx_hal_tim_ex.c ****   assert_param(IS_TIM_IC_PRESCALER(sConfig->IC1Prescaler));
 344              		.loc 1 173 3 view .LVU106
 174:Drivers/STM32G4xx_HAL_Driver/Src/stm32g4xx_hal_tim_ex.c ****   assert_param(IS_TIM_IC_FILTER(sConfig->IC1Filter));
 345              		.loc 1 174 3 view .LVU107
 175:Drivers/STM32G4xx_HAL_Driver/Src/stm32g4xx_hal_tim_ex.c **** 
 346              		.loc 1 175 3 view .LVU108
 177:Drivers/STM32G4xx_HAL_Driver/Src/stm32g4xx_hal_tim_ex.c ****   {
ARM GAS  C:\Users\Booster\AppData\Local\Temp\ccs9w8jc.s 			page 73


 347              		.loc 1 177 3 view .LVU109
 177:Drivers/STM32G4xx_HAL_Driver/Src/stm32g4xx_hal_tim_ex.c ****   {
 348              		.loc 1 177 11 is_stmt 0 view .LVU110
 349 000c 90F83D30 		ldrb	r3, [r0, #61]	@ zero_extendqisi2
 177:Drivers/STM32G4xx_HAL_Driver/Src/stm32g4xx_hal_tim_ex.c ****   {
 350              		.loc 1 177 6 view .LVU111
 351 0010 002B     		cmp	r3, #0
 352 0012 5ED0     		beq	.L30
 353              	.LVL16:
 354              	.L24:
 199:Drivers/STM32G4xx_HAL_Driver/Src/stm32g4xx_hal_tim_ex.c **** 
 355              		.loc 1 199 3 is_stmt 1 view .LVU112
 199:Drivers/STM32G4xx_HAL_Driver/Src/stm32g4xx_hal_tim_ex.c **** 
 356              		.loc 1 199 15 is_stmt 0 view .LVU113
 357 0014 0223     		movs	r3, #2
 358 0016 84F83D30 		strb	r3, [r4, #61]
 202:Drivers/STM32G4xx_HAL_Driver/Src/stm32g4xx_hal_tim_ex.c **** 
 359              		.loc 1 202 3 is_stmt 1 view .LVU114
 202:Drivers/STM32G4xx_HAL_Driver/Src/stm32g4xx_hal_tim_ex.c **** 
 360              		.loc 1 202 38 is_stmt 0 view .LVU115
 361 001a 2146     		mov	r1, r4
 202:Drivers/STM32G4xx_HAL_Driver/Src/stm32g4xx_hal_tim_ex.c **** 
 362              		.loc 1 202 3 view .LVU116
 363 001c 51F8040B 		ldr	r0, [r1], #4
 364 0020 FFF7FEFF 		bl	TIM_Base_SetConfig
 365              	.LVL17:
 205:Drivers/STM32G4xx_HAL_Driver/Src/stm32g4xx_hal_tim_ex.c **** 
 366              		.loc 1 205 3 is_stmt 1 view .LVU117
 367 0024 B368     		ldr	r3, [r6, #8]
 368 0026 0322     		movs	r2, #3
 369 0028 3168     		ldr	r1, [r6]
 370 002a 2068     		ldr	r0, [r4]
 371 002c FFF7FEFF 		bl	TIM_TI1_SetConfig
 372              	.LVL18:
 208:Drivers/STM32G4xx_HAL_Driver/Src/stm32g4xx_hal_tim_ex.c ****   /* Set the IC1PSC value */
 373              		.loc 1 208 3 view .LVU118
 208:Drivers/STM32G4xx_HAL_Driver/Src/stm32g4xx_hal_tim_ex.c ****   /* Set the IC1PSC value */
 374              		.loc 1 208 7 is_stmt 0 view .LVU119
 375 0030 2268     		ldr	r2, [r4]
 208:Drivers/STM32G4xx_HAL_Driver/Src/stm32g4xx_hal_tim_ex.c ****   /* Set the IC1PSC value */
 376              		.loc 1 208 17 view .LVU120
 377 0032 9369     		ldr	r3, [r2, #24]
 208:Drivers/STM32G4xx_HAL_Driver/Src/stm32g4xx_hal_tim_ex.c ****   /* Set the IC1PSC value */
 378              		.loc 1 208 25 view .LVU121
 379 0034 23F00C03 		bic	r3, r3, #12
 380 0038 9361     		str	r3, [r2, #24]
 210:Drivers/STM32G4xx_HAL_Driver/Src/stm32g4xx_hal_tim_ex.c **** 
 381              		.loc 1 210 3 is_stmt 1 view .LVU122
 210:Drivers/STM32G4xx_HAL_Driver/Src/stm32g4xx_hal_tim_ex.c **** 
 382              		.loc 1 210 7 is_stmt 0 view .LVU123
 383 003a 2268     		ldr	r2, [r4]
 210:Drivers/STM32G4xx_HAL_Driver/Src/stm32g4xx_hal_tim_ex.c **** 
 384              		.loc 1 210 17 view .LVU124
 385 003c 9369     		ldr	r3, [r2, #24]
 210:Drivers/STM32G4xx_HAL_Driver/Src/stm32g4xx_hal_tim_ex.c **** 
 386              		.loc 1 210 35 view .LVU125
 387 003e 7168     		ldr	r1, [r6, #4]
ARM GAS  C:\Users\Booster\AppData\Local\Temp\ccs9w8jc.s 			page 74


 210:Drivers/STM32G4xx_HAL_Driver/Src/stm32g4xx_hal_tim_ex.c **** 
 388              		.loc 1 210 25 view .LVU126
 389 0040 0B43     		orrs	r3, r3, r1
 390 0042 9361     		str	r3, [r2, #24]
 213:Drivers/STM32G4xx_HAL_Driver/Src/stm32g4xx_hal_tim_ex.c **** 
 391              		.loc 1 213 3 is_stmt 1 view .LVU127
 213:Drivers/STM32G4xx_HAL_Driver/Src/stm32g4xx_hal_tim_ex.c **** 
 392              		.loc 1 213 7 is_stmt 0 view .LVU128
 393 0044 2268     		ldr	r2, [r4]
 213:Drivers/STM32G4xx_HAL_Driver/Src/stm32g4xx_hal_tim_ex.c **** 
 394              		.loc 1 213 17 view .LVU129
 395 0046 5368     		ldr	r3, [r2, #4]
 213:Drivers/STM32G4xx_HAL_Driver/Src/stm32g4xx_hal_tim_ex.c **** 
 396              		.loc 1 213 23 view .LVU130
 397 0048 43F08003 		orr	r3, r3, #128
 398 004c 5360     		str	r3, [r2, #4]
 216:Drivers/STM32G4xx_HAL_Driver/Src/stm32g4xx_hal_tim_ex.c ****   htim->Instance->SMCR |= TIM_TS_TI1F_ED;
 399              		.loc 1 216 3 is_stmt 1 view .LVU131
 216:Drivers/STM32G4xx_HAL_Driver/Src/stm32g4xx_hal_tim_ex.c ****   htim->Instance->SMCR |= TIM_TS_TI1F_ED;
 400              		.loc 1 216 7 is_stmt 0 view .LVU132
 401 004e 2268     		ldr	r2, [r4]
 216:Drivers/STM32G4xx_HAL_Driver/Src/stm32g4xx_hal_tim_ex.c ****   htim->Instance->SMCR |= TIM_TS_TI1F_ED;
 402              		.loc 1 216 17 view .LVU133
 403 0050 9368     		ldr	r3, [r2, #8]
 216:Drivers/STM32G4xx_HAL_Driver/Src/stm32g4xx_hal_tim_ex.c ****   htim->Instance->SMCR |= TIM_TS_TI1F_ED;
 404              		.loc 1 216 24 view .LVU134
 405 0052 23F44013 		bic	r3, r3, #3145728
 406 0056 23F07003 		bic	r3, r3, #112
 407 005a 9360     		str	r3, [r2, #8]
 217:Drivers/STM32G4xx_HAL_Driver/Src/stm32g4xx_hal_tim_ex.c **** 
 408              		.loc 1 217 3 is_stmt 1 view .LVU135
 217:Drivers/STM32G4xx_HAL_Driver/Src/stm32g4xx_hal_tim_ex.c **** 
 409              		.loc 1 217 7 is_stmt 0 view .LVU136
 410 005c 2268     		ldr	r2, [r4]
 217:Drivers/STM32G4xx_HAL_Driver/Src/stm32g4xx_hal_tim_ex.c **** 
 411              		.loc 1 217 17 view .LVU137
 412 005e 9368     		ldr	r3, [r2, #8]
 217:Drivers/STM32G4xx_HAL_Driver/Src/stm32g4xx_hal_tim_ex.c **** 
 413              		.loc 1 217 24 view .LVU138
 414 0060 43F04003 		orr	r3, r3, #64
 415 0064 9360     		str	r3, [r2, #8]
 220:Drivers/STM32G4xx_HAL_Driver/Src/stm32g4xx_hal_tim_ex.c ****   htim->Instance->SMCR |= TIM_SLAVEMODE_RESET;
 416              		.loc 1 220 3 is_stmt 1 view .LVU139
 220:Drivers/STM32G4xx_HAL_Driver/Src/stm32g4xx_hal_tim_ex.c ****   htim->Instance->SMCR |= TIM_SLAVEMODE_RESET;
 417              		.loc 1 220 7 is_stmt 0 view .LVU140
 418 0066 2268     		ldr	r2, [r4]
 220:Drivers/STM32G4xx_HAL_Driver/Src/stm32g4xx_hal_tim_ex.c ****   htim->Instance->SMCR |= TIM_SLAVEMODE_RESET;
 419              		.loc 1 220 17 view .LVU141
 420 0068 9368     		ldr	r3, [r2, #8]
 220:Drivers/STM32G4xx_HAL_Driver/Src/stm32g4xx_hal_tim_ex.c ****   htim->Instance->SMCR |= TIM_SLAVEMODE_RESET;
 421              		.loc 1 220 24 view .LVU142
 422 006a 23F48033 		bic	r3, r3, #65536
 423 006e 23F00703 		bic	r3, r3, #7
 424 0072 9360     		str	r3, [r2, #8]
 221:Drivers/STM32G4xx_HAL_Driver/Src/stm32g4xx_hal_tim_ex.c **** 
 425              		.loc 1 221 3 is_stmt 1 view .LVU143
 221:Drivers/STM32G4xx_HAL_Driver/Src/stm32g4xx_hal_tim_ex.c **** 
ARM GAS  C:\Users\Booster\AppData\Local\Temp\ccs9w8jc.s 			page 75


 426              		.loc 1 221 7 is_stmt 0 view .LVU144
 427 0074 2268     		ldr	r2, [r4]
 221:Drivers/STM32G4xx_HAL_Driver/Src/stm32g4xx_hal_tim_ex.c **** 
 428              		.loc 1 221 17 view .LVU145
 429 0076 9368     		ldr	r3, [r2, #8]
 221:Drivers/STM32G4xx_HAL_Driver/Src/stm32g4xx_hal_tim_ex.c **** 
 430              		.loc 1 221 24 view .LVU146
 431 0078 43F00403 		orr	r3, r3, #4
 432 007c 9360     		str	r3, [r2, #8]
 224:Drivers/STM32G4xx_HAL_Driver/Src/stm32g4xx_hal_tim_ex.c ****   OC_Config.OCIdleState = TIM_OCIDLESTATE_RESET;
 433              		.loc 1 224 3 is_stmt 1 view .LVU147
 224:Drivers/STM32G4xx_HAL_Driver/Src/stm32g4xx_hal_tim_ex.c ****   OC_Config.OCIdleState = TIM_OCIDLESTATE_RESET;
 434              		.loc 1 224 24 is_stmt 0 view .LVU148
 435 007e 0025     		movs	r5, #0
 436 0080 0595     		str	r5, [sp, #20]
 225:Drivers/STM32G4xx_HAL_Driver/Src/stm32g4xx_hal_tim_ex.c ****   OC_Config.OCMode = TIM_OCMODE_PWM2;
 437              		.loc 1 225 3 is_stmt 1 view .LVU149
 225:Drivers/STM32G4xx_HAL_Driver/Src/stm32g4xx_hal_tim_ex.c ****   OC_Config.OCMode = TIM_OCMODE_PWM2;
 438              		.loc 1 225 25 is_stmt 0 view .LVU150
 439 0082 0695     		str	r5, [sp, #24]
 226:Drivers/STM32G4xx_HAL_Driver/Src/stm32g4xx_hal_tim_ex.c ****   OC_Config.OCNIdleState = TIM_OCNIDLESTATE_RESET;
 440              		.loc 1 226 3 is_stmt 1 view .LVU151
 226:Drivers/STM32G4xx_HAL_Driver/Src/stm32g4xx_hal_tim_ex.c ****   OC_Config.OCNIdleState = TIM_OCNIDLESTATE_RESET;
 441              		.loc 1 226 20 is_stmt 0 view .LVU152
 442 0084 7023     		movs	r3, #112
 443 0086 0193     		str	r3, [sp, #4]
 227:Drivers/STM32G4xx_HAL_Driver/Src/stm32g4xx_hal_tim_ex.c ****   OC_Config.OCNPolarity = TIM_OCNPOLARITY_HIGH;
 444              		.loc 1 227 3 is_stmt 1 view .LVU153
 227:Drivers/STM32G4xx_HAL_Driver/Src/stm32g4xx_hal_tim_ex.c ****   OC_Config.OCNPolarity = TIM_OCNPOLARITY_HIGH;
 445              		.loc 1 227 26 is_stmt 0 view .LVU154
 446 0088 0795     		str	r5, [sp, #28]
 228:Drivers/STM32G4xx_HAL_Driver/Src/stm32g4xx_hal_tim_ex.c ****   OC_Config.OCPolarity = TIM_OCPOLARITY_HIGH;
 447              		.loc 1 228 3 is_stmt 1 view .LVU155
 228:Drivers/STM32G4xx_HAL_Driver/Src/stm32g4xx_hal_tim_ex.c ****   OC_Config.OCPolarity = TIM_OCPOLARITY_HIGH;
 448              		.loc 1 228 25 is_stmt 0 view .LVU156
 449 008a 0495     		str	r5, [sp, #16]
 229:Drivers/STM32G4xx_HAL_Driver/Src/stm32g4xx_hal_tim_ex.c ****   OC_Config.Pulse = sConfig->Commutation_Delay;
 450              		.loc 1 229 3 is_stmt 1 view .LVU157
 229:Drivers/STM32G4xx_HAL_Driver/Src/stm32g4xx_hal_tim_ex.c ****   OC_Config.Pulse = sConfig->Commutation_Delay;
 451              		.loc 1 229 24 is_stmt 0 view .LVU158
 452 008c 0395     		str	r5, [sp, #12]
 230:Drivers/STM32G4xx_HAL_Driver/Src/stm32g4xx_hal_tim_ex.c **** 
 453              		.loc 1 230 3 is_stmt 1 view .LVU159
 230:Drivers/STM32G4xx_HAL_Driver/Src/stm32g4xx_hal_tim_ex.c **** 
 454              		.loc 1 230 28 is_stmt 0 view .LVU160
 455 008e F368     		ldr	r3, [r6, #12]
 230:Drivers/STM32G4xx_HAL_Driver/Src/stm32g4xx_hal_tim_ex.c **** 
 456              		.loc 1 230 19 view .LVU161
 457 0090 0293     		str	r3, [sp, #8]
 232:Drivers/STM32G4xx_HAL_Driver/Src/stm32g4xx_hal_tim_ex.c **** 
 458              		.loc 1 232 3 is_stmt 1 view .LVU162
 459 0092 01A9     		add	r1, sp, #4
 460 0094 2068     		ldr	r0, [r4]
 461 0096 FFF7FEFF 		bl	TIM_OC2_SetConfig
 462              	.LVL19:
 236:Drivers/STM32G4xx_HAL_Driver/Src/stm32g4xx_hal_tim_ex.c ****   htim->Instance->CR2 |= TIM_TRGO_OC2REF;
 463              		.loc 1 236 3 view .LVU163
ARM GAS  C:\Users\Booster\AppData\Local\Temp\ccs9w8jc.s 			page 76


 236:Drivers/STM32G4xx_HAL_Driver/Src/stm32g4xx_hal_tim_ex.c ****   htim->Instance->CR2 |= TIM_TRGO_OC2REF;
 464              		.loc 1 236 7 is_stmt 0 view .LVU164
 465 009a 2268     		ldr	r2, [r4]
 236:Drivers/STM32G4xx_HAL_Driver/Src/stm32g4xx_hal_tim_ex.c ****   htim->Instance->CR2 |= TIM_TRGO_OC2REF;
 466              		.loc 1 236 17 view .LVU165
 467 009c 5368     		ldr	r3, [r2, #4]
 236:Drivers/STM32G4xx_HAL_Driver/Src/stm32g4xx_hal_tim_ex.c ****   htim->Instance->CR2 |= TIM_TRGO_OC2REF;
 468              		.loc 1 236 23 view .LVU166
 469 009e 23F00073 		bic	r3, r3, #33554432
 470 00a2 23F07003 		bic	r3, r3, #112
 471 00a6 5360     		str	r3, [r2, #4]
 237:Drivers/STM32G4xx_HAL_Driver/Src/stm32g4xx_hal_tim_ex.c **** 
 472              		.loc 1 237 3 is_stmt 1 view .LVU167
 237:Drivers/STM32G4xx_HAL_Driver/Src/stm32g4xx_hal_tim_ex.c **** 
 473              		.loc 1 237 7 is_stmt 0 view .LVU168
 474 00a8 2268     		ldr	r2, [r4]
 237:Drivers/STM32G4xx_HAL_Driver/Src/stm32g4xx_hal_tim_ex.c **** 
 475              		.loc 1 237 17 view .LVU169
 476 00aa 5368     		ldr	r3, [r2, #4]
 237:Drivers/STM32G4xx_HAL_Driver/Src/stm32g4xx_hal_tim_ex.c **** 
 477              		.loc 1 237 23 view .LVU170
 478 00ac 43F05003 		orr	r3, r3, #80
 479 00b0 5360     		str	r3, [r2, #4]
 240:Drivers/STM32G4xx_HAL_Driver/Src/stm32g4xx_hal_tim_ex.c **** 
 480              		.loc 1 240 3 is_stmt 1 view .LVU171
 240:Drivers/STM32G4xx_HAL_Driver/Src/stm32g4xx_hal_tim_ex.c **** 
 481              		.loc 1 240 23 is_stmt 0 view .LVU172
 482 00b2 0123     		movs	r3, #1
 483 00b4 84F84830 		strb	r3, [r4, #72]
 243:Drivers/STM32G4xx_HAL_Driver/Src/stm32g4xx_hal_tim_ex.c ****   TIM_CHANNEL_STATE_SET(htim, TIM_CHANNEL_2, HAL_TIM_CHANNEL_STATE_READY);
 484              		.loc 1 243 3 is_stmt 1 view .LVU173
 485 00b8 84F83E30 		strb	r3, [r4, #62]
 244:Drivers/STM32G4xx_HAL_Driver/Src/stm32g4xx_hal_tim_ex.c ****   TIM_CHANNEL_N_STATE_SET(htim, TIM_CHANNEL_1, HAL_TIM_CHANNEL_STATE_READY);
 486              		.loc 1 244 3 view .LVU174
 487 00bc 84F83F30 		strb	r3, [r4, #63]
 245:Drivers/STM32G4xx_HAL_Driver/Src/stm32g4xx_hal_tim_ex.c ****   TIM_CHANNEL_N_STATE_SET(htim, TIM_CHANNEL_2, HAL_TIM_CHANNEL_STATE_READY);
 488              		.loc 1 245 3 view .LVU175
 489 00c0 84F84430 		strb	r3, [r4, #68]
 246:Drivers/STM32G4xx_HAL_Driver/Src/stm32g4xx_hal_tim_ex.c **** 
 490              		.loc 1 246 3 view .LVU176
 491 00c4 84F84530 		strb	r3, [r4, #69]
 249:Drivers/STM32G4xx_HAL_Driver/Src/stm32g4xx_hal_tim_ex.c **** 
 492              		.loc 1 249 3 view .LVU177
 249:Drivers/STM32G4xx_HAL_Driver/Src/stm32g4xx_hal_tim_ex.c **** 
 493              		.loc 1 249 15 is_stmt 0 view .LVU178
 494 00c8 84F83D30 		strb	r3, [r4, #61]
 251:Drivers/STM32G4xx_HAL_Driver/Src/stm32g4xx_hal_tim_ex.c **** }
 495              		.loc 1 251 3 is_stmt 1 view .LVU179
 251:Drivers/STM32G4xx_HAL_Driver/Src/stm32g4xx_hal_tim_ex.c **** }
 496              		.loc 1 251 10 is_stmt 0 view .LVU180
 497 00cc 2846     		mov	r0, r5
 252:Drivers/STM32G4xx_HAL_Driver/Src/stm32g4xx_hal_tim_ex.c **** 
 498              		.loc 1 252 1 view .LVU181
 499 00ce 08B0     		add	sp, sp, #32
 500              	.LCFI4:
 501              		.cfi_remember_state
 502              		.cfi_def_cfa_offset 16
ARM GAS  C:\Users\Booster\AppData\Local\Temp\ccs9w8jc.s 			page 77


 503              		@ sp needed
 504 00d0 70BD     		pop	{r4, r5, r6, pc}
 505              	.LVL20:
 506              	.L30:
 507              	.LCFI5:
 508              		.cfi_restore_state
 180:Drivers/STM32G4xx_HAL_Driver/Src/stm32g4xx_hal_tim_ex.c **** 
 509              		.loc 1 180 5 is_stmt 1 view .LVU182
 180:Drivers/STM32G4xx_HAL_Driver/Src/stm32g4xx_hal_tim_ex.c **** 
 510              		.loc 1 180 16 is_stmt 0 view .LVU183
 511 00d2 80F83C30 		strb	r3, [r0, #60]
 194:Drivers/STM32G4xx_HAL_Driver/Src/stm32g4xx_hal_tim_ex.c **** #endif /* USE_HAL_TIM_REGISTER_CALLBACKS */
 512              		.loc 1 194 5 is_stmt 1 view .LVU184
 513 00d6 FFF7FEFF 		bl	HAL_TIMEx_HallSensor_MspInit
 514              	.LVL21:
 194:Drivers/STM32G4xx_HAL_Driver/Src/stm32g4xx_hal_tim_ex.c **** #endif /* USE_HAL_TIM_REGISTER_CALLBACKS */
 515              		.loc 1 194 5 is_stmt 0 view .LVU185
 516 00da 9BE7     		b	.L24
 517              	.LVL22:
 518              	.L25:
 519              	.LCFI6:
 520              		.cfi_def_cfa_offset 0
 521              		.cfi_restore 4
 522              		.cfi_restore 5
 523              		.cfi_restore 6
 524              		.cfi_restore 14
 164:Drivers/STM32G4xx_HAL_Driver/Src/stm32g4xx_hal_tim_ex.c ****   }
 525              		.loc 1 164 12 view .LVU186
 526 00dc 0120     		movs	r0, #1
 527              	.LVL23:
 252:Drivers/STM32G4xx_HAL_Driver/Src/stm32g4xx_hal_tim_ex.c **** 
 528              		.loc 1 252 1 view .LVU187
 529 00de 7047     		bx	lr
 530              		.cfi_endproc
 531              	.LFE329:
 533              		.section	.text.HAL_TIMEx_HallSensor_MspDeInit,"ax",%progbits
 534              		.align	1
 535              		.weak	HAL_TIMEx_HallSensor_MspDeInit
 536              		.syntax unified
 537              		.thumb
 538              		.thumb_func
 540              	HAL_TIMEx_HallSensor_MspDeInit:
 541              	.LVL24:
 542              	.LFB332:
 320:Drivers/STM32G4xx_HAL_Driver/Src/stm32g4xx_hal_tim_ex.c ****   /* Prevent unused argument(s) compilation warning */
 543              		.loc 1 320 1 is_stmt 1 view -0
 544              		.cfi_startproc
 545              		@ args = 0, pretend = 0, frame = 0
 546              		@ frame_needed = 0, uses_anonymous_args = 0
 547              		@ link register save eliminated.
 322:Drivers/STM32G4xx_HAL_Driver/Src/stm32g4xx_hal_tim_ex.c **** 
 548              		.loc 1 322 3 view .LVU189
 327:Drivers/STM32G4xx_HAL_Driver/Src/stm32g4xx_hal_tim_ex.c **** 
 549              		.loc 1 327 1 is_stmt 0 view .LVU190
 550 0000 7047     		bx	lr
 551              		.cfi_endproc
 552              	.LFE332:
ARM GAS  C:\Users\Booster\AppData\Local\Temp\ccs9w8jc.s 			page 78


 554              		.section	.text.HAL_TIMEx_HallSensor_DeInit,"ax",%progbits
 555              		.align	1
 556              		.global	HAL_TIMEx_HallSensor_DeInit
 557              		.syntax unified
 558              		.thumb
 559              		.thumb_func
 561              	HAL_TIMEx_HallSensor_DeInit:
 562              	.LVL25:
 563              	.LFB330:
 260:Drivers/STM32G4xx_HAL_Driver/Src/stm32g4xx_hal_tim_ex.c ****   /* Check the parameters */
 564              		.loc 1 260 1 is_stmt 1 view -0
 565              		.cfi_startproc
 566              		@ args = 0, pretend = 0, frame = 0
 567              		@ frame_needed = 0, uses_anonymous_args = 0
 260:Drivers/STM32G4xx_HAL_Driver/Src/stm32g4xx_hal_tim_ex.c ****   /* Check the parameters */
 568              		.loc 1 260 1 is_stmt 0 view .LVU192
 569 0000 10B5     		push	{r4, lr}
 570              	.LCFI7:
 571              		.cfi_def_cfa_offset 8
 572              		.cfi_offset 4, -8
 573              		.cfi_offset 14, -4
 574 0002 0446     		mov	r4, r0
 262:Drivers/STM32G4xx_HAL_Driver/Src/stm32g4xx_hal_tim_ex.c **** 
 575              		.loc 1 262 3 is_stmt 1 view .LVU193
 264:Drivers/STM32G4xx_HAL_Driver/Src/stm32g4xx_hal_tim_ex.c **** 
 576              		.loc 1 264 3 view .LVU194
 264:Drivers/STM32G4xx_HAL_Driver/Src/stm32g4xx_hal_tim_ex.c **** 
 577              		.loc 1 264 15 is_stmt 0 view .LVU195
 578 0004 0223     		movs	r3, #2
 579 0006 80F83D30 		strb	r3, [r0, #61]
 267:Drivers/STM32G4xx_HAL_Driver/Src/stm32g4xx_hal_tim_ex.c **** 
 580              		.loc 1 267 3 is_stmt 1 view .LVU196
 267:Drivers/STM32G4xx_HAL_Driver/Src/stm32g4xx_hal_tim_ex.c **** 
 581              		.loc 1 267 3 view .LVU197
 582 000a 0368     		ldr	r3, [r0]
 583 000c 196A     		ldr	r1, [r3, #32]
 584 000e 41F21112 		movw	r2, #4369
 585 0012 1142     		tst	r1, r2
 586 0014 08D1     		bne	.L33
 267:Drivers/STM32G4xx_HAL_Driver/Src/stm32g4xx_hal_tim_ex.c **** 
 587              		.loc 1 267 3 discriminator 1 view .LVU198
 588 0016 196A     		ldr	r1, [r3, #32]
 589 0018 44F24442 		movw	r2, #17476
 590 001c 1142     		tst	r1, r2
 591 001e 03D1     		bne	.L33
 267:Drivers/STM32G4xx_HAL_Driver/Src/stm32g4xx_hal_tim_ex.c **** 
 592              		.loc 1 267 3 discriminator 3 view .LVU199
 593 0020 1A68     		ldr	r2, [r3]
 594 0022 22F00102 		bic	r2, r2, #1
 595 0026 1A60     		str	r2, [r3]
 596              	.L33:
 267:Drivers/STM32G4xx_HAL_Driver/Src/stm32g4xx_hal_tim_ex.c **** 
 597              		.loc 1 267 3 discriminator 5 view .LVU200
 278:Drivers/STM32G4xx_HAL_Driver/Src/stm32g4xx_hal_tim_ex.c **** #endif /* USE_HAL_TIM_REGISTER_CALLBACKS */
 598              		.loc 1 278 3 discriminator 5 view .LVU201
 599 0028 2046     		mov	r0, r4
 600              	.LVL26:
ARM GAS  C:\Users\Booster\AppData\Local\Temp\ccs9w8jc.s 			page 79


 278:Drivers/STM32G4xx_HAL_Driver/Src/stm32g4xx_hal_tim_ex.c **** #endif /* USE_HAL_TIM_REGISTER_CALLBACKS */
 601              		.loc 1 278 3 is_stmt 0 discriminator 5 view .LVU202
 602 002a FFF7FEFF 		bl	HAL_TIMEx_HallSensor_MspDeInit
 603              	.LVL27:
 282:Drivers/STM32G4xx_HAL_Driver/Src/stm32g4xx_hal_tim_ex.c **** 
 604              		.loc 1 282 3 is_stmt 1 discriminator 5 view .LVU203
 282:Drivers/STM32G4xx_HAL_Driver/Src/stm32g4xx_hal_tim_ex.c **** 
 605              		.loc 1 282 23 is_stmt 0 discriminator 5 view .LVU204
 606 002e 0020     		movs	r0, #0
 607 0030 84F84800 		strb	r0, [r4, #72]
 285:Drivers/STM32G4xx_HAL_Driver/Src/stm32g4xx_hal_tim_ex.c ****   TIM_CHANNEL_STATE_SET(htim, TIM_CHANNEL_2, HAL_TIM_CHANNEL_STATE_RESET);
 608              		.loc 1 285 3 is_stmt 1 discriminator 5 view .LVU205
 609 0034 84F83E00 		strb	r0, [r4, #62]
 286:Drivers/STM32G4xx_HAL_Driver/Src/stm32g4xx_hal_tim_ex.c ****   TIM_CHANNEL_N_STATE_SET(htim, TIM_CHANNEL_1, HAL_TIM_CHANNEL_STATE_RESET);
 610              		.loc 1 286 3 discriminator 5 view .LVU206
 611 0038 84F83F00 		strb	r0, [r4, #63]
 287:Drivers/STM32G4xx_HAL_Driver/Src/stm32g4xx_hal_tim_ex.c ****   TIM_CHANNEL_N_STATE_SET(htim, TIM_CHANNEL_2, HAL_TIM_CHANNEL_STATE_RESET);
 612              		.loc 1 287 3 discriminator 5 view .LVU207
 613 003c 84F84400 		strb	r0, [r4, #68]
 288:Drivers/STM32G4xx_HAL_Driver/Src/stm32g4xx_hal_tim_ex.c **** 
 614              		.loc 1 288 3 discriminator 5 view .LVU208
 615 0040 84F84500 		strb	r0, [r4, #69]
 291:Drivers/STM32G4xx_HAL_Driver/Src/stm32g4xx_hal_tim_ex.c **** 
 616              		.loc 1 291 3 discriminator 5 view .LVU209
 291:Drivers/STM32G4xx_HAL_Driver/Src/stm32g4xx_hal_tim_ex.c **** 
 617              		.loc 1 291 15 is_stmt 0 discriminator 5 view .LVU210
 618 0044 84F83D00 		strb	r0, [r4, #61]
 294:Drivers/STM32G4xx_HAL_Driver/Src/stm32g4xx_hal_tim_ex.c **** 
 619              		.loc 1 294 3 is_stmt 1 discriminator 5 view .LVU211
 294:Drivers/STM32G4xx_HAL_Driver/Src/stm32g4xx_hal_tim_ex.c **** 
 620              		.loc 1 294 3 discriminator 5 view .LVU212
 621 0048 84F83C00 		strb	r0, [r4, #60]
 294:Drivers/STM32G4xx_HAL_Driver/Src/stm32g4xx_hal_tim_ex.c **** 
 622              		.loc 1 294 3 discriminator 5 view .LVU213
 296:Drivers/STM32G4xx_HAL_Driver/Src/stm32g4xx_hal_tim_ex.c **** }
 623              		.loc 1 296 3 discriminator 5 view .LVU214
 297:Drivers/STM32G4xx_HAL_Driver/Src/stm32g4xx_hal_tim_ex.c **** 
 624              		.loc 1 297 1 is_stmt 0 discriminator 5 view .LVU215
 625 004c 10BD     		pop	{r4, pc}
 297:Drivers/STM32G4xx_HAL_Driver/Src/stm32g4xx_hal_tim_ex.c **** 
 626              		.loc 1 297 1 discriminator 5 view .LVU216
 627              		.cfi_endproc
 628              	.LFE330:
 630              		.section	.text.HAL_TIMEx_HallSensor_Start,"ax",%progbits
 631              		.align	1
 632              		.global	HAL_TIMEx_HallSensor_Start
 633              		.syntax unified
 634              		.thumb
 635              		.thumb_func
 637              	HAL_TIMEx_HallSensor_Start:
 638              	.LVL28:
 639              	.LFB333:
 335:Drivers/STM32G4xx_HAL_Driver/Src/stm32g4xx_hal_tim_ex.c ****   uint32_t tmpsmcr;
 640              		.loc 1 335 1 is_stmt 1 view -0
 641              		.cfi_startproc
 642              		@ args = 0, pretend = 0, frame = 0
 643              		@ frame_needed = 0, uses_anonymous_args = 0
ARM GAS  C:\Users\Booster\AppData\Local\Temp\ccs9w8jc.s 			page 80


 335:Drivers/STM32G4xx_HAL_Driver/Src/stm32g4xx_hal_tim_ex.c ****   uint32_t tmpsmcr;
 644              		.loc 1 335 1 is_stmt 0 view .LVU218
 645 0000 10B5     		push	{r4, lr}
 646              	.LCFI8:
 647              		.cfi_def_cfa_offset 8
 648              		.cfi_offset 4, -8
 649              		.cfi_offset 14, -4
 650 0002 0446     		mov	r4, r0
 336:Drivers/STM32G4xx_HAL_Driver/Src/stm32g4xx_hal_tim_ex.c ****   HAL_TIM_ChannelStateTypeDef channel_1_state = TIM_CHANNEL_STATE_GET(htim, TIM_CHANNEL_1);
 651              		.loc 1 336 3 is_stmt 1 view .LVU219
 337:Drivers/STM32G4xx_HAL_Driver/Src/stm32g4xx_hal_tim_ex.c ****   HAL_TIM_ChannelStateTypeDef channel_2_state = TIM_CHANNEL_STATE_GET(htim, TIM_CHANNEL_2);
 652              		.loc 1 337 3 view .LVU220
 337:Drivers/STM32G4xx_HAL_Driver/Src/stm32g4xx_hal_tim_ex.c ****   HAL_TIM_ChannelStateTypeDef channel_2_state = TIM_CHANNEL_STATE_GET(htim, TIM_CHANNEL_2);
 653              		.loc 1 337 31 is_stmt 0 view .LVU221
 654 0004 90F83E00 		ldrb	r0, [r0, #62]	@ zero_extendqisi2
 655              	.LVL29:
 337:Drivers/STM32G4xx_HAL_Driver/Src/stm32g4xx_hal_tim_ex.c ****   HAL_TIM_ChannelStateTypeDef channel_2_state = TIM_CHANNEL_STATE_GET(htim, TIM_CHANNEL_2);
 656              		.loc 1 337 31 view .LVU222
 657 0008 C0B2     		uxtb	r0, r0
 658              	.LVL30:
 338:Drivers/STM32G4xx_HAL_Driver/Src/stm32g4xx_hal_tim_ex.c ****   HAL_TIM_ChannelStateTypeDef complementary_channel_1_state = TIM_CHANNEL_N_STATE_GET(htim, TIM_CHA
 659              		.loc 1 338 3 is_stmt 1 view .LVU223
 338:Drivers/STM32G4xx_HAL_Driver/Src/stm32g4xx_hal_tim_ex.c ****   HAL_TIM_ChannelStateTypeDef complementary_channel_1_state = TIM_CHANNEL_N_STATE_GET(htim, TIM_CHA
 660              		.loc 1 338 31 is_stmt 0 view .LVU224
 661 000a 94F83F30 		ldrb	r3, [r4, #63]	@ zero_extendqisi2
 662              	.LVL31:
 339:Drivers/STM32G4xx_HAL_Driver/Src/stm32g4xx_hal_tim_ex.c ****   HAL_TIM_ChannelStateTypeDef complementary_channel_2_state = TIM_CHANNEL_N_STATE_GET(htim, TIM_CHA
 663              		.loc 1 339 3 is_stmt 1 view .LVU225
 339:Drivers/STM32G4xx_HAL_Driver/Src/stm32g4xx_hal_tim_ex.c ****   HAL_TIM_ChannelStateTypeDef complementary_channel_2_state = TIM_CHANNEL_N_STATE_GET(htim, TIM_CHA
 664              		.loc 1 339 31 is_stmt 0 view .LVU226
 665 000e 94F84420 		ldrb	r2, [r4, #68]	@ zero_extendqisi2
 666              	.LVL32:
 340:Drivers/STM32G4xx_HAL_Driver/Src/stm32g4xx_hal_tim_ex.c **** 
 667              		.loc 1 340 3 is_stmt 1 view .LVU227
 340:Drivers/STM32G4xx_HAL_Driver/Src/stm32g4xx_hal_tim_ex.c **** 
 668              		.loc 1 340 31 is_stmt 0 view .LVU228
 669 0012 94F84510 		ldrb	r1, [r4, #69]	@ zero_extendqisi2
 670              	.LVL33:
 343:Drivers/STM32G4xx_HAL_Driver/Src/stm32g4xx_hal_tim_ex.c **** 
 671              		.loc 1 343 3 is_stmt 1 view .LVU229
 346:Drivers/STM32G4xx_HAL_Driver/Src/stm32g4xx_hal_tim_ex.c ****       || (channel_2_state != HAL_TIM_CHANNEL_STATE_READY)
 672              		.loc 1 346 3 view .LVU230
 346:Drivers/STM32G4xx_HAL_Driver/Src/stm32g4xx_hal_tim_ex.c ****       || (channel_2_state != HAL_TIM_CHANNEL_STATE_READY)
 673              		.loc 1 346 6 is_stmt 0 view .LVU231
 674 0016 0128     		cmp	r0, #1
 675 0018 42D1     		bne	.L39
 676 001a DBB2     		uxtb	r3, r3
 346:Drivers/STM32G4xx_HAL_Driver/Src/stm32g4xx_hal_tim_ex.c ****       || (channel_2_state != HAL_TIM_CHANNEL_STATE_READY)
 677              		.loc 1 346 6 view .LVU232
 678 001c D2B2     		uxtb	r2, r2
 346:Drivers/STM32G4xx_HAL_Driver/Src/stm32g4xx_hal_tim_ex.c ****       || (channel_2_state != HAL_TIM_CHANNEL_STATE_READY)
 679              		.loc 1 346 6 view .LVU233
 680 001e C9B2     		uxtb	r1, r1
 347:Drivers/STM32G4xx_HAL_Driver/Src/stm32g4xx_hal_tim_ex.c ****       || (complementary_channel_1_state != HAL_TIM_CHANNEL_STATE_READY)
 681              		.loc 1 347 7 view .LVU234
 682 0020 012B     		cmp	r3, #1
 683 0022 3ED1     		bne	.L36
ARM GAS  C:\Users\Booster\AppData\Local\Temp\ccs9w8jc.s 			page 81


 348:Drivers/STM32G4xx_HAL_Driver/Src/stm32g4xx_hal_tim_ex.c ****       || (complementary_channel_2_state != HAL_TIM_CHANNEL_STATE_READY))
 684              		.loc 1 348 7 view .LVU235
 685 0024 012A     		cmp	r2, #1
 686 0026 3DD1     		bne	.L40
 349:Drivers/STM32G4xx_HAL_Driver/Src/stm32g4xx_hal_tim_ex.c ****   {
 687              		.loc 1 349 7 view .LVU236
 688 0028 0129     		cmp	r1, #1
 689 002a 01D0     		beq	.L45
 351:Drivers/STM32G4xx_HAL_Driver/Src/stm32g4xx_hal_tim_ex.c ****   }
 690              		.loc 1 351 12 view .LVU237
 691 002c 1046     		mov	r0, r2
 692              	.LVL34:
 351:Drivers/STM32G4xx_HAL_Driver/Src/stm32g4xx_hal_tim_ex.c ****   }
 693              		.loc 1 351 12 view .LVU238
 694 002e 38E0     		b	.L36
 695              	.LVL35:
 696              	.L45:
 355:Drivers/STM32G4xx_HAL_Driver/Src/stm32g4xx_hal_tim_ex.c ****   TIM_CHANNEL_STATE_SET(htim, TIM_CHANNEL_2, HAL_TIM_CHANNEL_STATE_BUSY);
 697              		.loc 1 355 3 is_stmt 1 view .LVU239
 698 0030 0223     		movs	r3, #2
 699              	.LVL36:
 355:Drivers/STM32G4xx_HAL_Driver/Src/stm32g4xx_hal_tim_ex.c ****   TIM_CHANNEL_STATE_SET(htim, TIM_CHANNEL_2, HAL_TIM_CHANNEL_STATE_BUSY);
 700              		.loc 1 355 3 is_stmt 0 view .LVU240
 701 0032 84F83E30 		strb	r3, [r4, #62]
 356:Drivers/STM32G4xx_HAL_Driver/Src/stm32g4xx_hal_tim_ex.c ****   TIM_CHANNEL_N_STATE_SET(htim, TIM_CHANNEL_1, HAL_TIM_CHANNEL_STATE_BUSY);
 702              		.loc 1 356 3 is_stmt 1 view .LVU241
 703 0036 84F83F30 		strb	r3, [r4, #63]
 357:Drivers/STM32G4xx_HAL_Driver/Src/stm32g4xx_hal_tim_ex.c ****   TIM_CHANNEL_N_STATE_SET(htim, TIM_CHANNEL_2, HAL_TIM_CHANNEL_STATE_BUSY);
 704              		.loc 1 357 3 view .LVU242
 705 003a 84F84430 		strb	r3, [r4, #68]
 358:Drivers/STM32G4xx_HAL_Driver/Src/stm32g4xx_hal_tim_ex.c **** 
 706              		.loc 1 358 3 view .LVU243
 707 003e 84F84530 		strb	r3, [r4, #69]
 363:Drivers/STM32G4xx_HAL_Driver/Src/stm32g4xx_hal_tim_ex.c **** 
 708              		.loc 1 363 3 view .LVU244
 709 0042 0021     		movs	r1, #0
 710              	.LVL37:
 363:Drivers/STM32G4xx_HAL_Driver/Src/stm32g4xx_hal_tim_ex.c **** 
 711              		.loc 1 363 3 is_stmt 0 view .LVU245
 712 0044 2068     		ldr	r0, [r4]
 713              	.LVL38:
 363:Drivers/STM32G4xx_HAL_Driver/Src/stm32g4xx_hal_tim_ex.c **** 
 714              		.loc 1 363 3 view .LVU246
 715 0046 FFF7FEFF 		bl	TIM_CCxChannelCmd
 716              	.LVL39:
 366:Drivers/STM32G4xx_HAL_Driver/Src/stm32g4xx_hal_tim_ex.c ****   {
 717              		.loc 1 366 3 is_stmt 1 view .LVU247
 366:Drivers/STM32G4xx_HAL_Driver/Src/stm32g4xx_hal_tim_ex.c ****   {
 718              		.loc 1 366 7 is_stmt 0 view .LVU248
 719 004a 2368     		ldr	r3, [r4]
 366:Drivers/STM32G4xx_HAL_Driver/Src/stm32g4xx_hal_tim_ex.c ****   {
 720              		.loc 1 366 6 view .LVU249
 721 004c 184A     		ldr	r2, .L46
 722 004e 9342     		cmp	r3, r2
 723 0050 18D0     		beq	.L37
 366:Drivers/STM32G4xx_HAL_Driver/Src/stm32g4xx_hal_tim_ex.c ****   {
 724              		.loc 1 366 7 discriminator 1 view .LVU250
ARM GAS  C:\Users\Booster\AppData\Local\Temp\ccs9w8jc.s 			page 82


 725 0052 B3F1804F 		cmp	r3, #1073741824
 726 0056 15D0     		beq	.L37
 366:Drivers/STM32G4xx_HAL_Driver/Src/stm32g4xx_hal_tim_ex.c ****   {
 727              		.loc 1 366 7 discriminator 2 view .LVU251
 728 0058 A2F59432 		sub	r2, r2, #75776
 729 005c 9342     		cmp	r3, r2
 730 005e 11D0     		beq	.L37
 366:Drivers/STM32G4xx_HAL_Driver/Src/stm32g4xx_hal_tim_ex.c ****   {
 731              		.loc 1 366 7 discriminator 3 view .LVU252
 732 0060 02F58062 		add	r2, r2, #1024
 733 0064 9342     		cmp	r3, r2
 734 0066 0DD0     		beq	.L37
 366:Drivers/STM32G4xx_HAL_Driver/Src/stm32g4xx_hal_tim_ex.c ****   {
 735              		.loc 1 366 7 discriminator 4 view .LVU253
 736 0068 02F59632 		add	r2, r2, #76800
 737 006c 9342     		cmp	r3, r2
 738 006e 09D0     		beq	.L37
 366:Drivers/STM32G4xx_HAL_Driver/Src/stm32g4xx_hal_tim_ex.c ****   {
 739              		.loc 1 366 7 discriminator 5 view .LVU254
 740 0070 02F54062 		add	r2, r2, #3072
 741 0074 9342     		cmp	r3, r2
 742 0076 05D0     		beq	.L37
 376:Drivers/STM32G4xx_HAL_Driver/Src/stm32g4xx_hal_tim_ex.c ****   }
 743              		.loc 1 376 5 is_stmt 1 view .LVU255
 744 0078 1A68     		ldr	r2, [r3]
 745 007a 42F00102 		orr	r2, r2, #1
 746 007e 1A60     		str	r2, [r3]
 380:Drivers/STM32G4xx_HAL_Driver/Src/stm32g4xx_hal_tim_ex.c **** }
 747              		.loc 1 380 10 is_stmt 0 view .LVU256
 748 0080 0020     		movs	r0, #0
 749 0082 0EE0     		b	.L36
 750              	.L37:
 368:Drivers/STM32G4xx_HAL_Driver/Src/stm32g4xx_hal_tim_ex.c ****     if (!IS_TIM_SLAVEMODE_TRIGGER_ENABLED(tmpsmcr))
 751              		.loc 1 368 5 is_stmt 1 view .LVU257
 368:Drivers/STM32G4xx_HAL_Driver/Src/stm32g4xx_hal_tim_ex.c ****     if (!IS_TIM_SLAVEMODE_TRIGGER_ENABLED(tmpsmcr))
 752              		.loc 1 368 29 is_stmt 0 view .LVU258
 753 0084 9968     		ldr	r1, [r3, #8]
 368:Drivers/STM32G4xx_HAL_Driver/Src/stm32g4xx_hal_tim_ex.c ****     if (!IS_TIM_SLAVEMODE_TRIGGER_ENABLED(tmpsmcr))
 754              		.loc 1 368 13 view .LVU259
 755 0086 0B4A     		ldr	r2, .L46+4
 756 0088 0A40     		ands	r2, r2, r1
 757              	.LVL40:
 369:Drivers/STM32G4xx_HAL_Driver/Src/stm32g4xx_hal_tim_ex.c ****     {
 758              		.loc 1 369 5 is_stmt 1 view .LVU260
 369:Drivers/STM32G4xx_HAL_Driver/Src/stm32g4xx_hal_tim_ex.c ****     {
 759              		.loc 1 369 8 is_stmt 0 view .LVU261
 760 008a 062A     		cmp	r2, #6
 761 008c 0CD0     		beq	.L42
 369:Drivers/STM32G4xx_HAL_Driver/Src/stm32g4xx_hal_tim_ex.c ****     {
 762              		.loc 1 369 9 discriminator 1 view .LVU262
 763 008e B2F5803F 		cmp	r2, #65536
 764 0092 0BD0     		beq	.L43
 371:Drivers/STM32G4xx_HAL_Driver/Src/stm32g4xx_hal_tim_ex.c ****     }
 765              		.loc 1 371 7 is_stmt 1 view .LVU263
 766 0094 1A68     		ldr	r2, [r3]
 767              	.LVL41:
 371:Drivers/STM32G4xx_HAL_Driver/Src/stm32g4xx_hal_tim_ex.c ****     }
ARM GAS  C:\Users\Booster\AppData\Local\Temp\ccs9w8jc.s 			page 83


 768              		.loc 1 371 7 is_stmt 0 view .LVU264
 769 0096 42F00102 		orr	r2, r2, #1
 770 009a 1A60     		str	r2, [r3]
 380:Drivers/STM32G4xx_HAL_Driver/Src/stm32g4xx_hal_tim_ex.c **** }
 771              		.loc 1 380 10 view .LVU265
 772 009c 0020     		movs	r0, #0
 773 009e 00E0     		b	.L36
 774              	.LVL42:
 775              	.L39:
 351:Drivers/STM32G4xx_HAL_Driver/Src/stm32g4xx_hal_tim_ex.c ****   }
 776              		.loc 1 351 12 view .LVU266
 777 00a0 0120     		movs	r0, #1
 778              	.LVL43:
 779              	.L36:
 381:Drivers/STM32G4xx_HAL_Driver/Src/stm32g4xx_hal_tim_ex.c **** 
 780              		.loc 1 381 1 view .LVU267
 781 00a2 10BD     		pop	{r4, pc}
 782              	.LVL44:
 783              	.L40:
 351:Drivers/STM32G4xx_HAL_Driver/Src/stm32g4xx_hal_tim_ex.c ****   }
 784              		.loc 1 351 12 view .LVU268
 785 00a4 1846     		mov	r0, r3
 786              	.LVL45:
 351:Drivers/STM32G4xx_HAL_Driver/Src/stm32g4xx_hal_tim_ex.c ****   }
 787              		.loc 1 351 12 view .LVU269
 788 00a6 FCE7     		b	.L36
 789              	.LVL46:
 790              	.L42:
 380:Drivers/STM32G4xx_HAL_Driver/Src/stm32g4xx_hal_tim_ex.c **** }
 791              		.loc 1 380 10 view .LVU270
 792 00a8 0020     		movs	r0, #0
 793 00aa FAE7     		b	.L36
 794              	.L43:
 795 00ac 0020     		movs	r0, #0
 796 00ae F8E7     		b	.L36
 797              	.L47:
 798              		.align	2
 799              	.L46:
 800 00b0 002C0140 		.word	1073818624
 801 00b4 07000100 		.word	65543
 802              		.cfi_endproc
 803              	.LFE333:
 805              		.section	.text.HAL_TIMEx_HallSensor_Stop,"ax",%progbits
 806              		.align	1
 807              		.global	HAL_TIMEx_HallSensor_Stop
 808              		.syntax unified
 809              		.thumb
 810              		.thumb_func
 812              	HAL_TIMEx_HallSensor_Stop:
 813              	.LVL47:
 814              	.LFB334:
 389:Drivers/STM32G4xx_HAL_Driver/Src/stm32g4xx_hal_tim_ex.c ****   /* Check the parameters */
 815              		.loc 1 389 1 is_stmt 1 view -0
 816              		.cfi_startproc
 817              		@ args = 0, pretend = 0, frame = 0
 818              		@ frame_needed = 0, uses_anonymous_args = 0
 389:Drivers/STM32G4xx_HAL_Driver/Src/stm32g4xx_hal_tim_ex.c ****   /* Check the parameters */
ARM GAS  C:\Users\Booster\AppData\Local\Temp\ccs9w8jc.s 			page 84


 819              		.loc 1 389 1 is_stmt 0 view .LVU272
 820 0000 10B5     		push	{r4, lr}
 821              	.LCFI9:
 822              		.cfi_def_cfa_offset 8
 823              		.cfi_offset 4, -8
 824              		.cfi_offset 14, -4
 825 0002 0446     		mov	r4, r0
 391:Drivers/STM32G4xx_HAL_Driver/Src/stm32g4xx_hal_tim_ex.c **** 
 826              		.loc 1 391 3 is_stmt 1 view .LVU273
 396:Drivers/STM32G4xx_HAL_Driver/Src/stm32g4xx_hal_tim_ex.c **** 
 827              		.loc 1 396 3 view .LVU274
 828 0004 0022     		movs	r2, #0
 829 0006 1146     		mov	r1, r2
 830 0008 0068     		ldr	r0, [r0]
 831              	.LVL48:
 396:Drivers/STM32G4xx_HAL_Driver/Src/stm32g4xx_hal_tim_ex.c **** 
 832              		.loc 1 396 3 is_stmt 0 view .LVU275
 833 000a FFF7FEFF 		bl	TIM_CCxChannelCmd
 834              	.LVL49:
 399:Drivers/STM32G4xx_HAL_Driver/Src/stm32g4xx_hal_tim_ex.c **** 
 835              		.loc 1 399 3 is_stmt 1 view .LVU276
 399:Drivers/STM32G4xx_HAL_Driver/Src/stm32g4xx_hal_tim_ex.c **** 
 836              		.loc 1 399 3 view .LVU277
 837 000e 2368     		ldr	r3, [r4]
 838 0010 196A     		ldr	r1, [r3, #32]
 839 0012 41F21112 		movw	r2, #4369
 840 0016 1142     		tst	r1, r2
 841 0018 08D1     		bne	.L49
 399:Drivers/STM32G4xx_HAL_Driver/Src/stm32g4xx_hal_tim_ex.c **** 
 842              		.loc 1 399 3 discriminator 1 view .LVU278
 843 001a 196A     		ldr	r1, [r3, #32]
 844 001c 44F24442 		movw	r2, #17476
 845 0020 1142     		tst	r1, r2
 846 0022 03D1     		bne	.L49
 399:Drivers/STM32G4xx_HAL_Driver/Src/stm32g4xx_hal_tim_ex.c **** 
 847              		.loc 1 399 3 discriminator 3 view .LVU279
 848 0024 1A68     		ldr	r2, [r3]
 849 0026 22F00102 		bic	r2, r2, #1
 850 002a 1A60     		str	r2, [r3]
 851              	.L49:
 399:Drivers/STM32G4xx_HAL_Driver/Src/stm32g4xx_hal_tim_ex.c **** 
 852              		.loc 1 399 3 discriminator 5 view .LVU280
 402:Drivers/STM32G4xx_HAL_Driver/Src/stm32g4xx_hal_tim_ex.c ****   TIM_CHANNEL_STATE_SET(htim, TIM_CHANNEL_2, HAL_TIM_CHANNEL_STATE_READY);
 853              		.loc 1 402 3 discriminator 5 view .LVU281
 854 002c 0123     		movs	r3, #1
 855 002e 84F83E30 		strb	r3, [r4, #62]
 403:Drivers/STM32G4xx_HAL_Driver/Src/stm32g4xx_hal_tim_ex.c ****   TIM_CHANNEL_N_STATE_SET(htim, TIM_CHANNEL_1, HAL_TIM_CHANNEL_STATE_READY);
 856              		.loc 1 403 3 discriminator 5 view .LVU282
 857 0032 84F83F30 		strb	r3, [r4, #63]
 404:Drivers/STM32G4xx_HAL_Driver/Src/stm32g4xx_hal_tim_ex.c ****   TIM_CHANNEL_N_STATE_SET(htim, TIM_CHANNEL_2, HAL_TIM_CHANNEL_STATE_READY);
 858              		.loc 1 404 3 discriminator 5 view .LVU283
 859 0036 84F84430 		strb	r3, [r4, #68]
 405:Drivers/STM32G4xx_HAL_Driver/Src/stm32g4xx_hal_tim_ex.c **** 
 860              		.loc 1 405 3 discriminator 5 view .LVU284
 861 003a 84F84530 		strb	r3, [r4, #69]
 408:Drivers/STM32G4xx_HAL_Driver/Src/stm32g4xx_hal_tim_ex.c **** }
 862              		.loc 1 408 3 discriminator 5 view .LVU285
ARM GAS  C:\Users\Booster\AppData\Local\Temp\ccs9w8jc.s 			page 85


 409:Drivers/STM32G4xx_HAL_Driver/Src/stm32g4xx_hal_tim_ex.c **** 
 863              		.loc 1 409 1 is_stmt 0 discriminator 5 view .LVU286
 864 003e 0020     		movs	r0, #0
 865 0040 10BD     		pop	{r4, pc}
 409:Drivers/STM32G4xx_HAL_Driver/Src/stm32g4xx_hal_tim_ex.c **** 
 866              		.loc 1 409 1 discriminator 5 view .LVU287
 867              		.cfi_endproc
 868              	.LFE334:
 870              		.section	.text.HAL_TIMEx_HallSensor_Start_IT,"ax",%progbits
 871              		.align	1
 872              		.global	HAL_TIMEx_HallSensor_Start_IT
 873              		.syntax unified
 874              		.thumb
 875              		.thumb_func
 877              	HAL_TIMEx_HallSensor_Start_IT:
 878              	.LVL50:
 879              	.LFB335:
 417:Drivers/STM32G4xx_HAL_Driver/Src/stm32g4xx_hal_tim_ex.c ****   uint32_t tmpsmcr;
 880              		.loc 1 417 1 is_stmt 1 view -0
 881              		.cfi_startproc
 882              		@ args = 0, pretend = 0, frame = 0
 883              		@ frame_needed = 0, uses_anonymous_args = 0
 417:Drivers/STM32G4xx_HAL_Driver/Src/stm32g4xx_hal_tim_ex.c ****   uint32_t tmpsmcr;
 884              		.loc 1 417 1 is_stmt 0 view .LVU289
 885 0000 10B5     		push	{r4, lr}
 886              	.LCFI10:
 887              		.cfi_def_cfa_offset 8
 888              		.cfi_offset 4, -8
 889              		.cfi_offset 14, -4
 890 0002 0446     		mov	r4, r0
 418:Drivers/STM32G4xx_HAL_Driver/Src/stm32g4xx_hal_tim_ex.c ****   HAL_TIM_ChannelStateTypeDef channel_1_state = TIM_CHANNEL_STATE_GET(htim, TIM_CHANNEL_1);
 891              		.loc 1 418 3 is_stmt 1 view .LVU290
 419:Drivers/STM32G4xx_HAL_Driver/Src/stm32g4xx_hal_tim_ex.c ****   HAL_TIM_ChannelStateTypeDef channel_2_state = TIM_CHANNEL_STATE_GET(htim, TIM_CHANNEL_2);
 892              		.loc 1 419 3 view .LVU291
 419:Drivers/STM32G4xx_HAL_Driver/Src/stm32g4xx_hal_tim_ex.c ****   HAL_TIM_ChannelStateTypeDef channel_2_state = TIM_CHANNEL_STATE_GET(htim, TIM_CHANNEL_2);
 893              		.loc 1 419 31 is_stmt 0 view .LVU292
 894 0004 90F83E00 		ldrb	r0, [r0, #62]	@ zero_extendqisi2
 895              	.LVL51:
 419:Drivers/STM32G4xx_HAL_Driver/Src/stm32g4xx_hal_tim_ex.c ****   HAL_TIM_ChannelStateTypeDef channel_2_state = TIM_CHANNEL_STATE_GET(htim, TIM_CHANNEL_2);
 896              		.loc 1 419 31 view .LVU293
 897 0008 C0B2     		uxtb	r0, r0
 898              	.LVL52:
 420:Drivers/STM32G4xx_HAL_Driver/Src/stm32g4xx_hal_tim_ex.c ****   HAL_TIM_ChannelStateTypeDef complementary_channel_1_state = TIM_CHANNEL_N_STATE_GET(htim, TIM_CHA
 899              		.loc 1 420 3 is_stmt 1 view .LVU294
 420:Drivers/STM32G4xx_HAL_Driver/Src/stm32g4xx_hal_tim_ex.c ****   HAL_TIM_ChannelStateTypeDef complementary_channel_1_state = TIM_CHANNEL_N_STATE_GET(htim, TIM_CHA
 900              		.loc 1 420 31 is_stmt 0 view .LVU295
 901 000a 94F83F30 		ldrb	r3, [r4, #63]	@ zero_extendqisi2
 902              	.LVL53:
 421:Drivers/STM32G4xx_HAL_Driver/Src/stm32g4xx_hal_tim_ex.c ****   HAL_TIM_ChannelStateTypeDef complementary_channel_2_state = TIM_CHANNEL_N_STATE_GET(htim, TIM_CHA
 903              		.loc 1 421 3 is_stmt 1 view .LVU296
 421:Drivers/STM32G4xx_HAL_Driver/Src/stm32g4xx_hal_tim_ex.c ****   HAL_TIM_ChannelStateTypeDef complementary_channel_2_state = TIM_CHANNEL_N_STATE_GET(htim, TIM_CHA
 904              		.loc 1 421 31 is_stmt 0 view .LVU297
 905 000e 94F84420 		ldrb	r2, [r4, #68]	@ zero_extendqisi2
 906              	.LVL54:
 422:Drivers/STM32G4xx_HAL_Driver/Src/stm32g4xx_hal_tim_ex.c **** 
 907              		.loc 1 422 3 is_stmt 1 view .LVU298
 422:Drivers/STM32G4xx_HAL_Driver/Src/stm32g4xx_hal_tim_ex.c **** 
ARM GAS  C:\Users\Booster\AppData\Local\Temp\ccs9w8jc.s 			page 86


 908              		.loc 1 422 31 is_stmt 0 view .LVU299
 909 0012 94F84510 		ldrb	r1, [r4, #69]	@ zero_extendqisi2
 910              	.LVL55:
 425:Drivers/STM32G4xx_HAL_Driver/Src/stm32g4xx_hal_tim_ex.c **** 
 911              		.loc 1 425 3 is_stmt 1 view .LVU300
 428:Drivers/STM32G4xx_HAL_Driver/Src/stm32g4xx_hal_tim_ex.c ****       || (channel_2_state != HAL_TIM_CHANNEL_STATE_READY)
 912              		.loc 1 428 3 view .LVU301
 428:Drivers/STM32G4xx_HAL_Driver/Src/stm32g4xx_hal_tim_ex.c ****       || (channel_2_state != HAL_TIM_CHANNEL_STATE_READY)
 913              		.loc 1 428 6 is_stmt 0 view .LVU302
 914 0016 0128     		cmp	r0, #1
 915 0018 48D1     		bne	.L55
 916 001a DBB2     		uxtb	r3, r3
 428:Drivers/STM32G4xx_HAL_Driver/Src/stm32g4xx_hal_tim_ex.c ****       || (channel_2_state != HAL_TIM_CHANNEL_STATE_READY)
 917              		.loc 1 428 6 view .LVU303
 918 001c D2B2     		uxtb	r2, r2
 428:Drivers/STM32G4xx_HAL_Driver/Src/stm32g4xx_hal_tim_ex.c ****       || (channel_2_state != HAL_TIM_CHANNEL_STATE_READY)
 919              		.loc 1 428 6 view .LVU304
 920 001e C9B2     		uxtb	r1, r1
 429:Drivers/STM32G4xx_HAL_Driver/Src/stm32g4xx_hal_tim_ex.c ****       || (complementary_channel_1_state != HAL_TIM_CHANNEL_STATE_READY)
 921              		.loc 1 429 7 view .LVU305
 922 0020 012B     		cmp	r3, #1
 923 0022 44D1     		bne	.L52
 430:Drivers/STM32G4xx_HAL_Driver/Src/stm32g4xx_hal_tim_ex.c ****       || (complementary_channel_2_state != HAL_TIM_CHANNEL_STATE_READY))
 924              		.loc 1 430 7 view .LVU306
 925 0024 012A     		cmp	r2, #1
 926 0026 43D1     		bne	.L56
 431:Drivers/STM32G4xx_HAL_Driver/Src/stm32g4xx_hal_tim_ex.c ****   {
 927              		.loc 1 431 7 view .LVU307
 928 0028 0129     		cmp	r1, #1
 929 002a 01D0     		beq	.L61
 433:Drivers/STM32G4xx_HAL_Driver/Src/stm32g4xx_hal_tim_ex.c ****   }
 930              		.loc 1 433 12 view .LVU308
 931 002c 1046     		mov	r0, r2
 932              	.LVL56:
 433:Drivers/STM32G4xx_HAL_Driver/Src/stm32g4xx_hal_tim_ex.c ****   }
 933              		.loc 1 433 12 view .LVU309
 934 002e 3EE0     		b	.L52
 935              	.LVL57:
 936              	.L61:
 437:Drivers/STM32G4xx_HAL_Driver/Src/stm32g4xx_hal_tim_ex.c ****   TIM_CHANNEL_STATE_SET(htim, TIM_CHANNEL_2, HAL_TIM_CHANNEL_STATE_BUSY);
 937              		.loc 1 437 3 is_stmt 1 view .LVU310
 938 0030 0223     		movs	r3, #2
 939              	.LVL58:
 437:Drivers/STM32G4xx_HAL_Driver/Src/stm32g4xx_hal_tim_ex.c ****   TIM_CHANNEL_STATE_SET(htim, TIM_CHANNEL_2, HAL_TIM_CHANNEL_STATE_BUSY);
 940              		.loc 1 437 3 is_stmt 0 view .LVU311
 941 0032 84F83E30 		strb	r3, [r4, #62]
 438:Drivers/STM32G4xx_HAL_Driver/Src/stm32g4xx_hal_tim_ex.c ****   TIM_CHANNEL_N_STATE_SET(htim, TIM_CHANNEL_1, HAL_TIM_CHANNEL_STATE_BUSY);
 942              		.loc 1 438 3 is_stmt 1 view .LVU312
 943 0036 84F83F30 		strb	r3, [r4, #63]
 439:Drivers/STM32G4xx_HAL_Driver/Src/stm32g4xx_hal_tim_ex.c ****   TIM_CHANNEL_N_STATE_SET(htim, TIM_CHANNEL_2, HAL_TIM_CHANNEL_STATE_BUSY);
 944              		.loc 1 439 3 view .LVU313
 945 003a 84F84430 		strb	r3, [r4, #68]
 440:Drivers/STM32G4xx_HAL_Driver/Src/stm32g4xx_hal_tim_ex.c **** 
 946              		.loc 1 440 3 view .LVU314
 947 003e 84F84530 		strb	r3, [r4, #69]
 443:Drivers/STM32G4xx_HAL_Driver/Src/stm32g4xx_hal_tim_ex.c **** 
 948              		.loc 1 443 3 view .LVU315
ARM GAS  C:\Users\Booster\AppData\Local\Temp\ccs9w8jc.s 			page 87


 949 0042 2268     		ldr	r2, [r4]
 950              	.LVL59:
 443:Drivers/STM32G4xx_HAL_Driver/Src/stm32g4xx_hal_tim_ex.c **** 
 951              		.loc 1 443 3 is_stmt 0 view .LVU316
 952 0044 D368     		ldr	r3, [r2, #12]
 953 0046 43F00203 		orr	r3, r3, #2
 954 004a D360     		str	r3, [r2, #12]
 448:Drivers/STM32G4xx_HAL_Driver/Src/stm32g4xx_hal_tim_ex.c **** 
 955              		.loc 1 448 3 is_stmt 1 view .LVU317
 956 004c 0122     		movs	r2, #1
 957 004e 0021     		movs	r1, #0
 958              	.LVL60:
 448:Drivers/STM32G4xx_HAL_Driver/Src/stm32g4xx_hal_tim_ex.c **** 
 959              		.loc 1 448 3 is_stmt 0 view .LVU318
 960 0050 2068     		ldr	r0, [r4]
 961              	.LVL61:
 448:Drivers/STM32G4xx_HAL_Driver/Src/stm32g4xx_hal_tim_ex.c **** 
 962              		.loc 1 448 3 view .LVU319
 963 0052 FFF7FEFF 		bl	TIM_CCxChannelCmd
 964              	.LVL62:
 451:Drivers/STM32G4xx_HAL_Driver/Src/stm32g4xx_hal_tim_ex.c ****   {
 965              		.loc 1 451 3 is_stmt 1 view .LVU320
 451:Drivers/STM32G4xx_HAL_Driver/Src/stm32g4xx_hal_tim_ex.c ****   {
 966              		.loc 1 451 7 is_stmt 0 view .LVU321
 967 0056 2368     		ldr	r3, [r4]
 451:Drivers/STM32G4xx_HAL_Driver/Src/stm32g4xx_hal_tim_ex.c ****   {
 968              		.loc 1 451 6 view .LVU322
 969 0058 184A     		ldr	r2, .L62
 970 005a 9342     		cmp	r3, r2
 971 005c 18D0     		beq	.L53
 451:Drivers/STM32G4xx_HAL_Driver/Src/stm32g4xx_hal_tim_ex.c ****   {
 972              		.loc 1 451 7 discriminator 1 view .LVU323
 973 005e B3F1804F 		cmp	r3, #1073741824
 974 0062 15D0     		beq	.L53
 451:Drivers/STM32G4xx_HAL_Driver/Src/stm32g4xx_hal_tim_ex.c ****   {
 975              		.loc 1 451 7 discriminator 2 view .LVU324
 976 0064 A2F59432 		sub	r2, r2, #75776
 977 0068 9342     		cmp	r3, r2
 978 006a 11D0     		beq	.L53
 451:Drivers/STM32G4xx_HAL_Driver/Src/stm32g4xx_hal_tim_ex.c ****   {
 979              		.loc 1 451 7 discriminator 3 view .LVU325
 980 006c 02F58062 		add	r2, r2, #1024
 981 0070 9342     		cmp	r3, r2
 982 0072 0DD0     		beq	.L53
 451:Drivers/STM32G4xx_HAL_Driver/Src/stm32g4xx_hal_tim_ex.c ****   {
 983              		.loc 1 451 7 discriminator 4 view .LVU326
 984 0074 02F59632 		add	r2, r2, #76800
 985 0078 9342     		cmp	r3, r2
 986 007a 09D0     		beq	.L53
 451:Drivers/STM32G4xx_HAL_Driver/Src/stm32g4xx_hal_tim_ex.c ****   {
 987              		.loc 1 451 7 discriminator 5 view .LVU327
 988 007c 02F54062 		add	r2, r2, #3072
 989 0080 9342     		cmp	r3, r2
 990 0082 05D0     		beq	.L53
 461:Drivers/STM32G4xx_HAL_Driver/Src/stm32g4xx_hal_tim_ex.c ****   }
 991              		.loc 1 461 5 is_stmt 1 view .LVU328
 992 0084 1A68     		ldr	r2, [r3]
ARM GAS  C:\Users\Booster\AppData\Local\Temp\ccs9w8jc.s 			page 88


 993 0086 42F00102 		orr	r2, r2, #1
 994 008a 1A60     		str	r2, [r3]
 465:Drivers/STM32G4xx_HAL_Driver/Src/stm32g4xx_hal_tim_ex.c **** }
 995              		.loc 1 465 10 is_stmt 0 view .LVU329
 996 008c 0020     		movs	r0, #0
 997 008e 0EE0     		b	.L52
 998              	.L53:
 453:Drivers/STM32G4xx_HAL_Driver/Src/stm32g4xx_hal_tim_ex.c ****     if (!IS_TIM_SLAVEMODE_TRIGGER_ENABLED(tmpsmcr))
 999              		.loc 1 453 5 is_stmt 1 view .LVU330
 453:Drivers/STM32G4xx_HAL_Driver/Src/stm32g4xx_hal_tim_ex.c ****     if (!IS_TIM_SLAVEMODE_TRIGGER_ENABLED(tmpsmcr))
 1000              		.loc 1 453 29 is_stmt 0 view .LVU331
 1001 0090 9968     		ldr	r1, [r3, #8]
 453:Drivers/STM32G4xx_HAL_Driver/Src/stm32g4xx_hal_tim_ex.c ****     if (!IS_TIM_SLAVEMODE_TRIGGER_ENABLED(tmpsmcr))
 1002              		.loc 1 453 13 view .LVU332
 1003 0092 0B4A     		ldr	r2, .L62+4
 1004 0094 0A40     		ands	r2, r2, r1
 1005              	.LVL63:
 454:Drivers/STM32G4xx_HAL_Driver/Src/stm32g4xx_hal_tim_ex.c ****     {
 1006              		.loc 1 454 5 is_stmt 1 view .LVU333
 454:Drivers/STM32G4xx_HAL_Driver/Src/stm32g4xx_hal_tim_ex.c ****     {
 1007              		.loc 1 454 8 is_stmt 0 view .LVU334
 1008 0096 062A     		cmp	r2, #6
 1009 0098 0CD0     		beq	.L58
 454:Drivers/STM32G4xx_HAL_Driver/Src/stm32g4xx_hal_tim_ex.c ****     {
 1010              		.loc 1 454 9 discriminator 1 view .LVU335
 1011 009a B2F5803F 		cmp	r2, #65536
 1012 009e 0BD0     		beq	.L59
 456:Drivers/STM32G4xx_HAL_Driver/Src/stm32g4xx_hal_tim_ex.c ****     }
 1013              		.loc 1 456 7 is_stmt 1 view .LVU336
 1014 00a0 1A68     		ldr	r2, [r3]
 1015              	.LVL64:
 456:Drivers/STM32G4xx_HAL_Driver/Src/stm32g4xx_hal_tim_ex.c ****     }
 1016              		.loc 1 456 7 is_stmt 0 view .LVU337
 1017 00a2 42F00102 		orr	r2, r2, #1
 1018 00a6 1A60     		str	r2, [r3]
 465:Drivers/STM32G4xx_HAL_Driver/Src/stm32g4xx_hal_tim_ex.c **** }
 1019              		.loc 1 465 10 view .LVU338
 1020 00a8 0020     		movs	r0, #0
 1021 00aa 00E0     		b	.L52
 1022              	.LVL65:
 1023              	.L55:
 433:Drivers/STM32G4xx_HAL_Driver/Src/stm32g4xx_hal_tim_ex.c ****   }
 1024              		.loc 1 433 12 view .LVU339
 1025 00ac 0120     		movs	r0, #1
 1026              	.LVL66:
 1027              	.L52:
 466:Drivers/STM32G4xx_HAL_Driver/Src/stm32g4xx_hal_tim_ex.c **** 
 1028              		.loc 1 466 1 view .LVU340
 1029 00ae 10BD     		pop	{r4, pc}
 1030              	.LVL67:
 1031              	.L56:
 433:Drivers/STM32G4xx_HAL_Driver/Src/stm32g4xx_hal_tim_ex.c ****   }
 1032              		.loc 1 433 12 view .LVU341
 1033 00b0 1846     		mov	r0, r3
 1034              	.LVL68:
 433:Drivers/STM32G4xx_HAL_Driver/Src/stm32g4xx_hal_tim_ex.c ****   }
 1035              		.loc 1 433 12 view .LVU342
ARM GAS  C:\Users\Booster\AppData\Local\Temp\ccs9w8jc.s 			page 89


 1036 00b2 FCE7     		b	.L52
 1037              	.LVL69:
 1038              	.L58:
 465:Drivers/STM32G4xx_HAL_Driver/Src/stm32g4xx_hal_tim_ex.c **** }
 1039              		.loc 1 465 10 view .LVU343
 1040 00b4 0020     		movs	r0, #0
 1041 00b6 FAE7     		b	.L52
 1042              	.L59:
 1043 00b8 0020     		movs	r0, #0
 1044 00ba F8E7     		b	.L52
 1045              	.L63:
 1046              		.align	2
 1047              	.L62:
 1048 00bc 002C0140 		.word	1073818624
 1049 00c0 07000100 		.word	65543
 1050              		.cfi_endproc
 1051              	.LFE335:
 1053              		.section	.text.HAL_TIMEx_HallSensor_Stop_IT,"ax",%progbits
 1054              		.align	1
 1055              		.global	HAL_TIMEx_HallSensor_Stop_IT
 1056              		.syntax unified
 1057              		.thumb
 1058              		.thumb_func
 1060              	HAL_TIMEx_HallSensor_Stop_IT:
 1061              	.LVL70:
 1062              	.LFB336:
 474:Drivers/STM32G4xx_HAL_Driver/Src/stm32g4xx_hal_tim_ex.c ****   /* Check the parameters */
 1063              		.loc 1 474 1 is_stmt 1 view -0
 1064              		.cfi_startproc
 1065              		@ args = 0, pretend = 0, frame = 0
 1066              		@ frame_needed = 0, uses_anonymous_args = 0
 474:Drivers/STM32G4xx_HAL_Driver/Src/stm32g4xx_hal_tim_ex.c ****   /* Check the parameters */
 1067              		.loc 1 474 1 is_stmt 0 view .LVU345
 1068 0000 10B5     		push	{r4, lr}
 1069              	.LCFI11:
 1070              		.cfi_def_cfa_offset 8
 1071              		.cfi_offset 4, -8
 1072              		.cfi_offset 14, -4
 1073 0002 0446     		mov	r4, r0
 476:Drivers/STM32G4xx_HAL_Driver/Src/stm32g4xx_hal_tim_ex.c **** 
 1074              		.loc 1 476 3 is_stmt 1 view .LVU346
 481:Drivers/STM32G4xx_HAL_Driver/Src/stm32g4xx_hal_tim_ex.c **** 
 1075              		.loc 1 481 3 view .LVU347
 1076 0004 0022     		movs	r2, #0
 1077 0006 1146     		mov	r1, r2
 1078 0008 0068     		ldr	r0, [r0]
 1079              	.LVL71:
 481:Drivers/STM32G4xx_HAL_Driver/Src/stm32g4xx_hal_tim_ex.c **** 
 1080              		.loc 1 481 3 is_stmt 0 view .LVU348
 1081 000a FFF7FEFF 		bl	TIM_CCxChannelCmd
 1082              	.LVL72:
 484:Drivers/STM32G4xx_HAL_Driver/Src/stm32g4xx_hal_tim_ex.c **** 
 1083              		.loc 1 484 3 is_stmt 1 view .LVU349
 1084 000e 2268     		ldr	r2, [r4]
 1085 0010 D368     		ldr	r3, [r2, #12]
 1086 0012 23F00203 		bic	r3, r3, #2
 1087 0016 D360     		str	r3, [r2, #12]
ARM GAS  C:\Users\Booster\AppData\Local\Temp\ccs9w8jc.s 			page 90


 487:Drivers/STM32G4xx_HAL_Driver/Src/stm32g4xx_hal_tim_ex.c **** 
 1088              		.loc 1 487 3 view .LVU350
 487:Drivers/STM32G4xx_HAL_Driver/Src/stm32g4xx_hal_tim_ex.c **** 
 1089              		.loc 1 487 3 view .LVU351
 1090 0018 2368     		ldr	r3, [r4]
 1091 001a 196A     		ldr	r1, [r3, #32]
 1092 001c 41F21112 		movw	r2, #4369
 1093 0020 1142     		tst	r1, r2
 1094 0022 08D1     		bne	.L65
 487:Drivers/STM32G4xx_HAL_Driver/Src/stm32g4xx_hal_tim_ex.c **** 
 1095              		.loc 1 487 3 discriminator 1 view .LVU352
 1096 0024 196A     		ldr	r1, [r3, #32]
 1097 0026 44F24442 		movw	r2, #17476
 1098 002a 1142     		tst	r1, r2
 1099 002c 03D1     		bne	.L65
 487:Drivers/STM32G4xx_HAL_Driver/Src/stm32g4xx_hal_tim_ex.c **** 
 1100              		.loc 1 487 3 discriminator 3 view .LVU353
 1101 002e 1A68     		ldr	r2, [r3]
 1102 0030 22F00102 		bic	r2, r2, #1
 1103 0034 1A60     		str	r2, [r3]
 1104              	.L65:
 487:Drivers/STM32G4xx_HAL_Driver/Src/stm32g4xx_hal_tim_ex.c **** 
 1105              		.loc 1 487 3 discriminator 5 view .LVU354
 490:Drivers/STM32G4xx_HAL_Driver/Src/stm32g4xx_hal_tim_ex.c ****   TIM_CHANNEL_STATE_SET(htim, TIM_CHANNEL_2, HAL_TIM_CHANNEL_STATE_READY);
 1106              		.loc 1 490 3 discriminator 5 view .LVU355
 1107 0036 0123     		movs	r3, #1
 1108 0038 84F83E30 		strb	r3, [r4, #62]
 491:Drivers/STM32G4xx_HAL_Driver/Src/stm32g4xx_hal_tim_ex.c ****   TIM_CHANNEL_N_STATE_SET(htim, TIM_CHANNEL_1, HAL_TIM_CHANNEL_STATE_READY);
 1109              		.loc 1 491 3 discriminator 5 view .LVU356
 1110 003c 84F83F30 		strb	r3, [r4, #63]
 492:Drivers/STM32G4xx_HAL_Driver/Src/stm32g4xx_hal_tim_ex.c ****   TIM_CHANNEL_N_STATE_SET(htim, TIM_CHANNEL_2, HAL_TIM_CHANNEL_STATE_READY);
 1111              		.loc 1 492 3 discriminator 5 view .LVU357
 1112 0040 84F84430 		strb	r3, [r4, #68]
 493:Drivers/STM32G4xx_HAL_Driver/Src/stm32g4xx_hal_tim_ex.c **** 
 1113              		.loc 1 493 3 discriminator 5 view .LVU358
 1114 0044 84F84530 		strb	r3, [r4, #69]
 496:Drivers/STM32G4xx_HAL_Driver/Src/stm32g4xx_hal_tim_ex.c **** }
 1115              		.loc 1 496 3 discriminator 5 view .LVU359
 497:Drivers/STM32G4xx_HAL_Driver/Src/stm32g4xx_hal_tim_ex.c **** 
 1116              		.loc 1 497 1 is_stmt 0 discriminator 5 view .LVU360
 1117 0048 0020     		movs	r0, #0
 1118 004a 10BD     		pop	{r4, pc}
 497:Drivers/STM32G4xx_HAL_Driver/Src/stm32g4xx_hal_tim_ex.c **** 
 1119              		.loc 1 497 1 discriminator 5 view .LVU361
 1120              		.cfi_endproc
 1121              	.LFE336:
 1123              		.section	.text.HAL_TIMEx_HallSensor_Start_DMA,"ax",%progbits
 1124              		.align	1
 1125              		.global	HAL_TIMEx_HallSensor_Start_DMA
 1126              		.syntax unified
 1127              		.thumb
 1128              		.thumb_func
 1130              	HAL_TIMEx_HallSensor_Start_DMA:
 1131              	.LVL73:
 1132              	.LFB337:
 507:Drivers/STM32G4xx_HAL_Driver/Src/stm32g4xx_hal_tim_ex.c ****   uint32_t tmpsmcr;
 1133              		.loc 1 507 1 is_stmt 1 view -0
ARM GAS  C:\Users\Booster\AppData\Local\Temp\ccs9w8jc.s 			page 91


 1134              		.cfi_startproc
 1135              		@ args = 0, pretend = 0, frame = 0
 1136              		@ frame_needed = 0, uses_anonymous_args = 0
 507:Drivers/STM32G4xx_HAL_Driver/Src/stm32g4xx_hal_tim_ex.c ****   uint32_t tmpsmcr;
 1137              		.loc 1 507 1 is_stmt 0 view .LVU363
 1138 0000 F8B5     		push	{r3, r4, r5, r6, r7, lr}
 1139              	.LCFI12:
 1140              		.cfi_def_cfa_offset 24
 1141              		.cfi_offset 3, -24
 1142              		.cfi_offset 4, -20
 1143              		.cfi_offset 5, -16
 1144              		.cfi_offset 6, -12
 1145              		.cfi_offset 7, -8
 1146              		.cfi_offset 14, -4
 1147 0002 0446     		mov	r4, r0
 508:Drivers/STM32G4xx_HAL_Driver/Src/stm32g4xx_hal_tim_ex.c ****   HAL_TIM_ChannelStateTypeDef channel_1_state = TIM_CHANNEL_STATE_GET(htim, TIM_CHANNEL_1);
 1148              		.loc 1 508 3 is_stmt 1 view .LVU364
 509:Drivers/STM32G4xx_HAL_Driver/Src/stm32g4xx_hal_tim_ex.c ****   HAL_TIM_ChannelStateTypeDef complementary_channel_1_state = TIM_CHANNEL_N_STATE_GET(htim, TIM_CHA
 1149              		.loc 1 509 3 view .LVU365
 509:Drivers/STM32G4xx_HAL_Driver/Src/stm32g4xx_hal_tim_ex.c ****   HAL_TIM_ChannelStateTypeDef complementary_channel_1_state = TIM_CHANNEL_N_STATE_GET(htim, TIM_CHA
 1150              		.loc 1 509 31 is_stmt 0 view .LVU366
 1151 0004 90F83EC0 		ldrb	ip, [r0, #62]	@ zero_extendqisi2
 1152 0008 5FFA8CF0 		uxtb	r0, ip
 1153              	.LVL74:
 510:Drivers/STM32G4xx_HAL_Driver/Src/stm32g4xx_hal_tim_ex.c **** 
 1154              		.loc 1 510 3 is_stmt 1 view .LVU367
 510:Drivers/STM32G4xx_HAL_Driver/Src/stm32g4xx_hal_tim_ex.c **** 
 1155              		.loc 1 510 31 is_stmt 0 view .LVU368
 1156 000c 94F844C0 		ldrb	ip, [r4, #68]	@ zero_extendqisi2
 1157              	.LVL75:
 513:Drivers/STM32G4xx_HAL_Driver/Src/stm32g4xx_hal_tim_ex.c **** 
 1158              		.loc 1 513 3 is_stmt 1 view .LVU369
 516:Drivers/STM32G4xx_HAL_Driver/Src/stm32g4xx_hal_tim_ex.c ****       || (complementary_channel_1_state == HAL_TIM_CHANNEL_STATE_BUSY))
 1159              		.loc 1 516 3 view .LVU370
 516:Drivers/STM32G4xx_HAL_Driver/Src/stm32g4xx_hal_tim_ex.c ****       || (complementary_channel_1_state == HAL_TIM_CHANNEL_STATE_BUSY))
 1160              		.loc 1 516 6 is_stmt 0 view .LVU371
 1161 0010 0228     		cmp	r0, #2
 1162 0012 5AD0     		beq	.L68
 1163 0014 0F46     		mov	r7, r1
 1164 0016 1646     		mov	r6, r2
 1165 0018 5FFA8CF5 		uxtb	r5, ip
 517:Drivers/STM32G4xx_HAL_Driver/Src/stm32g4xx_hal_tim_ex.c ****   {
 1166              		.loc 1 517 7 view .LVU372
 1167 001c 022D     		cmp	r5, #2
 1168 001e 51D0     		beq	.L71
 521:Drivers/STM32G4xx_HAL_Driver/Src/stm32g4xx_hal_tim_ex.c ****            && (complementary_channel_1_state == HAL_TIM_CHANNEL_STATE_READY))
 1169              		.loc 1 521 8 is_stmt 1 view .LVU373
 521:Drivers/STM32G4xx_HAL_Driver/Src/stm32g4xx_hal_tim_ex.c ****            && (complementary_channel_1_state == HAL_TIM_CHANNEL_STATE_READY))
 1170              		.loc 1 521 11 is_stmt 0 view .LVU374
 1171 0020 0128     		cmp	r0, #1
 1172 0022 51D1     		bne	.L72
 522:Drivers/STM32G4xx_HAL_Driver/Src/stm32g4xx_hal_tim_ex.c ****   {
 1173              		.loc 1 522 12 view .LVU375
 1174 0024 012D     		cmp	r5, #1
 1175 0026 50D1     		bne	.L68
 524:Drivers/STM32G4xx_HAL_Driver/Src/stm32g4xx_hal_tim_ex.c ****     {
 1176              		.loc 1 524 5 is_stmt 1 view .LVU376
ARM GAS  C:\Users\Booster\AppData\Local\Temp\ccs9w8jc.s 			page 92


 524:Drivers/STM32G4xx_HAL_Driver/Src/stm32g4xx_hal_tim_ex.c ****     {
 1177              		.loc 1 524 8 is_stmt 0 view .LVU377
 1178 0028 0029     		cmp	r1, #0
 1179 002a 4FD0     		beq	.L73
 524:Drivers/STM32G4xx_HAL_Driver/Src/stm32g4xx_hal_tim_ex.c ****     {
 1180              		.loc 1 524 25 discriminator 1 view .LVU378
 1181 002c 0AB9     		cbnz	r2, .L77
 526:Drivers/STM32G4xx_HAL_Driver/Src/stm32g4xx_hal_tim_ex.c ****     }
 1182              		.loc 1 526 14 view .LVU379
 1183 002e 2846     		mov	r0, r5
 1184              	.LVL76:
 526:Drivers/STM32G4xx_HAL_Driver/Src/stm32g4xx_hal_tim_ex.c ****     }
 1185              		.loc 1 526 14 view .LVU380
 1186 0030 4BE0     		b	.L68
 1187              	.LVL77:
 1188              	.L77:
 530:Drivers/STM32G4xx_HAL_Driver/Src/stm32g4xx_hal_tim_ex.c ****       TIM_CHANNEL_N_STATE_SET(htim, TIM_CHANNEL_1, HAL_TIM_CHANNEL_STATE_BUSY);
 1189              		.loc 1 530 7 is_stmt 1 view .LVU381
 1190 0032 0223     		movs	r3, #2
 1191 0034 84F83E30 		strb	r3, [r4, #62]
 531:Drivers/STM32G4xx_HAL_Driver/Src/stm32g4xx_hal_tim_ex.c ****     }
 1192              		.loc 1 531 7 view .LVU382
 1193 0038 84F84430 		strb	r3, [r4, #68]
 542:Drivers/STM32G4xx_HAL_Driver/Src/stm32g4xx_hal_tim_ex.c **** 
 1194              		.loc 1 542 3 view .LVU383
 1195 003c 0122     		movs	r2, #1
 1196              	.LVL78:
 542:Drivers/STM32G4xx_HAL_Driver/Src/stm32g4xx_hal_tim_ex.c **** 
 1197              		.loc 1 542 3 is_stmt 0 view .LVU384
 1198 003e 0021     		movs	r1, #0
 1199              	.LVL79:
 542:Drivers/STM32G4xx_HAL_Driver/Src/stm32g4xx_hal_tim_ex.c **** 
 1200              		.loc 1 542 3 view .LVU385
 1201 0040 2068     		ldr	r0, [r4]
 1202              	.LVL80:
 542:Drivers/STM32G4xx_HAL_Driver/Src/stm32g4xx_hal_tim_ex.c **** 
 1203              		.loc 1 542 3 view .LVU386
 1204 0042 FFF7FEFF 		bl	TIM_CCxChannelCmd
 1205              	.LVL81:
 545:Drivers/STM32G4xx_HAL_Driver/Src/stm32g4xx_hal_tim_ex.c ****   htim->hdma[TIM_DMA_ID_CC1]->XferHalfCpltCallback = TIM_DMACaptureHalfCplt;
 1206              		.loc 1 545 3 is_stmt 1 view .LVU387
 545:Drivers/STM32G4xx_HAL_Driver/Src/stm32g4xx_hal_tim_ex.c ****   htim->hdma[TIM_DMA_ID_CC1]->XferHalfCpltCallback = TIM_DMACaptureHalfCplt;
 1207              		.loc 1 545 13 is_stmt 0 view .LVU388
 1208 0046 636A     		ldr	r3, [r4, #36]
 545:Drivers/STM32G4xx_HAL_Driver/Src/stm32g4xx_hal_tim_ex.c ****   htim->hdma[TIM_DMA_ID_CC1]->XferHalfCpltCallback = TIM_DMACaptureHalfCplt;
 1209              		.loc 1 545 48 view .LVU389
 1210 0048 224A     		ldr	r2, .L78
 1211 004a DA62     		str	r2, [r3, #44]
 546:Drivers/STM32G4xx_HAL_Driver/Src/stm32g4xx_hal_tim_ex.c ****   /* Set the DMA error callback */
 1212              		.loc 1 546 3 is_stmt 1 view .LVU390
 546:Drivers/STM32G4xx_HAL_Driver/Src/stm32g4xx_hal_tim_ex.c ****   /* Set the DMA error callback */
 1213              		.loc 1 546 13 is_stmt 0 view .LVU391
 1214 004c 636A     		ldr	r3, [r4, #36]
 546:Drivers/STM32G4xx_HAL_Driver/Src/stm32g4xx_hal_tim_ex.c ****   /* Set the DMA error callback */
 1215              		.loc 1 546 52 view .LVU392
 1216 004e 224A     		ldr	r2, .L78+4
 1217 0050 1A63     		str	r2, [r3, #48]
ARM GAS  C:\Users\Booster\AppData\Local\Temp\ccs9w8jc.s 			page 93


 548:Drivers/STM32G4xx_HAL_Driver/Src/stm32g4xx_hal_tim_ex.c **** 
 1218              		.loc 1 548 3 is_stmt 1 view .LVU393
 548:Drivers/STM32G4xx_HAL_Driver/Src/stm32g4xx_hal_tim_ex.c **** 
 1219              		.loc 1 548 13 is_stmt 0 view .LVU394
 1220 0052 636A     		ldr	r3, [r4, #36]
 548:Drivers/STM32G4xx_HAL_Driver/Src/stm32g4xx_hal_tim_ex.c **** 
 1221              		.loc 1 548 49 view .LVU395
 1222 0054 214A     		ldr	r2, .L78+8
 1223 0056 5A63     		str	r2, [r3, #52]
 551:Drivers/STM32G4xx_HAL_Driver/Src/stm32g4xx_hal_tim_ex.c ****   {
 1224              		.loc 1 551 3 is_stmt 1 view .LVU396
 551:Drivers/STM32G4xx_HAL_Driver/Src/stm32g4xx_hal_tim_ex.c ****   {
 1225              		.loc 1 551 67 is_stmt 0 view .LVU397
 1226 0058 2168     		ldr	r1, [r4]
 551:Drivers/STM32G4xx_HAL_Driver/Src/stm32g4xx_hal_tim_ex.c ****   {
 1227              		.loc 1 551 7 view .LVU398
 1228 005a 3346     		mov	r3, r6
 1229 005c 3A46     		mov	r2, r7
 1230 005e 3431     		adds	r1, r1, #52
 1231 0060 606A     		ldr	r0, [r4, #36]
 1232 0062 FFF7FEFF 		bl	HAL_DMA_Start_IT
 1233              	.LVL82:
 551:Drivers/STM32G4xx_HAL_Driver/Src/stm32g4xx_hal_tim_ex.c ****   {
 1234              		.loc 1 551 6 view .LVU399
 1235 0066 98BB     		cbnz	r0, .L75
 557:Drivers/STM32G4xx_HAL_Driver/Src/stm32g4xx_hal_tim_ex.c **** 
 1236              		.loc 1 557 3 is_stmt 1 view .LVU400
 1237 0068 2268     		ldr	r2, [r4]
 1238 006a D368     		ldr	r3, [r2, #12]
 1239 006c 43F40073 		orr	r3, r3, #512
 1240 0070 D360     		str	r3, [r2, #12]
 560:Drivers/STM32G4xx_HAL_Driver/Src/stm32g4xx_hal_tim_ex.c ****   {
 1241              		.loc 1 560 3 view .LVU401
 560:Drivers/STM32G4xx_HAL_Driver/Src/stm32g4xx_hal_tim_ex.c ****   {
 1242              		.loc 1 560 7 is_stmt 0 view .LVU402
 1243 0072 2368     		ldr	r3, [r4]
 560:Drivers/STM32G4xx_HAL_Driver/Src/stm32g4xx_hal_tim_ex.c ****   {
 1244              		.loc 1 560 6 view .LVU403
 1245 0074 1A4A     		ldr	r2, .L78+12
 1246 0076 9342     		cmp	r3, r2
 1247 0078 17D0     		beq	.L69
 560:Drivers/STM32G4xx_HAL_Driver/Src/stm32g4xx_hal_tim_ex.c ****   {
 1248              		.loc 1 560 7 discriminator 1 view .LVU404
 1249 007a B3F1804F 		cmp	r3, #1073741824
 1250 007e 14D0     		beq	.L69
 560:Drivers/STM32G4xx_HAL_Driver/Src/stm32g4xx_hal_tim_ex.c ****   {
 1251              		.loc 1 560 7 discriminator 2 view .LVU405
 1252 0080 A2F59432 		sub	r2, r2, #75776
 1253 0084 9342     		cmp	r3, r2
 1254 0086 10D0     		beq	.L69
 560:Drivers/STM32G4xx_HAL_Driver/Src/stm32g4xx_hal_tim_ex.c ****   {
 1255              		.loc 1 560 7 discriminator 3 view .LVU406
 1256 0088 02F58062 		add	r2, r2, #1024
 1257 008c 9342     		cmp	r3, r2
 1258 008e 0CD0     		beq	.L69
 560:Drivers/STM32G4xx_HAL_Driver/Src/stm32g4xx_hal_tim_ex.c ****   {
 1259              		.loc 1 560 7 discriminator 4 view .LVU407
ARM GAS  C:\Users\Booster\AppData\Local\Temp\ccs9w8jc.s 			page 94


 1260 0090 02F59632 		add	r2, r2, #76800
 1261 0094 9342     		cmp	r3, r2
 1262 0096 08D0     		beq	.L69
 560:Drivers/STM32G4xx_HAL_Driver/Src/stm32g4xx_hal_tim_ex.c ****   {
 1263              		.loc 1 560 7 discriminator 5 view .LVU408
 1264 0098 02F54062 		add	r2, r2, #3072
 1265 009c 9342     		cmp	r3, r2
 1266 009e 04D0     		beq	.L69
 570:Drivers/STM32G4xx_HAL_Driver/Src/stm32g4xx_hal_tim_ex.c ****   }
 1267              		.loc 1 570 5 is_stmt 1 view .LVU409
 1268 00a0 1A68     		ldr	r2, [r3]
 1269 00a2 42F00102 		orr	r2, r2, #1
 1270 00a6 1A60     		str	r2, [r3]
 1271 00a8 0FE0     		b	.L68
 1272              	.L69:
 562:Drivers/STM32G4xx_HAL_Driver/Src/stm32g4xx_hal_tim_ex.c ****     if (!IS_TIM_SLAVEMODE_TRIGGER_ENABLED(tmpsmcr))
 1273              		.loc 1 562 5 view .LVU410
 562:Drivers/STM32G4xx_HAL_Driver/Src/stm32g4xx_hal_tim_ex.c ****     if (!IS_TIM_SLAVEMODE_TRIGGER_ENABLED(tmpsmcr))
 1274              		.loc 1 562 29 is_stmt 0 view .LVU411
 1275 00aa 9968     		ldr	r1, [r3, #8]
 562:Drivers/STM32G4xx_HAL_Driver/Src/stm32g4xx_hal_tim_ex.c ****     if (!IS_TIM_SLAVEMODE_TRIGGER_ENABLED(tmpsmcr))
 1276              		.loc 1 562 13 view .LVU412
 1277 00ac 0D4A     		ldr	r2, .L78+16
 1278 00ae 0A40     		ands	r2, r2, r1
 1279              	.LVL83:
 563:Drivers/STM32G4xx_HAL_Driver/Src/stm32g4xx_hal_tim_ex.c ****     {
 1280              		.loc 1 563 5 is_stmt 1 view .LVU413
 563:Drivers/STM32G4xx_HAL_Driver/Src/stm32g4xx_hal_tim_ex.c ****     {
 1281              		.loc 1 563 8 is_stmt 0 view .LVU414
 1282 00b0 062A     		cmp	r2, #6
 1283 00b2 0AD0     		beq	.L68
 563:Drivers/STM32G4xx_HAL_Driver/Src/stm32g4xx_hal_tim_ex.c ****     {
 1284              		.loc 1 563 9 discriminator 1 view .LVU415
 1285 00b4 B2F5803F 		cmp	r2, #65536
 1286 00b8 07D0     		beq	.L68
 565:Drivers/STM32G4xx_HAL_Driver/Src/stm32g4xx_hal_tim_ex.c ****     }
 1287              		.loc 1 565 7 is_stmt 1 view .LVU416
 1288 00ba 1A68     		ldr	r2, [r3]
 1289              	.LVL84:
 565:Drivers/STM32G4xx_HAL_Driver/Src/stm32g4xx_hal_tim_ex.c ****     }
 1290              		.loc 1 565 7 is_stmt 0 view .LVU417
 1291 00bc 42F00102 		orr	r2, r2, #1
 1292 00c0 1A60     		str	r2, [r3]
 1293 00c2 02E0     		b	.L68
 1294              	.LVL85:
 1295              	.L71:
 519:Drivers/STM32G4xx_HAL_Driver/Src/stm32g4xx_hal_tim_ex.c ****   }
 1296              		.loc 1 519 12 view .LVU418
 1297 00c4 2846     		mov	r0, r5
 1298              	.LVL86:
 519:Drivers/STM32G4xx_HAL_Driver/Src/stm32g4xx_hal_tim_ex.c ****   }
 1299              		.loc 1 519 12 view .LVU419
 1300 00c6 00E0     		b	.L68
 1301              	.LVL87:
 1302              	.L72:
 536:Drivers/STM32G4xx_HAL_Driver/Src/stm32g4xx_hal_tim_ex.c ****   }
 1303              		.loc 1 536 12 view .LVU420
ARM GAS  C:\Users\Booster\AppData\Local\Temp\ccs9w8jc.s 			page 95


 1304 00c8 0120     		movs	r0, #1
 1305              	.LVL88:
 1306              	.L68:
 575:Drivers/STM32G4xx_HAL_Driver/Src/stm32g4xx_hal_tim_ex.c **** 
 1307              		.loc 1 575 1 view .LVU421
 1308 00ca F8BD     		pop	{r3, r4, r5, r6, r7, pc}
 1309              	.LVL89:
 1310              	.L73:
 526:Drivers/STM32G4xx_HAL_Driver/Src/stm32g4xx_hal_tim_ex.c ****     }
 1311              		.loc 1 526 14 view .LVU422
 1312 00cc 2846     		mov	r0, r5
 1313              	.LVL90:
 526:Drivers/STM32G4xx_HAL_Driver/Src/stm32g4xx_hal_tim_ex.c ****     }
 1314              		.loc 1 526 14 view .LVU423
 1315 00ce FCE7     		b	.L68
 1316              	.LVL91:
 1317              	.L75:
 554:Drivers/STM32G4xx_HAL_Driver/Src/stm32g4xx_hal_tim_ex.c ****   }
 1318              		.loc 1 554 12 view .LVU424
 1319 00d0 2846     		mov	r0, r5
 1320 00d2 FAE7     		b	.L68
 1321              	.L79:
 1322              		.align	2
 1323              	.L78:
 1324 00d4 00000000 		.word	TIM_DMACaptureCplt
 1325 00d8 00000000 		.word	TIM_DMACaptureHalfCplt
 1326 00dc 00000000 		.word	TIM_DMAError
 1327 00e0 002C0140 		.word	1073818624
 1328 00e4 07000100 		.word	65543
 1329              		.cfi_endproc
 1330              	.LFE337:
 1332              		.section	.text.HAL_TIMEx_HallSensor_Stop_DMA,"ax",%progbits
 1333              		.align	1
 1334              		.global	HAL_TIMEx_HallSensor_Stop_DMA
 1335              		.syntax unified
 1336              		.thumb
 1337              		.thumb_func
 1339              	HAL_TIMEx_HallSensor_Stop_DMA:
 1340              	.LVL92:
 1341              	.LFB338:
 583:Drivers/STM32G4xx_HAL_Driver/Src/stm32g4xx_hal_tim_ex.c ****   /* Check the parameters */
 1342              		.loc 1 583 1 is_stmt 1 view -0
 1343              		.cfi_startproc
 1344              		@ args = 0, pretend = 0, frame = 0
 1345              		@ frame_needed = 0, uses_anonymous_args = 0
 583:Drivers/STM32G4xx_HAL_Driver/Src/stm32g4xx_hal_tim_ex.c ****   /* Check the parameters */
 1346              		.loc 1 583 1 is_stmt 0 view .LVU426
 1347 0000 10B5     		push	{r4, lr}
 1348              	.LCFI13:
 1349              		.cfi_def_cfa_offset 8
 1350              		.cfi_offset 4, -8
 1351              		.cfi_offset 14, -4
 1352 0002 0446     		mov	r4, r0
 585:Drivers/STM32G4xx_HAL_Driver/Src/stm32g4xx_hal_tim_ex.c **** 
 1353              		.loc 1 585 3 is_stmt 1 view .LVU427
 590:Drivers/STM32G4xx_HAL_Driver/Src/stm32g4xx_hal_tim_ex.c **** 
 1354              		.loc 1 590 3 view .LVU428
ARM GAS  C:\Users\Booster\AppData\Local\Temp\ccs9w8jc.s 			page 96


 1355 0004 0022     		movs	r2, #0
 1356 0006 1146     		mov	r1, r2
 1357 0008 0068     		ldr	r0, [r0]
 1358              	.LVL93:
 590:Drivers/STM32G4xx_HAL_Driver/Src/stm32g4xx_hal_tim_ex.c **** 
 1359              		.loc 1 590 3 is_stmt 0 view .LVU429
 1360 000a FFF7FEFF 		bl	TIM_CCxChannelCmd
 1361              	.LVL94:
 594:Drivers/STM32G4xx_HAL_Driver/Src/stm32g4xx_hal_tim_ex.c **** 
 1362              		.loc 1 594 3 is_stmt 1 view .LVU430
 1363 000e 2268     		ldr	r2, [r4]
 1364 0010 D368     		ldr	r3, [r2, #12]
 1365 0012 23F40073 		bic	r3, r3, #512
 1366 0016 D360     		str	r3, [r2, #12]
 596:Drivers/STM32G4xx_HAL_Driver/Src/stm32g4xx_hal_tim_ex.c **** 
 1367              		.loc 1 596 3 view .LVU431
 596:Drivers/STM32G4xx_HAL_Driver/Src/stm32g4xx_hal_tim_ex.c **** 
 1368              		.loc 1 596 9 is_stmt 0 view .LVU432
 1369 0018 606A     		ldr	r0, [r4, #36]
 1370 001a FFF7FEFF 		bl	HAL_DMA_Abort_IT
 1371              	.LVL95:
 599:Drivers/STM32G4xx_HAL_Driver/Src/stm32g4xx_hal_tim_ex.c **** 
 1372              		.loc 1 599 3 is_stmt 1 view .LVU433
 599:Drivers/STM32G4xx_HAL_Driver/Src/stm32g4xx_hal_tim_ex.c **** 
 1373              		.loc 1 599 3 view .LVU434
 1374 001e 2368     		ldr	r3, [r4]
 1375 0020 196A     		ldr	r1, [r3, #32]
 1376 0022 41F21112 		movw	r2, #4369
 1377 0026 1142     		tst	r1, r2
 1378 0028 08D1     		bne	.L81
 599:Drivers/STM32G4xx_HAL_Driver/Src/stm32g4xx_hal_tim_ex.c **** 
 1379              		.loc 1 599 3 discriminator 1 view .LVU435
 1380 002a 196A     		ldr	r1, [r3, #32]
 1381 002c 44F24442 		movw	r2, #17476
 1382 0030 1142     		tst	r1, r2
 1383 0032 03D1     		bne	.L81
 599:Drivers/STM32G4xx_HAL_Driver/Src/stm32g4xx_hal_tim_ex.c **** 
 1384              		.loc 1 599 3 discriminator 3 view .LVU436
 1385 0034 1A68     		ldr	r2, [r3]
 1386 0036 22F00102 		bic	r2, r2, #1
 1387 003a 1A60     		str	r2, [r3]
 1388              	.L81:
 599:Drivers/STM32G4xx_HAL_Driver/Src/stm32g4xx_hal_tim_ex.c **** 
 1389              		.loc 1 599 3 discriminator 5 view .LVU437
 602:Drivers/STM32G4xx_HAL_Driver/Src/stm32g4xx_hal_tim_ex.c ****   TIM_CHANNEL_N_STATE_SET(htim, TIM_CHANNEL_1, HAL_TIM_CHANNEL_STATE_READY);
 1390              		.loc 1 602 3 discriminator 5 view .LVU438
 1391 003c 0123     		movs	r3, #1
 1392 003e 84F83E30 		strb	r3, [r4, #62]
 603:Drivers/STM32G4xx_HAL_Driver/Src/stm32g4xx_hal_tim_ex.c **** 
 1393              		.loc 1 603 3 discriminator 5 view .LVU439
 1394 0042 84F84430 		strb	r3, [r4, #68]
 606:Drivers/STM32G4xx_HAL_Driver/Src/stm32g4xx_hal_tim_ex.c **** }
 1395              		.loc 1 606 3 discriminator 5 view .LVU440
 607:Drivers/STM32G4xx_HAL_Driver/Src/stm32g4xx_hal_tim_ex.c **** 
 1396              		.loc 1 607 1 is_stmt 0 discriminator 5 view .LVU441
 1397 0046 0020     		movs	r0, #0
 1398 0048 10BD     		pop	{r4, pc}
ARM GAS  C:\Users\Booster\AppData\Local\Temp\ccs9w8jc.s 			page 97


 607:Drivers/STM32G4xx_HAL_Driver/Src/stm32g4xx_hal_tim_ex.c **** 
 1399              		.loc 1 607 1 discriminator 5 view .LVU442
 1400              		.cfi_endproc
 1401              	.LFE338:
 1403              		.section	.text.HAL_TIMEx_OCN_Start,"ax",%progbits
 1404              		.align	1
 1405              		.global	HAL_TIMEx_OCN_Start
 1406              		.syntax unified
 1407              		.thumb
 1408              		.thumb_func
 1410              	HAL_TIMEx_OCN_Start:
 1411              	.LVL96:
 1412              	.LFB339:
 646:Drivers/STM32G4xx_HAL_Driver/Src/stm32g4xx_hal_tim_ex.c ****   uint32_t tmpsmcr;
 1413              		.loc 1 646 1 is_stmt 1 view -0
 1414              		.cfi_startproc
 1415              		@ args = 0, pretend = 0, frame = 0
 1416              		@ frame_needed = 0, uses_anonymous_args = 0
 646:Drivers/STM32G4xx_HAL_Driver/Src/stm32g4xx_hal_tim_ex.c ****   uint32_t tmpsmcr;
 1417              		.loc 1 646 1 is_stmt 0 view .LVU444
 1418 0000 10B5     		push	{r4, lr}
 1419              	.LCFI14:
 1420              		.cfi_def_cfa_offset 8
 1421              		.cfi_offset 4, -8
 1422              		.cfi_offset 14, -4
 1423 0002 0446     		mov	r4, r0
 647:Drivers/STM32G4xx_HAL_Driver/Src/stm32g4xx_hal_tim_ex.c **** 
 1424              		.loc 1 647 3 is_stmt 1 view .LVU445
 650:Drivers/STM32G4xx_HAL_Driver/Src/stm32g4xx_hal_tim_ex.c **** 
 1425              		.loc 1 650 3 view .LVU446
 653:Drivers/STM32G4xx_HAL_Driver/Src/stm32g4xx_hal_tim_ex.c ****   {
 1426              		.loc 1 653 3 view .LVU447
 653:Drivers/STM32G4xx_HAL_Driver/Src/stm32g4xx_hal_tim_ex.c ****   {
 1427              		.loc 1 653 46 is_stmt 0 view .LVU448
 1428 0004 0846     		mov	r0, r1
 1429              	.LVL97:
 653:Drivers/STM32G4xx_HAL_Driver/Src/stm32g4xx_hal_tim_ex.c ****   {
 1430              		.loc 1 653 46 view .LVU449
 1431 0006 0029     		cmp	r1, #0
 1432 0008 33D1     		bne	.L84
 653:Drivers/STM32G4xx_HAL_Driver/Src/stm32g4xx_hal_tim_ex.c ****   {
 1433              		.loc 1 653 7 discriminator 1 view .LVU450
 1434 000a 94F84430 		ldrb	r3, [r4, #68]	@ zero_extendqisi2
 1435 000e DBB2     		uxtb	r3, r3
 653:Drivers/STM32G4xx_HAL_Driver/Src/stm32g4xx_hal_tim_ex.c ****   {
 1436              		.loc 1 653 46 discriminator 1 view .LVU451
 1437 0010 013B     		subs	r3, r3, #1
 1438 0012 18BF     		it	ne
 1439 0014 0123     		movne	r3, #1
 1440              	.L85:
 653:Drivers/STM32G4xx_HAL_Driver/Src/stm32g4xx_hal_tim_ex.c ****   {
 1441              		.loc 1 653 6 discriminator 12 view .LVU452
 1442 0016 002B     		cmp	r3, #0
 1443 0018 62D1     		bne	.L95
 659:Drivers/STM32G4xx_HAL_Driver/Src/stm32g4xx_hal_tim_ex.c **** 
 1444              		.loc 1 659 3 is_stmt 1 view .LVU453
 1445 001a 0028     		cmp	r0, #0
ARM GAS  C:\Users\Booster\AppData\Local\Temp\ccs9w8jc.s 			page 98


 1446 001c 42D1     		bne	.L89
 659:Drivers/STM32G4xx_HAL_Driver/Src/stm32g4xx_hal_tim_ex.c **** 
 1447              		.loc 1 659 3 is_stmt 0 discriminator 1 view .LVU454
 1448 001e 0223     		movs	r3, #2
 1449 0020 84F84430 		strb	r3, [r4, #68]
 1450              	.L90:
 662:Drivers/STM32G4xx_HAL_Driver/Src/stm32g4xx_hal_tim_ex.c **** 
 1451              		.loc 1 662 3 is_stmt 1 view .LVU455
 1452 0024 0422     		movs	r2, #4
 1453 0026 0146     		mov	r1, r0
 1454              	.LVL98:
 662:Drivers/STM32G4xx_HAL_Driver/Src/stm32g4xx_hal_tim_ex.c **** 
 1455              		.loc 1 662 3 is_stmt 0 view .LVU456
 1456 0028 2068     		ldr	r0, [r4]
 1457              	.LVL99:
 662:Drivers/STM32G4xx_HAL_Driver/Src/stm32g4xx_hal_tim_ex.c **** 
 1458              		.loc 1 662 3 view .LVU457
 1459 002a FFF7FEFF 		bl	TIM_CCxNChannelCmd
 1460              	.LVL100:
 665:Drivers/STM32G4xx_HAL_Driver/Src/stm32g4xx_hal_tim_ex.c **** 
 1461              		.loc 1 665 3 is_stmt 1 view .LVU458
 1462 002e 2268     		ldr	r2, [r4]
 1463 0030 536C     		ldr	r3, [r2, #68]
 1464 0032 43F40043 		orr	r3, r3, #32768
 1465 0036 5364     		str	r3, [r2, #68]
 668:Drivers/STM32G4xx_HAL_Driver/Src/stm32g4xx_hal_tim_ex.c ****   {
 1466              		.loc 1 668 3 view .LVU459
 668:Drivers/STM32G4xx_HAL_Driver/Src/stm32g4xx_hal_tim_ex.c ****   {
 1467              		.loc 1 668 7 is_stmt 0 view .LVU460
 1468 0038 2368     		ldr	r3, [r4]
 668:Drivers/STM32G4xx_HAL_Driver/Src/stm32g4xx_hal_tim_ex.c ****   {
 1469              		.loc 1 668 6 view .LVU461
 1470 003a 2C4A     		ldr	r2, .L103
 1471 003c 9342     		cmp	r3, r2
 1472 003e 41D0     		beq	.L93
 668:Drivers/STM32G4xx_HAL_Driver/Src/stm32g4xx_hal_tim_ex.c ****   {
 1473              		.loc 1 668 7 discriminator 1 view .LVU462
 1474 0040 B3F1804F 		cmp	r3, #1073741824
 1475 0044 3ED0     		beq	.L93
 668:Drivers/STM32G4xx_HAL_Driver/Src/stm32g4xx_hal_tim_ex.c ****   {
 1476              		.loc 1 668 7 discriminator 2 view .LVU463
 1477 0046 A2F59432 		sub	r2, r2, #75776
 1478 004a 9342     		cmp	r3, r2
 1479 004c 3AD0     		beq	.L93
 668:Drivers/STM32G4xx_HAL_Driver/Src/stm32g4xx_hal_tim_ex.c ****   {
 1480              		.loc 1 668 7 discriminator 3 view .LVU464
 1481 004e 02F58062 		add	r2, r2, #1024
 1482 0052 9342     		cmp	r3, r2
 1483 0054 36D0     		beq	.L93
 668:Drivers/STM32G4xx_HAL_Driver/Src/stm32g4xx_hal_tim_ex.c ****   {
 1484              		.loc 1 668 7 discriminator 4 view .LVU465
 1485 0056 02F59632 		add	r2, r2, #76800
 1486 005a 9342     		cmp	r3, r2
 1487 005c 32D0     		beq	.L93
 668:Drivers/STM32G4xx_HAL_Driver/Src/stm32g4xx_hal_tim_ex.c ****   {
 1488              		.loc 1 668 7 discriminator 5 view .LVU466
 1489 005e 02F54062 		add	r2, r2, #3072
ARM GAS  C:\Users\Booster\AppData\Local\Temp\ccs9w8jc.s 			page 99


 1490 0062 9342     		cmp	r3, r2
 1491 0064 2ED0     		beq	.L93
 678:Drivers/STM32G4xx_HAL_Driver/Src/stm32g4xx_hal_tim_ex.c ****   }
 1492              		.loc 1 678 5 is_stmt 1 view .LVU467
 1493 0066 1A68     		ldr	r2, [r3]
 1494 0068 42F00102 		orr	r2, r2, #1
 1495 006c 1A60     		str	r2, [r3]
 682:Drivers/STM32G4xx_HAL_Driver/Src/stm32g4xx_hal_tim_ex.c **** }
 1496              		.loc 1 682 10 is_stmt 0 view .LVU468
 1497 006e 0020     		movs	r0, #0
 1498 0070 37E0     		b	.L88
 1499              	.LVL101:
 1500              	.L84:
 653:Drivers/STM32G4xx_HAL_Driver/Src/stm32g4xx_hal_tim_ex.c ****   {
 1501              		.loc 1 653 46 discriminator 2 view .LVU469
 1502 0072 0429     		cmp	r1, #4
 1503 0074 08D0     		beq	.L99
 653:Drivers/STM32G4xx_HAL_Driver/Src/stm32g4xx_hal_tim_ex.c ****   {
 1504              		.loc 1 653 46 discriminator 5 view .LVU470
 1505 0076 0829     		cmp	r1, #8
 1506 0078 0DD0     		beq	.L100
 653:Drivers/STM32G4xx_HAL_Driver/Src/stm32g4xx_hal_tim_ex.c ****   {
 1507              		.loc 1 653 7 discriminator 8 view .LVU471
 1508 007a 94F84730 		ldrb	r3, [r4, #71]	@ zero_extendqisi2
 1509 007e DBB2     		uxtb	r3, r3
 653:Drivers/STM32G4xx_HAL_Driver/Src/stm32g4xx_hal_tim_ex.c ****   {
 1510              		.loc 1 653 46 discriminator 8 view .LVU472
 1511 0080 013B     		subs	r3, r3, #1
 1512 0082 18BF     		it	ne
 1513 0084 0123     		movne	r3, #1
 1514 0086 C6E7     		b	.L85
 1515              	.L99:
 653:Drivers/STM32G4xx_HAL_Driver/Src/stm32g4xx_hal_tim_ex.c ****   {
 1516              		.loc 1 653 7 discriminator 4 view .LVU473
 1517 0088 94F84530 		ldrb	r3, [r4, #69]	@ zero_extendqisi2
 1518 008c DBB2     		uxtb	r3, r3
 653:Drivers/STM32G4xx_HAL_Driver/Src/stm32g4xx_hal_tim_ex.c ****   {
 1519              		.loc 1 653 46 discriminator 4 view .LVU474
 1520 008e 013B     		subs	r3, r3, #1
 1521 0090 18BF     		it	ne
 1522 0092 0123     		movne	r3, #1
 1523 0094 BFE7     		b	.L85
 1524              	.L100:
 653:Drivers/STM32G4xx_HAL_Driver/Src/stm32g4xx_hal_tim_ex.c ****   {
 1525              		.loc 1 653 7 discriminator 7 view .LVU475
 1526 0096 94F84630 		ldrb	r3, [r4, #70]	@ zero_extendqisi2
 1527 009a DBB2     		uxtb	r3, r3
 653:Drivers/STM32G4xx_HAL_Driver/Src/stm32g4xx_hal_tim_ex.c ****   {
 1528              		.loc 1 653 46 discriminator 7 view .LVU476
 1529 009c 013B     		subs	r3, r3, #1
 1530 009e 18BF     		it	ne
 1531 00a0 0123     		movne	r3, #1
 1532 00a2 B8E7     		b	.L85
 1533              	.L89:
 659:Drivers/STM32G4xx_HAL_Driver/Src/stm32g4xx_hal_tim_ex.c **** 
 1534              		.loc 1 659 3 discriminator 2 view .LVU477
 1535 00a4 0428     		cmp	r0, #4
ARM GAS  C:\Users\Booster\AppData\Local\Temp\ccs9w8jc.s 			page 100


 1536 00a6 05D0     		beq	.L101
 659:Drivers/STM32G4xx_HAL_Driver/Src/stm32g4xx_hal_tim_ex.c **** 
 1537              		.loc 1 659 3 discriminator 4 view .LVU478
 1538 00a8 0828     		cmp	r0, #8
 1539 00aa 07D0     		beq	.L102
 659:Drivers/STM32G4xx_HAL_Driver/Src/stm32g4xx_hal_tim_ex.c **** 
 1540              		.loc 1 659 3 discriminator 7 view .LVU479
 1541 00ac 0223     		movs	r3, #2
 1542 00ae 84F84730 		strb	r3, [r4, #71]
 1543 00b2 B7E7     		b	.L90
 1544              	.L101:
 659:Drivers/STM32G4xx_HAL_Driver/Src/stm32g4xx_hal_tim_ex.c **** 
 1545              		.loc 1 659 3 discriminator 3 view .LVU480
 1546 00b4 0223     		movs	r3, #2
 1547 00b6 84F84530 		strb	r3, [r4, #69]
 1548 00ba B3E7     		b	.L90
 1549              	.L102:
 659:Drivers/STM32G4xx_HAL_Driver/Src/stm32g4xx_hal_tim_ex.c **** 
 1550              		.loc 1 659 3 discriminator 6 view .LVU481
 1551 00bc 0223     		movs	r3, #2
 1552 00be 84F84630 		strb	r3, [r4, #70]
 1553 00c2 AFE7     		b	.L90
 1554              	.LVL102:
 1555              	.L93:
 670:Drivers/STM32G4xx_HAL_Driver/Src/stm32g4xx_hal_tim_ex.c ****     if (!IS_TIM_SLAVEMODE_TRIGGER_ENABLED(tmpsmcr))
 1556              		.loc 1 670 5 is_stmt 1 view .LVU482
 670:Drivers/STM32G4xx_HAL_Driver/Src/stm32g4xx_hal_tim_ex.c ****     if (!IS_TIM_SLAVEMODE_TRIGGER_ENABLED(tmpsmcr))
 1557              		.loc 1 670 29 is_stmt 0 view .LVU483
 1558 00c4 9968     		ldr	r1, [r3, #8]
 670:Drivers/STM32G4xx_HAL_Driver/Src/stm32g4xx_hal_tim_ex.c ****     if (!IS_TIM_SLAVEMODE_TRIGGER_ENABLED(tmpsmcr))
 1559              		.loc 1 670 13 view .LVU484
 1560 00c6 0A4A     		ldr	r2, .L103+4
 1561 00c8 0A40     		ands	r2, r2, r1
 1562              	.LVL103:
 671:Drivers/STM32G4xx_HAL_Driver/Src/stm32g4xx_hal_tim_ex.c ****     {
 1563              		.loc 1 671 5 is_stmt 1 view .LVU485
 671:Drivers/STM32G4xx_HAL_Driver/Src/stm32g4xx_hal_tim_ex.c ****     {
 1564              		.loc 1 671 8 is_stmt 0 view .LVU486
 1565 00ca 062A     		cmp	r2, #6
 1566 00cc 0AD0     		beq	.L96
 671:Drivers/STM32G4xx_HAL_Driver/Src/stm32g4xx_hal_tim_ex.c ****     {
 1567              		.loc 1 671 9 discriminator 1 view .LVU487
 1568 00ce B2F5803F 		cmp	r2, #65536
 1569 00d2 09D0     		beq	.L97
 673:Drivers/STM32G4xx_HAL_Driver/Src/stm32g4xx_hal_tim_ex.c ****     }
 1570              		.loc 1 673 7 is_stmt 1 view .LVU488
 1571 00d4 1A68     		ldr	r2, [r3]
 1572              	.LVL104:
 673:Drivers/STM32G4xx_HAL_Driver/Src/stm32g4xx_hal_tim_ex.c ****     }
 1573              		.loc 1 673 7 is_stmt 0 view .LVU489
 1574 00d6 42F00102 		orr	r2, r2, #1
 1575 00da 1A60     		str	r2, [r3]
 682:Drivers/STM32G4xx_HAL_Driver/Src/stm32g4xx_hal_tim_ex.c **** }
 1576              		.loc 1 682 10 view .LVU490
 1577 00dc 0020     		movs	r0, #0
 1578 00de 00E0     		b	.L88
 1579              	.LVL105:
ARM GAS  C:\Users\Booster\AppData\Local\Temp\ccs9w8jc.s 			page 101


 1580              	.L95:
 655:Drivers/STM32G4xx_HAL_Driver/Src/stm32g4xx_hal_tim_ex.c ****   }
 1581              		.loc 1 655 12 view .LVU491
 1582 00e0 0120     		movs	r0, #1
 1583              	.LVL106:
 1584              	.L88:
 683:Drivers/STM32G4xx_HAL_Driver/Src/stm32g4xx_hal_tim_ex.c **** 
 1585              		.loc 1 683 1 view .LVU492
 1586 00e2 10BD     		pop	{r4, pc}
 1587              	.LVL107:
 1588              	.L96:
 682:Drivers/STM32G4xx_HAL_Driver/Src/stm32g4xx_hal_tim_ex.c **** }
 1589              		.loc 1 682 10 view .LVU493
 1590 00e4 0020     		movs	r0, #0
 1591 00e6 FCE7     		b	.L88
 1592              	.L97:
 1593 00e8 0020     		movs	r0, #0
 1594 00ea FAE7     		b	.L88
 1595              	.L104:
 1596              		.align	2
 1597              	.L103:
 1598 00ec 002C0140 		.word	1073818624
 1599 00f0 07000100 		.word	65543
 1600              		.cfi_endproc
 1601              	.LFE339:
 1603              		.section	.text.HAL_TIMEx_OCN_Stop,"ax",%progbits
 1604              		.align	1
 1605              		.global	HAL_TIMEx_OCN_Stop
 1606              		.syntax unified
 1607              		.thumb
 1608              		.thumb_func
 1610              	HAL_TIMEx_OCN_Stop:
 1611              	.LVL108:
 1612              	.LFB340:
 698:Drivers/STM32G4xx_HAL_Driver/Src/stm32g4xx_hal_tim_ex.c ****   /* Check the parameters */
 1613              		.loc 1 698 1 is_stmt 1 view -0
 1614              		.cfi_startproc
 1615              		@ args = 0, pretend = 0, frame = 0
 1616              		@ frame_needed = 0, uses_anonymous_args = 0
 698:Drivers/STM32G4xx_HAL_Driver/Src/stm32g4xx_hal_tim_ex.c ****   /* Check the parameters */
 1617              		.loc 1 698 1 is_stmt 0 view .LVU495
 1618 0000 38B5     		push	{r3, r4, r5, lr}
 1619              	.LCFI15:
 1620              		.cfi_def_cfa_offset 16
 1621              		.cfi_offset 3, -16
 1622              		.cfi_offset 4, -12
 1623              		.cfi_offset 5, -8
 1624              		.cfi_offset 14, -4
 1625 0002 0446     		mov	r4, r0
 1626 0004 0D46     		mov	r5, r1
 700:Drivers/STM32G4xx_HAL_Driver/Src/stm32g4xx_hal_tim_ex.c **** 
 1627              		.loc 1 700 3 is_stmt 1 view .LVU496
 703:Drivers/STM32G4xx_HAL_Driver/Src/stm32g4xx_hal_tim_ex.c **** 
 1628              		.loc 1 703 3 view .LVU497
 1629 0006 0022     		movs	r2, #0
 1630 0008 0068     		ldr	r0, [r0]
 1631              	.LVL109:
ARM GAS  C:\Users\Booster\AppData\Local\Temp\ccs9w8jc.s 			page 102


 703:Drivers/STM32G4xx_HAL_Driver/Src/stm32g4xx_hal_tim_ex.c **** 
 1632              		.loc 1 703 3 is_stmt 0 view .LVU498
 1633 000a FFF7FEFF 		bl	TIM_CCxNChannelCmd
 1634              	.LVL110:
 706:Drivers/STM32G4xx_HAL_Driver/Src/stm32g4xx_hal_tim_ex.c **** 
 1635              		.loc 1 706 3 is_stmt 1 view .LVU499
 706:Drivers/STM32G4xx_HAL_Driver/Src/stm32g4xx_hal_tim_ex.c **** 
 1636              		.loc 1 706 3 view .LVU500
 1637 000e 2368     		ldr	r3, [r4]
 1638 0010 196A     		ldr	r1, [r3, #32]
 1639 0012 41F21112 		movw	r2, #4369
 1640 0016 1142     		tst	r1, r2
 1641 0018 08D1     		bne	.L106
 706:Drivers/STM32G4xx_HAL_Driver/Src/stm32g4xx_hal_tim_ex.c **** 
 1642              		.loc 1 706 3 discriminator 1 view .LVU501
 1643 001a 196A     		ldr	r1, [r3, #32]
 1644 001c 44F24442 		movw	r2, #17476
 1645 0020 1142     		tst	r1, r2
 1646 0022 03D1     		bne	.L106
 706:Drivers/STM32G4xx_HAL_Driver/Src/stm32g4xx_hal_tim_ex.c **** 
 1647              		.loc 1 706 3 discriminator 3 view .LVU502
 1648 0024 5A6C     		ldr	r2, [r3, #68]
 1649 0026 22F40042 		bic	r2, r2, #32768
 1650 002a 5A64     		str	r2, [r3, #68]
 1651              	.L106:
 706:Drivers/STM32G4xx_HAL_Driver/Src/stm32g4xx_hal_tim_ex.c **** 
 1652              		.loc 1 706 3 discriminator 5 view .LVU503
 709:Drivers/STM32G4xx_HAL_Driver/Src/stm32g4xx_hal_tim_ex.c **** 
 1653              		.loc 1 709 3 discriminator 5 view .LVU504
 709:Drivers/STM32G4xx_HAL_Driver/Src/stm32g4xx_hal_tim_ex.c **** 
 1654              		.loc 1 709 3 discriminator 5 view .LVU505
 1655 002c 2368     		ldr	r3, [r4]
 1656 002e 196A     		ldr	r1, [r3, #32]
 1657 0030 41F21112 		movw	r2, #4369
 1658 0034 1142     		tst	r1, r2
 1659 0036 08D1     		bne	.L107
 709:Drivers/STM32G4xx_HAL_Driver/Src/stm32g4xx_hal_tim_ex.c **** 
 1660              		.loc 1 709 3 discriminator 1 view .LVU506
 1661 0038 196A     		ldr	r1, [r3, #32]
 1662 003a 44F24442 		movw	r2, #17476
 1663 003e 1142     		tst	r1, r2
 1664 0040 03D1     		bne	.L107
 709:Drivers/STM32G4xx_HAL_Driver/Src/stm32g4xx_hal_tim_ex.c **** 
 1665              		.loc 1 709 3 discriminator 3 view .LVU507
 1666 0042 1A68     		ldr	r2, [r3]
 1667 0044 22F00102 		bic	r2, r2, #1
 1668 0048 1A60     		str	r2, [r3]
 1669              	.L107:
 709:Drivers/STM32G4xx_HAL_Driver/Src/stm32g4xx_hal_tim_ex.c **** 
 1670              		.loc 1 709 3 discriminator 5 view .LVU508
 712:Drivers/STM32G4xx_HAL_Driver/Src/stm32g4xx_hal_tim_ex.c **** 
 1671              		.loc 1 712 3 discriminator 5 view .LVU509
 1672 004a 25B9     		cbnz	r5, .L108
 712:Drivers/STM32G4xx_HAL_Driver/Src/stm32g4xx_hal_tim_ex.c **** 
 1673              		.loc 1 712 3 is_stmt 0 discriminator 1 view .LVU510
 1674 004c 0123     		movs	r3, #1
 1675 004e 84F84430 		strb	r3, [r4, #68]
ARM GAS  C:\Users\Booster\AppData\Local\Temp\ccs9w8jc.s 			page 103


 1676              	.L109:
 715:Drivers/STM32G4xx_HAL_Driver/Src/stm32g4xx_hal_tim_ex.c **** }
 1677              		.loc 1 715 3 is_stmt 1 view .LVU511
 716:Drivers/STM32G4xx_HAL_Driver/Src/stm32g4xx_hal_tim_ex.c **** 
 1678              		.loc 1 716 1 is_stmt 0 view .LVU512
 1679 0052 0020     		movs	r0, #0
 1680 0054 38BD     		pop	{r3, r4, r5, pc}
 1681              	.LVL111:
 1682              	.L108:
 712:Drivers/STM32G4xx_HAL_Driver/Src/stm32g4xx_hal_tim_ex.c **** 
 1683              		.loc 1 712 3 discriminator 2 view .LVU513
 1684 0056 042D     		cmp	r5, #4
 1685 0058 05D0     		beq	.L113
 712:Drivers/STM32G4xx_HAL_Driver/Src/stm32g4xx_hal_tim_ex.c **** 
 1686              		.loc 1 712 3 discriminator 4 view .LVU514
 1687 005a 082D     		cmp	r5, #8
 1688 005c 07D0     		beq	.L114
 712:Drivers/STM32G4xx_HAL_Driver/Src/stm32g4xx_hal_tim_ex.c **** 
 1689              		.loc 1 712 3 discriminator 7 view .LVU515
 1690 005e 0123     		movs	r3, #1
 1691 0060 84F84730 		strb	r3, [r4, #71]
 1692 0064 F5E7     		b	.L109
 1693              	.L113:
 712:Drivers/STM32G4xx_HAL_Driver/Src/stm32g4xx_hal_tim_ex.c **** 
 1694              		.loc 1 712 3 discriminator 3 view .LVU516
 1695 0066 0123     		movs	r3, #1
 1696 0068 84F84530 		strb	r3, [r4, #69]
 1697 006c F1E7     		b	.L109
 1698              	.L114:
 712:Drivers/STM32G4xx_HAL_Driver/Src/stm32g4xx_hal_tim_ex.c **** 
 1699              		.loc 1 712 3 discriminator 6 view .LVU517
 1700 006e 0123     		movs	r3, #1
 1701 0070 84F84630 		strb	r3, [r4, #70]
 1702 0074 EDE7     		b	.L109
 1703              		.cfi_endproc
 1704              	.LFE340:
 1706              		.section	.text.HAL_TIMEx_OCN_Start_IT,"ax",%progbits
 1707              		.align	1
 1708              		.global	HAL_TIMEx_OCN_Start_IT
 1709              		.syntax unified
 1710              		.thumb
 1711              		.thumb_func
 1713              	HAL_TIMEx_OCN_Start_IT:
 1714              	.LVL112:
 1715              	.LFB341:
 731:Drivers/STM32G4xx_HAL_Driver/Src/stm32g4xx_hal_tim_ex.c ****   HAL_StatusTypeDef status = HAL_OK;
 1716              		.loc 1 731 1 is_stmt 1 view -0
 1717              		.cfi_startproc
 1718              		@ args = 0, pretend = 0, frame = 0
 1719              		@ frame_needed = 0, uses_anonymous_args = 0
 731:Drivers/STM32G4xx_HAL_Driver/Src/stm32g4xx_hal_tim_ex.c ****   HAL_StatusTypeDef status = HAL_OK;
 1720              		.loc 1 731 1 is_stmt 0 view .LVU519
 1721 0000 10B5     		push	{r4, lr}
 1722              	.LCFI16:
 1723              		.cfi_def_cfa_offset 8
 1724              		.cfi_offset 4, -8
 1725              		.cfi_offset 14, -4
ARM GAS  C:\Users\Booster\AppData\Local\Temp\ccs9w8jc.s 			page 104


 1726 0002 0446     		mov	r4, r0
 732:Drivers/STM32G4xx_HAL_Driver/Src/stm32g4xx_hal_tim_ex.c ****   uint32_t tmpsmcr;
 1727              		.loc 1 732 3 is_stmt 1 view .LVU520
 1728              	.LVL113:
 733:Drivers/STM32G4xx_HAL_Driver/Src/stm32g4xx_hal_tim_ex.c **** 
 1729              		.loc 1 733 3 view .LVU521
 736:Drivers/STM32G4xx_HAL_Driver/Src/stm32g4xx_hal_tim_ex.c **** 
 1730              		.loc 1 736 3 view .LVU522
 739:Drivers/STM32G4xx_HAL_Driver/Src/stm32g4xx_hal_tim_ex.c ****   {
 1731              		.loc 1 739 3 view .LVU523
 739:Drivers/STM32G4xx_HAL_Driver/Src/stm32g4xx_hal_tim_ex.c ****   {
 1732              		.loc 1 739 46 is_stmt 0 view .LVU524
 1733 0004 0846     		mov	r0, r1
 1734              	.LVL114:
 739:Drivers/STM32G4xx_HAL_Driver/Src/stm32g4xx_hal_tim_ex.c ****   {
 1735              		.loc 1 739 46 view .LVU525
 1736 0006 0029     		cmp	r1, #0
 1737 0008 3ED1     		bne	.L116
 739:Drivers/STM32G4xx_HAL_Driver/Src/stm32g4xx_hal_tim_ex.c ****   {
 1738              		.loc 1 739 7 discriminator 1 view .LVU526
 1739 000a 94F84430 		ldrb	r3, [r4, #68]	@ zero_extendqisi2
 1740 000e DBB2     		uxtb	r3, r3
 739:Drivers/STM32G4xx_HAL_Driver/Src/stm32g4xx_hal_tim_ex.c ****   {
 1741              		.loc 1 739 46 discriminator 1 view .LVU527
 1742 0010 013B     		subs	r3, r3, #1
 1743 0012 18BF     		it	ne
 1744 0014 0123     		movne	r3, #1
 1745              	.L117:
 739:Drivers/STM32G4xx_HAL_Driver/Src/stm32g4xx_hal_tim_ex.c ****   {
 1746              		.loc 1 739 6 discriminator 12 view .LVU528
 1747 0016 002B     		cmp	r3, #0
 1748 0018 40F09C80 		bne	.L132
 745:Drivers/STM32G4xx_HAL_Driver/Src/stm32g4xx_hal_tim_ex.c **** 
 1749              		.loc 1 745 3 is_stmt 1 view .LVU529
 1750 001c 0028     		cmp	r0, #0
 1751 001e 4CD1     		bne	.L121
 1752 0020 0223     		movs	r3, #2
 1753 0022 84F84430 		strb	r3, [r4, #68]
 747:Drivers/STM32G4xx_HAL_Driver/Src/stm32g4xx_hal_tim_ex.c ****   {
 1754              		.loc 1 747 3 view .LVU530
 1755              	.L122:
 752:Drivers/STM32G4xx_HAL_Driver/Src/stm32g4xx_hal_tim_ex.c ****       break;
 1756              		.loc 1 752 7 view .LVU531
 1757 0026 2268     		ldr	r2, [r4]
 1758 0028 D368     		ldr	r3, [r2, #12]
 1759 002a 43F00203 		orr	r3, r3, #2
 1760 002e D360     		str	r3, [r2, #12]
 753:Drivers/STM32G4xx_HAL_Driver/Src/stm32g4xx_hal_tim_ex.c ****     }
 1761              		.loc 1 753 7 view .LVU532
 783:Drivers/STM32G4xx_HAL_Driver/Src/stm32g4xx_hal_tim_ex.c ****   {
 1762              		.loc 1 783 3 view .LVU533
 1763              	.L129:
 786:Drivers/STM32G4xx_HAL_Driver/Src/stm32g4xx_hal_tim_ex.c **** 
 1764              		.loc 1 786 5 view .LVU534
 1765 0030 2268     		ldr	r2, [r4]
 1766 0032 D368     		ldr	r3, [r2, #12]
 1767 0034 43F08003 		orr	r3, r3, #128
ARM GAS  C:\Users\Booster\AppData\Local\Temp\ccs9w8jc.s 			page 105


 1768 0038 D360     		str	r3, [r2, #12]
 789:Drivers/STM32G4xx_HAL_Driver/Src/stm32g4xx_hal_tim_ex.c **** 
 1769              		.loc 1 789 5 view .LVU535
 1770 003a 0422     		movs	r2, #4
 1771 003c 0146     		mov	r1, r0
 1772              	.LVL115:
 789:Drivers/STM32G4xx_HAL_Driver/Src/stm32g4xx_hal_tim_ex.c **** 
 1773              		.loc 1 789 5 is_stmt 0 view .LVU536
 1774 003e 2068     		ldr	r0, [r4]
 1775              	.LVL116:
 789:Drivers/STM32G4xx_HAL_Driver/Src/stm32g4xx_hal_tim_ex.c **** 
 1776              		.loc 1 789 5 view .LVU537
 1777 0040 FFF7FEFF 		bl	TIM_CCxNChannelCmd
 1778              	.LVL117:
 792:Drivers/STM32G4xx_HAL_Driver/Src/stm32g4xx_hal_tim_ex.c **** 
 1779              		.loc 1 792 5 is_stmt 1 view .LVU538
 1780 0044 2268     		ldr	r2, [r4]
 1781 0046 536C     		ldr	r3, [r2, #68]
 1782 0048 43F40043 		orr	r3, r3, #32768
 1783 004c 5364     		str	r3, [r2, #68]
 795:Drivers/STM32G4xx_HAL_Driver/Src/stm32g4xx_hal_tim_ex.c ****     {
 1784              		.loc 1 795 5 view .LVU539
 795:Drivers/STM32G4xx_HAL_Driver/Src/stm32g4xx_hal_tim_ex.c ****     {
 1785              		.loc 1 795 9 is_stmt 0 view .LVU540
 1786 004e 2368     		ldr	r3, [r4]
 795:Drivers/STM32G4xx_HAL_Driver/Src/stm32g4xx_hal_tim_ex.c ****     {
 1787              		.loc 1 795 8 view .LVU541
 1788 0050 444A     		ldr	r2, .L144
 1789 0052 9342     		cmp	r3, r2
 1790 0054 70D0     		beq	.L130
 795:Drivers/STM32G4xx_HAL_Driver/Src/stm32g4xx_hal_tim_ex.c ****     {
 1791              		.loc 1 795 9 discriminator 1 view .LVU542
 1792 0056 B3F1804F 		cmp	r3, #1073741824
 1793 005a 6DD0     		beq	.L130
 795:Drivers/STM32G4xx_HAL_Driver/Src/stm32g4xx_hal_tim_ex.c ****     {
 1794              		.loc 1 795 9 discriminator 2 view .LVU543
 1795 005c A2F59432 		sub	r2, r2, #75776
 1796 0060 9342     		cmp	r3, r2
 1797 0062 69D0     		beq	.L130
 795:Drivers/STM32G4xx_HAL_Driver/Src/stm32g4xx_hal_tim_ex.c ****     {
 1798              		.loc 1 795 9 discriminator 3 view .LVU544
 1799 0064 02F58062 		add	r2, r2, #1024
 1800 0068 9342     		cmp	r3, r2
 1801 006a 65D0     		beq	.L130
 795:Drivers/STM32G4xx_HAL_Driver/Src/stm32g4xx_hal_tim_ex.c ****     {
 1802              		.loc 1 795 9 discriminator 4 view .LVU545
 1803 006c 02F59632 		add	r2, r2, #76800
 1804 0070 9342     		cmp	r3, r2
 1805 0072 61D0     		beq	.L130
 795:Drivers/STM32G4xx_HAL_Driver/Src/stm32g4xx_hal_tim_ex.c ****     {
 1806              		.loc 1 795 9 discriminator 5 view .LVU546
 1807 0074 02F54062 		add	r2, r2, #3072
 1808 0078 9342     		cmp	r3, r2
 1809 007a 5DD0     		beq	.L130
 805:Drivers/STM32G4xx_HAL_Driver/Src/stm32g4xx_hal_tim_ex.c ****     }
 1810              		.loc 1 805 7 is_stmt 1 view .LVU547
 1811 007c 1A68     		ldr	r2, [r3]
ARM GAS  C:\Users\Booster\AppData\Local\Temp\ccs9w8jc.s 			page 106


 1812 007e 42F00102 		orr	r2, r2, #1
 1813 0082 1A60     		str	r2, [r3]
 1814 0084 0020     		movs	r0, #0
 1815 0086 66E0     		b	.L120
 1816              	.LVL118:
 1817              	.L116:
 739:Drivers/STM32G4xx_HAL_Driver/Src/stm32g4xx_hal_tim_ex.c ****   {
 1818              		.loc 1 739 46 is_stmt 0 discriminator 2 view .LVU548
 1819 0088 0429     		cmp	r1, #4
 1820 008a 08D0     		beq	.L140
 739:Drivers/STM32G4xx_HAL_Driver/Src/stm32g4xx_hal_tim_ex.c ****   {
 1821              		.loc 1 739 46 discriminator 5 view .LVU549
 1822 008c 0829     		cmp	r1, #8
 1823 008e 0DD0     		beq	.L141
 739:Drivers/STM32G4xx_HAL_Driver/Src/stm32g4xx_hal_tim_ex.c ****   {
 1824              		.loc 1 739 7 discriminator 8 view .LVU550
 1825 0090 94F84730 		ldrb	r3, [r4, #71]	@ zero_extendqisi2
 1826 0094 DBB2     		uxtb	r3, r3
 739:Drivers/STM32G4xx_HAL_Driver/Src/stm32g4xx_hal_tim_ex.c ****   {
 1827              		.loc 1 739 46 discriminator 8 view .LVU551
 1828 0096 013B     		subs	r3, r3, #1
 1829 0098 18BF     		it	ne
 1830 009a 0123     		movne	r3, #1
 1831 009c BBE7     		b	.L117
 1832              	.L140:
 739:Drivers/STM32G4xx_HAL_Driver/Src/stm32g4xx_hal_tim_ex.c ****   {
 1833              		.loc 1 739 7 discriminator 4 view .LVU552
 1834 009e 94F84530 		ldrb	r3, [r4, #69]	@ zero_extendqisi2
 1835 00a2 DBB2     		uxtb	r3, r3
 739:Drivers/STM32G4xx_HAL_Driver/Src/stm32g4xx_hal_tim_ex.c ****   {
 1836              		.loc 1 739 46 discriminator 4 view .LVU553
 1837 00a4 013B     		subs	r3, r3, #1
 1838 00a6 18BF     		it	ne
 1839 00a8 0123     		movne	r3, #1
 1840 00aa B4E7     		b	.L117
 1841              	.L141:
 739:Drivers/STM32G4xx_HAL_Driver/Src/stm32g4xx_hal_tim_ex.c ****   {
 1842              		.loc 1 739 7 discriminator 7 view .LVU554
 1843 00ac 94F84630 		ldrb	r3, [r4, #70]	@ zero_extendqisi2
 1844 00b0 DBB2     		uxtb	r3, r3
 739:Drivers/STM32G4xx_HAL_Driver/Src/stm32g4xx_hal_tim_ex.c ****   {
 1845              		.loc 1 739 46 discriminator 7 view .LVU555
 1846 00b2 013B     		subs	r3, r3, #1
 1847 00b4 18BF     		it	ne
 1848 00b6 0123     		movne	r3, #1
 1849 00b8 ADE7     		b	.L117
 1850              	.L121:
 745:Drivers/STM32G4xx_HAL_Driver/Src/stm32g4xx_hal_tim_ex.c **** 
 1851              		.loc 1 745 3 discriminator 2 view .LVU556
 1852 00ba 0428     		cmp	r0, #4
 1853 00bc 24D0     		beq	.L142
 745:Drivers/STM32G4xx_HAL_Driver/Src/stm32g4xx_hal_tim_ex.c **** 
 1854              		.loc 1 745 3 discriminator 4 view .LVU557
 1855 00be 0828     		cmp	r0, #8
 1856 00c0 2BD0     		beq	.L143
 745:Drivers/STM32G4xx_HAL_Driver/Src/stm32g4xx_hal_tim_ex.c **** 
 1857              		.loc 1 745 3 discriminator 7 view .LVU558
ARM GAS  C:\Users\Booster\AppData\Local\Temp\ccs9w8jc.s 			page 107


 1858 00c2 0223     		movs	r3, #2
 1859 00c4 84F84730 		strb	r3, [r4, #71]
 747:Drivers/STM32G4xx_HAL_Driver/Src/stm32g4xx_hal_tim_ex.c ****   {
 1860              		.loc 1 747 3 is_stmt 1 discriminator 7 view .LVU559
 1861 00c8 0C28     		cmp	r0, #12
 1862 00ca 45D8     		bhi	.L133
 1863 00cc 01A3     		adr	r3, .L128
 1864 00ce 53F820F0 		ldr	pc, [r3, r0, lsl #2]
 1865 00d2 00BF     		.p2align 2
 1866              	.L128:
 1867 00d4 27000000 		.word	.L122+1
 1868 00d8 59010000 		.word	.L133+1
 1869 00dc 59010000 		.word	.L133+1
 1870 00e0 59010000 		.word	.L133+1
 1871 00e4 0F010000 		.word	.L124+1
 1872 00e8 59010000 		.word	.L133+1
 1873 00ec 59010000 		.word	.L133+1
 1874 00f0 59010000 		.word	.L133+1
 1875 00f4 21010000 		.word	.L126+1
 1876 00f8 59010000 		.word	.L133+1
 1877 00fc 59010000 		.word	.L133+1
 1878 0100 59010000 		.word	.L133+1
 1879 0104 2D010000 		.word	.L127+1
 1880              		.p2align 1
 1881              	.L142:
 745:Drivers/STM32G4xx_HAL_Driver/Src/stm32g4xx_hal_tim_ex.c **** 
 1882              		.loc 1 745 3 is_stmt 0 view .LVU560
 1883 0108 0223     		movs	r3, #2
 1884 010a 84F84530 		strb	r3, [r4, #69]
 747:Drivers/STM32G4xx_HAL_Driver/Src/stm32g4xx_hal_tim_ex.c ****   {
 1885              		.loc 1 747 3 is_stmt 1 view .LVU561
 1886              	.L124:
 759:Drivers/STM32G4xx_HAL_Driver/Src/stm32g4xx_hal_tim_ex.c ****       break;
 1887              		.loc 1 759 7 view .LVU562
 1888 010e 2268     		ldr	r2, [r4]
 1889 0110 D368     		ldr	r3, [r2, #12]
 1890 0112 43F00403 		orr	r3, r3, #4
 1891 0116 D360     		str	r3, [r2, #12]
 760:Drivers/STM32G4xx_HAL_Driver/Src/stm32g4xx_hal_tim_ex.c ****     }
 1892              		.loc 1 760 7 view .LVU563
 783:Drivers/STM32G4xx_HAL_Driver/Src/stm32g4xx_hal_tim_ex.c ****   {
 1893              		.loc 1 783 3 view .LVU564
 1894 0118 8AE7     		b	.L129
 1895              	.L143:
 745:Drivers/STM32G4xx_HAL_Driver/Src/stm32g4xx_hal_tim_ex.c **** 
 1896              		.loc 1 745 3 is_stmt 0 view .LVU565
 1897 011a 0223     		movs	r3, #2
 1898 011c 84F84630 		strb	r3, [r4, #70]
 747:Drivers/STM32G4xx_HAL_Driver/Src/stm32g4xx_hal_tim_ex.c ****   {
 1899              		.loc 1 747 3 is_stmt 1 view .LVU566
 1900              	.L126:
 766:Drivers/STM32G4xx_HAL_Driver/Src/stm32g4xx_hal_tim_ex.c ****       break;
 1901              		.loc 1 766 7 view .LVU567
 1902 0120 2268     		ldr	r2, [r4]
 1903 0122 D368     		ldr	r3, [r2, #12]
 1904 0124 43F00803 		orr	r3, r3, #8
 1905 0128 D360     		str	r3, [r2, #12]
ARM GAS  C:\Users\Booster\AppData\Local\Temp\ccs9w8jc.s 			page 108


 767:Drivers/STM32G4xx_HAL_Driver/Src/stm32g4xx_hal_tim_ex.c ****     }
 1906              		.loc 1 767 7 view .LVU568
 783:Drivers/STM32G4xx_HAL_Driver/Src/stm32g4xx_hal_tim_ex.c ****   {
 1907              		.loc 1 783 3 view .LVU569
 1908 012a 81E7     		b	.L129
 1909              	.L127:
 774:Drivers/STM32G4xx_HAL_Driver/Src/stm32g4xx_hal_tim_ex.c ****       break;
 1910              		.loc 1 774 7 view .LVU570
 1911 012c 2268     		ldr	r2, [r4]
 1912 012e D368     		ldr	r3, [r2, #12]
 1913 0130 43F01003 		orr	r3, r3, #16
 1914 0134 D360     		str	r3, [r2, #12]
 775:Drivers/STM32G4xx_HAL_Driver/Src/stm32g4xx_hal_tim_ex.c ****     }
 1915              		.loc 1 775 7 view .LVU571
 783:Drivers/STM32G4xx_HAL_Driver/Src/stm32g4xx_hal_tim_ex.c ****   {
 1916              		.loc 1 783 3 view .LVU572
 1917 0136 7BE7     		b	.L129
 1918              	.LVL119:
 1919              	.L130:
 797:Drivers/STM32G4xx_HAL_Driver/Src/stm32g4xx_hal_tim_ex.c ****       if (!IS_TIM_SLAVEMODE_TRIGGER_ENABLED(tmpsmcr))
 1920              		.loc 1 797 7 view .LVU573
 797:Drivers/STM32G4xx_HAL_Driver/Src/stm32g4xx_hal_tim_ex.c ****       if (!IS_TIM_SLAVEMODE_TRIGGER_ENABLED(tmpsmcr))
 1921              		.loc 1 797 31 is_stmt 0 view .LVU574
 1922 0138 9968     		ldr	r1, [r3, #8]
 797:Drivers/STM32G4xx_HAL_Driver/Src/stm32g4xx_hal_tim_ex.c ****       if (!IS_TIM_SLAVEMODE_TRIGGER_ENABLED(tmpsmcr))
 1923              		.loc 1 797 15 view .LVU575
 1924 013a 0B4A     		ldr	r2, .L144+4
 1925 013c 0A40     		ands	r2, r2, r1
 1926              	.LVL120:
 798:Drivers/STM32G4xx_HAL_Driver/Src/stm32g4xx_hal_tim_ex.c ****       {
 1927              		.loc 1 798 7 is_stmt 1 view .LVU576
 798:Drivers/STM32G4xx_HAL_Driver/Src/stm32g4xx_hal_tim_ex.c ****       {
 1928              		.loc 1 798 10 is_stmt 0 view .LVU577
 1929 013e 062A     		cmp	r2, #6
 1930 0140 0CD0     		beq	.L134
 798:Drivers/STM32G4xx_HAL_Driver/Src/stm32g4xx_hal_tim_ex.c ****       {
 1931              		.loc 1 798 11 discriminator 1 view .LVU578
 1932 0142 B2F5803F 		cmp	r2, #65536
 1933 0146 0BD0     		beq	.L135
 800:Drivers/STM32G4xx_HAL_Driver/Src/stm32g4xx_hal_tim_ex.c ****       }
 1934              		.loc 1 800 9 is_stmt 1 view .LVU579
 1935 0148 1A68     		ldr	r2, [r3]
 1936              	.LVL121:
 800:Drivers/STM32G4xx_HAL_Driver/Src/stm32g4xx_hal_tim_ex.c ****       }
 1937              		.loc 1 800 9 is_stmt 0 view .LVU580
 1938 014a 42F00102 		orr	r2, r2, #1
 1939 014e 1A60     		str	r2, [r3]
 1940 0150 0020     		movs	r0, #0
 1941 0152 00E0     		b	.L120
 1942              	.LVL122:
 1943              	.L132:
 741:Drivers/STM32G4xx_HAL_Driver/Src/stm32g4xx_hal_tim_ex.c ****   }
 1944              		.loc 1 741 12 view .LVU581
 1945 0154 0120     		movs	r0, #1
 1946              	.LVL123:
 1947              	.L120:
 811:Drivers/STM32G4xx_HAL_Driver/Src/stm32g4xx_hal_tim_ex.c **** 
ARM GAS  C:\Users\Booster\AppData\Local\Temp\ccs9w8jc.s 			page 109


 1948              		.loc 1 811 1 view .LVU582
 1949 0156 10BD     		pop	{r4, pc}
 1950              	.LVL124:
 1951              	.L133:
 747:Drivers/STM32G4xx_HAL_Driver/Src/stm32g4xx_hal_tim_ex.c ****   {
 1952              		.loc 1 747 3 view .LVU583
 1953 0158 0120     		movs	r0, #1
 1954              	.LVL125:
 747:Drivers/STM32G4xx_HAL_Driver/Src/stm32g4xx_hal_tim_ex.c ****   {
 1955              		.loc 1 747 3 view .LVU584
 1956 015a FCE7     		b	.L120
 1957              	.LVL126:
 1958              	.L134:
 747:Drivers/STM32G4xx_HAL_Driver/Src/stm32g4xx_hal_tim_ex.c ****   {
 1959              		.loc 1 747 3 view .LVU585
 1960 015c 0020     		movs	r0, #0
 1961 015e FAE7     		b	.L120
 1962              	.L135:
 1963 0160 0020     		movs	r0, #0
 1964 0162 F8E7     		b	.L120
 1965              	.L145:
 1966              		.align	2
 1967              	.L144:
 1968 0164 002C0140 		.word	1073818624
 1969 0168 07000100 		.word	65543
 1970              		.cfi_endproc
 1971              	.LFE341:
 1973              		.section	.text.HAL_TIMEx_OCN_Stop_IT,"ax",%progbits
 1974              		.align	1
 1975              		.global	HAL_TIMEx_OCN_Stop_IT
 1976              		.syntax unified
 1977              		.thumb
 1978              		.thumb_func
 1980              	HAL_TIMEx_OCN_Stop_IT:
 1981              	.LVL127:
 1982              	.LFB342:
 826:Drivers/STM32G4xx_HAL_Driver/Src/stm32g4xx_hal_tim_ex.c ****   HAL_StatusTypeDef status = HAL_OK;
 1983              		.loc 1 826 1 is_stmt 1 view -0
 1984              		.cfi_startproc
 1985              		@ args = 0, pretend = 0, frame = 0
 1986              		@ frame_needed = 0, uses_anonymous_args = 0
 826:Drivers/STM32G4xx_HAL_Driver/Src/stm32g4xx_hal_tim_ex.c ****   HAL_StatusTypeDef status = HAL_OK;
 1987              		.loc 1 826 1 is_stmt 0 view .LVU587
 1988 0000 38B5     		push	{r3, r4, r5, lr}
 1989              	.LCFI17:
 1990              		.cfi_def_cfa_offset 16
 1991              		.cfi_offset 3, -16
 1992              		.cfi_offset 4, -12
 1993              		.cfi_offset 5, -8
 1994              		.cfi_offset 14, -4
 1995 0002 0446     		mov	r4, r0
 1996 0004 0D46     		mov	r5, r1
 827:Drivers/STM32G4xx_HAL_Driver/Src/stm32g4xx_hal_tim_ex.c ****   uint32_t tmpccer;
 1997              		.loc 1 827 3 is_stmt 1 view .LVU588
 1998              	.LVL128:
 828:Drivers/STM32G4xx_HAL_Driver/Src/stm32g4xx_hal_tim_ex.c **** 
 1999              		.loc 1 828 3 view .LVU589
ARM GAS  C:\Users\Booster\AppData\Local\Temp\ccs9w8jc.s 			page 110


 831:Drivers/STM32G4xx_HAL_Driver/Src/stm32g4xx_hal_tim_ex.c **** 
 2000              		.loc 1 831 3 view .LVU590
 833:Drivers/STM32G4xx_HAL_Driver/Src/stm32g4xx_hal_tim_ex.c ****   {
 2001              		.loc 1 833 3 view .LVU591
 2002 0006 0C29     		cmp	r1, #12
 2003 0008 65D8     		bhi	.L160
 2004 000a DFE801F0 		tbb	[pc, r1]
 2005              	.L149:
 2006 000e 07       		.byte	(.L152-.L149)/2
 2007 000f 64       		.byte	(.L160-.L149)/2
 2008 0010 64       		.byte	(.L160-.L149)/2
 2009 0011 64       		.byte	(.L160-.L149)/2
 2010 0012 3F       		.byte	(.L151-.L149)/2
 2011 0013 64       		.byte	(.L160-.L149)/2
 2012 0014 64       		.byte	(.L160-.L149)/2
 2013 0015 64       		.byte	(.L160-.L149)/2
 2014 0016 45       		.byte	(.L150-.L149)/2
 2015 0017 64       		.byte	(.L160-.L149)/2
 2016 0018 64       		.byte	(.L160-.L149)/2
 2017 0019 64       		.byte	(.L160-.L149)/2
 2018 001a 4B       		.byte	(.L148-.L149)/2
 2019 001b 00       		.p2align 1
 2020              	.L152:
 838:Drivers/STM32G4xx_HAL_Driver/Src/stm32g4xx_hal_tim_ex.c ****       break;
 2021              		.loc 1 838 7 view .LVU592
 2022 001c 0268     		ldr	r2, [r0]
 2023 001e D368     		ldr	r3, [r2, #12]
 2024 0020 23F00203 		bic	r3, r3, #2
 2025 0024 D360     		str	r3, [r2, #12]
 839:Drivers/STM32G4xx_HAL_Driver/Src/stm32g4xx_hal_tim_ex.c ****     }
 2026              		.loc 1 839 7 view .LVU593
 868:Drivers/STM32G4xx_HAL_Driver/Src/stm32g4xx_hal_tim_ex.c ****   {
 2027              		.loc 1 868 3 view .LVU594
 2028              	.L153:
 871:Drivers/STM32G4xx_HAL_Driver/Src/stm32g4xx_hal_tim_ex.c **** 
 2029              		.loc 1 871 5 view .LVU595
 2030 0026 0022     		movs	r2, #0
 2031 0028 2946     		mov	r1, r5
 2032              	.LVL129:
 871:Drivers/STM32G4xx_HAL_Driver/Src/stm32g4xx_hal_tim_ex.c **** 
 2033              		.loc 1 871 5 is_stmt 0 view .LVU596
 2034 002a 2068     		ldr	r0, [r4]
 2035              	.LVL130:
 871:Drivers/STM32G4xx_HAL_Driver/Src/stm32g4xx_hal_tim_ex.c **** 
 2036              		.loc 1 871 5 view .LVU597
 2037 002c FFF7FEFF 		bl	TIM_CCxNChannelCmd
 2038              	.LVL131:
 874:Drivers/STM32G4xx_HAL_Driver/Src/stm32g4xx_hal_tim_ex.c ****     if ((tmpccer & TIM_CCER_CCxNE_MASK) == (uint32_t)RESET)
 2039              		.loc 1 874 5 is_stmt 1 view .LVU598
 874:Drivers/STM32G4xx_HAL_Driver/Src/stm32g4xx_hal_tim_ex.c ****     if ((tmpccer & TIM_CCER_CCxNE_MASK) == (uint32_t)RESET)
 2040              		.loc 1 874 19 is_stmt 0 view .LVU599
 2041 0030 2368     		ldr	r3, [r4]
 874:Drivers/STM32G4xx_HAL_Driver/Src/stm32g4xx_hal_tim_ex.c ****     if ((tmpccer & TIM_CCER_CCxNE_MASK) == (uint32_t)RESET)
 2042              		.loc 1 874 13 view .LVU600
 2043 0032 196A     		ldr	r1, [r3, #32]
 2044              	.LVL132:
 875:Drivers/STM32G4xx_HAL_Driver/Src/stm32g4xx_hal_tim_ex.c ****     {
ARM GAS  C:\Users\Booster\AppData\Local\Temp\ccs9w8jc.s 			page 111


 2045              		.loc 1 875 5 is_stmt 1 view .LVU601
 875:Drivers/STM32G4xx_HAL_Driver/Src/stm32g4xx_hal_tim_ex.c ****     {
 2046              		.loc 1 875 8 is_stmt 0 view .LVU602
 2047 0034 44F24442 		movw	r2, #17476
 2048 0038 1142     		tst	r1, r2
 2049 003a 03D1     		bne	.L154
 877:Drivers/STM32G4xx_HAL_Driver/Src/stm32g4xx_hal_tim_ex.c ****     }
 2050              		.loc 1 877 7 is_stmt 1 view .LVU603
 2051 003c DA68     		ldr	r2, [r3, #12]
 2052 003e 22F08002 		bic	r2, r2, #128
 2053 0042 DA60     		str	r2, [r3, #12]
 2054              	.L154:
 881:Drivers/STM32G4xx_HAL_Driver/Src/stm32g4xx_hal_tim_ex.c **** 
 2055              		.loc 1 881 5 view .LVU604
 881:Drivers/STM32G4xx_HAL_Driver/Src/stm32g4xx_hal_tim_ex.c **** 
 2056              		.loc 1 881 5 view .LVU605
 2057 0044 2368     		ldr	r3, [r4]
 2058 0046 196A     		ldr	r1, [r3, #32]
 2059              	.LVL133:
 881:Drivers/STM32G4xx_HAL_Driver/Src/stm32g4xx_hal_tim_ex.c **** 
 2060              		.loc 1 881 5 is_stmt 0 view .LVU606
 2061 0048 41F21112 		movw	r2, #4369
 2062 004c 1142     		tst	r1, r2
 2063 004e 08D1     		bne	.L155
 881:Drivers/STM32G4xx_HAL_Driver/Src/stm32g4xx_hal_tim_ex.c **** 
 2064              		.loc 1 881 5 is_stmt 1 discriminator 1 view .LVU607
 2065 0050 196A     		ldr	r1, [r3, #32]
 2066 0052 44F24442 		movw	r2, #17476
 2067 0056 1142     		tst	r1, r2
 2068 0058 03D1     		bne	.L155
 881:Drivers/STM32G4xx_HAL_Driver/Src/stm32g4xx_hal_tim_ex.c **** 
 2069              		.loc 1 881 5 discriminator 3 view .LVU608
 2070 005a 5A6C     		ldr	r2, [r3, #68]
 2071 005c 22F40042 		bic	r2, r2, #32768
 2072 0060 5A64     		str	r2, [r3, #68]
 2073              	.L155:
 881:Drivers/STM32G4xx_HAL_Driver/Src/stm32g4xx_hal_tim_ex.c **** 
 2074              		.loc 1 881 5 discriminator 5 view .LVU609
 884:Drivers/STM32G4xx_HAL_Driver/Src/stm32g4xx_hal_tim_ex.c **** 
 2075              		.loc 1 884 5 discriminator 5 view .LVU610
 884:Drivers/STM32G4xx_HAL_Driver/Src/stm32g4xx_hal_tim_ex.c **** 
 2076              		.loc 1 884 5 discriminator 5 view .LVU611
 2077 0062 2368     		ldr	r3, [r4]
 2078 0064 196A     		ldr	r1, [r3, #32]
 2079 0066 41F21112 		movw	r2, #4369
 2080 006a 1142     		tst	r1, r2
 2081 006c 08D1     		bne	.L156
 884:Drivers/STM32G4xx_HAL_Driver/Src/stm32g4xx_hal_tim_ex.c **** 
 2082              		.loc 1 884 5 discriminator 1 view .LVU612
 2083 006e 196A     		ldr	r1, [r3, #32]
 2084 0070 44F24442 		movw	r2, #17476
 2085 0074 1142     		tst	r1, r2
 2086 0076 03D1     		bne	.L156
 884:Drivers/STM32G4xx_HAL_Driver/Src/stm32g4xx_hal_tim_ex.c **** 
 2087              		.loc 1 884 5 discriminator 3 view .LVU613
 2088 0078 1A68     		ldr	r2, [r3]
 2089 007a 22F00102 		bic	r2, r2, #1
ARM GAS  C:\Users\Booster\AppData\Local\Temp\ccs9w8jc.s 			page 112


 2090 007e 1A60     		str	r2, [r3]
 2091              	.L156:
 884:Drivers/STM32G4xx_HAL_Driver/Src/stm32g4xx_hal_tim_ex.c **** 
 2092              		.loc 1 884 5 discriminator 5 view .LVU614
 887:Drivers/STM32G4xx_HAL_Driver/Src/stm32g4xx_hal_tim_ex.c ****   }
 2093              		.loc 1 887 5 discriminator 5 view .LVU615
 2094 0080 B5B9     		cbnz	r5, .L157
 887:Drivers/STM32G4xx_HAL_Driver/Src/stm32g4xx_hal_tim_ex.c ****   }
 2095              		.loc 1 887 5 is_stmt 0 discriminator 1 view .LVU616
 2096 0082 0123     		movs	r3, #1
 2097 0084 84F84430 		strb	r3, [r4, #68]
 2098 0088 0020     		movs	r0, #0
 2099 008a 25E0     		b	.L147
 2100              	.LVL134:
 2101              	.L151:
 845:Drivers/STM32G4xx_HAL_Driver/Src/stm32g4xx_hal_tim_ex.c ****       break;
 2102              		.loc 1 845 7 is_stmt 1 view .LVU617
 2103 008c 0268     		ldr	r2, [r0]
 2104 008e D368     		ldr	r3, [r2, #12]
 2105 0090 23F00403 		bic	r3, r3, #4
 2106 0094 D360     		str	r3, [r2, #12]
 846:Drivers/STM32G4xx_HAL_Driver/Src/stm32g4xx_hal_tim_ex.c ****     }
 2107              		.loc 1 846 7 view .LVU618
 868:Drivers/STM32G4xx_HAL_Driver/Src/stm32g4xx_hal_tim_ex.c ****   {
 2108              		.loc 1 868 3 view .LVU619
 2109 0096 C6E7     		b	.L153
 2110              	.L150:
 852:Drivers/STM32G4xx_HAL_Driver/Src/stm32g4xx_hal_tim_ex.c ****       break;
 2111              		.loc 1 852 7 view .LVU620
 2112 0098 0268     		ldr	r2, [r0]
 2113 009a D368     		ldr	r3, [r2, #12]
 2114 009c 23F00803 		bic	r3, r3, #8
 2115 00a0 D360     		str	r3, [r2, #12]
 853:Drivers/STM32G4xx_HAL_Driver/Src/stm32g4xx_hal_tim_ex.c ****     }
 2116              		.loc 1 853 7 view .LVU621
 868:Drivers/STM32G4xx_HAL_Driver/Src/stm32g4xx_hal_tim_ex.c ****   {
 2117              		.loc 1 868 3 view .LVU622
 2118 00a2 C0E7     		b	.L153
 2119              	.L148:
 859:Drivers/STM32G4xx_HAL_Driver/Src/stm32g4xx_hal_tim_ex.c ****       break;
 2120              		.loc 1 859 7 view .LVU623
 2121 00a4 0268     		ldr	r2, [r0]
 2122 00a6 D368     		ldr	r3, [r2, #12]
 2123 00a8 23F01003 		bic	r3, r3, #16
 2124 00ac D360     		str	r3, [r2, #12]
 860:Drivers/STM32G4xx_HAL_Driver/Src/stm32g4xx_hal_tim_ex.c ****     }
 2125              		.loc 1 860 7 view .LVU624
 868:Drivers/STM32G4xx_HAL_Driver/Src/stm32g4xx_hal_tim_ex.c ****   {
 2126              		.loc 1 868 3 view .LVU625
 2127 00ae BAE7     		b	.L153
 2128              	.LVL135:
 2129              	.L157:
 887:Drivers/STM32G4xx_HAL_Driver/Src/stm32g4xx_hal_tim_ex.c ****   }
 2130              		.loc 1 887 5 is_stmt 0 discriminator 2 view .LVU626
 2131 00b0 042D     		cmp	r5, #4
 2132 00b2 06D0     		beq	.L162
 887:Drivers/STM32G4xx_HAL_Driver/Src/stm32g4xx_hal_tim_ex.c ****   }
ARM GAS  C:\Users\Booster\AppData\Local\Temp\ccs9w8jc.s 			page 113


 2133              		.loc 1 887 5 discriminator 4 view .LVU627
 2134 00b4 082D     		cmp	r5, #8
 2135 00b6 09D0     		beq	.L163
 887:Drivers/STM32G4xx_HAL_Driver/Src/stm32g4xx_hal_tim_ex.c ****   }
 2136              		.loc 1 887 5 discriminator 7 view .LVU628
 2137 00b8 0123     		movs	r3, #1
 2138 00ba 84F84730 		strb	r3, [r4, #71]
 2139 00be 0020     		movs	r0, #0
 2140 00c0 0AE0     		b	.L147
 2141              	.L162:
 887:Drivers/STM32G4xx_HAL_Driver/Src/stm32g4xx_hal_tim_ex.c ****   }
 2142              		.loc 1 887 5 discriminator 3 view .LVU629
 2143 00c2 0123     		movs	r3, #1
 2144 00c4 84F84530 		strb	r3, [r4, #69]
 2145 00c8 0020     		movs	r0, #0
 2146 00ca 05E0     		b	.L147
 2147              	.L163:
 887:Drivers/STM32G4xx_HAL_Driver/Src/stm32g4xx_hal_tim_ex.c ****   }
 2148              		.loc 1 887 5 discriminator 6 view .LVU630
 2149 00cc 0123     		movs	r3, #1
 2150 00ce 84F84630 		strb	r3, [r4, #70]
 2151 00d2 0020     		movs	r0, #0
 2152 00d4 00E0     		b	.L147
 2153              	.LVL136:
 2154              	.L160:
 833:Drivers/STM32G4xx_HAL_Driver/Src/stm32g4xx_hal_tim_ex.c ****   {
 2155              		.loc 1 833 3 view .LVU631
 2156 00d6 0120     		movs	r0, #1
 2157              	.LVL137:
 2158              	.L147:
 891:Drivers/STM32G4xx_HAL_Driver/Src/stm32g4xx_hal_tim_ex.c **** }
 2159              		.loc 1 891 3 is_stmt 1 view .LVU632
 892:Drivers/STM32G4xx_HAL_Driver/Src/stm32g4xx_hal_tim_ex.c **** 
 2160              		.loc 1 892 1 is_stmt 0 view .LVU633
 2161 00d8 38BD     		pop	{r3, r4, r5, pc}
 892:Drivers/STM32G4xx_HAL_Driver/Src/stm32g4xx_hal_tim_ex.c **** 
 2162              		.loc 1 892 1 view .LVU634
 2163              		.cfi_endproc
 2164              	.LFE342:
 2166              		.section	.text.HAL_TIMEx_OCN_Start_DMA,"ax",%progbits
 2167              		.align	1
 2168              		.global	HAL_TIMEx_OCN_Start_DMA
 2169              		.syntax unified
 2170              		.thumb
 2171              		.thumb_func
 2173              	HAL_TIMEx_OCN_Start_DMA:
 2174              	.LVL138:
 2175              	.LFB343:
 910:Drivers/STM32G4xx_HAL_Driver/Src/stm32g4xx_hal_tim_ex.c ****   HAL_StatusTypeDef status = HAL_OK;
 2176              		.loc 1 910 1 is_stmt 1 view -0
 2177              		.cfi_startproc
 2178              		@ args = 0, pretend = 0, frame = 0
 2179              		@ frame_needed = 0, uses_anonymous_args = 0
 910:Drivers/STM32G4xx_HAL_Driver/Src/stm32g4xx_hal_tim_ex.c ****   HAL_StatusTypeDef status = HAL_OK;
 2180              		.loc 1 910 1 is_stmt 0 view .LVU636
 2181 0000 70B5     		push	{r4, r5, r6, lr}
 2182              	.LCFI18:
ARM GAS  C:\Users\Booster\AppData\Local\Temp\ccs9w8jc.s 			page 114


 2183              		.cfi_def_cfa_offset 16
 2184              		.cfi_offset 4, -16
 2185              		.cfi_offset 5, -12
 2186              		.cfi_offset 6, -8
 2187              		.cfi_offset 14, -4
 2188 0002 0446     		mov	r4, r0
 2189 0004 1646     		mov	r6, r2
 911:Drivers/STM32G4xx_HAL_Driver/Src/stm32g4xx_hal_tim_ex.c ****   uint32_t tmpsmcr;
 2190              		.loc 1 911 3 is_stmt 1 view .LVU637
 2191              	.LVL139:
 912:Drivers/STM32G4xx_HAL_Driver/Src/stm32g4xx_hal_tim_ex.c **** 
 2192              		.loc 1 912 3 view .LVU638
 915:Drivers/STM32G4xx_HAL_Driver/Src/stm32g4xx_hal_tim_ex.c **** 
 2193              		.loc 1 915 3 view .LVU639
 918:Drivers/STM32G4xx_HAL_Driver/Src/stm32g4xx_hal_tim_ex.c ****   {
 2194              		.loc 1 918 3 view .LVU640
 918:Drivers/STM32G4xx_HAL_Driver/Src/stm32g4xx_hal_tim_ex.c ****   {
 2195              		.loc 1 918 46 is_stmt 0 view .LVU641
 2196 0006 0D46     		mov	r5, r1
 2197 0008 0029     		cmp	r1, #0
 2198 000a 64D1     		bne	.L165
 918:Drivers/STM32G4xx_HAL_Driver/Src/stm32g4xx_hal_tim_ex.c ****   {
 2199              		.loc 1 918 7 discriminator 1 view .LVU642
 2200 000c 90F84400 		ldrb	r0, [r0, #68]	@ zero_extendqisi2
 2201              	.LVL140:
 918:Drivers/STM32G4xx_HAL_Driver/Src/stm32g4xx_hal_tim_ex.c ****   {
 2202              		.loc 1 918 7 discriminator 1 view .LVU643
 2203 0010 C0B2     		uxtb	r0, r0
 918:Drivers/STM32G4xx_HAL_Driver/Src/stm32g4xx_hal_tim_ex.c ****   {
 2204              		.loc 1 918 46 discriminator 1 view .LVU644
 2205 0012 0228     		cmp	r0, #2
 2206 0014 14BF     		ite	ne
 2207 0016 0020     		movne	r0, #0
 2208 0018 0120     		moveq	r0, #1
 2209              	.L166:
 918:Drivers/STM32G4xx_HAL_Driver/Src/stm32g4xx_hal_tim_ex.c ****   {
 2210              		.loc 1 918 6 discriminator 12 view .LVU645
 2211 001a 0028     		cmp	r0, #0
 2212 001c 40F01281 		bne	.L185
 922:Drivers/STM32G4xx_HAL_Driver/Src/stm32g4xx_hal_tim_ex.c ****   {
 2213              		.loc 1 922 8 is_stmt 1 view .LVU646
 922:Drivers/STM32G4xx_HAL_Driver/Src/stm32g4xx_hal_tim_ex.c ****   {
 2214              		.loc 1 922 51 is_stmt 0 view .LVU647
 2215 0020 002D     		cmp	r5, #0
 2216 0022 74D1     		bne	.L170
 922:Drivers/STM32G4xx_HAL_Driver/Src/stm32g4xx_hal_tim_ex.c ****   {
 2217              		.loc 1 922 12 discriminator 1 view .LVU648
 2218 0024 94F84420 		ldrb	r2, [r4, #68]	@ zero_extendqisi2
 2219              	.LVL141:
 922:Drivers/STM32G4xx_HAL_Driver/Src/stm32g4xx_hal_tim_ex.c ****   {
 2220              		.loc 1 922 12 discriminator 1 view .LVU649
 2221 0028 D2B2     		uxtb	r2, r2
 922:Drivers/STM32G4xx_HAL_Driver/Src/stm32g4xx_hal_tim_ex.c ****   {
 2222              		.loc 1 922 51 discriminator 1 view .LVU650
 2223 002a 012A     		cmp	r2, #1
 2224 002c 14BF     		ite	ne
 2225 002e 0022     		movne	r2, #0
ARM GAS  C:\Users\Booster\AppData\Local\Temp\ccs9w8jc.s 			page 115


 2226 0030 0122     		moveq	r2, #1
 2227              	.L171:
 922:Drivers/STM32G4xx_HAL_Driver/Src/stm32g4xx_hal_tim_ex.c ****   {
 2228              		.loc 1 922 11 discriminator 12 view .LVU651
 2229 0032 002A     		cmp	r2, #0
 2230 0034 00F00881 		beq	.L186
 924:Drivers/STM32G4xx_HAL_Driver/Src/stm32g4xx_hal_tim_ex.c ****     {
 2231              		.loc 1 924 5 is_stmt 1 view .LVU652
 924:Drivers/STM32G4xx_HAL_Driver/Src/stm32g4xx_hal_tim_ex.c ****     {
 2232              		.loc 1 924 8 is_stmt 0 view .LVU653
 2233 0038 002E     		cmp	r6, #0
 2234 003a 00F00781 		beq	.L187
 924:Drivers/STM32G4xx_HAL_Driver/Src/stm32g4xx_hal_tim_ex.c ****     {
 2235              		.loc 1 924 25 discriminator 1 view .LVU654
 2236 003e 002B     		cmp	r3, #0
 2237 0040 00F00681 		beq	.L188
 930:Drivers/STM32G4xx_HAL_Driver/Src/stm32g4xx_hal_tim_ex.c ****     }
 2238              		.loc 1 930 7 is_stmt 1 view .LVU655
 2239 0044 002D     		cmp	r5, #0
 2240 0046 7ED1     		bne	.L174
 2241 0048 0222     		movs	r2, #2
 2242 004a 84F84420 		strb	r2, [r4, #68]
 938:Drivers/STM32G4xx_HAL_Driver/Src/stm32g4xx_hal_tim_ex.c ****   {
 2243              		.loc 1 938 3 view .LVU656
 2244              	.L175:
 943:Drivers/STM32G4xx_HAL_Driver/Src/stm32g4xx_hal_tim_ex.c ****       htim->hdma[TIM_DMA_ID_CC1]->XferHalfCpltCallback = TIM_DMADelayPulseHalfCplt;
 2245              		.loc 1 943 7 view .LVU657
 943:Drivers/STM32G4xx_HAL_Driver/Src/stm32g4xx_hal_tim_ex.c ****       htim->hdma[TIM_DMA_ID_CC1]->XferHalfCpltCallback = TIM_DMADelayPulseHalfCplt;
 2246              		.loc 1 943 17 is_stmt 0 view .LVU658
 2247 004e 626A     		ldr	r2, [r4, #36]
 943:Drivers/STM32G4xx_HAL_Driver/Src/stm32g4xx_hal_tim_ex.c ****       htim->hdma[TIM_DMA_ID_CC1]->XferHalfCpltCallback = TIM_DMADelayPulseHalfCplt;
 2248              		.loc 1 943 52 view .LVU659
 2249 0050 8749     		ldr	r1, .L206
 2250              	.LVL142:
 943:Drivers/STM32G4xx_HAL_Driver/Src/stm32g4xx_hal_tim_ex.c ****       htim->hdma[TIM_DMA_ID_CC1]->XferHalfCpltCallback = TIM_DMADelayPulseHalfCplt;
 2251              		.loc 1 943 52 view .LVU660
 2252 0052 D162     		str	r1, [r2, #44]
 944:Drivers/STM32G4xx_HAL_Driver/Src/stm32g4xx_hal_tim_ex.c **** 
 2253              		.loc 1 944 7 is_stmt 1 view .LVU661
 944:Drivers/STM32G4xx_HAL_Driver/Src/stm32g4xx_hal_tim_ex.c **** 
 2254              		.loc 1 944 17 is_stmt 0 view .LVU662
 2255 0054 626A     		ldr	r2, [r4, #36]
 944:Drivers/STM32G4xx_HAL_Driver/Src/stm32g4xx_hal_tim_ex.c **** 
 2256              		.loc 1 944 56 view .LVU663
 2257 0056 8749     		ldr	r1, .L206+4
 2258 0058 1163     		str	r1, [r2, #48]
 947:Drivers/STM32G4xx_HAL_Driver/Src/stm32g4xx_hal_tim_ex.c **** 
 2259              		.loc 1 947 7 is_stmt 1 view .LVU664
 947:Drivers/STM32G4xx_HAL_Driver/Src/stm32g4xx_hal_tim_ex.c **** 
 2260              		.loc 1 947 17 is_stmt 0 view .LVU665
 2261 005a 626A     		ldr	r2, [r4, #36]
 947:Drivers/STM32G4xx_HAL_Driver/Src/stm32g4xx_hal_tim_ex.c **** 
 2262              		.loc 1 947 53 view .LVU666
 2263 005c 8649     		ldr	r1, .L206+8
 2264 005e 5163     		str	r1, [r2, #52]
 950:Drivers/STM32G4xx_HAL_Driver/Src/stm32g4xx_hal_tim_ex.c ****                            Length) != HAL_OK)
 2265              		.loc 1 950 7 is_stmt 1 view .LVU667
ARM GAS  C:\Users\Booster\AppData\Local\Temp\ccs9w8jc.s 			page 116


 950:Drivers/STM32G4xx_HAL_Driver/Src/stm32g4xx_hal_tim_ex.c ****                            Length) != HAL_OK)
 2266              		.loc 1 950 88 is_stmt 0 view .LVU668
 2267 0060 2268     		ldr	r2, [r4]
 950:Drivers/STM32G4xx_HAL_Driver/Src/stm32g4xx_hal_tim_ex.c ****                            Length) != HAL_OK)
 2268              		.loc 1 950 11 view .LVU669
 2269 0062 3432     		adds	r2, r2, #52
 2270 0064 3146     		mov	r1, r6
 2271 0066 606A     		ldr	r0, [r4, #36]
 2272 0068 FFF7FEFF 		bl	HAL_DMA_Start_IT
 2273              	.LVL143:
 950:Drivers/STM32G4xx_HAL_Driver/Src/stm32g4xx_hal_tim_ex.c ****                            Length) != HAL_OK)
 2274              		.loc 1 950 10 view .LVU670
 2275 006c 0028     		cmp	r0, #0
 2276 006e 40F0F380 		bne	.L190
 957:Drivers/STM32G4xx_HAL_Driver/Src/stm32g4xx_hal_tim_ex.c ****       break;
 2277              		.loc 1 957 7 is_stmt 1 view .LVU671
 2278 0072 2268     		ldr	r2, [r4]
 2279 0074 D368     		ldr	r3, [r2, #12]
 2280 0076 43F40073 		orr	r3, r3, #512
 2281 007a D360     		str	r3, [r2, #12]
 958:Drivers/STM32G4xx_HAL_Driver/Src/stm32g4xx_hal_tim_ex.c ****     }
 2282              		.loc 1 958 7 view .LVU672
1029:Drivers/STM32G4xx_HAL_Driver/Src/stm32g4xx_hal_tim_ex.c ****   {
 2283              		.loc 1 1029 3 view .LVU673
 2284              	.L182:
1032:Drivers/STM32G4xx_HAL_Driver/Src/stm32g4xx_hal_tim_ex.c **** 
 2285              		.loc 1 1032 5 view .LVU674
 2286 007c 0422     		movs	r2, #4
 2287 007e 2946     		mov	r1, r5
 2288 0080 2068     		ldr	r0, [r4]
 2289 0082 FFF7FEFF 		bl	TIM_CCxNChannelCmd
 2290              	.LVL144:
1035:Drivers/STM32G4xx_HAL_Driver/Src/stm32g4xx_hal_tim_ex.c **** 
 2291              		.loc 1 1035 5 view .LVU675
 2292 0086 2268     		ldr	r2, [r4]
 2293 0088 536C     		ldr	r3, [r2, #68]
 2294 008a 43F40043 		orr	r3, r3, #32768
 2295 008e 5364     		str	r3, [r2, #68]
1038:Drivers/STM32G4xx_HAL_Driver/Src/stm32g4xx_hal_tim_ex.c ****     {
 2296              		.loc 1 1038 5 view .LVU676
1038:Drivers/STM32G4xx_HAL_Driver/Src/stm32g4xx_hal_tim_ex.c ****     {
 2297              		.loc 1 1038 9 is_stmt 0 view .LVU677
 2298 0090 2368     		ldr	r3, [r4]
1038:Drivers/STM32G4xx_HAL_Driver/Src/stm32g4xx_hal_tim_ex.c ****     {
 2299              		.loc 1 1038 8 view .LVU678
 2300 0092 7A4A     		ldr	r2, .L206+12
 2301 0094 9342     		cmp	r3, r2
 2302 0096 00F0C780 		beq	.L183
1038:Drivers/STM32G4xx_HAL_Driver/Src/stm32g4xx_hal_tim_ex.c ****     {
 2303              		.loc 1 1038 9 discriminator 1 view .LVU679
 2304 009a B3F1804F 		cmp	r3, #1073741824
 2305 009e 00F0C380 		beq	.L183
1038:Drivers/STM32G4xx_HAL_Driver/Src/stm32g4xx_hal_tim_ex.c ****     {
 2306              		.loc 1 1038 9 discriminator 2 view .LVU680
 2307 00a2 A2F59432 		sub	r2, r2, #75776
 2308 00a6 9342     		cmp	r3, r2
 2309 00a8 00F0BE80 		beq	.L183
ARM GAS  C:\Users\Booster\AppData\Local\Temp\ccs9w8jc.s 			page 117


1038:Drivers/STM32G4xx_HAL_Driver/Src/stm32g4xx_hal_tim_ex.c ****     {
 2310              		.loc 1 1038 9 discriminator 3 view .LVU681
 2311 00ac 02F58062 		add	r2, r2, #1024
 2312 00b0 9342     		cmp	r3, r2
 2313 00b2 00F0B980 		beq	.L183
1038:Drivers/STM32G4xx_HAL_Driver/Src/stm32g4xx_hal_tim_ex.c ****     {
 2314              		.loc 1 1038 9 discriminator 4 view .LVU682
 2315 00b6 02F59632 		add	r2, r2, #76800
 2316 00ba 9342     		cmp	r3, r2
 2317 00bc 00F0B480 		beq	.L183
1038:Drivers/STM32G4xx_HAL_Driver/Src/stm32g4xx_hal_tim_ex.c ****     {
 2318              		.loc 1 1038 9 discriminator 5 view .LVU683
 2319 00c0 02F54062 		add	r2, r2, #3072
 2320 00c4 9342     		cmp	r3, r2
 2321 00c6 00F0AF80 		beq	.L183
1048:Drivers/STM32G4xx_HAL_Driver/Src/stm32g4xx_hal_tim_ex.c ****     }
 2322              		.loc 1 1048 7 is_stmt 1 view .LVU684
 2323 00ca 1A68     		ldr	r2, [r3]
 2324 00cc 42F00102 		orr	r2, r2, #1
 2325 00d0 1A60     		str	r2, [r3]
 2326 00d2 0020     		movs	r0, #0
 2327 00d4 B9E0     		b	.L169
 2328              	.LVL145:
 2329              	.L165:
 918:Drivers/STM32G4xx_HAL_Driver/Src/stm32g4xx_hal_tim_ex.c ****   {
 2330              		.loc 1 918 46 is_stmt 0 discriminator 2 view .LVU685
 2331 00d6 0429     		cmp	r1, #4
 2332 00d8 09D0     		beq	.L200
 918:Drivers/STM32G4xx_HAL_Driver/Src/stm32g4xx_hal_tim_ex.c ****   {
 2333              		.loc 1 918 46 discriminator 5 view .LVU686
 2334 00da 0829     		cmp	r1, #8
 2335 00dc 0FD0     		beq	.L201
 918:Drivers/STM32G4xx_HAL_Driver/Src/stm32g4xx_hal_tim_ex.c ****   {
 2336              		.loc 1 918 7 discriminator 8 view .LVU687
 2337 00de 90F84700 		ldrb	r0, [r0, #71]	@ zero_extendqisi2
 2338              	.LVL146:
 918:Drivers/STM32G4xx_HAL_Driver/Src/stm32g4xx_hal_tim_ex.c ****   {
 2339              		.loc 1 918 7 discriminator 8 view .LVU688
 2340 00e2 C0B2     		uxtb	r0, r0
 918:Drivers/STM32G4xx_HAL_Driver/Src/stm32g4xx_hal_tim_ex.c ****   {
 2341              		.loc 1 918 46 discriminator 8 view .LVU689
 2342 00e4 0228     		cmp	r0, #2
 2343 00e6 14BF     		ite	ne
 2344 00e8 0020     		movne	r0, #0
 2345 00ea 0120     		moveq	r0, #1
 2346 00ec 95E7     		b	.L166
 2347              	.LVL147:
 2348              	.L200:
 918:Drivers/STM32G4xx_HAL_Driver/Src/stm32g4xx_hal_tim_ex.c ****   {
 2349              		.loc 1 918 7 discriminator 4 view .LVU690
 2350 00ee 90F84500 		ldrb	r0, [r0, #69]	@ zero_extendqisi2
 2351              	.LVL148:
 918:Drivers/STM32G4xx_HAL_Driver/Src/stm32g4xx_hal_tim_ex.c ****   {
 2352              		.loc 1 918 7 discriminator 4 view .LVU691
 2353 00f2 C0B2     		uxtb	r0, r0
 918:Drivers/STM32G4xx_HAL_Driver/Src/stm32g4xx_hal_tim_ex.c ****   {
 2354              		.loc 1 918 46 discriminator 4 view .LVU692
ARM GAS  C:\Users\Booster\AppData\Local\Temp\ccs9w8jc.s 			page 118


 2355 00f4 0228     		cmp	r0, #2
 2356 00f6 14BF     		ite	ne
 2357 00f8 0020     		movne	r0, #0
 2358 00fa 0120     		moveq	r0, #1
 2359 00fc 8DE7     		b	.L166
 2360              	.LVL149:
 2361              	.L201:
 918:Drivers/STM32G4xx_HAL_Driver/Src/stm32g4xx_hal_tim_ex.c ****   {
 2362              		.loc 1 918 7 discriminator 7 view .LVU693
 2363 00fe 90F84600 		ldrb	r0, [r0, #70]	@ zero_extendqisi2
 2364              	.LVL150:
 918:Drivers/STM32G4xx_HAL_Driver/Src/stm32g4xx_hal_tim_ex.c ****   {
 2365              		.loc 1 918 7 discriminator 7 view .LVU694
 2366 0102 C0B2     		uxtb	r0, r0
 918:Drivers/STM32G4xx_HAL_Driver/Src/stm32g4xx_hal_tim_ex.c ****   {
 2367              		.loc 1 918 46 discriminator 7 view .LVU695
 2368 0104 0228     		cmp	r0, #2
 2369 0106 14BF     		ite	ne
 2370 0108 0020     		movne	r0, #0
 2371 010a 0120     		moveq	r0, #1
 2372 010c 85E7     		b	.L166
 2373              	.L170:
 922:Drivers/STM32G4xx_HAL_Driver/Src/stm32g4xx_hal_tim_ex.c ****   {
 2374              		.loc 1 922 51 discriminator 2 view .LVU696
 2375 010e 042D     		cmp	r5, #4
 2376 0110 09D0     		beq	.L202
 922:Drivers/STM32G4xx_HAL_Driver/Src/stm32g4xx_hal_tim_ex.c ****   {
 2377              		.loc 1 922 51 discriminator 5 view .LVU697
 2378 0112 082D     		cmp	r5, #8
 2379 0114 0FD0     		beq	.L203
 922:Drivers/STM32G4xx_HAL_Driver/Src/stm32g4xx_hal_tim_ex.c ****   {
 2380              		.loc 1 922 12 discriminator 8 view .LVU698
 2381 0116 94F84720 		ldrb	r2, [r4, #71]	@ zero_extendqisi2
 2382              	.LVL151:
 922:Drivers/STM32G4xx_HAL_Driver/Src/stm32g4xx_hal_tim_ex.c ****   {
 2383              		.loc 1 922 12 discriminator 8 view .LVU699
 2384 011a D2B2     		uxtb	r2, r2
 922:Drivers/STM32G4xx_HAL_Driver/Src/stm32g4xx_hal_tim_ex.c ****   {
 2385              		.loc 1 922 51 discriminator 8 view .LVU700
 2386 011c 012A     		cmp	r2, #1
 2387 011e 14BF     		ite	ne
 2388 0120 0022     		movne	r2, #0
 2389 0122 0122     		moveq	r2, #1
 2390 0124 85E7     		b	.L171
 2391              	.LVL152:
 2392              	.L202:
 922:Drivers/STM32G4xx_HAL_Driver/Src/stm32g4xx_hal_tim_ex.c ****   {
 2393              		.loc 1 922 12 discriminator 4 view .LVU701
 2394 0126 94F84520 		ldrb	r2, [r4, #69]	@ zero_extendqisi2
 2395              	.LVL153:
 922:Drivers/STM32G4xx_HAL_Driver/Src/stm32g4xx_hal_tim_ex.c ****   {
 2396              		.loc 1 922 12 discriminator 4 view .LVU702
 2397 012a D2B2     		uxtb	r2, r2
 922:Drivers/STM32G4xx_HAL_Driver/Src/stm32g4xx_hal_tim_ex.c ****   {
 2398              		.loc 1 922 51 discriminator 4 view .LVU703
 2399 012c 012A     		cmp	r2, #1
 2400 012e 14BF     		ite	ne
ARM GAS  C:\Users\Booster\AppData\Local\Temp\ccs9w8jc.s 			page 119


 2401 0130 0022     		movne	r2, #0
 2402 0132 0122     		moveq	r2, #1
 2403 0134 7DE7     		b	.L171
 2404              	.LVL154:
 2405              	.L203:
 922:Drivers/STM32G4xx_HAL_Driver/Src/stm32g4xx_hal_tim_ex.c ****   {
 2406              		.loc 1 922 12 discriminator 7 view .LVU704
 2407 0136 94F84620 		ldrb	r2, [r4, #70]	@ zero_extendqisi2
 2408              	.LVL155:
 922:Drivers/STM32G4xx_HAL_Driver/Src/stm32g4xx_hal_tim_ex.c ****   {
 2409              		.loc 1 922 12 discriminator 7 view .LVU705
 2410 013a D2B2     		uxtb	r2, r2
 922:Drivers/STM32G4xx_HAL_Driver/Src/stm32g4xx_hal_tim_ex.c ****   {
 2411              		.loc 1 922 51 discriminator 7 view .LVU706
 2412 013c 012A     		cmp	r2, #1
 2413 013e 14BF     		ite	ne
 2414 0140 0022     		movne	r2, #0
 2415 0142 0122     		moveq	r2, #1
 2416 0144 75E7     		b	.L171
 2417              	.L174:
 930:Drivers/STM32G4xx_HAL_Driver/Src/stm32g4xx_hal_tim_ex.c ****     }
 2418              		.loc 1 930 7 discriminator 2 view .LVU707
 2419 0146 042D     		cmp	r5, #4
 2420 0148 24D0     		beq	.L204
 930:Drivers/STM32G4xx_HAL_Driver/Src/stm32g4xx_hal_tim_ex.c ****     }
 2421              		.loc 1 930 7 discriminator 4 view .LVU708
 2422 014a 082D     		cmp	r5, #8
 2423 014c 3CD0     		beq	.L205
 930:Drivers/STM32G4xx_HAL_Driver/Src/stm32g4xx_hal_tim_ex.c ****     }
 2424              		.loc 1 930 7 discriminator 7 view .LVU709
 2425 014e 0222     		movs	r2, #2
 2426 0150 84F84720 		strb	r2, [r4, #71]
 938:Drivers/STM32G4xx_HAL_Driver/Src/stm32g4xx_hal_tim_ex.c ****   {
 2427              		.loc 1 938 3 is_stmt 1 discriminator 7 view .LVU710
 2428 0154 0C2D     		cmp	r5, #12
 2429 0156 7DD8     		bhi	.L189
 2430 0158 01A2     		adr	r2, .L181
 2431 015a 52F825F0 		ldr	pc, [r2, r5, lsl #2]
 2432 015e 00BF     		.p2align 2
 2433              	.L181:
 2434 0160 4F000000 		.word	.L175+1
 2435 0164 55020000 		.word	.L189+1
 2436 0168 55020000 		.word	.L189+1
 2437 016c 55020000 		.word	.L189+1
 2438 0170 9B010000 		.word	.L177+1
 2439 0174 55020000 		.word	.L189+1
 2440 0178 55020000 		.word	.L189+1
 2441 017c 55020000 		.word	.L189+1
 2442 0180 CF010000 		.word	.L179+1
 2443 0184 55020000 		.word	.L189+1
 2444 0188 55020000 		.word	.L189+1
 2445 018c 55020000 		.word	.L189+1
 2446 0190 FD010000 		.word	.L180+1
 2447              		.p2align 1
 2448              	.L204:
 930:Drivers/STM32G4xx_HAL_Driver/Src/stm32g4xx_hal_tim_ex.c ****     }
 2449              		.loc 1 930 7 is_stmt 0 view .LVU711
ARM GAS  C:\Users\Booster\AppData\Local\Temp\ccs9w8jc.s 			page 120


 2450 0194 0222     		movs	r2, #2
 2451 0196 84F84520 		strb	r2, [r4, #69]
 938:Drivers/STM32G4xx_HAL_Driver/Src/stm32g4xx_hal_tim_ex.c ****   {
 2452              		.loc 1 938 3 is_stmt 1 view .LVU712
 2453              	.L177:
 964:Drivers/STM32G4xx_HAL_Driver/Src/stm32g4xx_hal_tim_ex.c ****       htim->hdma[TIM_DMA_ID_CC2]->XferHalfCpltCallback = TIM_DMADelayPulseHalfCplt;
 2454              		.loc 1 964 7 view .LVU713
 964:Drivers/STM32G4xx_HAL_Driver/Src/stm32g4xx_hal_tim_ex.c ****       htim->hdma[TIM_DMA_ID_CC2]->XferHalfCpltCallback = TIM_DMADelayPulseHalfCplt;
 2455              		.loc 1 964 17 is_stmt 0 view .LVU714
 2456 019a A26A     		ldr	r2, [r4, #40]
 964:Drivers/STM32G4xx_HAL_Driver/Src/stm32g4xx_hal_tim_ex.c ****       htim->hdma[TIM_DMA_ID_CC2]->XferHalfCpltCallback = TIM_DMADelayPulseHalfCplt;
 2457              		.loc 1 964 52 view .LVU715
 2458 019c 3449     		ldr	r1, .L206
 2459              	.LVL156:
 964:Drivers/STM32G4xx_HAL_Driver/Src/stm32g4xx_hal_tim_ex.c ****       htim->hdma[TIM_DMA_ID_CC2]->XferHalfCpltCallback = TIM_DMADelayPulseHalfCplt;
 2460              		.loc 1 964 52 view .LVU716
 2461 019e D162     		str	r1, [r2, #44]
 965:Drivers/STM32G4xx_HAL_Driver/Src/stm32g4xx_hal_tim_ex.c **** 
 2462              		.loc 1 965 7 is_stmt 1 view .LVU717
 965:Drivers/STM32G4xx_HAL_Driver/Src/stm32g4xx_hal_tim_ex.c **** 
 2463              		.loc 1 965 17 is_stmt 0 view .LVU718
 2464 01a0 A26A     		ldr	r2, [r4, #40]
 965:Drivers/STM32G4xx_HAL_Driver/Src/stm32g4xx_hal_tim_ex.c **** 
 2465              		.loc 1 965 56 view .LVU719
 2466 01a2 3449     		ldr	r1, .L206+4
 2467 01a4 1163     		str	r1, [r2, #48]
 968:Drivers/STM32G4xx_HAL_Driver/Src/stm32g4xx_hal_tim_ex.c **** 
 2468              		.loc 1 968 7 is_stmt 1 view .LVU720
 968:Drivers/STM32G4xx_HAL_Driver/Src/stm32g4xx_hal_tim_ex.c **** 
 2469              		.loc 1 968 17 is_stmt 0 view .LVU721
 2470 01a6 A26A     		ldr	r2, [r4, #40]
 968:Drivers/STM32G4xx_HAL_Driver/Src/stm32g4xx_hal_tim_ex.c **** 
 2471              		.loc 1 968 53 view .LVU722
 2472 01a8 3349     		ldr	r1, .L206+8
 2473 01aa 5163     		str	r1, [r2, #52]
 971:Drivers/STM32G4xx_HAL_Driver/Src/stm32g4xx_hal_tim_ex.c ****                            Length) != HAL_OK)
 2474              		.loc 1 971 7 is_stmt 1 view .LVU723
 971:Drivers/STM32G4xx_HAL_Driver/Src/stm32g4xx_hal_tim_ex.c ****                            Length) != HAL_OK)
 2475              		.loc 1 971 88 is_stmt 0 view .LVU724
 2476 01ac 2268     		ldr	r2, [r4]
 971:Drivers/STM32G4xx_HAL_Driver/Src/stm32g4xx_hal_tim_ex.c ****                            Length) != HAL_OK)
 2477              		.loc 1 971 11 view .LVU725
 2478 01ae 3832     		adds	r2, r2, #56
 2479 01b0 3146     		mov	r1, r6
 2480 01b2 A06A     		ldr	r0, [r4, #40]
 2481 01b4 FFF7FEFF 		bl	HAL_DMA_Start_IT
 2482              	.LVL157:
 971:Drivers/STM32G4xx_HAL_Driver/Src/stm32g4xx_hal_tim_ex.c ****                            Length) != HAL_OK)
 2483              		.loc 1 971 10 view .LVU726
 2484 01b8 0028     		cmp	r0, #0
 2485 01ba 4FD1     		bne	.L191
 978:Drivers/STM32G4xx_HAL_Driver/Src/stm32g4xx_hal_tim_ex.c ****       break;
 2486              		.loc 1 978 7 is_stmt 1 view .LVU727
 2487 01bc 2268     		ldr	r2, [r4]
 2488 01be D368     		ldr	r3, [r2, #12]
 2489 01c0 43F48063 		orr	r3, r3, #1024
 2490 01c4 D360     		str	r3, [r2, #12]
ARM GAS  C:\Users\Booster\AppData\Local\Temp\ccs9w8jc.s 			page 121


 979:Drivers/STM32G4xx_HAL_Driver/Src/stm32g4xx_hal_tim_ex.c ****     }
 2491              		.loc 1 979 7 view .LVU728
1029:Drivers/STM32G4xx_HAL_Driver/Src/stm32g4xx_hal_tim_ex.c ****   {
 2492              		.loc 1 1029 3 view .LVU729
 2493 01c6 59E7     		b	.L182
 2494              	.LVL158:
 2495              	.L205:
 930:Drivers/STM32G4xx_HAL_Driver/Src/stm32g4xx_hal_tim_ex.c ****     }
 2496              		.loc 1 930 7 is_stmt 0 view .LVU730
 2497 01c8 0222     		movs	r2, #2
 2498 01ca 84F84620 		strb	r2, [r4, #70]
 938:Drivers/STM32G4xx_HAL_Driver/Src/stm32g4xx_hal_tim_ex.c ****   {
 2499              		.loc 1 938 3 is_stmt 1 view .LVU731
 2500              	.L179:
 985:Drivers/STM32G4xx_HAL_Driver/Src/stm32g4xx_hal_tim_ex.c ****       htim->hdma[TIM_DMA_ID_CC3]->XferHalfCpltCallback = TIM_DMADelayPulseHalfCplt;
 2501              		.loc 1 985 7 view .LVU732
 985:Drivers/STM32G4xx_HAL_Driver/Src/stm32g4xx_hal_tim_ex.c ****       htim->hdma[TIM_DMA_ID_CC3]->XferHalfCpltCallback = TIM_DMADelayPulseHalfCplt;
 2502              		.loc 1 985 17 is_stmt 0 view .LVU733
 2503 01ce E26A     		ldr	r2, [r4, #44]
 985:Drivers/STM32G4xx_HAL_Driver/Src/stm32g4xx_hal_tim_ex.c ****       htim->hdma[TIM_DMA_ID_CC3]->XferHalfCpltCallback = TIM_DMADelayPulseHalfCplt;
 2504              		.loc 1 985 52 view .LVU734
 2505 01d0 2749     		ldr	r1, .L206
 2506              	.LVL159:
 985:Drivers/STM32G4xx_HAL_Driver/Src/stm32g4xx_hal_tim_ex.c ****       htim->hdma[TIM_DMA_ID_CC3]->XferHalfCpltCallback = TIM_DMADelayPulseHalfCplt;
 2507              		.loc 1 985 52 view .LVU735
 2508 01d2 D162     		str	r1, [r2, #44]
 986:Drivers/STM32G4xx_HAL_Driver/Src/stm32g4xx_hal_tim_ex.c **** 
 2509              		.loc 1 986 7 is_stmt 1 view .LVU736
 986:Drivers/STM32G4xx_HAL_Driver/Src/stm32g4xx_hal_tim_ex.c **** 
 2510              		.loc 1 986 17 is_stmt 0 view .LVU737
 2511 01d4 E26A     		ldr	r2, [r4, #44]
 986:Drivers/STM32G4xx_HAL_Driver/Src/stm32g4xx_hal_tim_ex.c **** 
 2512              		.loc 1 986 56 view .LVU738
 2513 01d6 2749     		ldr	r1, .L206+4
 2514 01d8 1163     		str	r1, [r2, #48]
 989:Drivers/STM32G4xx_HAL_Driver/Src/stm32g4xx_hal_tim_ex.c **** 
 2515              		.loc 1 989 7 is_stmt 1 view .LVU739
 989:Drivers/STM32G4xx_HAL_Driver/Src/stm32g4xx_hal_tim_ex.c **** 
 2516              		.loc 1 989 17 is_stmt 0 view .LVU740
 2517 01da E26A     		ldr	r2, [r4, #44]
 989:Drivers/STM32G4xx_HAL_Driver/Src/stm32g4xx_hal_tim_ex.c **** 
 2518              		.loc 1 989 53 view .LVU741
 2519 01dc 2649     		ldr	r1, .L206+8
 2520 01de 5163     		str	r1, [r2, #52]
 992:Drivers/STM32G4xx_HAL_Driver/Src/stm32g4xx_hal_tim_ex.c ****                            Length) != HAL_OK)
 2521              		.loc 1 992 7 is_stmt 1 view .LVU742
 992:Drivers/STM32G4xx_HAL_Driver/Src/stm32g4xx_hal_tim_ex.c ****                            Length) != HAL_OK)
 2522              		.loc 1 992 88 is_stmt 0 view .LVU743
 2523 01e0 2268     		ldr	r2, [r4]
 992:Drivers/STM32G4xx_HAL_Driver/Src/stm32g4xx_hal_tim_ex.c ****                            Length) != HAL_OK)
 2524              		.loc 1 992 11 view .LVU744
 2525 01e2 3C32     		adds	r2, r2, #60
 2526 01e4 3146     		mov	r1, r6
 2527 01e6 E06A     		ldr	r0, [r4, #44]
 2528 01e8 FFF7FEFF 		bl	HAL_DMA_Start_IT
 2529              	.LVL160:
 992:Drivers/STM32G4xx_HAL_Driver/Src/stm32g4xx_hal_tim_ex.c ****                            Length) != HAL_OK)
ARM GAS  C:\Users\Booster\AppData\Local\Temp\ccs9w8jc.s 			page 122


 2530              		.loc 1 992 10 view .LVU745
 2531 01ec 0028     		cmp	r0, #0
 2532 01ee 37D1     		bne	.L192
 999:Drivers/STM32G4xx_HAL_Driver/Src/stm32g4xx_hal_tim_ex.c ****       break;
 2533              		.loc 1 999 7 is_stmt 1 view .LVU746
 2534 01f0 2268     		ldr	r2, [r4]
 2535 01f2 D368     		ldr	r3, [r2, #12]
 2536 01f4 43F40063 		orr	r3, r3, #2048
 2537 01f8 D360     		str	r3, [r2, #12]
1000:Drivers/STM32G4xx_HAL_Driver/Src/stm32g4xx_hal_tim_ex.c ****     }
 2538              		.loc 1 1000 7 view .LVU747
1029:Drivers/STM32G4xx_HAL_Driver/Src/stm32g4xx_hal_tim_ex.c ****   {
 2539              		.loc 1 1029 3 view .LVU748
 2540 01fa 3FE7     		b	.L182
 2541              	.LVL161:
 2542              	.L180:
1006:Drivers/STM32G4xx_HAL_Driver/Src/stm32g4xx_hal_tim_ex.c ****       htim->hdma[TIM_DMA_ID_CC4]->XferHalfCpltCallback = TIM_DMADelayPulseHalfCplt;
 2543              		.loc 1 1006 7 view .LVU749
1006:Drivers/STM32G4xx_HAL_Driver/Src/stm32g4xx_hal_tim_ex.c ****       htim->hdma[TIM_DMA_ID_CC4]->XferHalfCpltCallback = TIM_DMADelayPulseHalfCplt;
 2544              		.loc 1 1006 17 is_stmt 0 view .LVU750
 2545 01fc 226B     		ldr	r2, [r4, #48]
1006:Drivers/STM32G4xx_HAL_Driver/Src/stm32g4xx_hal_tim_ex.c ****       htim->hdma[TIM_DMA_ID_CC4]->XferHalfCpltCallback = TIM_DMADelayPulseHalfCplt;
 2546              		.loc 1 1006 52 view .LVU751
 2547 01fe 1C49     		ldr	r1, .L206
 2548              	.LVL162:
1006:Drivers/STM32G4xx_HAL_Driver/Src/stm32g4xx_hal_tim_ex.c ****       htim->hdma[TIM_DMA_ID_CC4]->XferHalfCpltCallback = TIM_DMADelayPulseHalfCplt;
 2549              		.loc 1 1006 52 view .LVU752
 2550 0200 D162     		str	r1, [r2, #44]
1007:Drivers/STM32G4xx_HAL_Driver/Src/stm32g4xx_hal_tim_ex.c **** 
 2551              		.loc 1 1007 7 is_stmt 1 view .LVU753
1007:Drivers/STM32G4xx_HAL_Driver/Src/stm32g4xx_hal_tim_ex.c **** 
 2552              		.loc 1 1007 17 is_stmt 0 view .LVU754
 2553 0202 226B     		ldr	r2, [r4, #48]
1007:Drivers/STM32G4xx_HAL_Driver/Src/stm32g4xx_hal_tim_ex.c **** 
 2554              		.loc 1 1007 56 view .LVU755
 2555 0204 1B49     		ldr	r1, .L206+4
 2556 0206 1163     		str	r1, [r2, #48]
1010:Drivers/STM32G4xx_HAL_Driver/Src/stm32g4xx_hal_tim_ex.c **** 
 2557              		.loc 1 1010 7 is_stmt 1 view .LVU756
1010:Drivers/STM32G4xx_HAL_Driver/Src/stm32g4xx_hal_tim_ex.c **** 
 2558              		.loc 1 1010 17 is_stmt 0 view .LVU757
 2559 0208 226B     		ldr	r2, [r4, #48]
1010:Drivers/STM32G4xx_HAL_Driver/Src/stm32g4xx_hal_tim_ex.c **** 
 2560              		.loc 1 1010 53 view .LVU758
 2561 020a 1B49     		ldr	r1, .L206+8
 2562 020c 5163     		str	r1, [r2, #52]
1013:Drivers/STM32G4xx_HAL_Driver/Src/stm32g4xx_hal_tim_ex.c ****                            Length) != HAL_OK)
 2563              		.loc 1 1013 7 is_stmt 1 view .LVU759
1013:Drivers/STM32G4xx_HAL_Driver/Src/stm32g4xx_hal_tim_ex.c ****                            Length) != HAL_OK)
 2564              		.loc 1 1013 88 is_stmt 0 view .LVU760
 2565 020e 2268     		ldr	r2, [r4]
1013:Drivers/STM32G4xx_HAL_Driver/Src/stm32g4xx_hal_tim_ex.c ****                            Length) != HAL_OK)
 2566              		.loc 1 1013 11 view .LVU761
 2567 0210 4032     		adds	r2, r2, #64
 2568 0212 3146     		mov	r1, r6
 2569 0214 206B     		ldr	r0, [r4, #48]
 2570 0216 FFF7FEFF 		bl	HAL_DMA_Start_IT
ARM GAS  C:\Users\Booster\AppData\Local\Temp\ccs9w8jc.s 			page 123


 2571              	.LVL163:
1013:Drivers/STM32G4xx_HAL_Driver/Src/stm32g4xx_hal_tim_ex.c ****                            Length) != HAL_OK)
 2572              		.loc 1 1013 10 view .LVU762
 2573 021a 18BB     		cbnz	r0, .L193
1020:Drivers/STM32G4xx_HAL_Driver/Src/stm32g4xx_hal_tim_ex.c ****       break;
 2574              		.loc 1 1020 7 is_stmt 1 view .LVU763
 2575 021c 2268     		ldr	r2, [r4]
 2576 021e D368     		ldr	r3, [r2, #12]
 2577 0220 43F48053 		orr	r3, r3, #4096
 2578 0224 D360     		str	r3, [r2, #12]
1021:Drivers/STM32G4xx_HAL_Driver/Src/stm32g4xx_hal_tim_ex.c ****     }
 2579              		.loc 1 1021 7 view .LVU764
1029:Drivers/STM32G4xx_HAL_Driver/Src/stm32g4xx_hal_tim_ex.c ****   {
 2580              		.loc 1 1029 3 view .LVU765
 2581 0226 29E7     		b	.L182
 2582              	.L183:
1040:Drivers/STM32G4xx_HAL_Driver/Src/stm32g4xx_hal_tim_ex.c ****       if (!IS_TIM_SLAVEMODE_TRIGGER_ENABLED(tmpsmcr))
 2583              		.loc 1 1040 7 view .LVU766
1040:Drivers/STM32G4xx_HAL_Driver/Src/stm32g4xx_hal_tim_ex.c ****       if (!IS_TIM_SLAVEMODE_TRIGGER_ENABLED(tmpsmcr))
 2584              		.loc 1 1040 31 is_stmt 0 view .LVU767
 2585 0228 9968     		ldr	r1, [r3, #8]
1040:Drivers/STM32G4xx_HAL_Driver/Src/stm32g4xx_hal_tim_ex.c ****       if (!IS_TIM_SLAVEMODE_TRIGGER_ENABLED(tmpsmcr))
 2586              		.loc 1 1040 15 view .LVU768
 2587 022a 154A     		ldr	r2, .L206+16
 2588 022c 0A40     		ands	r2, r2, r1
 2589              	.LVL164:
1041:Drivers/STM32G4xx_HAL_Driver/Src/stm32g4xx_hal_tim_ex.c ****       {
 2590              		.loc 1 1041 7 is_stmt 1 view .LVU769
1041:Drivers/STM32G4xx_HAL_Driver/Src/stm32g4xx_hal_tim_ex.c ****       {
 2591              		.loc 1 1041 10 is_stmt 0 view .LVU770
 2592 022e 062A     		cmp	r2, #6
 2593 0230 1AD0     		beq	.L194
1041:Drivers/STM32G4xx_HAL_Driver/Src/stm32g4xx_hal_tim_ex.c ****       {
 2594              		.loc 1 1041 11 discriminator 1 view .LVU771
 2595 0232 B2F5803F 		cmp	r2, #65536
 2596 0236 19D0     		beq	.L195
1043:Drivers/STM32G4xx_HAL_Driver/Src/stm32g4xx_hal_tim_ex.c ****       }
 2597              		.loc 1 1043 9 is_stmt 1 view .LVU772
 2598 0238 1A68     		ldr	r2, [r3]
 2599              	.LVL165:
1043:Drivers/STM32G4xx_HAL_Driver/Src/stm32g4xx_hal_tim_ex.c ****       }
 2600              		.loc 1 1043 9 is_stmt 0 view .LVU773
 2601 023a 42F00102 		orr	r2, r2, #1
 2602 023e 1A60     		str	r2, [r3]
 2603 0240 0020     		movs	r0, #0
 2604 0242 02E0     		b	.L169
 2605              	.LVL166:
 2606              	.L185:
 920:Drivers/STM32G4xx_HAL_Driver/Src/stm32g4xx_hal_tim_ex.c ****   }
 2607              		.loc 1 920 12 view .LVU774
 2608 0244 0220     		movs	r0, #2
 2609 0246 00E0     		b	.L169
 2610              	.LVL167:
 2611              	.L186:
 935:Drivers/STM32G4xx_HAL_Driver/Src/stm32g4xx_hal_tim_ex.c ****   }
 2612              		.loc 1 935 12 view .LVU775
 2613 0248 0120     		movs	r0, #1
ARM GAS  C:\Users\Booster\AppData\Local\Temp\ccs9w8jc.s 			page 124


 2614              	.LVL168:
 2615              	.L169:
1054:Drivers/STM32G4xx_HAL_Driver/Src/stm32g4xx_hal_tim_ex.c **** 
 2616              		.loc 1 1054 1 view .LVU776
 2617 024a 70BD     		pop	{r4, r5, r6, pc}
 2618              	.LVL169:
 2619              	.L187:
 926:Drivers/STM32G4xx_HAL_Driver/Src/stm32g4xx_hal_tim_ex.c ****     }
 2620              		.loc 1 926 14 view .LVU777
 2621 024c 0120     		movs	r0, #1
 2622 024e FCE7     		b	.L169
 2623              	.L188:
 2624 0250 0120     		movs	r0, #1
 2625 0252 FAE7     		b	.L169
 2626              	.L189:
 938:Drivers/STM32G4xx_HAL_Driver/Src/stm32g4xx_hal_tim_ex.c ****   {
 2627              		.loc 1 938 3 view .LVU778
 2628 0254 0120     		movs	r0, #1
 2629 0256 F8E7     		b	.L169
 2630              	.LVL170:
 2631              	.L190:
 954:Drivers/STM32G4xx_HAL_Driver/Src/stm32g4xx_hal_tim_ex.c ****       }
 2632              		.loc 1 954 16 view .LVU779
 2633 0258 0120     		movs	r0, #1
 2634 025a F6E7     		b	.L169
 2635              	.L191:
 975:Drivers/STM32G4xx_HAL_Driver/Src/stm32g4xx_hal_tim_ex.c ****       }
 2636              		.loc 1 975 16 view .LVU780
 2637 025c 0120     		movs	r0, #1
 2638 025e F4E7     		b	.L169
 2639              	.L192:
 996:Drivers/STM32G4xx_HAL_Driver/Src/stm32g4xx_hal_tim_ex.c ****       }
 2640              		.loc 1 996 16 view .LVU781
 2641 0260 0120     		movs	r0, #1
 2642 0262 F2E7     		b	.L169
 2643              	.L193:
1017:Drivers/STM32G4xx_HAL_Driver/Src/stm32g4xx_hal_tim_ex.c ****       }
 2644              		.loc 1 1017 16 view .LVU782
 2645 0264 0120     		movs	r0, #1
 2646 0266 F0E7     		b	.L169
 2647              	.LVL171:
 2648              	.L194:
1017:Drivers/STM32G4xx_HAL_Driver/Src/stm32g4xx_hal_tim_ex.c ****       }
 2649              		.loc 1 1017 16 view .LVU783
 2650 0268 0020     		movs	r0, #0
 2651 026a EEE7     		b	.L169
 2652              	.L195:
 2653 026c 0020     		movs	r0, #0
 2654 026e ECE7     		b	.L169
 2655              	.L207:
 2656              		.align	2
 2657              	.L206:
 2658 0270 00000000 		.word	TIM_DMADelayPulseNCplt
 2659 0274 00000000 		.word	TIM_DMADelayPulseHalfCplt
 2660 0278 00000000 		.word	TIM_DMAErrorCCxN
 2661 027c 002C0140 		.word	1073818624
 2662 0280 07000100 		.word	65543
ARM GAS  C:\Users\Booster\AppData\Local\Temp\ccs9w8jc.s 			page 125


 2663              		.cfi_endproc
 2664              	.LFE343:
 2666              		.section	.text.HAL_TIMEx_OCN_Stop_DMA,"ax",%progbits
 2667              		.align	1
 2668              		.global	HAL_TIMEx_OCN_Stop_DMA
 2669              		.syntax unified
 2670              		.thumb
 2671              		.thumb_func
 2673              	HAL_TIMEx_OCN_Stop_DMA:
 2674              	.LVL172:
 2675              	.LFB344:
1069:Drivers/STM32G4xx_HAL_Driver/Src/stm32g4xx_hal_tim_ex.c ****   HAL_StatusTypeDef status = HAL_OK;
 2676              		.loc 1 1069 1 is_stmt 1 view -0
 2677              		.cfi_startproc
 2678              		@ args = 0, pretend = 0, frame = 0
 2679              		@ frame_needed = 0, uses_anonymous_args = 0
1069:Drivers/STM32G4xx_HAL_Driver/Src/stm32g4xx_hal_tim_ex.c ****   HAL_StatusTypeDef status = HAL_OK;
 2680              		.loc 1 1069 1 is_stmt 0 view .LVU785
 2681 0000 38B5     		push	{r3, r4, r5, lr}
 2682              	.LCFI19:
 2683              		.cfi_def_cfa_offset 16
 2684              		.cfi_offset 3, -16
 2685              		.cfi_offset 4, -12
 2686              		.cfi_offset 5, -8
 2687              		.cfi_offset 14, -4
 2688 0002 0446     		mov	r4, r0
 2689 0004 0D46     		mov	r5, r1
1070:Drivers/STM32G4xx_HAL_Driver/Src/stm32g4xx_hal_tim_ex.c **** 
 2690              		.loc 1 1070 3 is_stmt 1 view .LVU786
 2691              	.LVL173:
1073:Drivers/STM32G4xx_HAL_Driver/Src/stm32g4xx_hal_tim_ex.c **** 
 2692              		.loc 1 1073 3 view .LVU787
1075:Drivers/STM32G4xx_HAL_Driver/Src/stm32g4xx_hal_tim_ex.c ****   {
 2693              		.loc 1 1075 3 view .LVU788
 2694 0006 0C29     		cmp	r1, #12
 2695 0008 67D8     		bhi	.L221
 2696 000a DFE801F0 		tbb	[pc, r1]
 2697              	.L211:
 2698 000e 07       		.byte	(.L214-.L211)/2
 2699 000f 66       		.byte	(.L221-.L211)/2
 2700 0010 66       		.byte	(.L221-.L211)/2
 2701 0011 66       		.byte	(.L221-.L211)/2
 2702 0012 38       		.byte	(.L213-.L211)/2
 2703 0013 66       		.byte	(.L221-.L211)/2
 2704 0014 66       		.byte	(.L221-.L211)/2
 2705 0015 66       		.byte	(.L221-.L211)/2
 2706 0016 41       		.byte	(.L212-.L211)/2
 2707 0017 66       		.byte	(.L221-.L211)/2
 2708 0018 66       		.byte	(.L221-.L211)/2
 2709 0019 66       		.byte	(.L221-.L211)/2
 2710 001a 4A       		.byte	(.L210-.L211)/2
 2711 001b 00       		.p2align 1
 2712              	.L214:
1080:Drivers/STM32G4xx_HAL_Driver/Src/stm32g4xx_hal_tim_ex.c ****       (void)HAL_DMA_Abort_IT(htim->hdma[TIM_DMA_ID_CC1]);
 2713              		.loc 1 1080 7 view .LVU789
 2714 001c 0268     		ldr	r2, [r0]
 2715 001e D368     		ldr	r3, [r2, #12]
ARM GAS  C:\Users\Booster\AppData\Local\Temp\ccs9w8jc.s 			page 126


 2716 0020 23F40073 		bic	r3, r3, #512
 2717 0024 D360     		str	r3, [r2, #12]
1081:Drivers/STM32G4xx_HAL_Driver/Src/stm32g4xx_hal_tim_ex.c ****       break;
 2718              		.loc 1 1081 7 view .LVU790
1081:Drivers/STM32G4xx_HAL_Driver/Src/stm32g4xx_hal_tim_ex.c ****       break;
 2719              		.loc 1 1081 13 is_stmt 0 view .LVU791
 2720 0026 406A     		ldr	r0, [r0, #36]
 2721              	.LVL174:
1081:Drivers/STM32G4xx_HAL_Driver/Src/stm32g4xx_hal_tim_ex.c ****       break;
 2722              		.loc 1 1081 13 view .LVU792
 2723 0028 FFF7FEFF 		bl	HAL_DMA_Abort_IT
 2724              	.LVL175:
1082:Drivers/STM32G4xx_HAL_Driver/Src/stm32g4xx_hal_tim_ex.c ****     }
 2725              		.loc 1 1082 7 is_stmt 1 view .LVU793
1114:Drivers/STM32G4xx_HAL_Driver/Src/stm32g4xx_hal_tim_ex.c ****   {
 2726              		.loc 1 1114 3 view .LVU794
 2727              	.L215:
1117:Drivers/STM32G4xx_HAL_Driver/Src/stm32g4xx_hal_tim_ex.c **** 
 2728              		.loc 1 1117 5 view .LVU795
 2729 002c 0022     		movs	r2, #0
 2730 002e 2946     		mov	r1, r5
 2731 0030 2068     		ldr	r0, [r4]
 2732 0032 FFF7FEFF 		bl	TIM_CCxNChannelCmd
 2733              	.LVL176:
1120:Drivers/STM32G4xx_HAL_Driver/Src/stm32g4xx_hal_tim_ex.c **** 
 2734              		.loc 1 1120 5 view .LVU796
1120:Drivers/STM32G4xx_HAL_Driver/Src/stm32g4xx_hal_tim_ex.c **** 
 2735              		.loc 1 1120 5 view .LVU797
 2736 0036 2368     		ldr	r3, [r4]
 2737 0038 196A     		ldr	r1, [r3, #32]
 2738 003a 41F21112 		movw	r2, #4369
 2739 003e 1142     		tst	r1, r2
 2740 0040 08D1     		bne	.L216
1120:Drivers/STM32G4xx_HAL_Driver/Src/stm32g4xx_hal_tim_ex.c **** 
 2741              		.loc 1 1120 5 discriminator 1 view .LVU798
 2742 0042 196A     		ldr	r1, [r3, #32]
 2743 0044 44F24442 		movw	r2, #17476
 2744 0048 1142     		tst	r1, r2
 2745 004a 03D1     		bne	.L216
1120:Drivers/STM32G4xx_HAL_Driver/Src/stm32g4xx_hal_tim_ex.c **** 
 2746              		.loc 1 1120 5 discriminator 3 view .LVU799
 2747 004c 5A6C     		ldr	r2, [r3, #68]
 2748 004e 22F40042 		bic	r2, r2, #32768
 2749 0052 5A64     		str	r2, [r3, #68]
 2750              	.L216:
1120:Drivers/STM32G4xx_HAL_Driver/Src/stm32g4xx_hal_tim_ex.c **** 
 2751              		.loc 1 1120 5 discriminator 5 view .LVU800
1123:Drivers/STM32G4xx_HAL_Driver/Src/stm32g4xx_hal_tim_ex.c **** 
 2752              		.loc 1 1123 5 discriminator 5 view .LVU801
1123:Drivers/STM32G4xx_HAL_Driver/Src/stm32g4xx_hal_tim_ex.c **** 
 2753              		.loc 1 1123 5 discriminator 5 view .LVU802
 2754 0054 2368     		ldr	r3, [r4]
 2755 0056 196A     		ldr	r1, [r3, #32]
 2756 0058 41F21112 		movw	r2, #4369
 2757 005c 1142     		tst	r1, r2
 2758 005e 08D1     		bne	.L217
1123:Drivers/STM32G4xx_HAL_Driver/Src/stm32g4xx_hal_tim_ex.c **** 
ARM GAS  C:\Users\Booster\AppData\Local\Temp\ccs9w8jc.s 			page 127


 2759              		.loc 1 1123 5 discriminator 1 view .LVU803
 2760 0060 196A     		ldr	r1, [r3, #32]
 2761 0062 44F24442 		movw	r2, #17476
 2762 0066 1142     		tst	r1, r2
 2763 0068 03D1     		bne	.L217
1123:Drivers/STM32G4xx_HAL_Driver/Src/stm32g4xx_hal_tim_ex.c **** 
 2764              		.loc 1 1123 5 discriminator 3 view .LVU804
 2765 006a 1A68     		ldr	r2, [r3]
 2766 006c 22F00102 		bic	r2, r2, #1
 2767 0070 1A60     		str	r2, [r3]
 2768              	.L217:
1123:Drivers/STM32G4xx_HAL_Driver/Src/stm32g4xx_hal_tim_ex.c **** 
 2769              		.loc 1 1123 5 discriminator 5 view .LVU805
1126:Drivers/STM32G4xx_HAL_Driver/Src/stm32g4xx_hal_tim_ex.c ****   }
 2770              		.loc 1 1126 5 discriminator 5 view .LVU806
 2771 0072 FDB9     		cbnz	r5, .L218
1126:Drivers/STM32G4xx_HAL_Driver/Src/stm32g4xx_hal_tim_ex.c ****   }
 2772              		.loc 1 1126 5 is_stmt 0 discriminator 1 view .LVU807
 2773 0074 0123     		movs	r3, #1
 2774 0076 84F84430 		strb	r3, [r4, #68]
 2775 007a 0020     		movs	r0, #0
 2776 007c 2EE0     		b	.L209
 2777              	.LVL177:
 2778              	.L213:
1088:Drivers/STM32G4xx_HAL_Driver/Src/stm32g4xx_hal_tim_ex.c ****       (void)HAL_DMA_Abort_IT(htim->hdma[TIM_DMA_ID_CC2]);
 2779              		.loc 1 1088 7 is_stmt 1 view .LVU808
 2780 007e 0268     		ldr	r2, [r0]
 2781 0080 D368     		ldr	r3, [r2, #12]
 2782 0082 23F48063 		bic	r3, r3, #1024
 2783 0086 D360     		str	r3, [r2, #12]
1089:Drivers/STM32G4xx_HAL_Driver/Src/stm32g4xx_hal_tim_ex.c ****       break;
 2784              		.loc 1 1089 7 view .LVU809
1089:Drivers/STM32G4xx_HAL_Driver/Src/stm32g4xx_hal_tim_ex.c ****       break;
 2785              		.loc 1 1089 13 is_stmt 0 view .LVU810
 2786 0088 806A     		ldr	r0, [r0, #40]
 2787              	.LVL178:
1089:Drivers/STM32G4xx_HAL_Driver/Src/stm32g4xx_hal_tim_ex.c ****       break;
 2788              		.loc 1 1089 13 view .LVU811
 2789 008a FFF7FEFF 		bl	HAL_DMA_Abort_IT
 2790              	.LVL179:
1090:Drivers/STM32G4xx_HAL_Driver/Src/stm32g4xx_hal_tim_ex.c ****     }
 2791              		.loc 1 1090 7 is_stmt 1 view .LVU812
1114:Drivers/STM32G4xx_HAL_Driver/Src/stm32g4xx_hal_tim_ex.c ****   {
 2792              		.loc 1 1114 3 view .LVU813
 2793 008e CDE7     		b	.L215
 2794              	.LVL180:
 2795              	.L212:
1096:Drivers/STM32G4xx_HAL_Driver/Src/stm32g4xx_hal_tim_ex.c ****       (void)HAL_DMA_Abort_IT(htim->hdma[TIM_DMA_ID_CC3]);
 2796              		.loc 1 1096 7 view .LVU814
 2797 0090 0268     		ldr	r2, [r0]
 2798 0092 D368     		ldr	r3, [r2, #12]
 2799 0094 23F40063 		bic	r3, r3, #2048
 2800 0098 D360     		str	r3, [r2, #12]
1097:Drivers/STM32G4xx_HAL_Driver/Src/stm32g4xx_hal_tim_ex.c ****       break;
 2801              		.loc 1 1097 7 view .LVU815
1097:Drivers/STM32G4xx_HAL_Driver/Src/stm32g4xx_hal_tim_ex.c ****       break;
 2802              		.loc 1 1097 13 is_stmt 0 view .LVU816
ARM GAS  C:\Users\Booster\AppData\Local\Temp\ccs9w8jc.s 			page 128


 2803 009a C06A     		ldr	r0, [r0, #44]
 2804              	.LVL181:
1097:Drivers/STM32G4xx_HAL_Driver/Src/stm32g4xx_hal_tim_ex.c ****       break;
 2805              		.loc 1 1097 13 view .LVU817
 2806 009c FFF7FEFF 		bl	HAL_DMA_Abort_IT
 2807              	.LVL182:
1098:Drivers/STM32G4xx_HAL_Driver/Src/stm32g4xx_hal_tim_ex.c ****     }
 2808              		.loc 1 1098 7 is_stmt 1 view .LVU818
1114:Drivers/STM32G4xx_HAL_Driver/Src/stm32g4xx_hal_tim_ex.c ****   {
 2809              		.loc 1 1114 3 view .LVU819
 2810 00a0 C4E7     		b	.L215
 2811              	.LVL183:
 2812              	.L210:
1104:Drivers/STM32G4xx_HAL_Driver/Src/stm32g4xx_hal_tim_ex.c ****       (void)HAL_DMA_Abort_IT(htim->hdma[TIM_DMA_ID_CC4]);
 2813              		.loc 1 1104 7 view .LVU820
 2814 00a2 0268     		ldr	r2, [r0]
 2815 00a4 D368     		ldr	r3, [r2, #12]
 2816 00a6 23F48053 		bic	r3, r3, #4096
 2817 00aa D360     		str	r3, [r2, #12]
1105:Drivers/STM32G4xx_HAL_Driver/Src/stm32g4xx_hal_tim_ex.c ****       break;
 2818              		.loc 1 1105 7 view .LVU821
1105:Drivers/STM32G4xx_HAL_Driver/Src/stm32g4xx_hal_tim_ex.c ****       break;
 2819              		.loc 1 1105 13 is_stmt 0 view .LVU822
 2820 00ac 006B     		ldr	r0, [r0, #48]
 2821              	.LVL184:
1105:Drivers/STM32G4xx_HAL_Driver/Src/stm32g4xx_hal_tim_ex.c ****       break;
 2822              		.loc 1 1105 13 view .LVU823
 2823 00ae FFF7FEFF 		bl	HAL_DMA_Abort_IT
 2824              	.LVL185:
1106:Drivers/STM32G4xx_HAL_Driver/Src/stm32g4xx_hal_tim_ex.c ****     }
 2825              		.loc 1 1106 7 is_stmt 1 view .LVU824
1114:Drivers/STM32G4xx_HAL_Driver/Src/stm32g4xx_hal_tim_ex.c ****   {
 2826              		.loc 1 1114 3 view .LVU825
 2827 00b2 BBE7     		b	.L215
 2828              	.L218:
1126:Drivers/STM32G4xx_HAL_Driver/Src/stm32g4xx_hal_tim_ex.c ****   }
 2829              		.loc 1 1126 5 is_stmt 0 discriminator 2 view .LVU826
 2830 00b4 042D     		cmp	r5, #4
 2831 00b6 06D0     		beq	.L223
1126:Drivers/STM32G4xx_HAL_Driver/Src/stm32g4xx_hal_tim_ex.c ****   }
 2832              		.loc 1 1126 5 discriminator 4 view .LVU827
 2833 00b8 082D     		cmp	r5, #8
 2834 00ba 09D0     		beq	.L224
1126:Drivers/STM32G4xx_HAL_Driver/Src/stm32g4xx_hal_tim_ex.c ****   }
 2835              		.loc 1 1126 5 discriminator 7 view .LVU828
 2836 00bc 0123     		movs	r3, #1
 2837 00be 84F84730 		strb	r3, [r4, #71]
 2838 00c2 0020     		movs	r0, #0
 2839 00c4 0AE0     		b	.L209
 2840              	.L223:
1126:Drivers/STM32G4xx_HAL_Driver/Src/stm32g4xx_hal_tim_ex.c ****   }
 2841              		.loc 1 1126 5 discriminator 3 view .LVU829
 2842 00c6 0123     		movs	r3, #1
 2843 00c8 84F84530 		strb	r3, [r4, #69]
 2844 00cc 0020     		movs	r0, #0
 2845 00ce 05E0     		b	.L209
 2846              	.L224:
ARM GAS  C:\Users\Booster\AppData\Local\Temp\ccs9w8jc.s 			page 129


1126:Drivers/STM32G4xx_HAL_Driver/Src/stm32g4xx_hal_tim_ex.c ****   }
 2847              		.loc 1 1126 5 discriminator 6 view .LVU830
 2848 00d0 0123     		movs	r3, #1
 2849 00d2 84F84630 		strb	r3, [r4, #70]
 2850 00d6 0020     		movs	r0, #0
 2851 00d8 00E0     		b	.L209
 2852              	.LVL186:
 2853              	.L221:
1075:Drivers/STM32G4xx_HAL_Driver/Src/stm32g4xx_hal_tim_ex.c ****   {
 2854              		.loc 1 1075 3 view .LVU831
 2855 00da 0120     		movs	r0, #1
 2856              	.LVL187:
 2857              	.L209:
1130:Drivers/STM32G4xx_HAL_Driver/Src/stm32g4xx_hal_tim_ex.c **** }
 2858              		.loc 1 1130 3 is_stmt 1 view .LVU832
1131:Drivers/STM32G4xx_HAL_Driver/Src/stm32g4xx_hal_tim_ex.c **** 
 2859              		.loc 1 1131 1 is_stmt 0 view .LVU833
 2860 00dc 38BD     		pop	{r3, r4, r5, pc}
1131:Drivers/STM32G4xx_HAL_Driver/Src/stm32g4xx_hal_tim_ex.c **** 
 2861              		.loc 1 1131 1 view .LVU834
 2862              		.cfi_endproc
 2863              	.LFE344:
 2865              		.section	.text.HAL_TIMEx_PWMN_Start,"ax",%progbits
 2866              		.align	1
 2867              		.global	HAL_TIMEx_PWMN_Start
 2868              		.syntax unified
 2869              		.thumb
 2870              		.thumb_func
 2872              	HAL_TIMEx_PWMN_Start:
 2873              	.LVL188:
 2874              	.LFB345:
1168:Drivers/STM32G4xx_HAL_Driver/Src/stm32g4xx_hal_tim_ex.c ****   uint32_t tmpsmcr;
 2875              		.loc 1 1168 1 is_stmt 1 view -0
 2876              		.cfi_startproc
 2877              		@ args = 0, pretend = 0, frame = 0
 2878              		@ frame_needed = 0, uses_anonymous_args = 0
1168:Drivers/STM32G4xx_HAL_Driver/Src/stm32g4xx_hal_tim_ex.c ****   uint32_t tmpsmcr;
 2879              		.loc 1 1168 1 is_stmt 0 view .LVU836
 2880 0000 10B5     		push	{r4, lr}
 2881              	.LCFI20:
 2882              		.cfi_def_cfa_offset 8
 2883              		.cfi_offset 4, -8
 2884              		.cfi_offset 14, -4
 2885 0002 0446     		mov	r4, r0
1169:Drivers/STM32G4xx_HAL_Driver/Src/stm32g4xx_hal_tim_ex.c **** 
 2886              		.loc 1 1169 3 is_stmt 1 view .LVU837
1172:Drivers/STM32G4xx_HAL_Driver/Src/stm32g4xx_hal_tim_ex.c **** 
 2887              		.loc 1 1172 3 view .LVU838
1175:Drivers/STM32G4xx_HAL_Driver/Src/stm32g4xx_hal_tim_ex.c ****   {
 2888              		.loc 1 1175 3 view .LVU839
1175:Drivers/STM32G4xx_HAL_Driver/Src/stm32g4xx_hal_tim_ex.c ****   {
 2889              		.loc 1 1175 46 is_stmt 0 view .LVU840
 2890 0004 0846     		mov	r0, r1
 2891              	.LVL189:
1175:Drivers/STM32G4xx_HAL_Driver/Src/stm32g4xx_hal_tim_ex.c ****   {
 2892              		.loc 1 1175 46 view .LVU841
 2893 0006 0029     		cmp	r1, #0
ARM GAS  C:\Users\Booster\AppData\Local\Temp\ccs9w8jc.s 			page 130


 2894 0008 33D1     		bne	.L226
1175:Drivers/STM32G4xx_HAL_Driver/Src/stm32g4xx_hal_tim_ex.c ****   {
 2895              		.loc 1 1175 7 discriminator 1 view .LVU842
 2896 000a 94F84430 		ldrb	r3, [r4, #68]	@ zero_extendqisi2
 2897 000e DBB2     		uxtb	r3, r3
1175:Drivers/STM32G4xx_HAL_Driver/Src/stm32g4xx_hal_tim_ex.c ****   {
 2898              		.loc 1 1175 46 discriminator 1 view .LVU843
 2899 0010 013B     		subs	r3, r3, #1
 2900 0012 18BF     		it	ne
 2901 0014 0123     		movne	r3, #1
 2902              	.L227:
1175:Drivers/STM32G4xx_HAL_Driver/Src/stm32g4xx_hal_tim_ex.c ****   {
 2903              		.loc 1 1175 6 discriminator 12 view .LVU844
 2904 0016 002B     		cmp	r3, #0
 2905 0018 62D1     		bne	.L237
1181:Drivers/STM32G4xx_HAL_Driver/Src/stm32g4xx_hal_tim_ex.c **** 
 2906              		.loc 1 1181 3 is_stmt 1 view .LVU845
 2907 001a 0028     		cmp	r0, #0
 2908 001c 42D1     		bne	.L231
1181:Drivers/STM32G4xx_HAL_Driver/Src/stm32g4xx_hal_tim_ex.c **** 
 2909              		.loc 1 1181 3 is_stmt 0 discriminator 1 view .LVU846
 2910 001e 0223     		movs	r3, #2
 2911 0020 84F84430 		strb	r3, [r4, #68]
 2912              	.L232:
1184:Drivers/STM32G4xx_HAL_Driver/Src/stm32g4xx_hal_tim_ex.c **** 
 2913              		.loc 1 1184 3 is_stmt 1 view .LVU847
 2914 0024 0422     		movs	r2, #4
 2915 0026 0146     		mov	r1, r0
 2916              	.LVL190:
1184:Drivers/STM32G4xx_HAL_Driver/Src/stm32g4xx_hal_tim_ex.c **** 
 2917              		.loc 1 1184 3 is_stmt 0 view .LVU848
 2918 0028 2068     		ldr	r0, [r4]
 2919              	.LVL191:
1184:Drivers/STM32G4xx_HAL_Driver/Src/stm32g4xx_hal_tim_ex.c **** 
 2920              		.loc 1 1184 3 view .LVU849
 2921 002a FFF7FEFF 		bl	TIM_CCxNChannelCmd
 2922              	.LVL192:
1187:Drivers/STM32G4xx_HAL_Driver/Src/stm32g4xx_hal_tim_ex.c **** 
 2923              		.loc 1 1187 3 is_stmt 1 view .LVU850
 2924 002e 2268     		ldr	r2, [r4]
 2925 0030 536C     		ldr	r3, [r2, #68]
 2926 0032 43F40043 		orr	r3, r3, #32768
 2927 0036 5364     		str	r3, [r2, #68]
1190:Drivers/STM32G4xx_HAL_Driver/Src/stm32g4xx_hal_tim_ex.c ****   {
 2928              		.loc 1 1190 3 view .LVU851
1190:Drivers/STM32G4xx_HAL_Driver/Src/stm32g4xx_hal_tim_ex.c ****   {
 2929              		.loc 1 1190 7 is_stmt 0 view .LVU852
 2930 0038 2368     		ldr	r3, [r4]
1190:Drivers/STM32G4xx_HAL_Driver/Src/stm32g4xx_hal_tim_ex.c ****   {
 2931              		.loc 1 1190 6 view .LVU853
 2932 003a 2C4A     		ldr	r2, .L245
 2933 003c 9342     		cmp	r3, r2
 2934 003e 41D0     		beq	.L235
1190:Drivers/STM32G4xx_HAL_Driver/Src/stm32g4xx_hal_tim_ex.c ****   {
 2935              		.loc 1 1190 7 discriminator 1 view .LVU854
 2936 0040 B3F1804F 		cmp	r3, #1073741824
 2937 0044 3ED0     		beq	.L235
ARM GAS  C:\Users\Booster\AppData\Local\Temp\ccs9w8jc.s 			page 131


1190:Drivers/STM32G4xx_HAL_Driver/Src/stm32g4xx_hal_tim_ex.c ****   {
 2938              		.loc 1 1190 7 discriminator 2 view .LVU855
 2939 0046 A2F59432 		sub	r2, r2, #75776
 2940 004a 9342     		cmp	r3, r2
 2941 004c 3AD0     		beq	.L235
1190:Drivers/STM32G4xx_HAL_Driver/Src/stm32g4xx_hal_tim_ex.c ****   {
 2942              		.loc 1 1190 7 discriminator 3 view .LVU856
 2943 004e 02F58062 		add	r2, r2, #1024
 2944 0052 9342     		cmp	r3, r2
 2945 0054 36D0     		beq	.L235
1190:Drivers/STM32G4xx_HAL_Driver/Src/stm32g4xx_hal_tim_ex.c ****   {
 2946              		.loc 1 1190 7 discriminator 4 view .LVU857
 2947 0056 02F59632 		add	r2, r2, #76800
 2948 005a 9342     		cmp	r3, r2
 2949 005c 32D0     		beq	.L235
1190:Drivers/STM32G4xx_HAL_Driver/Src/stm32g4xx_hal_tim_ex.c ****   {
 2950              		.loc 1 1190 7 discriminator 5 view .LVU858
 2951 005e 02F54062 		add	r2, r2, #3072
 2952 0062 9342     		cmp	r3, r2
 2953 0064 2ED0     		beq	.L235
1200:Drivers/STM32G4xx_HAL_Driver/Src/stm32g4xx_hal_tim_ex.c ****   }
 2954              		.loc 1 1200 5 is_stmt 1 view .LVU859
 2955 0066 1A68     		ldr	r2, [r3]
 2956 0068 42F00102 		orr	r2, r2, #1
 2957 006c 1A60     		str	r2, [r3]
1204:Drivers/STM32G4xx_HAL_Driver/Src/stm32g4xx_hal_tim_ex.c **** }
 2958              		.loc 1 1204 10 is_stmt 0 view .LVU860
 2959 006e 0020     		movs	r0, #0
 2960 0070 37E0     		b	.L230
 2961              	.LVL193:
 2962              	.L226:
1175:Drivers/STM32G4xx_HAL_Driver/Src/stm32g4xx_hal_tim_ex.c ****   {
 2963              		.loc 1 1175 46 discriminator 2 view .LVU861
 2964 0072 0429     		cmp	r1, #4
 2965 0074 08D0     		beq	.L241
1175:Drivers/STM32G4xx_HAL_Driver/Src/stm32g4xx_hal_tim_ex.c ****   {
 2966              		.loc 1 1175 46 discriminator 5 view .LVU862
 2967 0076 0829     		cmp	r1, #8
 2968 0078 0DD0     		beq	.L242
1175:Drivers/STM32G4xx_HAL_Driver/Src/stm32g4xx_hal_tim_ex.c ****   {
 2969              		.loc 1 1175 7 discriminator 8 view .LVU863
 2970 007a 94F84730 		ldrb	r3, [r4, #71]	@ zero_extendqisi2
 2971 007e DBB2     		uxtb	r3, r3
1175:Drivers/STM32G4xx_HAL_Driver/Src/stm32g4xx_hal_tim_ex.c ****   {
 2972              		.loc 1 1175 46 discriminator 8 view .LVU864
 2973 0080 013B     		subs	r3, r3, #1
 2974 0082 18BF     		it	ne
 2975 0084 0123     		movne	r3, #1
 2976 0086 C6E7     		b	.L227
 2977              	.L241:
1175:Drivers/STM32G4xx_HAL_Driver/Src/stm32g4xx_hal_tim_ex.c ****   {
 2978              		.loc 1 1175 7 discriminator 4 view .LVU865
 2979 0088 94F84530 		ldrb	r3, [r4, #69]	@ zero_extendqisi2
 2980 008c DBB2     		uxtb	r3, r3
1175:Drivers/STM32G4xx_HAL_Driver/Src/stm32g4xx_hal_tim_ex.c ****   {
 2981              		.loc 1 1175 46 discriminator 4 view .LVU866
 2982 008e 013B     		subs	r3, r3, #1
ARM GAS  C:\Users\Booster\AppData\Local\Temp\ccs9w8jc.s 			page 132


 2983 0090 18BF     		it	ne
 2984 0092 0123     		movne	r3, #1
 2985 0094 BFE7     		b	.L227
 2986              	.L242:
1175:Drivers/STM32G4xx_HAL_Driver/Src/stm32g4xx_hal_tim_ex.c ****   {
 2987              		.loc 1 1175 7 discriminator 7 view .LVU867
 2988 0096 94F84630 		ldrb	r3, [r4, #70]	@ zero_extendqisi2
 2989 009a DBB2     		uxtb	r3, r3
1175:Drivers/STM32G4xx_HAL_Driver/Src/stm32g4xx_hal_tim_ex.c ****   {
 2990              		.loc 1 1175 46 discriminator 7 view .LVU868
 2991 009c 013B     		subs	r3, r3, #1
 2992 009e 18BF     		it	ne
 2993 00a0 0123     		movne	r3, #1
 2994 00a2 B8E7     		b	.L227
 2995              	.L231:
1181:Drivers/STM32G4xx_HAL_Driver/Src/stm32g4xx_hal_tim_ex.c **** 
 2996              		.loc 1 1181 3 discriminator 2 view .LVU869
 2997 00a4 0428     		cmp	r0, #4
 2998 00a6 05D0     		beq	.L243
1181:Drivers/STM32G4xx_HAL_Driver/Src/stm32g4xx_hal_tim_ex.c **** 
 2999              		.loc 1 1181 3 discriminator 4 view .LVU870
 3000 00a8 0828     		cmp	r0, #8
 3001 00aa 07D0     		beq	.L244
1181:Drivers/STM32G4xx_HAL_Driver/Src/stm32g4xx_hal_tim_ex.c **** 
 3002              		.loc 1 1181 3 discriminator 7 view .LVU871
 3003 00ac 0223     		movs	r3, #2
 3004 00ae 84F84730 		strb	r3, [r4, #71]
 3005 00b2 B7E7     		b	.L232
 3006              	.L243:
1181:Drivers/STM32G4xx_HAL_Driver/Src/stm32g4xx_hal_tim_ex.c **** 
 3007              		.loc 1 1181 3 discriminator 3 view .LVU872
 3008 00b4 0223     		movs	r3, #2
 3009 00b6 84F84530 		strb	r3, [r4, #69]
 3010 00ba B3E7     		b	.L232
 3011              	.L244:
1181:Drivers/STM32G4xx_HAL_Driver/Src/stm32g4xx_hal_tim_ex.c **** 
 3012              		.loc 1 1181 3 discriminator 6 view .LVU873
 3013 00bc 0223     		movs	r3, #2
 3014 00be 84F84630 		strb	r3, [r4, #70]
 3015 00c2 AFE7     		b	.L232
 3016              	.LVL194:
 3017              	.L235:
1192:Drivers/STM32G4xx_HAL_Driver/Src/stm32g4xx_hal_tim_ex.c ****     if (!IS_TIM_SLAVEMODE_TRIGGER_ENABLED(tmpsmcr))
 3018              		.loc 1 1192 5 is_stmt 1 view .LVU874
1192:Drivers/STM32G4xx_HAL_Driver/Src/stm32g4xx_hal_tim_ex.c ****     if (!IS_TIM_SLAVEMODE_TRIGGER_ENABLED(tmpsmcr))
 3019              		.loc 1 1192 29 is_stmt 0 view .LVU875
 3020 00c4 9968     		ldr	r1, [r3, #8]
1192:Drivers/STM32G4xx_HAL_Driver/Src/stm32g4xx_hal_tim_ex.c ****     if (!IS_TIM_SLAVEMODE_TRIGGER_ENABLED(tmpsmcr))
 3021              		.loc 1 1192 13 view .LVU876
 3022 00c6 0A4A     		ldr	r2, .L245+4
 3023 00c8 0A40     		ands	r2, r2, r1
 3024              	.LVL195:
1193:Drivers/STM32G4xx_HAL_Driver/Src/stm32g4xx_hal_tim_ex.c ****     {
 3025              		.loc 1 1193 5 is_stmt 1 view .LVU877
1193:Drivers/STM32G4xx_HAL_Driver/Src/stm32g4xx_hal_tim_ex.c ****     {
 3026              		.loc 1 1193 8 is_stmt 0 view .LVU878
 3027 00ca 062A     		cmp	r2, #6
ARM GAS  C:\Users\Booster\AppData\Local\Temp\ccs9w8jc.s 			page 133


 3028 00cc 0AD0     		beq	.L238
1193:Drivers/STM32G4xx_HAL_Driver/Src/stm32g4xx_hal_tim_ex.c ****     {
 3029              		.loc 1 1193 9 discriminator 1 view .LVU879
 3030 00ce B2F5803F 		cmp	r2, #65536
 3031 00d2 09D0     		beq	.L239
1195:Drivers/STM32G4xx_HAL_Driver/Src/stm32g4xx_hal_tim_ex.c ****     }
 3032              		.loc 1 1195 7 is_stmt 1 view .LVU880
 3033 00d4 1A68     		ldr	r2, [r3]
 3034              	.LVL196:
1195:Drivers/STM32G4xx_HAL_Driver/Src/stm32g4xx_hal_tim_ex.c ****     }
 3035              		.loc 1 1195 7 is_stmt 0 view .LVU881
 3036 00d6 42F00102 		orr	r2, r2, #1
 3037 00da 1A60     		str	r2, [r3]
1204:Drivers/STM32G4xx_HAL_Driver/Src/stm32g4xx_hal_tim_ex.c **** }
 3038              		.loc 1 1204 10 view .LVU882
 3039 00dc 0020     		movs	r0, #0
 3040 00de 00E0     		b	.L230
 3041              	.LVL197:
 3042              	.L237:
1177:Drivers/STM32G4xx_HAL_Driver/Src/stm32g4xx_hal_tim_ex.c ****   }
 3043              		.loc 1 1177 12 view .LVU883
 3044 00e0 0120     		movs	r0, #1
 3045              	.LVL198:
 3046              	.L230:
1205:Drivers/STM32G4xx_HAL_Driver/Src/stm32g4xx_hal_tim_ex.c **** 
 3047              		.loc 1 1205 1 view .LVU884
 3048 00e2 10BD     		pop	{r4, pc}
 3049              	.LVL199:
 3050              	.L238:
1204:Drivers/STM32G4xx_HAL_Driver/Src/stm32g4xx_hal_tim_ex.c **** }
 3051              		.loc 1 1204 10 view .LVU885
 3052 00e4 0020     		movs	r0, #0
 3053 00e6 FCE7     		b	.L230
 3054              	.L239:
 3055 00e8 0020     		movs	r0, #0
 3056 00ea FAE7     		b	.L230
 3057              	.L246:
 3058              		.align	2
 3059              	.L245:
 3060 00ec 002C0140 		.word	1073818624
 3061 00f0 07000100 		.word	65543
 3062              		.cfi_endproc
 3063              	.LFE345:
 3065              		.section	.text.HAL_TIMEx_PWMN_Stop,"ax",%progbits
 3066              		.align	1
 3067              		.global	HAL_TIMEx_PWMN_Stop
 3068              		.syntax unified
 3069              		.thumb
 3070              		.thumb_func
 3072              	HAL_TIMEx_PWMN_Stop:
 3073              	.LVL200:
 3074              	.LFB346:
1219:Drivers/STM32G4xx_HAL_Driver/Src/stm32g4xx_hal_tim_ex.c ****   /* Check the parameters */
 3075              		.loc 1 1219 1 is_stmt 1 view -0
 3076              		.cfi_startproc
 3077              		@ args = 0, pretend = 0, frame = 0
 3078              		@ frame_needed = 0, uses_anonymous_args = 0
ARM GAS  C:\Users\Booster\AppData\Local\Temp\ccs9w8jc.s 			page 134


1219:Drivers/STM32G4xx_HAL_Driver/Src/stm32g4xx_hal_tim_ex.c ****   /* Check the parameters */
 3079              		.loc 1 1219 1 is_stmt 0 view .LVU887
 3080 0000 38B5     		push	{r3, r4, r5, lr}
 3081              	.LCFI21:
 3082              		.cfi_def_cfa_offset 16
 3083              		.cfi_offset 3, -16
 3084              		.cfi_offset 4, -12
 3085              		.cfi_offset 5, -8
 3086              		.cfi_offset 14, -4
 3087 0002 0446     		mov	r4, r0
 3088 0004 0D46     		mov	r5, r1
1221:Drivers/STM32G4xx_HAL_Driver/Src/stm32g4xx_hal_tim_ex.c **** 
 3089              		.loc 1 1221 3 is_stmt 1 view .LVU888
1224:Drivers/STM32G4xx_HAL_Driver/Src/stm32g4xx_hal_tim_ex.c **** 
 3090              		.loc 1 1224 3 view .LVU889
 3091 0006 0022     		movs	r2, #0
 3092 0008 0068     		ldr	r0, [r0]
 3093              	.LVL201:
1224:Drivers/STM32G4xx_HAL_Driver/Src/stm32g4xx_hal_tim_ex.c **** 
 3094              		.loc 1 1224 3 is_stmt 0 view .LVU890
 3095 000a FFF7FEFF 		bl	TIM_CCxNChannelCmd
 3096              	.LVL202:
1227:Drivers/STM32G4xx_HAL_Driver/Src/stm32g4xx_hal_tim_ex.c **** 
 3097              		.loc 1 1227 3 is_stmt 1 view .LVU891
1227:Drivers/STM32G4xx_HAL_Driver/Src/stm32g4xx_hal_tim_ex.c **** 
 3098              		.loc 1 1227 3 view .LVU892
 3099 000e 2368     		ldr	r3, [r4]
 3100 0010 196A     		ldr	r1, [r3, #32]
 3101 0012 41F21112 		movw	r2, #4369
 3102 0016 1142     		tst	r1, r2
 3103 0018 08D1     		bne	.L248
1227:Drivers/STM32G4xx_HAL_Driver/Src/stm32g4xx_hal_tim_ex.c **** 
 3104              		.loc 1 1227 3 discriminator 1 view .LVU893
 3105 001a 196A     		ldr	r1, [r3, #32]
 3106 001c 44F24442 		movw	r2, #17476
 3107 0020 1142     		tst	r1, r2
 3108 0022 03D1     		bne	.L248
1227:Drivers/STM32G4xx_HAL_Driver/Src/stm32g4xx_hal_tim_ex.c **** 
 3109              		.loc 1 1227 3 discriminator 3 view .LVU894
 3110 0024 5A6C     		ldr	r2, [r3, #68]
 3111 0026 22F40042 		bic	r2, r2, #32768
 3112 002a 5A64     		str	r2, [r3, #68]
 3113              	.L248:
1227:Drivers/STM32G4xx_HAL_Driver/Src/stm32g4xx_hal_tim_ex.c **** 
 3114              		.loc 1 1227 3 discriminator 5 view .LVU895
1230:Drivers/STM32G4xx_HAL_Driver/Src/stm32g4xx_hal_tim_ex.c **** 
 3115              		.loc 1 1230 3 discriminator 5 view .LVU896
1230:Drivers/STM32G4xx_HAL_Driver/Src/stm32g4xx_hal_tim_ex.c **** 
 3116              		.loc 1 1230 3 discriminator 5 view .LVU897
 3117 002c 2368     		ldr	r3, [r4]
 3118 002e 196A     		ldr	r1, [r3, #32]
 3119 0030 41F21112 		movw	r2, #4369
 3120 0034 1142     		tst	r1, r2
 3121 0036 08D1     		bne	.L249
1230:Drivers/STM32G4xx_HAL_Driver/Src/stm32g4xx_hal_tim_ex.c **** 
 3122              		.loc 1 1230 3 discriminator 1 view .LVU898
 3123 0038 196A     		ldr	r1, [r3, #32]
ARM GAS  C:\Users\Booster\AppData\Local\Temp\ccs9w8jc.s 			page 135


 3124 003a 44F24442 		movw	r2, #17476
 3125 003e 1142     		tst	r1, r2
 3126 0040 03D1     		bne	.L249
1230:Drivers/STM32G4xx_HAL_Driver/Src/stm32g4xx_hal_tim_ex.c **** 
 3127              		.loc 1 1230 3 discriminator 3 view .LVU899
 3128 0042 1A68     		ldr	r2, [r3]
 3129 0044 22F00102 		bic	r2, r2, #1
 3130 0048 1A60     		str	r2, [r3]
 3131              	.L249:
1230:Drivers/STM32G4xx_HAL_Driver/Src/stm32g4xx_hal_tim_ex.c **** 
 3132              		.loc 1 1230 3 discriminator 5 view .LVU900
1233:Drivers/STM32G4xx_HAL_Driver/Src/stm32g4xx_hal_tim_ex.c **** 
 3133              		.loc 1 1233 3 discriminator 5 view .LVU901
 3134 004a 25B9     		cbnz	r5, .L250
1233:Drivers/STM32G4xx_HAL_Driver/Src/stm32g4xx_hal_tim_ex.c **** 
 3135              		.loc 1 1233 3 is_stmt 0 discriminator 1 view .LVU902
 3136 004c 0123     		movs	r3, #1
 3137 004e 84F84430 		strb	r3, [r4, #68]
 3138              	.L251:
1236:Drivers/STM32G4xx_HAL_Driver/Src/stm32g4xx_hal_tim_ex.c **** }
 3139              		.loc 1 1236 3 is_stmt 1 view .LVU903
1237:Drivers/STM32G4xx_HAL_Driver/Src/stm32g4xx_hal_tim_ex.c **** 
 3140              		.loc 1 1237 1 is_stmt 0 view .LVU904
 3141 0052 0020     		movs	r0, #0
 3142 0054 38BD     		pop	{r3, r4, r5, pc}
 3143              	.LVL203:
 3144              	.L250:
1233:Drivers/STM32G4xx_HAL_Driver/Src/stm32g4xx_hal_tim_ex.c **** 
 3145              		.loc 1 1233 3 discriminator 2 view .LVU905
 3146 0056 042D     		cmp	r5, #4
 3147 0058 05D0     		beq	.L255
1233:Drivers/STM32G4xx_HAL_Driver/Src/stm32g4xx_hal_tim_ex.c **** 
 3148              		.loc 1 1233 3 discriminator 4 view .LVU906
 3149 005a 082D     		cmp	r5, #8
 3150 005c 07D0     		beq	.L256
1233:Drivers/STM32G4xx_HAL_Driver/Src/stm32g4xx_hal_tim_ex.c **** 
 3151              		.loc 1 1233 3 discriminator 7 view .LVU907
 3152 005e 0123     		movs	r3, #1
 3153 0060 84F84730 		strb	r3, [r4, #71]
 3154 0064 F5E7     		b	.L251
 3155              	.L255:
1233:Drivers/STM32G4xx_HAL_Driver/Src/stm32g4xx_hal_tim_ex.c **** 
 3156              		.loc 1 1233 3 discriminator 3 view .LVU908
 3157 0066 0123     		movs	r3, #1
 3158 0068 84F84530 		strb	r3, [r4, #69]
 3159 006c F1E7     		b	.L251
 3160              	.L256:
1233:Drivers/STM32G4xx_HAL_Driver/Src/stm32g4xx_hal_tim_ex.c **** 
 3161              		.loc 1 1233 3 discriminator 6 view .LVU909
 3162 006e 0123     		movs	r3, #1
 3163 0070 84F84630 		strb	r3, [r4, #70]
 3164 0074 EDE7     		b	.L251
 3165              		.cfi_endproc
 3166              	.LFE346:
 3168              		.section	.text.HAL_TIMEx_PWMN_Start_IT,"ax",%progbits
 3169              		.align	1
 3170              		.global	HAL_TIMEx_PWMN_Start_IT
ARM GAS  C:\Users\Booster\AppData\Local\Temp\ccs9w8jc.s 			page 136


 3171              		.syntax unified
 3172              		.thumb
 3173              		.thumb_func
 3175              	HAL_TIMEx_PWMN_Start_IT:
 3176              	.LVL204:
 3177              	.LFB347:
1252:Drivers/STM32G4xx_HAL_Driver/Src/stm32g4xx_hal_tim_ex.c ****   HAL_StatusTypeDef status = HAL_OK;
 3178              		.loc 1 1252 1 is_stmt 1 view -0
 3179              		.cfi_startproc
 3180              		@ args = 0, pretend = 0, frame = 0
 3181              		@ frame_needed = 0, uses_anonymous_args = 0
1252:Drivers/STM32G4xx_HAL_Driver/Src/stm32g4xx_hal_tim_ex.c ****   HAL_StatusTypeDef status = HAL_OK;
 3182              		.loc 1 1252 1 is_stmt 0 view .LVU911
 3183 0000 10B5     		push	{r4, lr}
 3184              	.LCFI22:
 3185              		.cfi_def_cfa_offset 8
 3186              		.cfi_offset 4, -8
 3187              		.cfi_offset 14, -4
 3188 0002 0446     		mov	r4, r0
1253:Drivers/STM32G4xx_HAL_Driver/Src/stm32g4xx_hal_tim_ex.c ****   uint32_t tmpsmcr;
 3189              		.loc 1 1253 3 is_stmt 1 view .LVU912
 3190              	.LVL205:
1254:Drivers/STM32G4xx_HAL_Driver/Src/stm32g4xx_hal_tim_ex.c **** 
 3191              		.loc 1 1254 3 view .LVU913
1257:Drivers/STM32G4xx_HAL_Driver/Src/stm32g4xx_hal_tim_ex.c **** 
 3192              		.loc 1 1257 3 view .LVU914
1260:Drivers/STM32G4xx_HAL_Driver/Src/stm32g4xx_hal_tim_ex.c ****   {
 3193              		.loc 1 1260 3 view .LVU915
1260:Drivers/STM32G4xx_HAL_Driver/Src/stm32g4xx_hal_tim_ex.c ****   {
 3194              		.loc 1 1260 46 is_stmt 0 view .LVU916
 3195 0004 0846     		mov	r0, r1
 3196              	.LVL206:
1260:Drivers/STM32G4xx_HAL_Driver/Src/stm32g4xx_hal_tim_ex.c ****   {
 3197              		.loc 1 1260 46 view .LVU917
 3198 0006 0029     		cmp	r1, #0
 3199 0008 3ED1     		bne	.L258
1260:Drivers/STM32G4xx_HAL_Driver/Src/stm32g4xx_hal_tim_ex.c ****   {
 3200              		.loc 1 1260 7 discriminator 1 view .LVU918
 3201 000a 94F84430 		ldrb	r3, [r4, #68]	@ zero_extendqisi2
 3202 000e DBB2     		uxtb	r3, r3
1260:Drivers/STM32G4xx_HAL_Driver/Src/stm32g4xx_hal_tim_ex.c ****   {
 3203              		.loc 1 1260 46 discriminator 1 view .LVU919
 3204 0010 013B     		subs	r3, r3, #1
 3205 0012 18BF     		it	ne
 3206 0014 0123     		movne	r3, #1
 3207              	.L259:
1260:Drivers/STM32G4xx_HAL_Driver/Src/stm32g4xx_hal_tim_ex.c ****   {
 3208              		.loc 1 1260 6 discriminator 12 view .LVU920
 3209 0016 002B     		cmp	r3, #0
 3210 0018 40F09C80 		bne	.L274
1266:Drivers/STM32G4xx_HAL_Driver/Src/stm32g4xx_hal_tim_ex.c **** 
 3211              		.loc 1 1266 3 is_stmt 1 view .LVU921
 3212 001c 0028     		cmp	r0, #0
 3213 001e 4CD1     		bne	.L263
 3214 0020 0223     		movs	r3, #2
 3215 0022 84F84430 		strb	r3, [r4, #68]
1268:Drivers/STM32G4xx_HAL_Driver/Src/stm32g4xx_hal_tim_ex.c ****   {
ARM GAS  C:\Users\Booster\AppData\Local\Temp\ccs9w8jc.s 			page 137


 3216              		.loc 1 1268 3 view .LVU922
 3217              	.L264:
1273:Drivers/STM32G4xx_HAL_Driver/Src/stm32g4xx_hal_tim_ex.c ****       break;
 3218              		.loc 1 1273 7 view .LVU923
 3219 0026 2268     		ldr	r2, [r4]
 3220 0028 D368     		ldr	r3, [r2, #12]
 3221 002a 43F00203 		orr	r3, r3, #2
 3222 002e D360     		str	r3, [r2, #12]
1274:Drivers/STM32G4xx_HAL_Driver/Src/stm32g4xx_hal_tim_ex.c ****     }
 3223              		.loc 1 1274 7 view .LVU924
1303:Drivers/STM32G4xx_HAL_Driver/Src/stm32g4xx_hal_tim_ex.c ****   {
 3224              		.loc 1 1303 3 view .LVU925
 3225              	.L271:
1306:Drivers/STM32G4xx_HAL_Driver/Src/stm32g4xx_hal_tim_ex.c **** 
 3226              		.loc 1 1306 5 view .LVU926
 3227 0030 2268     		ldr	r2, [r4]
 3228 0032 D368     		ldr	r3, [r2, #12]
 3229 0034 43F08003 		orr	r3, r3, #128
 3230 0038 D360     		str	r3, [r2, #12]
1309:Drivers/STM32G4xx_HAL_Driver/Src/stm32g4xx_hal_tim_ex.c **** 
 3231              		.loc 1 1309 5 view .LVU927
 3232 003a 0422     		movs	r2, #4
 3233 003c 0146     		mov	r1, r0
 3234              	.LVL207:
1309:Drivers/STM32G4xx_HAL_Driver/Src/stm32g4xx_hal_tim_ex.c **** 
 3235              		.loc 1 1309 5 is_stmt 0 view .LVU928
 3236 003e 2068     		ldr	r0, [r4]
 3237              	.LVL208:
1309:Drivers/STM32G4xx_HAL_Driver/Src/stm32g4xx_hal_tim_ex.c **** 
 3238              		.loc 1 1309 5 view .LVU929
 3239 0040 FFF7FEFF 		bl	TIM_CCxNChannelCmd
 3240              	.LVL209:
1312:Drivers/STM32G4xx_HAL_Driver/Src/stm32g4xx_hal_tim_ex.c **** 
 3241              		.loc 1 1312 5 is_stmt 1 view .LVU930
 3242 0044 2268     		ldr	r2, [r4]
 3243 0046 536C     		ldr	r3, [r2, #68]
 3244 0048 43F40043 		orr	r3, r3, #32768
 3245 004c 5364     		str	r3, [r2, #68]
1315:Drivers/STM32G4xx_HAL_Driver/Src/stm32g4xx_hal_tim_ex.c ****     {
 3246              		.loc 1 1315 5 view .LVU931
1315:Drivers/STM32G4xx_HAL_Driver/Src/stm32g4xx_hal_tim_ex.c ****     {
 3247              		.loc 1 1315 9 is_stmt 0 view .LVU932
 3248 004e 2368     		ldr	r3, [r4]
1315:Drivers/STM32G4xx_HAL_Driver/Src/stm32g4xx_hal_tim_ex.c ****     {
 3249              		.loc 1 1315 8 view .LVU933
 3250 0050 444A     		ldr	r2, .L286
 3251 0052 9342     		cmp	r3, r2
 3252 0054 70D0     		beq	.L272
1315:Drivers/STM32G4xx_HAL_Driver/Src/stm32g4xx_hal_tim_ex.c ****     {
 3253              		.loc 1 1315 9 discriminator 1 view .LVU934
 3254 0056 B3F1804F 		cmp	r3, #1073741824
 3255 005a 6DD0     		beq	.L272
1315:Drivers/STM32G4xx_HAL_Driver/Src/stm32g4xx_hal_tim_ex.c ****     {
 3256              		.loc 1 1315 9 discriminator 2 view .LVU935
 3257 005c A2F59432 		sub	r2, r2, #75776
 3258 0060 9342     		cmp	r3, r2
 3259 0062 69D0     		beq	.L272
ARM GAS  C:\Users\Booster\AppData\Local\Temp\ccs9w8jc.s 			page 138


1315:Drivers/STM32G4xx_HAL_Driver/Src/stm32g4xx_hal_tim_ex.c ****     {
 3260              		.loc 1 1315 9 discriminator 3 view .LVU936
 3261 0064 02F58062 		add	r2, r2, #1024
 3262 0068 9342     		cmp	r3, r2
 3263 006a 65D0     		beq	.L272
1315:Drivers/STM32G4xx_HAL_Driver/Src/stm32g4xx_hal_tim_ex.c ****     {
 3264              		.loc 1 1315 9 discriminator 4 view .LVU937
 3265 006c 02F59632 		add	r2, r2, #76800
 3266 0070 9342     		cmp	r3, r2
 3267 0072 61D0     		beq	.L272
1315:Drivers/STM32G4xx_HAL_Driver/Src/stm32g4xx_hal_tim_ex.c ****     {
 3268              		.loc 1 1315 9 discriminator 5 view .LVU938
 3269 0074 02F54062 		add	r2, r2, #3072
 3270 0078 9342     		cmp	r3, r2
 3271 007a 5DD0     		beq	.L272
1325:Drivers/STM32G4xx_HAL_Driver/Src/stm32g4xx_hal_tim_ex.c ****     }
 3272              		.loc 1 1325 7 is_stmt 1 view .LVU939
 3273 007c 1A68     		ldr	r2, [r3]
 3274 007e 42F00102 		orr	r2, r2, #1
 3275 0082 1A60     		str	r2, [r3]
 3276 0084 0020     		movs	r0, #0
 3277 0086 66E0     		b	.L262
 3278              	.LVL210:
 3279              	.L258:
1260:Drivers/STM32G4xx_HAL_Driver/Src/stm32g4xx_hal_tim_ex.c ****   {
 3280              		.loc 1 1260 46 is_stmt 0 discriminator 2 view .LVU940
 3281 0088 0429     		cmp	r1, #4
 3282 008a 08D0     		beq	.L282
1260:Drivers/STM32G4xx_HAL_Driver/Src/stm32g4xx_hal_tim_ex.c ****   {
 3283              		.loc 1 1260 46 discriminator 5 view .LVU941
 3284 008c 0829     		cmp	r1, #8
 3285 008e 0DD0     		beq	.L283
1260:Drivers/STM32G4xx_HAL_Driver/Src/stm32g4xx_hal_tim_ex.c ****   {
 3286              		.loc 1 1260 7 discriminator 8 view .LVU942
 3287 0090 94F84730 		ldrb	r3, [r4, #71]	@ zero_extendqisi2
 3288 0094 DBB2     		uxtb	r3, r3
1260:Drivers/STM32G4xx_HAL_Driver/Src/stm32g4xx_hal_tim_ex.c ****   {
 3289              		.loc 1 1260 46 discriminator 8 view .LVU943
 3290 0096 013B     		subs	r3, r3, #1
 3291 0098 18BF     		it	ne
 3292 009a 0123     		movne	r3, #1
 3293 009c BBE7     		b	.L259
 3294              	.L282:
1260:Drivers/STM32G4xx_HAL_Driver/Src/stm32g4xx_hal_tim_ex.c ****   {
 3295              		.loc 1 1260 7 discriminator 4 view .LVU944
 3296 009e 94F84530 		ldrb	r3, [r4, #69]	@ zero_extendqisi2
 3297 00a2 DBB2     		uxtb	r3, r3
1260:Drivers/STM32G4xx_HAL_Driver/Src/stm32g4xx_hal_tim_ex.c ****   {
 3298              		.loc 1 1260 46 discriminator 4 view .LVU945
 3299 00a4 013B     		subs	r3, r3, #1
 3300 00a6 18BF     		it	ne
 3301 00a8 0123     		movne	r3, #1
 3302 00aa B4E7     		b	.L259
 3303              	.L283:
1260:Drivers/STM32G4xx_HAL_Driver/Src/stm32g4xx_hal_tim_ex.c ****   {
 3304              		.loc 1 1260 7 discriminator 7 view .LVU946
 3305 00ac 94F84630 		ldrb	r3, [r4, #70]	@ zero_extendqisi2
ARM GAS  C:\Users\Booster\AppData\Local\Temp\ccs9w8jc.s 			page 139


 3306 00b0 DBB2     		uxtb	r3, r3
1260:Drivers/STM32G4xx_HAL_Driver/Src/stm32g4xx_hal_tim_ex.c ****   {
 3307              		.loc 1 1260 46 discriminator 7 view .LVU947
 3308 00b2 013B     		subs	r3, r3, #1
 3309 00b4 18BF     		it	ne
 3310 00b6 0123     		movne	r3, #1
 3311 00b8 ADE7     		b	.L259
 3312              	.L263:
1266:Drivers/STM32G4xx_HAL_Driver/Src/stm32g4xx_hal_tim_ex.c **** 
 3313              		.loc 1 1266 3 discriminator 2 view .LVU948
 3314 00ba 0428     		cmp	r0, #4
 3315 00bc 24D0     		beq	.L284
1266:Drivers/STM32G4xx_HAL_Driver/Src/stm32g4xx_hal_tim_ex.c **** 
 3316              		.loc 1 1266 3 discriminator 4 view .LVU949
 3317 00be 0828     		cmp	r0, #8
 3318 00c0 2BD0     		beq	.L285
1266:Drivers/STM32G4xx_HAL_Driver/Src/stm32g4xx_hal_tim_ex.c **** 
 3319              		.loc 1 1266 3 discriminator 7 view .LVU950
 3320 00c2 0223     		movs	r3, #2
 3321 00c4 84F84730 		strb	r3, [r4, #71]
1268:Drivers/STM32G4xx_HAL_Driver/Src/stm32g4xx_hal_tim_ex.c ****   {
 3322              		.loc 1 1268 3 is_stmt 1 discriminator 7 view .LVU951
 3323 00c8 0C28     		cmp	r0, #12
 3324 00ca 45D8     		bhi	.L275
 3325 00cc 01A3     		adr	r3, .L270
 3326 00ce 53F820F0 		ldr	pc, [r3, r0, lsl #2]
 3327 00d2 00BF     		.p2align 2
 3328              	.L270:
 3329 00d4 27000000 		.word	.L264+1
 3330 00d8 59010000 		.word	.L275+1
 3331 00dc 59010000 		.word	.L275+1
 3332 00e0 59010000 		.word	.L275+1
 3333 00e4 0F010000 		.word	.L266+1
 3334 00e8 59010000 		.word	.L275+1
 3335 00ec 59010000 		.word	.L275+1
 3336 00f0 59010000 		.word	.L275+1
 3337 00f4 21010000 		.word	.L268+1
 3338 00f8 59010000 		.word	.L275+1
 3339 00fc 59010000 		.word	.L275+1
 3340 0100 59010000 		.word	.L275+1
 3341 0104 2D010000 		.word	.L269+1
 3342              		.p2align 1
 3343              	.L284:
1266:Drivers/STM32G4xx_HAL_Driver/Src/stm32g4xx_hal_tim_ex.c **** 
 3344              		.loc 1 1266 3 is_stmt 0 view .LVU952
 3345 0108 0223     		movs	r3, #2
 3346 010a 84F84530 		strb	r3, [r4, #69]
1268:Drivers/STM32G4xx_HAL_Driver/Src/stm32g4xx_hal_tim_ex.c ****   {
 3347              		.loc 1 1268 3 is_stmt 1 view .LVU953
 3348              	.L266:
1280:Drivers/STM32G4xx_HAL_Driver/Src/stm32g4xx_hal_tim_ex.c ****       break;
 3349              		.loc 1 1280 7 view .LVU954
 3350 010e 2268     		ldr	r2, [r4]
 3351 0110 D368     		ldr	r3, [r2, #12]
 3352 0112 43F00403 		orr	r3, r3, #4
 3353 0116 D360     		str	r3, [r2, #12]
1281:Drivers/STM32G4xx_HAL_Driver/Src/stm32g4xx_hal_tim_ex.c ****     }
ARM GAS  C:\Users\Booster\AppData\Local\Temp\ccs9w8jc.s 			page 140


 3354              		.loc 1 1281 7 view .LVU955
1303:Drivers/STM32G4xx_HAL_Driver/Src/stm32g4xx_hal_tim_ex.c ****   {
 3355              		.loc 1 1303 3 view .LVU956
 3356 0118 8AE7     		b	.L271
 3357              	.L285:
1266:Drivers/STM32G4xx_HAL_Driver/Src/stm32g4xx_hal_tim_ex.c **** 
 3358              		.loc 1 1266 3 is_stmt 0 view .LVU957
 3359 011a 0223     		movs	r3, #2
 3360 011c 84F84630 		strb	r3, [r4, #70]
1268:Drivers/STM32G4xx_HAL_Driver/Src/stm32g4xx_hal_tim_ex.c ****   {
 3361              		.loc 1 1268 3 is_stmt 1 view .LVU958
 3362              	.L268:
1287:Drivers/STM32G4xx_HAL_Driver/Src/stm32g4xx_hal_tim_ex.c ****       break;
 3363              		.loc 1 1287 7 view .LVU959
 3364 0120 2268     		ldr	r2, [r4]
 3365 0122 D368     		ldr	r3, [r2, #12]
 3366 0124 43F00803 		orr	r3, r3, #8
 3367 0128 D360     		str	r3, [r2, #12]
1288:Drivers/STM32G4xx_HAL_Driver/Src/stm32g4xx_hal_tim_ex.c ****     }
 3368              		.loc 1 1288 7 view .LVU960
1303:Drivers/STM32G4xx_HAL_Driver/Src/stm32g4xx_hal_tim_ex.c ****   {
 3369              		.loc 1 1303 3 view .LVU961
 3370 012a 81E7     		b	.L271
 3371              	.L269:
1294:Drivers/STM32G4xx_HAL_Driver/Src/stm32g4xx_hal_tim_ex.c ****       break;
 3372              		.loc 1 1294 7 view .LVU962
 3373 012c 2268     		ldr	r2, [r4]
 3374 012e D368     		ldr	r3, [r2, #12]
 3375 0130 43F01003 		orr	r3, r3, #16
 3376 0134 D360     		str	r3, [r2, #12]
1295:Drivers/STM32G4xx_HAL_Driver/Src/stm32g4xx_hal_tim_ex.c ****     }
 3377              		.loc 1 1295 7 view .LVU963
1303:Drivers/STM32G4xx_HAL_Driver/Src/stm32g4xx_hal_tim_ex.c ****   {
 3378              		.loc 1 1303 3 view .LVU964
 3379 0136 7BE7     		b	.L271
 3380              	.LVL211:
 3381              	.L272:
1317:Drivers/STM32G4xx_HAL_Driver/Src/stm32g4xx_hal_tim_ex.c ****       if (!IS_TIM_SLAVEMODE_TRIGGER_ENABLED(tmpsmcr))
 3382              		.loc 1 1317 7 view .LVU965
1317:Drivers/STM32G4xx_HAL_Driver/Src/stm32g4xx_hal_tim_ex.c ****       if (!IS_TIM_SLAVEMODE_TRIGGER_ENABLED(tmpsmcr))
 3383              		.loc 1 1317 31 is_stmt 0 view .LVU966
 3384 0138 9968     		ldr	r1, [r3, #8]
1317:Drivers/STM32G4xx_HAL_Driver/Src/stm32g4xx_hal_tim_ex.c ****       if (!IS_TIM_SLAVEMODE_TRIGGER_ENABLED(tmpsmcr))
 3385              		.loc 1 1317 15 view .LVU967
 3386 013a 0B4A     		ldr	r2, .L286+4
 3387 013c 0A40     		ands	r2, r2, r1
 3388              	.LVL212:
1318:Drivers/STM32G4xx_HAL_Driver/Src/stm32g4xx_hal_tim_ex.c ****       {
 3389              		.loc 1 1318 7 is_stmt 1 view .LVU968
1318:Drivers/STM32G4xx_HAL_Driver/Src/stm32g4xx_hal_tim_ex.c ****       {
 3390              		.loc 1 1318 10 is_stmt 0 view .LVU969
 3391 013e 062A     		cmp	r2, #6
 3392 0140 0CD0     		beq	.L276
1318:Drivers/STM32G4xx_HAL_Driver/Src/stm32g4xx_hal_tim_ex.c ****       {
 3393              		.loc 1 1318 11 discriminator 1 view .LVU970
 3394 0142 B2F5803F 		cmp	r2, #65536
 3395 0146 0BD0     		beq	.L277
ARM GAS  C:\Users\Booster\AppData\Local\Temp\ccs9w8jc.s 			page 141


1320:Drivers/STM32G4xx_HAL_Driver/Src/stm32g4xx_hal_tim_ex.c ****       }
 3396              		.loc 1 1320 9 is_stmt 1 view .LVU971
 3397 0148 1A68     		ldr	r2, [r3]
 3398              	.LVL213:
1320:Drivers/STM32G4xx_HAL_Driver/Src/stm32g4xx_hal_tim_ex.c ****       }
 3399              		.loc 1 1320 9 is_stmt 0 view .LVU972
 3400 014a 42F00102 		orr	r2, r2, #1
 3401 014e 1A60     		str	r2, [r3]
 3402 0150 0020     		movs	r0, #0
 3403 0152 00E0     		b	.L262
 3404              	.LVL214:
 3405              	.L274:
1262:Drivers/STM32G4xx_HAL_Driver/Src/stm32g4xx_hal_tim_ex.c ****   }
 3406              		.loc 1 1262 12 view .LVU973
 3407 0154 0120     		movs	r0, #1
 3408              	.LVL215:
 3409              	.L262:
1331:Drivers/STM32G4xx_HAL_Driver/Src/stm32g4xx_hal_tim_ex.c **** 
 3410              		.loc 1 1331 1 view .LVU974
 3411 0156 10BD     		pop	{r4, pc}
 3412              	.LVL216:
 3413              	.L275:
1268:Drivers/STM32G4xx_HAL_Driver/Src/stm32g4xx_hal_tim_ex.c ****   {
 3414              		.loc 1 1268 3 view .LVU975
 3415 0158 0120     		movs	r0, #1
 3416              	.LVL217:
1268:Drivers/STM32G4xx_HAL_Driver/Src/stm32g4xx_hal_tim_ex.c ****   {
 3417              		.loc 1 1268 3 view .LVU976
 3418 015a FCE7     		b	.L262
 3419              	.LVL218:
 3420              	.L276:
1268:Drivers/STM32G4xx_HAL_Driver/Src/stm32g4xx_hal_tim_ex.c ****   {
 3421              		.loc 1 1268 3 view .LVU977
 3422 015c 0020     		movs	r0, #0
 3423 015e FAE7     		b	.L262
 3424              	.L277:
 3425 0160 0020     		movs	r0, #0
 3426 0162 F8E7     		b	.L262
 3427              	.L287:
 3428              		.align	2
 3429              	.L286:
 3430 0164 002C0140 		.word	1073818624
 3431 0168 07000100 		.word	65543
 3432              		.cfi_endproc
 3433              	.LFE347:
 3435              		.section	.text.HAL_TIMEx_PWMN_Stop_IT,"ax",%progbits
 3436              		.align	1
 3437              		.global	HAL_TIMEx_PWMN_Stop_IT
 3438              		.syntax unified
 3439              		.thumb
 3440              		.thumb_func
 3442              	HAL_TIMEx_PWMN_Stop_IT:
 3443              	.LVL219:
 3444              	.LFB348:
1346:Drivers/STM32G4xx_HAL_Driver/Src/stm32g4xx_hal_tim_ex.c ****   HAL_StatusTypeDef status = HAL_OK;
 3445              		.loc 1 1346 1 is_stmt 1 view -0
 3446              		.cfi_startproc
ARM GAS  C:\Users\Booster\AppData\Local\Temp\ccs9w8jc.s 			page 142


 3447              		@ args = 0, pretend = 0, frame = 0
 3448              		@ frame_needed = 0, uses_anonymous_args = 0
1346:Drivers/STM32G4xx_HAL_Driver/Src/stm32g4xx_hal_tim_ex.c ****   HAL_StatusTypeDef status = HAL_OK;
 3449              		.loc 1 1346 1 is_stmt 0 view .LVU979
 3450 0000 38B5     		push	{r3, r4, r5, lr}
 3451              	.LCFI23:
 3452              		.cfi_def_cfa_offset 16
 3453              		.cfi_offset 3, -16
 3454              		.cfi_offset 4, -12
 3455              		.cfi_offset 5, -8
 3456              		.cfi_offset 14, -4
 3457 0002 0446     		mov	r4, r0
 3458 0004 0D46     		mov	r5, r1
1347:Drivers/STM32G4xx_HAL_Driver/Src/stm32g4xx_hal_tim_ex.c ****   uint32_t tmpccer;
 3459              		.loc 1 1347 3 is_stmt 1 view .LVU980
 3460              	.LVL220:
1348:Drivers/STM32G4xx_HAL_Driver/Src/stm32g4xx_hal_tim_ex.c **** 
 3461              		.loc 1 1348 3 view .LVU981
1351:Drivers/STM32G4xx_HAL_Driver/Src/stm32g4xx_hal_tim_ex.c **** 
 3462              		.loc 1 1351 3 view .LVU982
1353:Drivers/STM32G4xx_HAL_Driver/Src/stm32g4xx_hal_tim_ex.c ****   {
 3463              		.loc 1 1353 3 view .LVU983
 3464 0006 0C29     		cmp	r1, #12
 3465 0008 65D8     		bhi	.L302
 3466 000a DFE801F0 		tbb	[pc, r1]
 3467              	.L291:
 3468 000e 07       		.byte	(.L294-.L291)/2
 3469 000f 64       		.byte	(.L302-.L291)/2
 3470 0010 64       		.byte	(.L302-.L291)/2
 3471 0011 64       		.byte	(.L302-.L291)/2
 3472 0012 3F       		.byte	(.L293-.L291)/2
 3473 0013 64       		.byte	(.L302-.L291)/2
 3474 0014 64       		.byte	(.L302-.L291)/2
 3475 0015 64       		.byte	(.L302-.L291)/2
 3476 0016 45       		.byte	(.L292-.L291)/2
 3477 0017 64       		.byte	(.L302-.L291)/2
 3478 0018 64       		.byte	(.L302-.L291)/2
 3479 0019 64       		.byte	(.L302-.L291)/2
 3480 001a 4B       		.byte	(.L290-.L291)/2
 3481 001b 00       		.p2align 1
 3482              	.L294:
1358:Drivers/STM32G4xx_HAL_Driver/Src/stm32g4xx_hal_tim_ex.c ****       break;
 3483              		.loc 1 1358 7 view .LVU984
 3484 001c 0268     		ldr	r2, [r0]
 3485 001e D368     		ldr	r3, [r2, #12]
 3486 0020 23F00203 		bic	r3, r3, #2
 3487 0024 D360     		str	r3, [r2, #12]
1359:Drivers/STM32G4xx_HAL_Driver/Src/stm32g4xx_hal_tim_ex.c ****     }
 3488              		.loc 1 1359 7 view .LVU985
1388:Drivers/STM32G4xx_HAL_Driver/Src/stm32g4xx_hal_tim_ex.c ****   {
 3489              		.loc 1 1388 3 view .LVU986
 3490              	.L295:
1391:Drivers/STM32G4xx_HAL_Driver/Src/stm32g4xx_hal_tim_ex.c **** 
 3491              		.loc 1 1391 5 view .LVU987
 3492 0026 0022     		movs	r2, #0
 3493 0028 2946     		mov	r1, r5
 3494              	.LVL221:
ARM GAS  C:\Users\Booster\AppData\Local\Temp\ccs9w8jc.s 			page 143


1391:Drivers/STM32G4xx_HAL_Driver/Src/stm32g4xx_hal_tim_ex.c **** 
 3495              		.loc 1 1391 5 is_stmt 0 view .LVU988
 3496 002a 2068     		ldr	r0, [r4]
 3497              	.LVL222:
1391:Drivers/STM32G4xx_HAL_Driver/Src/stm32g4xx_hal_tim_ex.c **** 
 3498              		.loc 1 1391 5 view .LVU989
 3499 002c FFF7FEFF 		bl	TIM_CCxNChannelCmd
 3500              	.LVL223:
1394:Drivers/STM32G4xx_HAL_Driver/Src/stm32g4xx_hal_tim_ex.c ****     if ((tmpccer & TIM_CCER_CCxNE_MASK) == (uint32_t)RESET)
 3501              		.loc 1 1394 5 is_stmt 1 view .LVU990
1394:Drivers/STM32G4xx_HAL_Driver/Src/stm32g4xx_hal_tim_ex.c ****     if ((tmpccer & TIM_CCER_CCxNE_MASK) == (uint32_t)RESET)
 3502              		.loc 1 1394 19 is_stmt 0 view .LVU991
 3503 0030 2368     		ldr	r3, [r4]
1394:Drivers/STM32G4xx_HAL_Driver/Src/stm32g4xx_hal_tim_ex.c ****     if ((tmpccer & TIM_CCER_CCxNE_MASK) == (uint32_t)RESET)
 3504              		.loc 1 1394 13 view .LVU992
 3505 0032 196A     		ldr	r1, [r3, #32]
 3506              	.LVL224:
1395:Drivers/STM32G4xx_HAL_Driver/Src/stm32g4xx_hal_tim_ex.c ****     {
 3507              		.loc 1 1395 5 is_stmt 1 view .LVU993
1395:Drivers/STM32G4xx_HAL_Driver/Src/stm32g4xx_hal_tim_ex.c ****     {
 3508              		.loc 1 1395 8 is_stmt 0 view .LVU994
 3509 0034 44F24442 		movw	r2, #17476
 3510 0038 1142     		tst	r1, r2
 3511 003a 03D1     		bne	.L296
1397:Drivers/STM32G4xx_HAL_Driver/Src/stm32g4xx_hal_tim_ex.c ****     }
 3512              		.loc 1 1397 7 is_stmt 1 view .LVU995
 3513 003c DA68     		ldr	r2, [r3, #12]
 3514 003e 22F08002 		bic	r2, r2, #128
 3515 0042 DA60     		str	r2, [r3, #12]
 3516              	.L296:
1401:Drivers/STM32G4xx_HAL_Driver/Src/stm32g4xx_hal_tim_ex.c **** 
 3517              		.loc 1 1401 5 view .LVU996
1401:Drivers/STM32G4xx_HAL_Driver/Src/stm32g4xx_hal_tim_ex.c **** 
 3518              		.loc 1 1401 5 view .LVU997
 3519 0044 2368     		ldr	r3, [r4]
 3520 0046 196A     		ldr	r1, [r3, #32]
 3521              	.LVL225:
1401:Drivers/STM32G4xx_HAL_Driver/Src/stm32g4xx_hal_tim_ex.c **** 
 3522              		.loc 1 1401 5 is_stmt 0 view .LVU998
 3523 0048 41F21112 		movw	r2, #4369
 3524 004c 1142     		tst	r1, r2
 3525 004e 08D1     		bne	.L297
1401:Drivers/STM32G4xx_HAL_Driver/Src/stm32g4xx_hal_tim_ex.c **** 
 3526              		.loc 1 1401 5 is_stmt 1 discriminator 1 view .LVU999
 3527 0050 196A     		ldr	r1, [r3, #32]
 3528 0052 44F24442 		movw	r2, #17476
 3529 0056 1142     		tst	r1, r2
 3530 0058 03D1     		bne	.L297
1401:Drivers/STM32G4xx_HAL_Driver/Src/stm32g4xx_hal_tim_ex.c **** 
 3531              		.loc 1 1401 5 discriminator 3 view .LVU1000
 3532 005a 5A6C     		ldr	r2, [r3, #68]
 3533 005c 22F40042 		bic	r2, r2, #32768
 3534 0060 5A64     		str	r2, [r3, #68]
 3535              	.L297:
1401:Drivers/STM32G4xx_HAL_Driver/Src/stm32g4xx_hal_tim_ex.c **** 
 3536              		.loc 1 1401 5 discriminator 5 view .LVU1001
1404:Drivers/STM32G4xx_HAL_Driver/Src/stm32g4xx_hal_tim_ex.c **** 
ARM GAS  C:\Users\Booster\AppData\Local\Temp\ccs9w8jc.s 			page 144


 3537              		.loc 1 1404 5 discriminator 5 view .LVU1002
1404:Drivers/STM32G4xx_HAL_Driver/Src/stm32g4xx_hal_tim_ex.c **** 
 3538              		.loc 1 1404 5 discriminator 5 view .LVU1003
 3539 0062 2368     		ldr	r3, [r4]
 3540 0064 196A     		ldr	r1, [r3, #32]
 3541 0066 41F21112 		movw	r2, #4369
 3542 006a 1142     		tst	r1, r2
 3543 006c 08D1     		bne	.L298
1404:Drivers/STM32G4xx_HAL_Driver/Src/stm32g4xx_hal_tim_ex.c **** 
 3544              		.loc 1 1404 5 discriminator 1 view .LVU1004
 3545 006e 196A     		ldr	r1, [r3, #32]
 3546 0070 44F24442 		movw	r2, #17476
 3547 0074 1142     		tst	r1, r2
 3548 0076 03D1     		bne	.L298
1404:Drivers/STM32G4xx_HAL_Driver/Src/stm32g4xx_hal_tim_ex.c **** 
 3549              		.loc 1 1404 5 discriminator 3 view .LVU1005
 3550 0078 1A68     		ldr	r2, [r3]
 3551 007a 22F00102 		bic	r2, r2, #1
 3552 007e 1A60     		str	r2, [r3]
 3553              	.L298:
1404:Drivers/STM32G4xx_HAL_Driver/Src/stm32g4xx_hal_tim_ex.c **** 
 3554              		.loc 1 1404 5 discriminator 5 view .LVU1006
1407:Drivers/STM32G4xx_HAL_Driver/Src/stm32g4xx_hal_tim_ex.c ****   }
 3555              		.loc 1 1407 5 discriminator 5 view .LVU1007
 3556 0080 B5B9     		cbnz	r5, .L299
1407:Drivers/STM32G4xx_HAL_Driver/Src/stm32g4xx_hal_tim_ex.c ****   }
 3557              		.loc 1 1407 5 is_stmt 0 discriminator 1 view .LVU1008
 3558 0082 0123     		movs	r3, #1
 3559 0084 84F84430 		strb	r3, [r4, #68]
 3560 0088 0020     		movs	r0, #0
 3561 008a 25E0     		b	.L289
 3562              	.LVL226:
 3563              	.L293:
1365:Drivers/STM32G4xx_HAL_Driver/Src/stm32g4xx_hal_tim_ex.c ****       break;
 3564              		.loc 1 1365 7 is_stmt 1 view .LVU1009
 3565 008c 0268     		ldr	r2, [r0]
 3566 008e D368     		ldr	r3, [r2, #12]
 3567 0090 23F00403 		bic	r3, r3, #4
 3568 0094 D360     		str	r3, [r2, #12]
1366:Drivers/STM32G4xx_HAL_Driver/Src/stm32g4xx_hal_tim_ex.c ****     }
 3569              		.loc 1 1366 7 view .LVU1010
1388:Drivers/STM32G4xx_HAL_Driver/Src/stm32g4xx_hal_tim_ex.c ****   {
 3570              		.loc 1 1388 3 view .LVU1011
 3571 0096 C6E7     		b	.L295
 3572              	.L292:
1372:Drivers/STM32G4xx_HAL_Driver/Src/stm32g4xx_hal_tim_ex.c ****       break;
 3573              		.loc 1 1372 7 view .LVU1012
 3574 0098 0268     		ldr	r2, [r0]
 3575 009a D368     		ldr	r3, [r2, #12]
 3576 009c 23F00803 		bic	r3, r3, #8
 3577 00a0 D360     		str	r3, [r2, #12]
1373:Drivers/STM32G4xx_HAL_Driver/Src/stm32g4xx_hal_tim_ex.c ****     }
 3578              		.loc 1 1373 7 view .LVU1013
1388:Drivers/STM32G4xx_HAL_Driver/Src/stm32g4xx_hal_tim_ex.c ****   {
 3579              		.loc 1 1388 3 view .LVU1014
 3580 00a2 C0E7     		b	.L295
 3581              	.L290:
ARM GAS  C:\Users\Booster\AppData\Local\Temp\ccs9w8jc.s 			page 145


1379:Drivers/STM32G4xx_HAL_Driver/Src/stm32g4xx_hal_tim_ex.c ****       break;
 3582              		.loc 1 1379 7 view .LVU1015
 3583 00a4 0268     		ldr	r2, [r0]
 3584 00a6 D368     		ldr	r3, [r2, #12]
 3585 00a8 23F01003 		bic	r3, r3, #16
 3586 00ac D360     		str	r3, [r2, #12]
1380:Drivers/STM32G4xx_HAL_Driver/Src/stm32g4xx_hal_tim_ex.c ****     }
 3587              		.loc 1 1380 7 view .LVU1016
1388:Drivers/STM32G4xx_HAL_Driver/Src/stm32g4xx_hal_tim_ex.c ****   {
 3588              		.loc 1 1388 3 view .LVU1017
 3589 00ae BAE7     		b	.L295
 3590              	.LVL227:
 3591              	.L299:
1407:Drivers/STM32G4xx_HAL_Driver/Src/stm32g4xx_hal_tim_ex.c ****   }
 3592              		.loc 1 1407 5 is_stmt 0 discriminator 2 view .LVU1018
 3593 00b0 042D     		cmp	r5, #4
 3594 00b2 06D0     		beq	.L304
1407:Drivers/STM32G4xx_HAL_Driver/Src/stm32g4xx_hal_tim_ex.c ****   }
 3595              		.loc 1 1407 5 discriminator 4 view .LVU1019
 3596 00b4 082D     		cmp	r5, #8
 3597 00b6 09D0     		beq	.L305
1407:Drivers/STM32G4xx_HAL_Driver/Src/stm32g4xx_hal_tim_ex.c ****   }
 3598              		.loc 1 1407 5 discriminator 7 view .LVU1020
 3599 00b8 0123     		movs	r3, #1
 3600 00ba 84F84730 		strb	r3, [r4, #71]
 3601 00be 0020     		movs	r0, #0
 3602 00c0 0AE0     		b	.L289
 3603              	.L304:
1407:Drivers/STM32G4xx_HAL_Driver/Src/stm32g4xx_hal_tim_ex.c ****   }
 3604              		.loc 1 1407 5 discriminator 3 view .LVU1021
 3605 00c2 0123     		movs	r3, #1
 3606 00c4 84F84530 		strb	r3, [r4, #69]
 3607 00c8 0020     		movs	r0, #0
 3608 00ca 05E0     		b	.L289
 3609              	.L305:
1407:Drivers/STM32G4xx_HAL_Driver/Src/stm32g4xx_hal_tim_ex.c ****   }
 3610              		.loc 1 1407 5 discriminator 6 view .LVU1022
 3611 00cc 0123     		movs	r3, #1
 3612 00ce 84F84630 		strb	r3, [r4, #70]
 3613 00d2 0020     		movs	r0, #0
 3614 00d4 00E0     		b	.L289
 3615              	.LVL228:
 3616              	.L302:
1353:Drivers/STM32G4xx_HAL_Driver/Src/stm32g4xx_hal_tim_ex.c ****   {
 3617              		.loc 1 1353 3 view .LVU1023
 3618 00d6 0120     		movs	r0, #1
 3619              	.LVL229:
 3620              	.L289:
1411:Drivers/STM32G4xx_HAL_Driver/Src/stm32g4xx_hal_tim_ex.c **** }
 3621              		.loc 1 1411 3 is_stmt 1 view .LVU1024
1412:Drivers/STM32G4xx_HAL_Driver/Src/stm32g4xx_hal_tim_ex.c **** 
 3622              		.loc 1 1412 1 is_stmt 0 view .LVU1025
 3623 00d8 38BD     		pop	{r3, r4, r5, pc}
1412:Drivers/STM32G4xx_HAL_Driver/Src/stm32g4xx_hal_tim_ex.c **** 
 3624              		.loc 1 1412 1 view .LVU1026
 3625              		.cfi_endproc
 3626              	.LFE348:
ARM GAS  C:\Users\Booster\AppData\Local\Temp\ccs9w8jc.s 			page 146


 3628              		.section	.text.HAL_TIMEx_PWMN_Start_DMA,"ax",%progbits
 3629              		.align	1
 3630              		.global	HAL_TIMEx_PWMN_Start_DMA
 3631              		.syntax unified
 3632              		.thumb
 3633              		.thumb_func
 3635              	HAL_TIMEx_PWMN_Start_DMA:
 3636              	.LVL230:
 3637              	.LFB349:
1430:Drivers/STM32G4xx_HAL_Driver/Src/stm32g4xx_hal_tim_ex.c ****   HAL_StatusTypeDef status = HAL_OK;
 3638              		.loc 1 1430 1 is_stmt 1 view -0
 3639              		.cfi_startproc
 3640              		@ args = 0, pretend = 0, frame = 0
 3641              		@ frame_needed = 0, uses_anonymous_args = 0
1430:Drivers/STM32G4xx_HAL_Driver/Src/stm32g4xx_hal_tim_ex.c ****   HAL_StatusTypeDef status = HAL_OK;
 3642              		.loc 1 1430 1 is_stmt 0 view .LVU1028
 3643 0000 70B5     		push	{r4, r5, r6, lr}
 3644              	.LCFI24:
 3645              		.cfi_def_cfa_offset 16
 3646              		.cfi_offset 4, -16
 3647              		.cfi_offset 5, -12
 3648              		.cfi_offset 6, -8
 3649              		.cfi_offset 14, -4
 3650 0002 0446     		mov	r4, r0
 3651 0004 1646     		mov	r6, r2
1431:Drivers/STM32G4xx_HAL_Driver/Src/stm32g4xx_hal_tim_ex.c ****   uint32_t tmpsmcr;
 3652              		.loc 1 1431 3 is_stmt 1 view .LVU1029
 3653              	.LVL231:
1432:Drivers/STM32G4xx_HAL_Driver/Src/stm32g4xx_hal_tim_ex.c **** 
 3654              		.loc 1 1432 3 view .LVU1030
1435:Drivers/STM32G4xx_HAL_Driver/Src/stm32g4xx_hal_tim_ex.c **** 
 3655              		.loc 1 1435 3 view .LVU1031
1438:Drivers/STM32G4xx_HAL_Driver/Src/stm32g4xx_hal_tim_ex.c ****   {
 3656              		.loc 1 1438 3 view .LVU1032
1438:Drivers/STM32G4xx_HAL_Driver/Src/stm32g4xx_hal_tim_ex.c ****   {
 3657              		.loc 1 1438 46 is_stmt 0 view .LVU1033
 3658 0006 0D46     		mov	r5, r1
 3659 0008 0029     		cmp	r1, #0
 3660 000a 64D1     		bne	.L307
1438:Drivers/STM32G4xx_HAL_Driver/Src/stm32g4xx_hal_tim_ex.c ****   {
 3661              		.loc 1 1438 7 discriminator 1 view .LVU1034
 3662 000c 90F84400 		ldrb	r0, [r0, #68]	@ zero_extendqisi2
 3663              	.LVL232:
1438:Drivers/STM32G4xx_HAL_Driver/Src/stm32g4xx_hal_tim_ex.c ****   {
 3664              		.loc 1 1438 7 discriminator 1 view .LVU1035
 3665 0010 C0B2     		uxtb	r0, r0
1438:Drivers/STM32G4xx_HAL_Driver/Src/stm32g4xx_hal_tim_ex.c ****   {
 3666              		.loc 1 1438 46 discriminator 1 view .LVU1036
 3667 0012 0228     		cmp	r0, #2
 3668 0014 14BF     		ite	ne
 3669 0016 0020     		movne	r0, #0
 3670 0018 0120     		moveq	r0, #1
 3671              	.L308:
1438:Drivers/STM32G4xx_HAL_Driver/Src/stm32g4xx_hal_tim_ex.c ****   {
 3672              		.loc 1 1438 6 discriminator 12 view .LVU1037
 3673 001a 0028     		cmp	r0, #0
 3674 001c 40F01281 		bne	.L327
ARM GAS  C:\Users\Booster\AppData\Local\Temp\ccs9w8jc.s 			page 147


1442:Drivers/STM32G4xx_HAL_Driver/Src/stm32g4xx_hal_tim_ex.c ****   {
 3675              		.loc 1 1442 8 is_stmt 1 view .LVU1038
1442:Drivers/STM32G4xx_HAL_Driver/Src/stm32g4xx_hal_tim_ex.c ****   {
 3676              		.loc 1 1442 51 is_stmt 0 view .LVU1039
 3677 0020 002D     		cmp	r5, #0
 3678 0022 74D1     		bne	.L312
1442:Drivers/STM32G4xx_HAL_Driver/Src/stm32g4xx_hal_tim_ex.c ****   {
 3679              		.loc 1 1442 12 discriminator 1 view .LVU1040
 3680 0024 94F84420 		ldrb	r2, [r4, #68]	@ zero_extendqisi2
 3681              	.LVL233:
1442:Drivers/STM32G4xx_HAL_Driver/Src/stm32g4xx_hal_tim_ex.c ****   {
 3682              		.loc 1 1442 12 discriminator 1 view .LVU1041
 3683 0028 D2B2     		uxtb	r2, r2
1442:Drivers/STM32G4xx_HAL_Driver/Src/stm32g4xx_hal_tim_ex.c ****   {
 3684              		.loc 1 1442 51 discriminator 1 view .LVU1042
 3685 002a 012A     		cmp	r2, #1
 3686 002c 14BF     		ite	ne
 3687 002e 0022     		movne	r2, #0
 3688 0030 0122     		moveq	r2, #1
 3689              	.L313:
1442:Drivers/STM32G4xx_HAL_Driver/Src/stm32g4xx_hal_tim_ex.c ****   {
 3690              		.loc 1 1442 11 discriminator 12 view .LVU1043
 3691 0032 002A     		cmp	r2, #0
 3692 0034 00F00881 		beq	.L328
1444:Drivers/STM32G4xx_HAL_Driver/Src/stm32g4xx_hal_tim_ex.c ****     {
 3693              		.loc 1 1444 5 is_stmt 1 view .LVU1044
1444:Drivers/STM32G4xx_HAL_Driver/Src/stm32g4xx_hal_tim_ex.c ****     {
 3694              		.loc 1 1444 8 is_stmt 0 view .LVU1045
 3695 0038 002E     		cmp	r6, #0
 3696 003a 00F00781 		beq	.L329
1444:Drivers/STM32G4xx_HAL_Driver/Src/stm32g4xx_hal_tim_ex.c ****     {
 3697              		.loc 1 1444 25 discriminator 1 view .LVU1046
 3698 003e 002B     		cmp	r3, #0
 3699 0040 00F00681 		beq	.L330
1450:Drivers/STM32G4xx_HAL_Driver/Src/stm32g4xx_hal_tim_ex.c ****     }
 3700              		.loc 1 1450 7 is_stmt 1 view .LVU1047
 3701 0044 002D     		cmp	r5, #0
 3702 0046 7ED1     		bne	.L316
 3703 0048 0222     		movs	r2, #2
 3704 004a 84F84420 		strb	r2, [r4, #68]
1458:Drivers/STM32G4xx_HAL_Driver/Src/stm32g4xx_hal_tim_ex.c ****   {
 3705              		.loc 1 1458 3 view .LVU1048
 3706              	.L317:
1463:Drivers/STM32G4xx_HAL_Driver/Src/stm32g4xx_hal_tim_ex.c ****       htim->hdma[TIM_DMA_ID_CC1]->XferHalfCpltCallback = TIM_DMADelayPulseHalfCplt;
 3707              		.loc 1 1463 7 view .LVU1049
1463:Drivers/STM32G4xx_HAL_Driver/Src/stm32g4xx_hal_tim_ex.c ****       htim->hdma[TIM_DMA_ID_CC1]->XferHalfCpltCallback = TIM_DMADelayPulseHalfCplt;
 3708              		.loc 1 1463 17 is_stmt 0 view .LVU1050
 3709 004e 626A     		ldr	r2, [r4, #36]
1463:Drivers/STM32G4xx_HAL_Driver/Src/stm32g4xx_hal_tim_ex.c ****       htim->hdma[TIM_DMA_ID_CC1]->XferHalfCpltCallback = TIM_DMADelayPulseHalfCplt;
 3710              		.loc 1 1463 52 view .LVU1051
 3711 0050 8749     		ldr	r1, .L348
 3712              	.LVL234:
1463:Drivers/STM32G4xx_HAL_Driver/Src/stm32g4xx_hal_tim_ex.c ****       htim->hdma[TIM_DMA_ID_CC1]->XferHalfCpltCallback = TIM_DMADelayPulseHalfCplt;
 3713              		.loc 1 1463 52 view .LVU1052
 3714 0052 D162     		str	r1, [r2, #44]
1464:Drivers/STM32G4xx_HAL_Driver/Src/stm32g4xx_hal_tim_ex.c **** 
 3715              		.loc 1 1464 7 is_stmt 1 view .LVU1053
ARM GAS  C:\Users\Booster\AppData\Local\Temp\ccs9w8jc.s 			page 148


1464:Drivers/STM32G4xx_HAL_Driver/Src/stm32g4xx_hal_tim_ex.c **** 
 3716              		.loc 1 1464 17 is_stmt 0 view .LVU1054
 3717 0054 626A     		ldr	r2, [r4, #36]
1464:Drivers/STM32G4xx_HAL_Driver/Src/stm32g4xx_hal_tim_ex.c **** 
 3718              		.loc 1 1464 56 view .LVU1055
 3719 0056 8749     		ldr	r1, .L348+4
 3720 0058 1163     		str	r1, [r2, #48]
1467:Drivers/STM32G4xx_HAL_Driver/Src/stm32g4xx_hal_tim_ex.c **** 
 3721              		.loc 1 1467 7 is_stmt 1 view .LVU1056
1467:Drivers/STM32G4xx_HAL_Driver/Src/stm32g4xx_hal_tim_ex.c **** 
 3722              		.loc 1 1467 17 is_stmt 0 view .LVU1057
 3723 005a 626A     		ldr	r2, [r4, #36]
1467:Drivers/STM32G4xx_HAL_Driver/Src/stm32g4xx_hal_tim_ex.c **** 
 3724              		.loc 1 1467 53 view .LVU1058
 3725 005c 8649     		ldr	r1, .L348+8
 3726 005e 5163     		str	r1, [r2, #52]
1470:Drivers/STM32G4xx_HAL_Driver/Src/stm32g4xx_hal_tim_ex.c ****                            Length) != HAL_OK)
 3727              		.loc 1 1470 7 is_stmt 1 view .LVU1059
1470:Drivers/STM32G4xx_HAL_Driver/Src/stm32g4xx_hal_tim_ex.c ****                            Length) != HAL_OK)
 3728              		.loc 1 1470 88 is_stmt 0 view .LVU1060
 3729 0060 2268     		ldr	r2, [r4]
1470:Drivers/STM32G4xx_HAL_Driver/Src/stm32g4xx_hal_tim_ex.c ****                            Length) != HAL_OK)
 3730              		.loc 1 1470 11 view .LVU1061
 3731 0062 3432     		adds	r2, r2, #52
 3732 0064 3146     		mov	r1, r6
 3733 0066 606A     		ldr	r0, [r4, #36]
 3734 0068 FFF7FEFF 		bl	HAL_DMA_Start_IT
 3735              	.LVL235:
1470:Drivers/STM32G4xx_HAL_Driver/Src/stm32g4xx_hal_tim_ex.c ****                            Length) != HAL_OK)
 3736              		.loc 1 1470 10 view .LVU1062
 3737 006c 0028     		cmp	r0, #0
 3738 006e 40F0F380 		bne	.L332
1477:Drivers/STM32G4xx_HAL_Driver/Src/stm32g4xx_hal_tim_ex.c ****       break;
 3739              		.loc 1 1477 7 is_stmt 1 view .LVU1063
 3740 0072 2268     		ldr	r2, [r4]
 3741 0074 D368     		ldr	r3, [r2, #12]
 3742 0076 43F40073 		orr	r3, r3, #512
 3743 007a D360     		str	r3, [r2, #12]
1478:Drivers/STM32G4xx_HAL_Driver/Src/stm32g4xx_hal_tim_ex.c ****     }
 3744              		.loc 1 1478 7 view .LVU1064
1549:Drivers/STM32G4xx_HAL_Driver/Src/stm32g4xx_hal_tim_ex.c ****   {
 3745              		.loc 1 1549 3 view .LVU1065
 3746              	.L324:
1552:Drivers/STM32G4xx_HAL_Driver/Src/stm32g4xx_hal_tim_ex.c **** 
 3747              		.loc 1 1552 5 view .LVU1066
 3748 007c 0422     		movs	r2, #4
 3749 007e 2946     		mov	r1, r5
 3750 0080 2068     		ldr	r0, [r4]
 3751 0082 FFF7FEFF 		bl	TIM_CCxNChannelCmd
 3752              	.LVL236:
1555:Drivers/STM32G4xx_HAL_Driver/Src/stm32g4xx_hal_tim_ex.c **** 
 3753              		.loc 1 1555 5 view .LVU1067
 3754 0086 2268     		ldr	r2, [r4]
 3755 0088 536C     		ldr	r3, [r2, #68]
 3756 008a 43F40043 		orr	r3, r3, #32768
 3757 008e 5364     		str	r3, [r2, #68]
1558:Drivers/STM32G4xx_HAL_Driver/Src/stm32g4xx_hal_tim_ex.c ****     {
ARM GAS  C:\Users\Booster\AppData\Local\Temp\ccs9w8jc.s 			page 149


 3758              		.loc 1 1558 5 view .LVU1068
1558:Drivers/STM32G4xx_HAL_Driver/Src/stm32g4xx_hal_tim_ex.c ****     {
 3759              		.loc 1 1558 9 is_stmt 0 view .LVU1069
 3760 0090 2368     		ldr	r3, [r4]
1558:Drivers/STM32G4xx_HAL_Driver/Src/stm32g4xx_hal_tim_ex.c ****     {
 3761              		.loc 1 1558 8 view .LVU1070
 3762 0092 7A4A     		ldr	r2, .L348+12
 3763 0094 9342     		cmp	r3, r2
 3764 0096 00F0C780 		beq	.L325
1558:Drivers/STM32G4xx_HAL_Driver/Src/stm32g4xx_hal_tim_ex.c ****     {
 3765              		.loc 1 1558 9 discriminator 1 view .LVU1071
 3766 009a B3F1804F 		cmp	r3, #1073741824
 3767 009e 00F0C380 		beq	.L325
1558:Drivers/STM32G4xx_HAL_Driver/Src/stm32g4xx_hal_tim_ex.c ****     {
 3768              		.loc 1 1558 9 discriminator 2 view .LVU1072
 3769 00a2 A2F59432 		sub	r2, r2, #75776
 3770 00a6 9342     		cmp	r3, r2
 3771 00a8 00F0BE80 		beq	.L325
1558:Drivers/STM32G4xx_HAL_Driver/Src/stm32g4xx_hal_tim_ex.c ****     {
 3772              		.loc 1 1558 9 discriminator 3 view .LVU1073
 3773 00ac 02F58062 		add	r2, r2, #1024
 3774 00b0 9342     		cmp	r3, r2
 3775 00b2 00F0B980 		beq	.L325
1558:Drivers/STM32G4xx_HAL_Driver/Src/stm32g4xx_hal_tim_ex.c ****     {
 3776              		.loc 1 1558 9 discriminator 4 view .LVU1074
 3777 00b6 02F59632 		add	r2, r2, #76800
 3778 00ba 9342     		cmp	r3, r2
 3779 00bc 00F0B480 		beq	.L325
1558:Drivers/STM32G4xx_HAL_Driver/Src/stm32g4xx_hal_tim_ex.c ****     {
 3780              		.loc 1 1558 9 discriminator 5 view .LVU1075
 3781 00c0 02F54062 		add	r2, r2, #3072
 3782 00c4 9342     		cmp	r3, r2
 3783 00c6 00F0AF80 		beq	.L325
1568:Drivers/STM32G4xx_HAL_Driver/Src/stm32g4xx_hal_tim_ex.c ****     }
 3784              		.loc 1 1568 7 is_stmt 1 view .LVU1076
 3785 00ca 1A68     		ldr	r2, [r3]
 3786 00cc 42F00102 		orr	r2, r2, #1
 3787 00d0 1A60     		str	r2, [r3]
 3788 00d2 0020     		movs	r0, #0
 3789 00d4 B9E0     		b	.L311
 3790              	.LVL237:
 3791              	.L307:
1438:Drivers/STM32G4xx_HAL_Driver/Src/stm32g4xx_hal_tim_ex.c ****   {
 3792              		.loc 1 1438 46 is_stmt 0 discriminator 2 view .LVU1077
 3793 00d6 0429     		cmp	r1, #4
 3794 00d8 09D0     		beq	.L342
1438:Drivers/STM32G4xx_HAL_Driver/Src/stm32g4xx_hal_tim_ex.c ****   {
 3795              		.loc 1 1438 46 discriminator 5 view .LVU1078
 3796 00da 0829     		cmp	r1, #8
 3797 00dc 0FD0     		beq	.L343
1438:Drivers/STM32G4xx_HAL_Driver/Src/stm32g4xx_hal_tim_ex.c ****   {
 3798              		.loc 1 1438 7 discriminator 8 view .LVU1079
 3799 00de 90F84700 		ldrb	r0, [r0, #71]	@ zero_extendqisi2
 3800              	.LVL238:
1438:Drivers/STM32G4xx_HAL_Driver/Src/stm32g4xx_hal_tim_ex.c ****   {
 3801              		.loc 1 1438 7 discriminator 8 view .LVU1080
 3802 00e2 C0B2     		uxtb	r0, r0
ARM GAS  C:\Users\Booster\AppData\Local\Temp\ccs9w8jc.s 			page 150


1438:Drivers/STM32G4xx_HAL_Driver/Src/stm32g4xx_hal_tim_ex.c ****   {
 3803              		.loc 1 1438 46 discriminator 8 view .LVU1081
 3804 00e4 0228     		cmp	r0, #2
 3805 00e6 14BF     		ite	ne
 3806 00e8 0020     		movne	r0, #0
 3807 00ea 0120     		moveq	r0, #1
 3808 00ec 95E7     		b	.L308
 3809              	.LVL239:
 3810              	.L342:
1438:Drivers/STM32G4xx_HAL_Driver/Src/stm32g4xx_hal_tim_ex.c ****   {
 3811              		.loc 1 1438 7 discriminator 4 view .LVU1082
 3812 00ee 90F84500 		ldrb	r0, [r0, #69]	@ zero_extendqisi2
 3813              	.LVL240:
1438:Drivers/STM32G4xx_HAL_Driver/Src/stm32g4xx_hal_tim_ex.c ****   {
 3814              		.loc 1 1438 7 discriminator 4 view .LVU1083
 3815 00f2 C0B2     		uxtb	r0, r0
1438:Drivers/STM32G4xx_HAL_Driver/Src/stm32g4xx_hal_tim_ex.c ****   {
 3816              		.loc 1 1438 46 discriminator 4 view .LVU1084
 3817 00f4 0228     		cmp	r0, #2
 3818 00f6 14BF     		ite	ne
 3819 00f8 0020     		movne	r0, #0
 3820 00fa 0120     		moveq	r0, #1
 3821 00fc 8DE7     		b	.L308
 3822              	.LVL241:
 3823              	.L343:
1438:Drivers/STM32G4xx_HAL_Driver/Src/stm32g4xx_hal_tim_ex.c ****   {
 3824              		.loc 1 1438 7 discriminator 7 view .LVU1085
 3825 00fe 90F84600 		ldrb	r0, [r0, #70]	@ zero_extendqisi2
 3826              	.LVL242:
1438:Drivers/STM32G4xx_HAL_Driver/Src/stm32g4xx_hal_tim_ex.c ****   {
 3827              		.loc 1 1438 7 discriminator 7 view .LVU1086
 3828 0102 C0B2     		uxtb	r0, r0
1438:Drivers/STM32G4xx_HAL_Driver/Src/stm32g4xx_hal_tim_ex.c ****   {
 3829              		.loc 1 1438 46 discriminator 7 view .LVU1087
 3830 0104 0228     		cmp	r0, #2
 3831 0106 14BF     		ite	ne
 3832 0108 0020     		movne	r0, #0
 3833 010a 0120     		moveq	r0, #1
 3834 010c 85E7     		b	.L308
 3835              	.L312:
1442:Drivers/STM32G4xx_HAL_Driver/Src/stm32g4xx_hal_tim_ex.c ****   {
 3836              		.loc 1 1442 51 discriminator 2 view .LVU1088
 3837 010e 042D     		cmp	r5, #4
 3838 0110 09D0     		beq	.L344
1442:Drivers/STM32G4xx_HAL_Driver/Src/stm32g4xx_hal_tim_ex.c ****   {
 3839              		.loc 1 1442 51 discriminator 5 view .LVU1089
 3840 0112 082D     		cmp	r5, #8
 3841 0114 0FD0     		beq	.L345
1442:Drivers/STM32G4xx_HAL_Driver/Src/stm32g4xx_hal_tim_ex.c ****   {
 3842              		.loc 1 1442 12 discriminator 8 view .LVU1090
 3843 0116 94F84720 		ldrb	r2, [r4, #71]	@ zero_extendqisi2
 3844              	.LVL243:
1442:Drivers/STM32G4xx_HAL_Driver/Src/stm32g4xx_hal_tim_ex.c ****   {
 3845              		.loc 1 1442 12 discriminator 8 view .LVU1091
 3846 011a D2B2     		uxtb	r2, r2
1442:Drivers/STM32G4xx_HAL_Driver/Src/stm32g4xx_hal_tim_ex.c ****   {
 3847              		.loc 1 1442 51 discriminator 8 view .LVU1092
ARM GAS  C:\Users\Booster\AppData\Local\Temp\ccs9w8jc.s 			page 151


 3848 011c 012A     		cmp	r2, #1
 3849 011e 14BF     		ite	ne
 3850 0120 0022     		movne	r2, #0
 3851 0122 0122     		moveq	r2, #1
 3852 0124 85E7     		b	.L313
 3853              	.LVL244:
 3854              	.L344:
1442:Drivers/STM32G4xx_HAL_Driver/Src/stm32g4xx_hal_tim_ex.c ****   {
 3855              		.loc 1 1442 12 discriminator 4 view .LVU1093
 3856 0126 94F84520 		ldrb	r2, [r4, #69]	@ zero_extendqisi2
 3857              	.LVL245:
1442:Drivers/STM32G4xx_HAL_Driver/Src/stm32g4xx_hal_tim_ex.c ****   {
 3858              		.loc 1 1442 12 discriminator 4 view .LVU1094
 3859 012a D2B2     		uxtb	r2, r2
1442:Drivers/STM32G4xx_HAL_Driver/Src/stm32g4xx_hal_tim_ex.c ****   {
 3860              		.loc 1 1442 51 discriminator 4 view .LVU1095
 3861 012c 012A     		cmp	r2, #1
 3862 012e 14BF     		ite	ne
 3863 0130 0022     		movne	r2, #0
 3864 0132 0122     		moveq	r2, #1
 3865 0134 7DE7     		b	.L313
 3866              	.LVL246:
 3867              	.L345:
1442:Drivers/STM32G4xx_HAL_Driver/Src/stm32g4xx_hal_tim_ex.c ****   {
 3868              		.loc 1 1442 12 discriminator 7 view .LVU1096
 3869 0136 94F84620 		ldrb	r2, [r4, #70]	@ zero_extendqisi2
 3870              	.LVL247:
1442:Drivers/STM32G4xx_HAL_Driver/Src/stm32g4xx_hal_tim_ex.c ****   {
 3871              		.loc 1 1442 12 discriminator 7 view .LVU1097
 3872 013a D2B2     		uxtb	r2, r2
1442:Drivers/STM32G4xx_HAL_Driver/Src/stm32g4xx_hal_tim_ex.c ****   {
 3873              		.loc 1 1442 51 discriminator 7 view .LVU1098
 3874 013c 012A     		cmp	r2, #1
 3875 013e 14BF     		ite	ne
 3876 0140 0022     		movne	r2, #0
 3877 0142 0122     		moveq	r2, #1
 3878 0144 75E7     		b	.L313
 3879              	.L316:
1450:Drivers/STM32G4xx_HAL_Driver/Src/stm32g4xx_hal_tim_ex.c ****     }
 3880              		.loc 1 1450 7 discriminator 2 view .LVU1099
 3881 0146 042D     		cmp	r5, #4
 3882 0148 24D0     		beq	.L346
1450:Drivers/STM32G4xx_HAL_Driver/Src/stm32g4xx_hal_tim_ex.c ****     }
 3883              		.loc 1 1450 7 discriminator 4 view .LVU1100
 3884 014a 082D     		cmp	r5, #8
 3885 014c 3CD0     		beq	.L347
1450:Drivers/STM32G4xx_HAL_Driver/Src/stm32g4xx_hal_tim_ex.c ****     }
 3886              		.loc 1 1450 7 discriminator 7 view .LVU1101
 3887 014e 0222     		movs	r2, #2
 3888 0150 84F84720 		strb	r2, [r4, #71]
1458:Drivers/STM32G4xx_HAL_Driver/Src/stm32g4xx_hal_tim_ex.c ****   {
 3889              		.loc 1 1458 3 is_stmt 1 discriminator 7 view .LVU1102
 3890 0154 0C2D     		cmp	r5, #12
 3891 0156 7DD8     		bhi	.L331
 3892 0158 01A2     		adr	r2, .L323
 3893 015a 52F825F0 		ldr	pc, [r2, r5, lsl #2]
 3894 015e 00BF     		.p2align 2
ARM GAS  C:\Users\Booster\AppData\Local\Temp\ccs9w8jc.s 			page 152


 3895              	.L323:
 3896 0160 4F000000 		.word	.L317+1
 3897 0164 55020000 		.word	.L331+1
 3898 0168 55020000 		.word	.L331+1
 3899 016c 55020000 		.word	.L331+1
 3900 0170 9B010000 		.word	.L319+1
 3901 0174 55020000 		.word	.L331+1
 3902 0178 55020000 		.word	.L331+1
 3903 017c 55020000 		.word	.L331+1
 3904 0180 CF010000 		.word	.L321+1
 3905 0184 55020000 		.word	.L331+1
 3906 0188 55020000 		.word	.L331+1
 3907 018c 55020000 		.word	.L331+1
 3908 0190 FD010000 		.word	.L322+1
 3909              		.p2align 1
 3910              	.L346:
1450:Drivers/STM32G4xx_HAL_Driver/Src/stm32g4xx_hal_tim_ex.c ****     }
 3911              		.loc 1 1450 7 is_stmt 0 view .LVU1103
 3912 0194 0222     		movs	r2, #2
 3913 0196 84F84520 		strb	r2, [r4, #69]
1458:Drivers/STM32G4xx_HAL_Driver/Src/stm32g4xx_hal_tim_ex.c ****   {
 3914              		.loc 1 1458 3 is_stmt 1 view .LVU1104
 3915              	.L319:
1484:Drivers/STM32G4xx_HAL_Driver/Src/stm32g4xx_hal_tim_ex.c ****       htim->hdma[TIM_DMA_ID_CC2]->XferHalfCpltCallback = TIM_DMADelayPulseHalfCplt;
 3916              		.loc 1 1484 7 view .LVU1105
1484:Drivers/STM32G4xx_HAL_Driver/Src/stm32g4xx_hal_tim_ex.c ****       htim->hdma[TIM_DMA_ID_CC2]->XferHalfCpltCallback = TIM_DMADelayPulseHalfCplt;
 3917              		.loc 1 1484 17 is_stmt 0 view .LVU1106
 3918 019a A26A     		ldr	r2, [r4, #40]
1484:Drivers/STM32G4xx_HAL_Driver/Src/stm32g4xx_hal_tim_ex.c ****       htim->hdma[TIM_DMA_ID_CC2]->XferHalfCpltCallback = TIM_DMADelayPulseHalfCplt;
 3919              		.loc 1 1484 52 view .LVU1107
 3920 019c 3449     		ldr	r1, .L348
 3921              	.LVL248:
1484:Drivers/STM32G4xx_HAL_Driver/Src/stm32g4xx_hal_tim_ex.c ****       htim->hdma[TIM_DMA_ID_CC2]->XferHalfCpltCallback = TIM_DMADelayPulseHalfCplt;
 3922              		.loc 1 1484 52 view .LVU1108
 3923 019e D162     		str	r1, [r2, #44]
1485:Drivers/STM32G4xx_HAL_Driver/Src/stm32g4xx_hal_tim_ex.c **** 
 3924              		.loc 1 1485 7 is_stmt 1 view .LVU1109
1485:Drivers/STM32G4xx_HAL_Driver/Src/stm32g4xx_hal_tim_ex.c **** 
 3925              		.loc 1 1485 17 is_stmt 0 view .LVU1110
 3926 01a0 A26A     		ldr	r2, [r4, #40]
1485:Drivers/STM32G4xx_HAL_Driver/Src/stm32g4xx_hal_tim_ex.c **** 
 3927              		.loc 1 1485 56 view .LVU1111
 3928 01a2 3449     		ldr	r1, .L348+4
 3929 01a4 1163     		str	r1, [r2, #48]
1488:Drivers/STM32G4xx_HAL_Driver/Src/stm32g4xx_hal_tim_ex.c **** 
 3930              		.loc 1 1488 7 is_stmt 1 view .LVU1112
1488:Drivers/STM32G4xx_HAL_Driver/Src/stm32g4xx_hal_tim_ex.c **** 
 3931              		.loc 1 1488 17 is_stmt 0 view .LVU1113
 3932 01a6 A26A     		ldr	r2, [r4, #40]
1488:Drivers/STM32G4xx_HAL_Driver/Src/stm32g4xx_hal_tim_ex.c **** 
 3933              		.loc 1 1488 53 view .LVU1114
 3934 01a8 3349     		ldr	r1, .L348+8
 3935 01aa 5163     		str	r1, [r2, #52]
1491:Drivers/STM32G4xx_HAL_Driver/Src/stm32g4xx_hal_tim_ex.c ****                            Length) != HAL_OK)
 3936              		.loc 1 1491 7 is_stmt 1 view .LVU1115
1491:Drivers/STM32G4xx_HAL_Driver/Src/stm32g4xx_hal_tim_ex.c ****                            Length) != HAL_OK)
 3937              		.loc 1 1491 88 is_stmt 0 view .LVU1116
ARM GAS  C:\Users\Booster\AppData\Local\Temp\ccs9w8jc.s 			page 153


 3938 01ac 2268     		ldr	r2, [r4]
1491:Drivers/STM32G4xx_HAL_Driver/Src/stm32g4xx_hal_tim_ex.c ****                            Length) != HAL_OK)
 3939              		.loc 1 1491 11 view .LVU1117
 3940 01ae 3832     		adds	r2, r2, #56
 3941 01b0 3146     		mov	r1, r6
 3942 01b2 A06A     		ldr	r0, [r4, #40]
 3943 01b4 FFF7FEFF 		bl	HAL_DMA_Start_IT
 3944              	.LVL249:
1491:Drivers/STM32G4xx_HAL_Driver/Src/stm32g4xx_hal_tim_ex.c ****                            Length) != HAL_OK)
 3945              		.loc 1 1491 10 view .LVU1118
 3946 01b8 0028     		cmp	r0, #0
 3947 01ba 4FD1     		bne	.L333
1498:Drivers/STM32G4xx_HAL_Driver/Src/stm32g4xx_hal_tim_ex.c ****       break;
 3948              		.loc 1 1498 7 is_stmt 1 view .LVU1119
 3949 01bc 2268     		ldr	r2, [r4]
 3950 01be D368     		ldr	r3, [r2, #12]
 3951 01c0 43F48063 		orr	r3, r3, #1024
 3952 01c4 D360     		str	r3, [r2, #12]
1499:Drivers/STM32G4xx_HAL_Driver/Src/stm32g4xx_hal_tim_ex.c ****     }
 3953              		.loc 1 1499 7 view .LVU1120
1549:Drivers/STM32G4xx_HAL_Driver/Src/stm32g4xx_hal_tim_ex.c ****   {
 3954              		.loc 1 1549 3 view .LVU1121
 3955 01c6 59E7     		b	.L324
 3956              	.LVL250:
 3957              	.L347:
1450:Drivers/STM32G4xx_HAL_Driver/Src/stm32g4xx_hal_tim_ex.c ****     }
 3958              		.loc 1 1450 7 is_stmt 0 view .LVU1122
 3959 01c8 0222     		movs	r2, #2
 3960 01ca 84F84620 		strb	r2, [r4, #70]
1458:Drivers/STM32G4xx_HAL_Driver/Src/stm32g4xx_hal_tim_ex.c ****   {
 3961              		.loc 1 1458 3 is_stmt 1 view .LVU1123
 3962              	.L321:
1505:Drivers/STM32G4xx_HAL_Driver/Src/stm32g4xx_hal_tim_ex.c ****       htim->hdma[TIM_DMA_ID_CC3]->XferHalfCpltCallback = TIM_DMADelayPulseHalfCplt;
 3963              		.loc 1 1505 7 view .LVU1124
1505:Drivers/STM32G4xx_HAL_Driver/Src/stm32g4xx_hal_tim_ex.c ****       htim->hdma[TIM_DMA_ID_CC3]->XferHalfCpltCallback = TIM_DMADelayPulseHalfCplt;
 3964              		.loc 1 1505 17 is_stmt 0 view .LVU1125
 3965 01ce E26A     		ldr	r2, [r4, #44]
1505:Drivers/STM32G4xx_HAL_Driver/Src/stm32g4xx_hal_tim_ex.c ****       htim->hdma[TIM_DMA_ID_CC3]->XferHalfCpltCallback = TIM_DMADelayPulseHalfCplt;
 3966              		.loc 1 1505 52 view .LVU1126
 3967 01d0 2749     		ldr	r1, .L348
 3968              	.LVL251:
1505:Drivers/STM32G4xx_HAL_Driver/Src/stm32g4xx_hal_tim_ex.c ****       htim->hdma[TIM_DMA_ID_CC3]->XferHalfCpltCallback = TIM_DMADelayPulseHalfCplt;
 3969              		.loc 1 1505 52 view .LVU1127
 3970 01d2 D162     		str	r1, [r2, #44]
1506:Drivers/STM32G4xx_HAL_Driver/Src/stm32g4xx_hal_tim_ex.c **** 
 3971              		.loc 1 1506 7 is_stmt 1 view .LVU1128
1506:Drivers/STM32G4xx_HAL_Driver/Src/stm32g4xx_hal_tim_ex.c **** 
 3972              		.loc 1 1506 17 is_stmt 0 view .LVU1129
 3973 01d4 E26A     		ldr	r2, [r4, #44]
1506:Drivers/STM32G4xx_HAL_Driver/Src/stm32g4xx_hal_tim_ex.c **** 
 3974              		.loc 1 1506 56 view .LVU1130
 3975 01d6 2749     		ldr	r1, .L348+4
 3976 01d8 1163     		str	r1, [r2, #48]
1509:Drivers/STM32G4xx_HAL_Driver/Src/stm32g4xx_hal_tim_ex.c **** 
 3977              		.loc 1 1509 7 is_stmt 1 view .LVU1131
1509:Drivers/STM32G4xx_HAL_Driver/Src/stm32g4xx_hal_tim_ex.c **** 
 3978              		.loc 1 1509 17 is_stmt 0 view .LVU1132
ARM GAS  C:\Users\Booster\AppData\Local\Temp\ccs9w8jc.s 			page 154


 3979 01da E26A     		ldr	r2, [r4, #44]
1509:Drivers/STM32G4xx_HAL_Driver/Src/stm32g4xx_hal_tim_ex.c **** 
 3980              		.loc 1 1509 53 view .LVU1133
 3981 01dc 2649     		ldr	r1, .L348+8
 3982 01de 5163     		str	r1, [r2, #52]
1512:Drivers/STM32G4xx_HAL_Driver/Src/stm32g4xx_hal_tim_ex.c ****                            Length) != HAL_OK)
 3983              		.loc 1 1512 7 is_stmt 1 view .LVU1134
1512:Drivers/STM32G4xx_HAL_Driver/Src/stm32g4xx_hal_tim_ex.c ****                            Length) != HAL_OK)
 3984              		.loc 1 1512 88 is_stmt 0 view .LVU1135
 3985 01e0 2268     		ldr	r2, [r4]
1512:Drivers/STM32G4xx_HAL_Driver/Src/stm32g4xx_hal_tim_ex.c ****                            Length) != HAL_OK)
 3986              		.loc 1 1512 11 view .LVU1136
 3987 01e2 3C32     		adds	r2, r2, #60
 3988 01e4 3146     		mov	r1, r6
 3989 01e6 E06A     		ldr	r0, [r4, #44]
 3990 01e8 FFF7FEFF 		bl	HAL_DMA_Start_IT
 3991              	.LVL252:
1512:Drivers/STM32G4xx_HAL_Driver/Src/stm32g4xx_hal_tim_ex.c ****                            Length) != HAL_OK)
 3992              		.loc 1 1512 10 view .LVU1137
 3993 01ec 0028     		cmp	r0, #0
 3994 01ee 37D1     		bne	.L334
1519:Drivers/STM32G4xx_HAL_Driver/Src/stm32g4xx_hal_tim_ex.c ****       break;
 3995              		.loc 1 1519 7 is_stmt 1 view .LVU1138
 3996 01f0 2268     		ldr	r2, [r4]
 3997 01f2 D368     		ldr	r3, [r2, #12]
 3998 01f4 43F40063 		orr	r3, r3, #2048
 3999 01f8 D360     		str	r3, [r2, #12]
1520:Drivers/STM32G4xx_HAL_Driver/Src/stm32g4xx_hal_tim_ex.c ****     }
 4000              		.loc 1 1520 7 view .LVU1139
1549:Drivers/STM32G4xx_HAL_Driver/Src/stm32g4xx_hal_tim_ex.c ****   {
 4001              		.loc 1 1549 3 view .LVU1140
 4002 01fa 3FE7     		b	.L324
 4003              	.LVL253:
 4004              	.L322:
1526:Drivers/STM32G4xx_HAL_Driver/Src/stm32g4xx_hal_tim_ex.c ****       htim->hdma[TIM_DMA_ID_CC4]->XferHalfCpltCallback = TIM_DMADelayPulseHalfCplt;
 4005              		.loc 1 1526 7 view .LVU1141
1526:Drivers/STM32G4xx_HAL_Driver/Src/stm32g4xx_hal_tim_ex.c ****       htim->hdma[TIM_DMA_ID_CC4]->XferHalfCpltCallback = TIM_DMADelayPulseHalfCplt;
 4006              		.loc 1 1526 17 is_stmt 0 view .LVU1142
 4007 01fc 226B     		ldr	r2, [r4, #48]
1526:Drivers/STM32G4xx_HAL_Driver/Src/stm32g4xx_hal_tim_ex.c ****       htim->hdma[TIM_DMA_ID_CC4]->XferHalfCpltCallback = TIM_DMADelayPulseHalfCplt;
 4008              		.loc 1 1526 52 view .LVU1143
 4009 01fe 1C49     		ldr	r1, .L348
 4010              	.LVL254:
1526:Drivers/STM32G4xx_HAL_Driver/Src/stm32g4xx_hal_tim_ex.c ****       htim->hdma[TIM_DMA_ID_CC4]->XferHalfCpltCallback = TIM_DMADelayPulseHalfCplt;
 4011              		.loc 1 1526 52 view .LVU1144
 4012 0200 D162     		str	r1, [r2, #44]
1527:Drivers/STM32G4xx_HAL_Driver/Src/stm32g4xx_hal_tim_ex.c **** 
 4013              		.loc 1 1527 7 is_stmt 1 view .LVU1145
1527:Drivers/STM32G4xx_HAL_Driver/Src/stm32g4xx_hal_tim_ex.c **** 
 4014              		.loc 1 1527 17 is_stmt 0 view .LVU1146
 4015 0202 226B     		ldr	r2, [r4, #48]
1527:Drivers/STM32G4xx_HAL_Driver/Src/stm32g4xx_hal_tim_ex.c **** 
 4016              		.loc 1 1527 56 view .LVU1147
 4017 0204 1B49     		ldr	r1, .L348+4
 4018 0206 1163     		str	r1, [r2, #48]
1530:Drivers/STM32G4xx_HAL_Driver/Src/stm32g4xx_hal_tim_ex.c **** 
 4019              		.loc 1 1530 7 is_stmt 1 view .LVU1148
ARM GAS  C:\Users\Booster\AppData\Local\Temp\ccs9w8jc.s 			page 155


1530:Drivers/STM32G4xx_HAL_Driver/Src/stm32g4xx_hal_tim_ex.c **** 
 4020              		.loc 1 1530 17 is_stmt 0 view .LVU1149
 4021 0208 226B     		ldr	r2, [r4, #48]
1530:Drivers/STM32G4xx_HAL_Driver/Src/stm32g4xx_hal_tim_ex.c **** 
 4022              		.loc 1 1530 53 view .LVU1150
 4023 020a 1B49     		ldr	r1, .L348+8
 4024 020c 5163     		str	r1, [r2, #52]
1533:Drivers/STM32G4xx_HAL_Driver/Src/stm32g4xx_hal_tim_ex.c ****                            Length) != HAL_OK)
 4025              		.loc 1 1533 7 is_stmt 1 view .LVU1151
1533:Drivers/STM32G4xx_HAL_Driver/Src/stm32g4xx_hal_tim_ex.c ****                            Length) != HAL_OK)
 4026              		.loc 1 1533 88 is_stmt 0 view .LVU1152
 4027 020e 2268     		ldr	r2, [r4]
1533:Drivers/STM32G4xx_HAL_Driver/Src/stm32g4xx_hal_tim_ex.c ****                            Length) != HAL_OK)
 4028              		.loc 1 1533 11 view .LVU1153
 4029 0210 4032     		adds	r2, r2, #64
 4030 0212 3146     		mov	r1, r6
 4031 0214 206B     		ldr	r0, [r4, #48]
 4032 0216 FFF7FEFF 		bl	HAL_DMA_Start_IT
 4033              	.LVL255:
1533:Drivers/STM32G4xx_HAL_Driver/Src/stm32g4xx_hal_tim_ex.c ****                            Length) != HAL_OK)
 4034              		.loc 1 1533 10 view .LVU1154
 4035 021a 18BB     		cbnz	r0, .L335
1540:Drivers/STM32G4xx_HAL_Driver/Src/stm32g4xx_hal_tim_ex.c ****       break;
 4036              		.loc 1 1540 7 is_stmt 1 view .LVU1155
 4037 021c 2268     		ldr	r2, [r4]
 4038 021e D368     		ldr	r3, [r2, #12]
 4039 0220 43F48053 		orr	r3, r3, #4096
 4040 0224 D360     		str	r3, [r2, #12]
1541:Drivers/STM32G4xx_HAL_Driver/Src/stm32g4xx_hal_tim_ex.c ****     }
 4041              		.loc 1 1541 7 view .LVU1156
1549:Drivers/STM32G4xx_HAL_Driver/Src/stm32g4xx_hal_tim_ex.c ****   {
 4042              		.loc 1 1549 3 view .LVU1157
 4043 0226 29E7     		b	.L324
 4044              	.L325:
1560:Drivers/STM32G4xx_HAL_Driver/Src/stm32g4xx_hal_tim_ex.c ****       if (!IS_TIM_SLAVEMODE_TRIGGER_ENABLED(tmpsmcr))
 4045              		.loc 1 1560 7 view .LVU1158
1560:Drivers/STM32G4xx_HAL_Driver/Src/stm32g4xx_hal_tim_ex.c ****       if (!IS_TIM_SLAVEMODE_TRIGGER_ENABLED(tmpsmcr))
 4046              		.loc 1 1560 31 is_stmt 0 view .LVU1159
 4047 0228 9968     		ldr	r1, [r3, #8]
1560:Drivers/STM32G4xx_HAL_Driver/Src/stm32g4xx_hal_tim_ex.c ****       if (!IS_TIM_SLAVEMODE_TRIGGER_ENABLED(tmpsmcr))
 4048              		.loc 1 1560 15 view .LVU1160
 4049 022a 154A     		ldr	r2, .L348+16
 4050 022c 0A40     		ands	r2, r2, r1
 4051              	.LVL256:
1561:Drivers/STM32G4xx_HAL_Driver/Src/stm32g4xx_hal_tim_ex.c ****       {
 4052              		.loc 1 1561 7 is_stmt 1 view .LVU1161
1561:Drivers/STM32G4xx_HAL_Driver/Src/stm32g4xx_hal_tim_ex.c ****       {
 4053              		.loc 1 1561 10 is_stmt 0 view .LVU1162
 4054 022e 062A     		cmp	r2, #6
 4055 0230 1AD0     		beq	.L336
1561:Drivers/STM32G4xx_HAL_Driver/Src/stm32g4xx_hal_tim_ex.c ****       {
 4056              		.loc 1 1561 11 discriminator 1 view .LVU1163
 4057 0232 B2F5803F 		cmp	r2, #65536
 4058 0236 19D0     		beq	.L337
1563:Drivers/STM32G4xx_HAL_Driver/Src/stm32g4xx_hal_tim_ex.c ****       }
 4059              		.loc 1 1563 9 is_stmt 1 view .LVU1164
 4060 0238 1A68     		ldr	r2, [r3]
ARM GAS  C:\Users\Booster\AppData\Local\Temp\ccs9w8jc.s 			page 156


 4061              	.LVL257:
1563:Drivers/STM32G4xx_HAL_Driver/Src/stm32g4xx_hal_tim_ex.c ****       }
 4062              		.loc 1 1563 9 is_stmt 0 view .LVU1165
 4063 023a 42F00102 		orr	r2, r2, #1
 4064 023e 1A60     		str	r2, [r3]
 4065 0240 0020     		movs	r0, #0
 4066 0242 02E0     		b	.L311
 4067              	.LVL258:
 4068              	.L327:
1440:Drivers/STM32G4xx_HAL_Driver/Src/stm32g4xx_hal_tim_ex.c ****   }
 4069              		.loc 1 1440 12 view .LVU1166
 4070 0244 0220     		movs	r0, #2
 4071 0246 00E0     		b	.L311
 4072              	.LVL259:
 4073              	.L328:
1455:Drivers/STM32G4xx_HAL_Driver/Src/stm32g4xx_hal_tim_ex.c ****   }
 4074              		.loc 1 1455 12 view .LVU1167
 4075 0248 0120     		movs	r0, #1
 4076              	.LVL260:
 4077              	.L311:
1574:Drivers/STM32G4xx_HAL_Driver/Src/stm32g4xx_hal_tim_ex.c **** 
 4078              		.loc 1 1574 1 view .LVU1168
 4079 024a 70BD     		pop	{r4, r5, r6, pc}
 4080              	.LVL261:
 4081              	.L329:
1446:Drivers/STM32G4xx_HAL_Driver/Src/stm32g4xx_hal_tim_ex.c ****     }
 4082              		.loc 1 1446 14 view .LVU1169
 4083 024c 0120     		movs	r0, #1
 4084 024e FCE7     		b	.L311
 4085              	.L330:
 4086 0250 0120     		movs	r0, #1
 4087 0252 FAE7     		b	.L311
 4088              	.L331:
1458:Drivers/STM32G4xx_HAL_Driver/Src/stm32g4xx_hal_tim_ex.c ****   {
 4089              		.loc 1 1458 3 view .LVU1170
 4090 0254 0120     		movs	r0, #1
 4091 0256 F8E7     		b	.L311
 4092              	.LVL262:
 4093              	.L332:
1474:Drivers/STM32G4xx_HAL_Driver/Src/stm32g4xx_hal_tim_ex.c ****       }
 4094              		.loc 1 1474 16 view .LVU1171
 4095 0258 0120     		movs	r0, #1
 4096 025a F6E7     		b	.L311
 4097              	.L333:
1495:Drivers/STM32G4xx_HAL_Driver/Src/stm32g4xx_hal_tim_ex.c ****       }
 4098              		.loc 1 1495 16 view .LVU1172
 4099 025c 0120     		movs	r0, #1
 4100 025e F4E7     		b	.L311
 4101              	.L334:
1516:Drivers/STM32G4xx_HAL_Driver/Src/stm32g4xx_hal_tim_ex.c ****       }
 4102              		.loc 1 1516 16 view .LVU1173
 4103 0260 0120     		movs	r0, #1
 4104 0262 F2E7     		b	.L311
 4105              	.L335:
1537:Drivers/STM32G4xx_HAL_Driver/Src/stm32g4xx_hal_tim_ex.c ****       }
 4106              		.loc 1 1537 16 view .LVU1174
 4107 0264 0120     		movs	r0, #1
ARM GAS  C:\Users\Booster\AppData\Local\Temp\ccs9w8jc.s 			page 157


 4108 0266 F0E7     		b	.L311
 4109              	.LVL263:
 4110              	.L336:
1537:Drivers/STM32G4xx_HAL_Driver/Src/stm32g4xx_hal_tim_ex.c ****       }
 4111              		.loc 1 1537 16 view .LVU1175
 4112 0268 0020     		movs	r0, #0
 4113 026a EEE7     		b	.L311
 4114              	.L337:
 4115 026c 0020     		movs	r0, #0
 4116 026e ECE7     		b	.L311
 4117              	.L349:
 4118              		.align	2
 4119              	.L348:
 4120 0270 00000000 		.word	TIM_DMADelayPulseNCplt
 4121 0274 00000000 		.word	TIM_DMADelayPulseHalfCplt
 4122 0278 00000000 		.word	TIM_DMAErrorCCxN
 4123 027c 002C0140 		.word	1073818624
 4124 0280 07000100 		.word	65543
 4125              		.cfi_endproc
 4126              	.LFE349:
 4128              		.section	.text.HAL_TIMEx_PWMN_Stop_DMA,"ax",%progbits
 4129              		.align	1
 4130              		.global	HAL_TIMEx_PWMN_Stop_DMA
 4131              		.syntax unified
 4132              		.thumb
 4133              		.thumb_func
 4135              	HAL_TIMEx_PWMN_Stop_DMA:
 4136              	.LVL264:
 4137              	.LFB350:
1589:Drivers/STM32G4xx_HAL_Driver/Src/stm32g4xx_hal_tim_ex.c ****   HAL_StatusTypeDef status = HAL_OK;
 4138              		.loc 1 1589 1 is_stmt 1 view -0
 4139              		.cfi_startproc
 4140              		@ args = 0, pretend = 0, frame = 0
 4141              		@ frame_needed = 0, uses_anonymous_args = 0
1589:Drivers/STM32G4xx_HAL_Driver/Src/stm32g4xx_hal_tim_ex.c ****   HAL_StatusTypeDef status = HAL_OK;
 4142              		.loc 1 1589 1 is_stmt 0 view .LVU1177
 4143 0000 38B5     		push	{r3, r4, r5, lr}
 4144              	.LCFI25:
 4145              		.cfi_def_cfa_offset 16
 4146              		.cfi_offset 3, -16
 4147              		.cfi_offset 4, -12
 4148              		.cfi_offset 5, -8
 4149              		.cfi_offset 14, -4
 4150 0002 0446     		mov	r4, r0
 4151 0004 0D46     		mov	r5, r1
1590:Drivers/STM32G4xx_HAL_Driver/Src/stm32g4xx_hal_tim_ex.c **** 
 4152              		.loc 1 1590 3 is_stmt 1 view .LVU1178
 4153              	.LVL265:
1593:Drivers/STM32G4xx_HAL_Driver/Src/stm32g4xx_hal_tim_ex.c **** 
 4154              		.loc 1 1593 3 view .LVU1179
1595:Drivers/STM32G4xx_HAL_Driver/Src/stm32g4xx_hal_tim_ex.c ****   {
 4155              		.loc 1 1595 3 view .LVU1180
 4156 0006 0C29     		cmp	r1, #12
 4157 0008 67D8     		bhi	.L363
 4158 000a DFE801F0 		tbb	[pc, r1]
 4159              	.L353:
 4160 000e 07       		.byte	(.L356-.L353)/2
ARM GAS  C:\Users\Booster\AppData\Local\Temp\ccs9w8jc.s 			page 158


 4161 000f 66       		.byte	(.L363-.L353)/2
 4162 0010 66       		.byte	(.L363-.L353)/2
 4163 0011 66       		.byte	(.L363-.L353)/2
 4164 0012 38       		.byte	(.L355-.L353)/2
 4165 0013 66       		.byte	(.L363-.L353)/2
 4166 0014 66       		.byte	(.L363-.L353)/2
 4167 0015 66       		.byte	(.L363-.L353)/2
 4168 0016 41       		.byte	(.L354-.L353)/2
 4169 0017 66       		.byte	(.L363-.L353)/2
 4170 0018 66       		.byte	(.L363-.L353)/2
 4171 0019 66       		.byte	(.L363-.L353)/2
 4172 001a 4A       		.byte	(.L352-.L353)/2
 4173 001b 00       		.p2align 1
 4174              	.L356:
1600:Drivers/STM32G4xx_HAL_Driver/Src/stm32g4xx_hal_tim_ex.c ****       (void)HAL_DMA_Abort_IT(htim->hdma[TIM_DMA_ID_CC1]);
 4175              		.loc 1 1600 7 view .LVU1181
 4176 001c 0268     		ldr	r2, [r0]
 4177 001e D368     		ldr	r3, [r2, #12]
 4178 0020 23F40073 		bic	r3, r3, #512
 4179 0024 D360     		str	r3, [r2, #12]
1601:Drivers/STM32G4xx_HAL_Driver/Src/stm32g4xx_hal_tim_ex.c ****       break;
 4180              		.loc 1 1601 7 view .LVU1182
1601:Drivers/STM32G4xx_HAL_Driver/Src/stm32g4xx_hal_tim_ex.c ****       break;
 4181              		.loc 1 1601 13 is_stmt 0 view .LVU1183
 4182 0026 406A     		ldr	r0, [r0, #36]
 4183              	.LVL266:
1601:Drivers/STM32G4xx_HAL_Driver/Src/stm32g4xx_hal_tim_ex.c ****       break;
 4184              		.loc 1 1601 13 view .LVU1184
 4185 0028 FFF7FEFF 		bl	HAL_DMA_Abort_IT
 4186              	.LVL267:
1602:Drivers/STM32G4xx_HAL_Driver/Src/stm32g4xx_hal_tim_ex.c ****     }
 4187              		.loc 1 1602 7 is_stmt 1 view .LVU1185
1634:Drivers/STM32G4xx_HAL_Driver/Src/stm32g4xx_hal_tim_ex.c ****   {
 4188              		.loc 1 1634 3 view .LVU1186
 4189              	.L357:
1637:Drivers/STM32G4xx_HAL_Driver/Src/stm32g4xx_hal_tim_ex.c **** 
 4190              		.loc 1 1637 5 view .LVU1187
 4191 002c 0022     		movs	r2, #0
 4192 002e 2946     		mov	r1, r5
 4193 0030 2068     		ldr	r0, [r4]
 4194 0032 FFF7FEFF 		bl	TIM_CCxNChannelCmd
 4195              	.LVL268:
1640:Drivers/STM32G4xx_HAL_Driver/Src/stm32g4xx_hal_tim_ex.c **** 
 4196              		.loc 1 1640 5 view .LVU1188
1640:Drivers/STM32G4xx_HAL_Driver/Src/stm32g4xx_hal_tim_ex.c **** 
 4197              		.loc 1 1640 5 view .LVU1189
 4198 0036 2368     		ldr	r3, [r4]
 4199 0038 196A     		ldr	r1, [r3, #32]
 4200 003a 41F21112 		movw	r2, #4369
 4201 003e 1142     		tst	r1, r2
 4202 0040 08D1     		bne	.L358
1640:Drivers/STM32G4xx_HAL_Driver/Src/stm32g4xx_hal_tim_ex.c **** 
 4203              		.loc 1 1640 5 discriminator 1 view .LVU1190
 4204 0042 196A     		ldr	r1, [r3, #32]
 4205 0044 44F24442 		movw	r2, #17476
 4206 0048 1142     		tst	r1, r2
 4207 004a 03D1     		bne	.L358
ARM GAS  C:\Users\Booster\AppData\Local\Temp\ccs9w8jc.s 			page 159


1640:Drivers/STM32G4xx_HAL_Driver/Src/stm32g4xx_hal_tim_ex.c **** 
 4208              		.loc 1 1640 5 discriminator 3 view .LVU1191
 4209 004c 5A6C     		ldr	r2, [r3, #68]
 4210 004e 22F40042 		bic	r2, r2, #32768
 4211 0052 5A64     		str	r2, [r3, #68]
 4212              	.L358:
1640:Drivers/STM32G4xx_HAL_Driver/Src/stm32g4xx_hal_tim_ex.c **** 
 4213              		.loc 1 1640 5 discriminator 5 view .LVU1192
1643:Drivers/STM32G4xx_HAL_Driver/Src/stm32g4xx_hal_tim_ex.c **** 
 4214              		.loc 1 1643 5 discriminator 5 view .LVU1193
1643:Drivers/STM32G4xx_HAL_Driver/Src/stm32g4xx_hal_tim_ex.c **** 
 4215              		.loc 1 1643 5 discriminator 5 view .LVU1194
 4216 0054 2368     		ldr	r3, [r4]
 4217 0056 196A     		ldr	r1, [r3, #32]
 4218 0058 41F21112 		movw	r2, #4369
 4219 005c 1142     		tst	r1, r2
 4220 005e 08D1     		bne	.L359
1643:Drivers/STM32G4xx_HAL_Driver/Src/stm32g4xx_hal_tim_ex.c **** 
 4221              		.loc 1 1643 5 discriminator 1 view .LVU1195
 4222 0060 196A     		ldr	r1, [r3, #32]
 4223 0062 44F24442 		movw	r2, #17476
 4224 0066 1142     		tst	r1, r2
 4225 0068 03D1     		bne	.L359
1643:Drivers/STM32G4xx_HAL_Driver/Src/stm32g4xx_hal_tim_ex.c **** 
 4226              		.loc 1 1643 5 discriminator 3 view .LVU1196
 4227 006a 1A68     		ldr	r2, [r3]
 4228 006c 22F00102 		bic	r2, r2, #1
 4229 0070 1A60     		str	r2, [r3]
 4230              	.L359:
1643:Drivers/STM32G4xx_HAL_Driver/Src/stm32g4xx_hal_tim_ex.c **** 
 4231              		.loc 1 1643 5 discriminator 5 view .LVU1197
1646:Drivers/STM32G4xx_HAL_Driver/Src/stm32g4xx_hal_tim_ex.c ****   }
 4232              		.loc 1 1646 5 discriminator 5 view .LVU1198
 4233 0072 FDB9     		cbnz	r5, .L360
1646:Drivers/STM32G4xx_HAL_Driver/Src/stm32g4xx_hal_tim_ex.c ****   }
 4234              		.loc 1 1646 5 is_stmt 0 discriminator 1 view .LVU1199
 4235 0074 0123     		movs	r3, #1
 4236 0076 84F84430 		strb	r3, [r4, #68]
 4237 007a 0020     		movs	r0, #0
 4238 007c 2EE0     		b	.L351
 4239              	.LVL269:
 4240              	.L355:
1608:Drivers/STM32G4xx_HAL_Driver/Src/stm32g4xx_hal_tim_ex.c ****       (void)HAL_DMA_Abort_IT(htim->hdma[TIM_DMA_ID_CC2]);
 4241              		.loc 1 1608 7 is_stmt 1 view .LVU1200
 4242 007e 0268     		ldr	r2, [r0]
 4243 0080 D368     		ldr	r3, [r2, #12]
 4244 0082 23F48063 		bic	r3, r3, #1024
 4245 0086 D360     		str	r3, [r2, #12]
1609:Drivers/STM32G4xx_HAL_Driver/Src/stm32g4xx_hal_tim_ex.c ****       break;
 4246              		.loc 1 1609 7 view .LVU1201
1609:Drivers/STM32G4xx_HAL_Driver/Src/stm32g4xx_hal_tim_ex.c ****       break;
 4247              		.loc 1 1609 13 is_stmt 0 view .LVU1202
 4248 0088 806A     		ldr	r0, [r0, #40]
 4249              	.LVL270:
1609:Drivers/STM32G4xx_HAL_Driver/Src/stm32g4xx_hal_tim_ex.c ****       break;
 4250              		.loc 1 1609 13 view .LVU1203
 4251 008a FFF7FEFF 		bl	HAL_DMA_Abort_IT
ARM GAS  C:\Users\Booster\AppData\Local\Temp\ccs9w8jc.s 			page 160


 4252              	.LVL271:
1610:Drivers/STM32G4xx_HAL_Driver/Src/stm32g4xx_hal_tim_ex.c ****     }
 4253              		.loc 1 1610 7 is_stmt 1 view .LVU1204
1634:Drivers/STM32G4xx_HAL_Driver/Src/stm32g4xx_hal_tim_ex.c ****   {
 4254              		.loc 1 1634 3 view .LVU1205
 4255 008e CDE7     		b	.L357
 4256              	.LVL272:
 4257              	.L354:
1616:Drivers/STM32G4xx_HAL_Driver/Src/stm32g4xx_hal_tim_ex.c ****       (void)HAL_DMA_Abort_IT(htim->hdma[TIM_DMA_ID_CC3]);
 4258              		.loc 1 1616 7 view .LVU1206
 4259 0090 0268     		ldr	r2, [r0]
 4260 0092 D368     		ldr	r3, [r2, #12]
 4261 0094 23F40063 		bic	r3, r3, #2048
 4262 0098 D360     		str	r3, [r2, #12]
1617:Drivers/STM32G4xx_HAL_Driver/Src/stm32g4xx_hal_tim_ex.c ****       break;
 4263              		.loc 1 1617 7 view .LVU1207
1617:Drivers/STM32G4xx_HAL_Driver/Src/stm32g4xx_hal_tim_ex.c ****       break;
 4264              		.loc 1 1617 13 is_stmt 0 view .LVU1208
 4265 009a C06A     		ldr	r0, [r0, #44]
 4266              	.LVL273:
1617:Drivers/STM32G4xx_HAL_Driver/Src/stm32g4xx_hal_tim_ex.c ****       break;
 4267              		.loc 1 1617 13 view .LVU1209
 4268 009c FFF7FEFF 		bl	HAL_DMA_Abort_IT
 4269              	.LVL274:
1618:Drivers/STM32G4xx_HAL_Driver/Src/stm32g4xx_hal_tim_ex.c ****     }
 4270              		.loc 1 1618 7 is_stmt 1 view .LVU1210
1634:Drivers/STM32G4xx_HAL_Driver/Src/stm32g4xx_hal_tim_ex.c ****   {
 4271              		.loc 1 1634 3 view .LVU1211
 4272 00a0 C4E7     		b	.L357
 4273              	.LVL275:
 4274              	.L352:
1624:Drivers/STM32G4xx_HAL_Driver/Src/stm32g4xx_hal_tim_ex.c ****       (void)HAL_DMA_Abort_IT(htim->hdma[TIM_DMA_ID_CC4]);
 4275              		.loc 1 1624 7 view .LVU1212
 4276 00a2 0268     		ldr	r2, [r0]
 4277 00a4 D368     		ldr	r3, [r2, #12]
 4278 00a6 23F48053 		bic	r3, r3, #4096
 4279 00aa D360     		str	r3, [r2, #12]
1625:Drivers/STM32G4xx_HAL_Driver/Src/stm32g4xx_hal_tim_ex.c ****       break;
 4280              		.loc 1 1625 7 view .LVU1213
1625:Drivers/STM32G4xx_HAL_Driver/Src/stm32g4xx_hal_tim_ex.c ****       break;
 4281              		.loc 1 1625 13 is_stmt 0 view .LVU1214
 4282 00ac 006B     		ldr	r0, [r0, #48]
 4283              	.LVL276:
1625:Drivers/STM32G4xx_HAL_Driver/Src/stm32g4xx_hal_tim_ex.c ****       break;
 4284              		.loc 1 1625 13 view .LVU1215
 4285 00ae FFF7FEFF 		bl	HAL_DMA_Abort_IT
 4286              	.LVL277:
1626:Drivers/STM32G4xx_HAL_Driver/Src/stm32g4xx_hal_tim_ex.c ****     }
 4287              		.loc 1 1626 7 is_stmt 1 view .LVU1216
1634:Drivers/STM32G4xx_HAL_Driver/Src/stm32g4xx_hal_tim_ex.c ****   {
 4288              		.loc 1 1634 3 view .LVU1217
 4289 00b2 BBE7     		b	.L357
 4290              	.L360:
1646:Drivers/STM32G4xx_HAL_Driver/Src/stm32g4xx_hal_tim_ex.c ****   }
 4291              		.loc 1 1646 5 is_stmt 0 discriminator 2 view .LVU1218
 4292 00b4 042D     		cmp	r5, #4
 4293 00b6 06D0     		beq	.L365
ARM GAS  C:\Users\Booster\AppData\Local\Temp\ccs9w8jc.s 			page 161


1646:Drivers/STM32G4xx_HAL_Driver/Src/stm32g4xx_hal_tim_ex.c ****   }
 4294              		.loc 1 1646 5 discriminator 4 view .LVU1219
 4295 00b8 082D     		cmp	r5, #8
 4296 00ba 09D0     		beq	.L366
1646:Drivers/STM32G4xx_HAL_Driver/Src/stm32g4xx_hal_tim_ex.c ****   }
 4297              		.loc 1 1646 5 discriminator 7 view .LVU1220
 4298 00bc 0123     		movs	r3, #1
 4299 00be 84F84730 		strb	r3, [r4, #71]
 4300 00c2 0020     		movs	r0, #0
 4301 00c4 0AE0     		b	.L351
 4302              	.L365:
1646:Drivers/STM32G4xx_HAL_Driver/Src/stm32g4xx_hal_tim_ex.c ****   }
 4303              		.loc 1 1646 5 discriminator 3 view .LVU1221
 4304 00c6 0123     		movs	r3, #1
 4305 00c8 84F84530 		strb	r3, [r4, #69]
 4306 00cc 0020     		movs	r0, #0
 4307 00ce 05E0     		b	.L351
 4308              	.L366:
1646:Drivers/STM32G4xx_HAL_Driver/Src/stm32g4xx_hal_tim_ex.c ****   }
 4309              		.loc 1 1646 5 discriminator 6 view .LVU1222
 4310 00d0 0123     		movs	r3, #1
 4311 00d2 84F84630 		strb	r3, [r4, #70]
 4312 00d6 0020     		movs	r0, #0
 4313 00d8 00E0     		b	.L351
 4314              	.LVL278:
 4315              	.L363:
1595:Drivers/STM32G4xx_HAL_Driver/Src/stm32g4xx_hal_tim_ex.c ****   {
 4316              		.loc 1 1595 3 view .LVU1223
 4317 00da 0120     		movs	r0, #1
 4318              	.LVL279:
 4319              	.L351:
1650:Drivers/STM32G4xx_HAL_Driver/Src/stm32g4xx_hal_tim_ex.c **** }
 4320              		.loc 1 1650 3 is_stmt 1 view .LVU1224
1651:Drivers/STM32G4xx_HAL_Driver/Src/stm32g4xx_hal_tim_ex.c **** 
 4321              		.loc 1 1651 1 is_stmt 0 view .LVU1225
 4322 00dc 38BD     		pop	{r3, r4, r5, pc}
1651:Drivers/STM32G4xx_HAL_Driver/Src/stm32g4xx_hal_tim_ex.c **** 
 4323              		.loc 1 1651 1 view .LVU1226
 4324              		.cfi_endproc
 4325              	.LFE350:
 4327              		.section	.text.HAL_TIMEx_OnePulseN_Start,"ax",%progbits
 4328              		.align	1
 4329              		.global	HAL_TIMEx_OnePulseN_Start
 4330              		.syntax unified
 4331              		.thumb
 4332              		.thumb_func
 4334              	HAL_TIMEx_OnePulseN_Start:
 4335              	.LVL280:
 4336              	.LFB351:
1688:Drivers/STM32G4xx_HAL_Driver/Src/stm32g4xx_hal_tim_ex.c ****   uint32_t input_channel = (OutputChannel == TIM_CHANNEL_1) ? TIM_CHANNEL_2 : TIM_CHANNEL_1;
 4337              		.loc 1 1688 1 is_stmt 1 view -0
 4338              		.cfi_startproc
 4339              		@ args = 0, pretend = 0, frame = 0
 4340              		@ frame_needed = 0, uses_anonymous_args = 0
1688:Drivers/STM32G4xx_HAL_Driver/Src/stm32g4xx_hal_tim_ex.c ****   uint32_t input_channel = (OutputChannel == TIM_CHANNEL_1) ? TIM_CHANNEL_2 : TIM_CHANNEL_1;
 4341              		.loc 1 1688 1 is_stmt 0 view .LVU1228
 4342 0000 38B5     		push	{r3, r4, r5, lr}
ARM GAS  C:\Users\Booster\AppData\Local\Temp\ccs9w8jc.s 			page 162


 4343              	.LCFI26:
 4344              		.cfi_def_cfa_offset 16
 4345              		.cfi_offset 3, -16
 4346              		.cfi_offset 4, -12
 4347              		.cfi_offset 5, -8
 4348              		.cfi_offset 14, -4
 4349 0002 0446     		mov	r4, r0
1689:Drivers/STM32G4xx_HAL_Driver/Src/stm32g4xx_hal_tim_ex.c ****   HAL_TIM_ChannelStateTypeDef channel_1_state = TIM_CHANNEL_STATE_GET(htim, TIM_CHANNEL_1);
 4350              		.loc 1 1689 3 is_stmt 1 view .LVU1229
1689:Drivers/STM32G4xx_HAL_Driver/Src/stm32g4xx_hal_tim_ex.c ****   HAL_TIM_ChannelStateTypeDef channel_1_state = TIM_CHANNEL_STATE_GET(htim, TIM_CHANNEL_1);
 4351              		.loc 1 1689 77 is_stmt 0 view .LVU1230
 4352 0004 8E46     		mov	lr, r1
 4353 0006 C1B9     		cbnz	r1, .L370
 4354 0008 0425     		movs	r5, #4
 4355              	.L368:
 4356              	.LVL281:
1690:Drivers/STM32G4xx_HAL_Driver/Src/stm32g4xx_hal_tim_ex.c ****   HAL_TIM_ChannelStateTypeDef channel_2_state = TIM_CHANNEL_STATE_GET(htim, TIM_CHANNEL_2);
 4357              		.loc 1 1690 3 is_stmt 1 discriminator 4 view .LVU1231
1690:Drivers/STM32G4xx_HAL_Driver/Src/stm32g4xx_hal_tim_ex.c ****   HAL_TIM_ChannelStateTypeDef channel_2_state = TIM_CHANNEL_STATE_GET(htim, TIM_CHANNEL_2);
 4358              		.loc 1 1690 31 is_stmt 0 discriminator 4 view .LVU1232
 4359 000a 94F83E00 		ldrb	r0, [r4, #62]	@ zero_extendqisi2
 4360              	.LVL282:
1690:Drivers/STM32G4xx_HAL_Driver/Src/stm32g4xx_hal_tim_ex.c ****   HAL_TIM_ChannelStateTypeDef channel_2_state = TIM_CHANNEL_STATE_GET(htim, TIM_CHANNEL_2);
 4361              		.loc 1 1690 31 discriminator 4 view .LVU1233
 4362 000e C0B2     		uxtb	r0, r0
 4363              	.LVL283:
1691:Drivers/STM32G4xx_HAL_Driver/Src/stm32g4xx_hal_tim_ex.c ****   HAL_TIM_ChannelStateTypeDef complementary_channel_1_state = TIM_CHANNEL_N_STATE_GET(htim, TIM_CHA
 4364              		.loc 1 1691 3 is_stmt 1 discriminator 4 view .LVU1234
1691:Drivers/STM32G4xx_HAL_Driver/Src/stm32g4xx_hal_tim_ex.c ****   HAL_TIM_ChannelStateTypeDef complementary_channel_1_state = TIM_CHANNEL_N_STATE_GET(htim, TIM_CHA
 4365              		.loc 1 1691 31 is_stmt 0 discriminator 4 view .LVU1235
 4366 0010 94F83F30 		ldrb	r3, [r4, #63]	@ zero_extendqisi2
 4367 0014 DBB2     		uxtb	r3, r3
 4368              	.LVL284:
1692:Drivers/STM32G4xx_HAL_Driver/Src/stm32g4xx_hal_tim_ex.c ****   HAL_TIM_ChannelStateTypeDef complementary_channel_2_state = TIM_CHANNEL_N_STATE_GET(htim, TIM_CHA
 4369              		.loc 1 1692 3 is_stmt 1 discriminator 4 view .LVU1236
1692:Drivers/STM32G4xx_HAL_Driver/Src/stm32g4xx_hal_tim_ex.c ****   HAL_TIM_ChannelStateTypeDef complementary_channel_2_state = TIM_CHANNEL_N_STATE_GET(htim, TIM_CHA
 4370              		.loc 1 1692 31 is_stmt 0 discriminator 4 view .LVU1237
 4371 0016 94F84420 		ldrb	r2, [r4, #68]	@ zero_extendqisi2
 4372 001a D2B2     		uxtb	r2, r2
 4373              	.LVL285:
1693:Drivers/STM32G4xx_HAL_Driver/Src/stm32g4xx_hal_tim_ex.c **** 
 4374              		.loc 1 1693 3 is_stmt 1 discriminator 4 view .LVU1238
1693:Drivers/STM32G4xx_HAL_Driver/Src/stm32g4xx_hal_tim_ex.c **** 
 4375              		.loc 1 1693 31 is_stmt 0 discriminator 4 view .LVU1239
 4376 001c 94F845C0 		ldrb	ip, [r4, #69]	@ zero_extendqisi2
 4377 0020 5FFA8CFC 		uxtb	ip, ip
 4378              	.LVL286:
1696:Drivers/STM32G4xx_HAL_Driver/Src/stm32g4xx_hal_tim_ex.c **** 
 4379              		.loc 1 1696 3 is_stmt 1 discriminator 4 view .LVU1240
1699:Drivers/STM32G4xx_HAL_Driver/Src/stm32g4xx_hal_tim_ex.c ****       || (channel_2_state != HAL_TIM_CHANNEL_STATE_READY)
 4380              		.loc 1 1699 3 discriminator 4 view .LVU1241
1699:Drivers/STM32G4xx_HAL_Driver/Src/stm32g4xx_hal_tim_ex.c ****       || (channel_2_state != HAL_TIM_CHANNEL_STATE_READY)
 4381              		.loc 1 1699 6 is_stmt 0 discriminator 4 view .LVU1242
 4382 0024 0128     		cmp	r0, #1
 4383 0026 24D1     		bne	.L371
1700:Drivers/STM32G4xx_HAL_Driver/Src/stm32g4xx_hal_tim_ex.c ****       || (complementary_channel_1_state != HAL_TIM_CHANNEL_STATE_READY)
 4384              		.loc 1 1700 7 view .LVU1243
ARM GAS  C:\Users\Booster\AppData\Local\Temp\ccs9w8jc.s 			page 163


 4385 0028 012B     		cmp	r3, #1
 4386 002a 23D1     		bne	.L369
1701:Drivers/STM32G4xx_HAL_Driver/Src/stm32g4xx_hal_tim_ex.c ****       || (complementary_channel_2_state != HAL_TIM_CHANNEL_STATE_READY))
 4387              		.loc 1 1701 7 view .LVU1244
 4388 002c 012A     		cmp	r2, #1
 4389 002e 22D1     		bne	.L372
1702:Drivers/STM32G4xx_HAL_Driver/Src/stm32g4xx_hal_tim_ex.c ****   {
 4390              		.loc 1 1702 7 view .LVU1245
 4391 0030 BCF1010F 		cmp	ip, #1
 4392 0034 03D0     		beq	.L375
1704:Drivers/STM32G4xx_HAL_Driver/Src/stm32g4xx_hal_tim_ex.c ****   }
 4393              		.loc 1 1704 12 view .LVU1246
 4394 0036 1046     		mov	r0, r2
 4395              	.LVL287:
1704:Drivers/STM32G4xx_HAL_Driver/Src/stm32g4xx_hal_tim_ex.c ****   }
 4396              		.loc 1 1704 12 view .LVU1247
 4397 0038 1CE0     		b	.L369
 4398              	.LVL288:
 4399              	.L370:
1689:Drivers/STM32G4xx_HAL_Driver/Src/stm32g4xx_hal_tim_ex.c ****   HAL_TIM_ChannelStateTypeDef channel_1_state = TIM_CHANNEL_STATE_GET(htim, TIM_CHANNEL_1);
 4400              		.loc 1 1689 77 view .LVU1248
 4401 003a 0025     		movs	r5, #0
 4402 003c E5E7     		b	.L368
 4403              	.LVL289:
 4404              	.L375:
1708:Drivers/STM32G4xx_HAL_Driver/Src/stm32g4xx_hal_tim_ex.c ****   TIM_CHANNEL_STATE_SET(htim, TIM_CHANNEL_2, HAL_TIM_CHANNEL_STATE_BUSY);
 4405              		.loc 1 1708 3 is_stmt 1 view .LVU1249
 4406 003e 0223     		movs	r3, #2
 4407              	.LVL290:
1708:Drivers/STM32G4xx_HAL_Driver/Src/stm32g4xx_hal_tim_ex.c ****   TIM_CHANNEL_STATE_SET(htim, TIM_CHANNEL_2, HAL_TIM_CHANNEL_STATE_BUSY);
 4408              		.loc 1 1708 3 is_stmt 0 view .LVU1250
 4409 0040 84F83E30 		strb	r3, [r4, #62]
1709:Drivers/STM32G4xx_HAL_Driver/Src/stm32g4xx_hal_tim_ex.c ****   TIM_CHANNEL_N_STATE_SET(htim, TIM_CHANNEL_1, HAL_TIM_CHANNEL_STATE_BUSY);
 4410              		.loc 1 1709 3 is_stmt 1 view .LVU1251
 4411 0044 84F83F30 		strb	r3, [r4, #63]
1710:Drivers/STM32G4xx_HAL_Driver/Src/stm32g4xx_hal_tim_ex.c ****   TIM_CHANNEL_N_STATE_SET(htim, TIM_CHANNEL_2, HAL_TIM_CHANNEL_STATE_BUSY);
 4412              		.loc 1 1710 3 view .LVU1252
 4413 0048 84F84430 		strb	r3, [r4, #68]
1711:Drivers/STM32G4xx_HAL_Driver/Src/stm32g4xx_hal_tim_ex.c **** 
 4414              		.loc 1 1711 3 view .LVU1253
 4415 004c 84F84530 		strb	r3, [r4, #69]
1714:Drivers/STM32G4xx_HAL_Driver/Src/stm32g4xx_hal_tim_ex.c ****   TIM_CCxChannelCmd(htim->Instance, input_channel, TIM_CCx_ENABLE);
 4416              		.loc 1 1714 3 view .LVU1254
 4417 0050 0422     		movs	r2, #4
 4418              	.LVL291:
1714:Drivers/STM32G4xx_HAL_Driver/Src/stm32g4xx_hal_tim_ex.c ****   TIM_CCxChannelCmd(htim->Instance, input_channel, TIM_CCx_ENABLE);
 4419              		.loc 1 1714 3 is_stmt 0 view .LVU1255
 4420 0052 7146     		mov	r1, lr
 4421              	.LVL292:
1714:Drivers/STM32G4xx_HAL_Driver/Src/stm32g4xx_hal_tim_ex.c ****   TIM_CCxChannelCmd(htim->Instance, input_channel, TIM_CCx_ENABLE);
 4422              		.loc 1 1714 3 view .LVU1256
 4423 0054 2068     		ldr	r0, [r4]
 4424              	.LVL293:
1714:Drivers/STM32G4xx_HAL_Driver/Src/stm32g4xx_hal_tim_ex.c ****   TIM_CCxChannelCmd(htim->Instance, input_channel, TIM_CCx_ENABLE);
 4425              		.loc 1 1714 3 view .LVU1257
 4426 0056 FFF7FEFF 		bl	TIM_CCxNChannelCmd
 4427              	.LVL294:
ARM GAS  C:\Users\Booster\AppData\Local\Temp\ccs9w8jc.s 			page 164


1715:Drivers/STM32G4xx_HAL_Driver/Src/stm32g4xx_hal_tim_ex.c **** 
 4428              		.loc 1 1715 3 is_stmt 1 view .LVU1258
 4429 005a 0122     		movs	r2, #1
 4430 005c 2946     		mov	r1, r5
 4431 005e 2068     		ldr	r0, [r4]
 4432 0060 FFF7FEFF 		bl	TIM_CCxChannelCmd
 4433              	.LVL295:
1718:Drivers/STM32G4xx_HAL_Driver/Src/stm32g4xx_hal_tim_ex.c **** 
 4434              		.loc 1 1718 3 view .LVU1259
 4435 0064 2268     		ldr	r2, [r4]
 4436 0066 536C     		ldr	r3, [r2, #68]
 4437 0068 43F40043 		orr	r3, r3, #32768
 4438 006c 5364     		str	r3, [r2, #68]
1721:Drivers/STM32G4xx_HAL_Driver/Src/stm32g4xx_hal_tim_ex.c **** }
 4439              		.loc 1 1721 3 view .LVU1260
1721:Drivers/STM32G4xx_HAL_Driver/Src/stm32g4xx_hal_tim_ex.c **** }
 4440              		.loc 1 1721 10 is_stmt 0 view .LVU1261
 4441 006e 0020     		movs	r0, #0
 4442 0070 00E0     		b	.L369
 4443              	.LVL296:
 4444              	.L371:
1704:Drivers/STM32G4xx_HAL_Driver/Src/stm32g4xx_hal_tim_ex.c ****   }
 4445              		.loc 1 1704 12 view .LVU1262
 4446 0072 0120     		movs	r0, #1
 4447              	.LVL297:
 4448              	.L369:
1722:Drivers/STM32G4xx_HAL_Driver/Src/stm32g4xx_hal_tim_ex.c **** 
 4449              		.loc 1 1722 1 view .LVU1263
 4450 0074 38BD     		pop	{r3, r4, r5, pc}
 4451              	.LVL298:
 4452              	.L372:
1704:Drivers/STM32G4xx_HAL_Driver/Src/stm32g4xx_hal_tim_ex.c ****   }
 4453              		.loc 1 1704 12 view .LVU1264
 4454 0076 1846     		mov	r0, r3
 4455              	.LVL299:
1704:Drivers/STM32G4xx_HAL_Driver/Src/stm32g4xx_hal_tim_ex.c ****   }
 4456              		.loc 1 1704 12 view .LVU1265
 4457 0078 FCE7     		b	.L369
 4458              		.cfi_endproc
 4459              	.LFE351:
 4461              		.section	.text.HAL_TIMEx_OnePulseN_Stop,"ax",%progbits
 4462              		.align	1
 4463              		.global	HAL_TIMEx_OnePulseN_Stop
 4464              		.syntax unified
 4465              		.thumb
 4466              		.thumb_func
 4468              	HAL_TIMEx_OnePulseN_Stop:
 4469              	.LVL300:
 4470              	.LFB352:
1737:Drivers/STM32G4xx_HAL_Driver/Src/stm32g4xx_hal_tim_ex.c ****   uint32_t input_channel = (OutputChannel == TIM_CHANNEL_1) ? TIM_CHANNEL_2 : TIM_CHANNEL_1;
 4471              		.loc 1 1737 1 is_stmt 1 view -0
 4472              		.cfi_startproc
 4473              		@ args = 0, pretend = 0, frame = 0
 4474              		@ frame_needed = 0, uses_anonymous_args = 0
1737:Drivers/STM32G4xx_HAL_Driver/Src/stm32g4xx_hal_tim_ex.c ****   uint32_t input_channel = (OutputChannel == TIM_CHANNEL_1) ? TIM_CHANNEL_2 : TIM_CHANNEL_1;
 4475              		.loc 1 1737 1 is_stmt 0 view .LVU1267
 4476 0000 38B5     		push	{r3, r4, r5, lr}
ARM GAS  C:\Users\Booster\AppData\Local\Temp\ccs9w8jc.s 			page 165


 4477              	.LCFI27:
 4478              		.cfi_def_cfa_offset 16
 4479              		.cfi_offset 3, -16
 4480              		.cfi_offset 4, -12
 4481              		.cfi_offset 5, -8
 4482              		.cfi_offset 14, -4
 4483 0002 0446     		mov	r4, r0
1738:Drivers/STM32G4xx_HAL_Driver/Src/stm32g4xx_hal_tim_ex.c **** 
 4484              		.loc 1 1738 3 is_stmt 1 view .LVU1268
1738:Drivers/STM32G4xx_HAL_Driver/Src/stm32g4xx_hal_tim_ex.c **** 
 4485              		.loc 1 1738 77 is_stmt 0 view .LVU1269
 4486 0004 0029     		cmp	r1, #0
 4487 0006 32D1     		bne	.L380
 4488 0008 0425     		movs	r5, #4
 4489              	.L377:
 4490              	.LVL301:
1741:Drivers/STM32G4xx_HAL_Driver/Src/stm32g4xx_hal_tim_ex.c **** 
 4491              		.loc 1 1741 3 is_stmt 1 discriminator 4 view .LVU1270
1744:Drivers/STM32G4xx_HAL_Driver/Src/stm32g4xx_hal_tim_ex.c ****   TIM_CCxChannelCmd(htim->Instance, input_channel, TIM_CCx_DISABLE);
 4492              		.loc 1 1744 3 discriminator 4 view .LVU1271
 4493 000a 0022     		movs	r2, #0
 4494 000c 2068     		ldr	r0, [r4]
 4495              	.LVL302:
1744:Drivers/STM32G4xx_HAL_Driver/Src/stm32g4xx_hal_tim_ex.c ****   TIM_CCxChannelCmd(htim->Instance, input_channel, TIM_CCx_DISABLE);
 4496              		.loc 1 1744 3 is_stmt 0 discriminator 4 view .LVU1272
 4497 000e FFF7FEFF 		bl	TIM_CCxNChannelCmd
 4498              	.LVL303:
1745:Drivers/STM32G4xx_HAL_Driver/Src/stm32g4xx_hal_tim_ex.c **** 
 4499              		.loc 1 1745 3 is_stmt 1 discriminator 4 view .LVU1273
 4500 0012 0022     		movs	r2, #0
 4501 0014 2946     		mov	r1, r5
 4502 0016 2068     		ldr	r0, [r4]
 4503 0018 FFF7FEFF 		bl	TIM_CCxChannelCmd
 4504              	.LVL304:
1748:Drivers/STM32G4xx_HAL_Driver/Src/stm32g4xx_hal_tim_ex.c **** 
 4505              		.loc 1 1748 3 discriminator 4 view .LVU1274
1748:Drivers/STM32G4xx_HAL_Driver/Src/stm32g4xx_hal_tim_ex.c **** 
 4506              		.loc 1 1748 3 discriminator 4 view .LVU1275
 4507 001c 2368     		ldr	r3, [r4]
 4508 001e 196A     		ldr	r1, [r3, #32]
 4509 0020 41F21112 		movw	r2, #4369
 4510 0024 1142     		tst	r1, r2
 4511 0026 08D1     		bne	.L378
1748:Drivers/STM32G4xx_HAL_Driver/Src/stm32g4xx_hal_tim_ex.c **** 
 4512              		.loc 1 1748 3 discriminator 1 view .LVU1276
 4513 0028 196A     		ldr	r1, [r3, #32]
 4514 002a 44F24442 		movw	r2, #17476
 4515 002e 1142     		tst	r1, r2
 4516 0030 03D1     		bne	.L378
1748:Drivers/STM32G4xx_HAL_Driver/Src/stm32g4xx_hal_tim_ex.c **** 
 4517              		.loc 1 1748 3 discriminator 3 view .LVU1277
 4518 0032 5A6C     		ldr	r2, [r3, #68]
 4519 0034 22F40042 		bic	r2, r2, #32768
 4520 0038 5A64     		str	r2, [r3, #68]
 4521              	.L378:
1748:Drivers/STM32G4xx_HAL_Driver/Src/stm32g4xx_hal_tim_ex.c **** 
 4522              		.loc 1 1748 3 discriminator 5 view .LVU1278
ARM GAS  C:\Users\Booster\AppData\Local\Temp\ccs9w8jc.s 			page 166


1751:Drivers/STM32G4xx_HAL_Driver/Src/stm32g4xx_hal_tim_ex.c **** 
 4523              		.loc 1 1751 3 discriminator 5 view .LVU1279
1751:Drivers/STM32G4xx_HAL_Driver/Src/stm32g4xx_hal_tim_ex.c **** 
 4524              		.loc 1 1751 3 discriminator 5 view .LVU1280
 4525 003a 2368     		ldr	r3, [r4]
 4526 003c 196A     		ldr	r1, [r3, #32]
 4527 003e 41F21112 		movw	r2, #4369
 4528 0042 1142     		tst	r1, r2
 4529 0044 08D1     		bne	.L379
1751:Drivers/STM32G4xx_HAL_Driver/Src/stm32g4xx_hal_tim_ex.c **** 
 4530              		.loc 1 1751 3 discriminator 1 view .LVU1281
 4531 0046 196A     		ldr	r1, [r3, #32]
 4532 0048 44F24442 		movw	r2, #17476
 4533 004c 1142     		tst	r1, r2
 4534 004e 03D1     		bne	.L379
1751:Drivers/STM32G4xx_HAL_Driver/Src/stm32g4xx_hal_tim_ex.c **** 
 4535              		.loc 1 1751 3 discriminator 3 view .LVU1282
 4536 0050 1A68     		ldr	r2, [r3]
 4537 0052 22F00102 		bic	r2, r2, #1
 4538 0056 1A60     		str	r2, [r3]
 4539              	.L379:
1751:Drivers/STM32G4xx_HAL_Driver/Src/stm32g4xx_hal_tim_ex.c **** 
 4540              		.loc 1 1751 3 discriminator 5 view .LVU1283
1754:Drivers/STM32G4xx_HAL_Driver/Src/stm32g4xx_hal_tim_ex.c ****   TIM_CHANNEL_STATE_SET(htim, TIM_CHANNEL_2, HAL_TIM_CHANNEL_STATE_READY);
 4541              		.loc 1 1754 3 discriminator 5 view .LVU1284
 4542 0058 0123     		movs	r3, #1
 4543 005a 84F83E30 		strb	r3, [r4, #62]
1755:Drivers/STM32G4xx_HAL_Driver/Src/stm32g4xx_hal_tim_ex.c ****   TIM_CHANNEL_N_STATE_SET(htim, TIM_CHANNEL_1, HAL_TIM_CHANNEL_STATE_READY);
 4544              		.loc 1 1755 3 discriminator 5 view .LVU1285
 4545 005e 84F83F30 		strb	r3, [r4, #63]
1756:Drivers/STM32G4xx_HAL_Driver/Src/stm32g4xx_hal_tim_ex.c ****   TIM_CHANNEL_N_STATE_SET(htim, TIM_CHANNEL_2, HAL_TIM_CHANNEL_STATE_READY);
 4546              		.loc 1 1756 3 discriminator 5 view .LVU1286
 4547 0062 84F84430 		strb	r3, [r4, #68]
1757:Drivers/STM32G4xx_HAL_Driver/Src/stm32g4xx_hal_tim_ex.c **** 
 4548              		.loc 1 1757 3 discriminator 5 view .LVU1287
 4549 0066 84F84530 		strb	r3, [r4, #69]
1760:Drivers/STM32G4xx_HAL_Driver/Src/stm32g4xx_hal_tim_ex.c **** }
 4550              		.loc 1 1760 3 discriminator 5 view .LVU1288
1761:Drivers/STM32G4xx_HAL_Driver/Src/stm32g4xx_hal_tim_ex.c **** 
 4551              		.loc 1 1761 1 is_stmt 0 discriminator 5 view .LVU1289
 4552 006a 0020     		movs	r0, #0
 4553 006c 38BD     		pop	{r3, r4, r5, pc}
 4554              	.LVL305:
 4555              	.L380:
1738:Drivers/STM32G4xx_HAL_Driver/Src/stm32g4xx_hal_tim_ex.c **** 
 4556              		.loc 1 1738 77 view .LVU1290
 4557 006e 0025     		movs	r5, #0
 4558 0070 CBE7     		b	.L377
 4559              		.cfi_endproc
 4560              	.LFE352:
 4562              		.section	.text.HAL_TIMEx_OnePulseN_Start_IT,"ax",%progbits
 4563              		.align	1
 4564              		.global	HAL_TIMEx_OnePulseN_Start_IT
 4565              		.syntax unified
 4566              		.thumb
 4567              		.thumb_func
 4569              	HAL_TIMEx_OnePulseN_Start_IT:
ARM GAS  C:\Users\Booster\AppData\Local\Temp\ccs9w8jc.s 			page 167


 4570              	.LVL306:
 4571              	.LFB353:
1776:Drivers/STM32G4xx_HAL_Driver/Src/stm32g4xx_hal_tim_ex.c ****   uint32_t input_channel = (OutputChannel == TIM_CHANNEL_1) ? TIM_CHANNEL_2 : TIM_CHANNEL_1;
 4572              		.loc 1 1776 1 is_stmt 1 view -0
 4573              		.cfi_startproc
 4574              		@ args = 0, pretend = 0, frame = 0
 4575              		@ frame_needed = 0, uses_anonymous_args = 0
1776:Drivers/STM32G4xx_HAL_Driver/Src/stm32g4xx_hal_tim_ex.c ****   uint32_t input_channel = (OutputChannel == TIM_CHANNEL_1) ? TIM_CHANNEL_2 : TIM_CHANNEL_1;
 4576              		.loc 1 1776 1 is_stmt 0 view .LVU1292
 4577 0000 38B5     		push	{r3, r4, r5, lr}
 4578              	.LCFI28:
 4579              		.cfi_def_cfa_offset 16
 4580              		.cfi_offset 3, -16
 4581              		.cfi_offset 4, -12
 4582              		.cfi_offset 5, -8
 4583              		.cfi_offset 14, -4
 4584 0002 0446     		mov	r4, r0
1777:Drivers/STM32G4xx_HAL_Driver/Src/stm32g4xx_hal_tim_ex.c ****   HAL_TIM_ChannelStateTypeDef channel_1_state = TIM_CHANNEL_STATE_GET(htim, TIM_CHANNEL_1);
 4585              		.loc 1 1777 3 is_stmt 1 view .LVU1293
1777:Drivers/STM32G4xx_HAL_Driver/Src/stm32g4xx_hal_tim_ex.c ****   HAL_TIM_ChannelStateTypeDef channel_1_state = TIM_CHANNEL_STATE_GET(htim, TIM_CHANNEL_1);
 4586              		.loc 1 1777 77 is_stmt 0 view .LVU1294
 4587 0004 8E46     		mov	lr, r1
 4588 0006 C1B9     		cbnz	r1, .L385
 4589 0008 0425     		movs	r5, #4
 4590              	.L383:
 4591              	.LVL307:
1778:Drivers/STM32G4xx_HAL_Driver/Src/stm32g4xx_hal_tim_ex.c ****   HAL_TIM_ChannelStateTypeDef channel_2_state = TIM_CHANNEL_STATE_GET(htim, TIM_CHANNEL_2);
 4592              		.loc 1 1778 3 is_stmt 1 discriminator 4 view .LVU1295
1778:Drivers/STM32G4xx_HAL_Driver/Src/stm32g4xx_hal_tim_ex.c ****   HAL_TIM_ChannelStateTypeDef channel_2_state = TIM_CHANNEL_STATE_GET(htim, TIM_CHANNEL_2);
 4593              		.loc 1 1778 31 is_stmt 0 discriminator 4 view .LVU1296
 4594 000a 94F83E00 		ldrb	r0, [r4, #62]	@ zero_extendqisi2
 4595              	.LVL308:
1778:Drivers/STM32G4xx_HAL_Driver/Src/stm32g4xx_hal_tim_ex.c ****   HAL_TIM_ChannelStateTypeDef channel_2_state = TIM_CHANNEL_STATE_GET(htim, TIM_CHANNEL_2);
 4596              		.loc 1 1778 31 discriminator 4 view .LVU1297
 4597 000e C0B2     		uxtb	r0, r0
 4598              	.LVL309:
1779:Drivers/STM32G4xx_HAL_Driver/Src/stm32g4xx_hal_tim_ex.c ****   HAL_TIM_ChannelStateTypeDef complementary_channel_1_state = TIM_CHANNEL_N_STATE_GET(htim, TIM_CHA
 4599              		.loc 1 1779 3 is_stmt 1 discriminator 4 view .LVU1298
1779:Drivers/STM32G4xx_HAL_Driver/Src/stm32g4xx_hal_tim_ex.c ****   HAL_TIM_ChannelStateTypeDef complementary_channel_1_state = TIM_CHANNEL_N_STATE_GET(htim, TIM_CHA
 4600              		.loc 1 1779 31 is_stmt 0 discriminator 4 view .LVU1299
 4601 0010 94F83F30 		ldrb	r3, [r4, #63]	@ zero_extendqisi2
 4602 0014 DBB2     		uxtb	r3, r3
 4603              	.LVL310:
1780:Drivers/STM32G4xx_HAL_Driver/Src/stm32g4xx_hal_tim_ex.c ****   HAL_TIM_ChannelStateTypeDef complementary_channel_2_state = TIM_CHANNEL_N_STATE_GET(htim, TIM_CHA
 4604              		.loc 1 1780 3 is_stmt 1 discriminator 4 view .LVU1300
1780:Drivers/STM32G4xx_HAL_Driver/Src/stm32g4xx_hal_tim_ex.c ****   HAL_TIM_ChannelStateTypeDef complementary_channel_2_state = TIM_CHANNEL_N_STATE_GET(htim, TIM_CHA
 4605              		.loc 1 1780 31 is_stmt 0 discriminator 4 view .LVU1301
 4606 0016 94F84420 		ldrb	r2, [r4, #68]	@ zero_extendqisi2
 4607 001a D2B2     		uxtb	r2, r2
 4608              	.LVL311:
1781:Drivers/STM32G4xx_HAL_Driver/Src/stm32g4xx_hal_tim_ex.c **** 
 4609              		.loc 1 1781 3 is_stmt 1 discriminator 4 view .LVU1302
1781:Drivers/STM32G4xx_HAL_Driver/Src/stm32g4xx_hal_tim_ex.c **** 
 4610              		.loc 1 1781 31 is_stmt 0 discriminator 4 view .LVU1303
 4611 001c 94F845C0 		ldrb	ip, [r4, #69]	@ zero_extendqisi2
 4612 0020 5FFA8CFC 		uxtb	ip, ip
 4613              	.LVL312:
ARM GAS  C:\Users\Booster\AppData\Local\Temp\ccs9w8jc.s 			page 168


1784:Drivers/STM32G4xx_HAL_Driver/Src/stm32g4xx_hal_tim_ex.c **** 
 4614              		.loc 1 1784 3 is_stmt 1 discriminator 4 view .LVU1304
1787:Drivers/STM32G4xx_HAL_Driver/Src/stm32g4xx_hal_tim_ex.c ****       || (channel_2_state != HAL_TIM_CHANNEL_STATE_READY)
 4615              		.loc 1 1787 3 discriminator 4 view .LVU1305
1787:Drivers/STM32G4xx_HAL_Driver/Src/stm32g4xx_hal_tim_ex.c ****       || (channel_2_state != HAL_TIM_CHANNEL_STATE_READY)
 4616              		.loc 1 1787 6 is_stmt 0 discriminator 4 view .LVU1306
 4617 0024 0128     		cmp	r0, #1
 4618 0026 2ED1     		bne	.L386
1788:Drivers/STM32G4xx_HAL_Driver/Src/stm32g4xx_hal_tim_ex.c ****       || (complementary_channel_1_state != HAL_TIM_CHANNEL_STATE_READY)
 4619              		.loc 1 1788 7 view .LVU1307
 4620 0028 012B     		cmp	r3, #1
 4621 002a 2DD1     		bne	.L384
1789:Drivers/STM32G4xx_HAL_Driver/Src/stm32g4xx_hal_tim_ex.c ****       || (complementary_channel_2_state != HAL_TIM_CHANNEL_STATE_READY))
 4622              		.loc 1 1789 7 view .LVU1308
 4623 002c 012A     		cmp	r2, #1
 4624 002e 2CD1     		bne	.L387
1790:Drivers/STM32G4xx_HAL_Driver/Src/stm32g4xx_hal_tim_ex.c ****   {
 4625              		.loc 1 1790 7 view .LVU1309
 4626 0030 BCF1010F 		cmp	ip, #1
 4627 0034 03D0     		beq	.L390
1792:Drivers/STM32G4xx_HAL_Driver/Src/stm32g4xx_hal_tim_ex.c ****   }
 4628              		.loc 1 1792 12 view .LVU1310
 4629 0036 1046     		mov	r0, r2
 4630              	.LVL313:
1792:Drivers/STM32G4xx_HAL_Driver/Src/stm32g4xx_hal_tim_ex.c ****   }
 4631              		.loc 1 1792 12 view .LVU1311
 4632 0038 26E0     		b	.L384
 4633              	.LVL314:
 4634              	.L385:
1777:Drivers/STM32G4xx_HAL_Driver/Src/stm32g4xx_hal_tim_ex.c ****   HAL_TIM_ChannelStateTypeDef channel_1_state = TIM_CHANNEL_STATE_GET(htim, TIM_CHANNEL_1);
 4635              		.loc 1 1777 77 view .LVU1312
 4636 003a 0025     		movs	r5, #0
 4637 003c E5E7     		b	.L383
 4638              	.LVL315:
 4639              	.L390:
1796:Drivers/STM32G4xx_HAL_Driver/Src/stm32g4xx_hal_tim_ex.c ****   TIM_CHANNEL_STATE_SET(htim, TIM_CHANNEL_2, HAL_TIM_CHANNEL_STATE_BUSY);
 4640              		.loc 1 1796 3 is_stmt 1 view .LVU1313
 4641 003e 0223     		movs	r3, #2
 4642              	.LVL316:
1796:Drivers/STM32G4xx_HAL_Driver/Src/stm32g4xx_hal_tim_ex.c ****   TIM_CHANNEL_STATE_SET(htim, TIM_CHANNEL_2, HAL_TIM_CHANNEL_STATE_BUSY);
 4643              		.loc 1 1796 3 is_stmt 0 view .LVU1314
 4644 0040 84F83E30 		strb	r3, [r4, #62]
1797:Drivers/STM32G4xx_HAL_Driver/Src/stm32g4xx_hal_tim_ex.c ****   TIM_CHANNEL_N_STATE_SET(htim, TIM_CHANNEL_1, HAL_TIM_CHANNEL_STATE_BUSY);
 4645              		.loc 1 1797 3 is_stmt 1 view .LVU1315
 4646 0044 84F83F30 		strb	r3, [r4, #63]
1798:Drivers/STM32G4xx_HAL_Driver/Src/stm32g4xx_hal_tim_ex.c ****   TIM_CHANNEL_N_STATE_SET(htim, TIM_CHANNEL_2, HAL_TIM_CHANNEL_STATE_BUSY);
 4647              		.loc 1 1798 3 view .LVU1316
 4648 0048 84F84430 		strb	r3, [r4, #68]
1799:Drivers/STM32G4xx_HAL_Driver/Src/stm32g4xx_hal_tim_ex.c **** 
 4649              		.loc 1 1799 3 view .LVU1317
 4650 004c 84F84530 		strb	r3, [r4, #69]
1802:Drivers/STM32G4xx_HAL_Driver/Src/stm32g4xx_hal_tim_ex.c **** 
 4651              		.loc 1 1802 3 view .LVU1318
 4652 0050 2268     		ldr	r2, [r4]
 4653              	.LVL317:
1802:Drivers/STM32G4xx_HAL_Driver/Src/stm32g4xx_hal_tim_ex.c **** 
 4654              		.loc 1 1802 3 is_stmt 0 view .LVU1319
ARM GAS  C:\Users\Booster\AppData\Local\Temp\ccs9w8jc.s 			page 169


 4655 0052 D368     		ldr	r3, [r2, #12]
 4656 0054 43F00203 		orr	r3, r3, #2
 4657 0058 D360     		str	r3, [r2, #12]
1805:Drivers/STM32G4xx_HAL_Driver/Src/stm32g4xx_hal_tim_ex.c **** 
 4658              		.loc 1 1805 3 is_stmt 1 view .LVU1320
 4659 005a 2268     		ldr	r2, [r4]
 4660 005c D368     		ldr	r3, [r2, #12]
 4661 005e 43F00403 		orr	r3, r3, #4
 4662 0062 D360     		str	r3, [r2, #12]
1808:Drivers/STM32G4xx_HAL_Driver/Src/stm32g4xx_hal_tim_ex.c ****   TIM_CCxChannelCmd(htim->Instance, input_channel, TIM_CCx_ENABLE);
 4663              		.loc 1 1808 3 view .LVU1321
 4664 0064 0422     		movs	r2, #4
 4665 0066 7146     		mov	r1, lr
 4666              	.LVL318:
1808:Drivers/STM32G4xx_HAL_Driver/Src/stm32g4xx_hal_tim_ex.c ****   TIM_CCxChannelCmd(htim->Instance, input_channel, TIM_CCx_ENABLE);
 4667              		.loc 1 1808 3 is_stmt 0 view .LVU1322
 4668 0068 2068     		ldr	r0, [r4]
 4669              	.LVL319:
1808:Drivers/STM32G4xx_HAL_Driver/Src/stm32g4xx_hal_tim_ex.c ****   TIM_CCxChannelCmd(htim->Instance, input_channel, TIM_CCx_ENABLE);
 4670              		.loc 1 1808 3 view .LVU1323
 4671 006a FFF7FEFF 		bl	TIM_CCxNChannelCmd
 4672              	.LVL320:
1809:Drivers/STM32G4xx_HAL_Driver/Src/stm32g4xx_hal_tim_ex.c **** 
 4673              		.loc 1 1809 3 is_stmt 1 view .LVU1324
 4674 006e 0122     		movs	r2, #1
 4675 0070 2946     		mov	r1, r5
 4676 0072 2068     		ldr	r0, [r4]
 4677 0074 FFF7FEFF 		bl	TIM_CCxChannelCmd
 4678              	.LVL321:
1812:Drivers/STM32G4xx_HAL_Driver/Src/stm32g4xx_hal_tim_ex.c **** 
 4679              		.loc 1 1812 3 view .LVU1325
 4680 0078 2268     		ldr	r2, [r4]
 4681 007a 536C     		ldr	r3, [r2, #68]
 4682 007c 43F40043 		orr	r3, r3, #32768
 4683 0080 5364     		str	r3, [r2, #68]
1815:Drivers/STM32G4xx_HAL_Driver/Src/stm32g4xx_hal_tim_ex.c **** }
 4684              		.loc 1 1815 3 view .LVU1326
1815:Drivers/STM32G4xx_HAL_Driver/Src/stm32g4xx_hal_tim_ex.c **** }
 4685              		.loc 1 1815 10 is_stmt 0 view .LVU1327
 4686 0082 0020     		movs	r0, #0
 4687 0084 00E0     		b	.L384
 4688              	.LVL322:
 4689              	.L386:
1792:Drivers/STM32G4xx_HAL_Driver/Src/stm32g4xx_hal_tim_ex.c ****   }
 4690              		.loc 1 1792 12 view .LVU1328
 4691 0086 0120     		movs	r0, #1
 4692              	.LVL323:
 4693              	.L384:
1816:Drivers/STM32G4xx_HAL_Driver/Src/stm32g4xx_hal_tim_ex.c **** 
 4694              		.loc 1 1816 1 view .LVU1329
 4695 0088 38BD     		pop	{r3, r4, r5, pc}
 4696              	.LVL324:
 4697              	.L387:
1792:Drivers/STM32G4xx_HAL_Driver/Src/stm32g4xx_hal_tim_ex.c ****   }
 4698              		.loc 1 1792 12 view .LVU1330
 4699 008a 1846     		mov	r0, r3
 4700              	.LVL325:
ARM GAS  C:\Users\Booster\AppData\Local\Temp\ccs9w8jc.s 			page 170


1792:Drivers/STM32G4xx_HAL_Driver/Src/stm32g4xx_hal_tim_ex.c ****   }
 4701              		.loc 1 1792 12 view .LVU1331
 4702 008c FCE7     		b	.L384
 4703              		.cfi_endproc
 4704              	.LFE353:
 4706              		.section	.text.HAL_TIMEx_OnePulseN_Stop_IT,"ax",%progbits
 4707              		.align	1
 4708              		.global	HAL_TIMEx_OnePulseN_Stop_IT
 4709              		.syntax unified
 4710              		.thumb
 4711              		.thumb_func
 4713              	HAL_TIMEx_OnePulseN_Stop_IT:
 4714              	.LVL326:
 4715              	.LFB354:
1831:Drivers/STM32G4xx_HAL_Driver/Src/stm32g4xx_hal_tim_ex.c ****   uint32_t input_channel = (OutputChannel == TIM_CHANNEL_1) ? TIM_CHANNEL_2 : TIM_CHANNEL_1;
 4716              		.loc 1 1831 1 is_stmt 1 view -0
 4717              		.cfi_startproc
 4718              		@ args = 0, pretend = 0, frame = 0
 4719              		@ frame_needed = 0, uses_anonymous_args = 0
1831:Drivers/STM32G4xx_HAL_Driver/Src/stm32g4xx_hal_tim_ex.c ****   uint32_t input_channel = (OutputChannel == TIM_CHANNEL_1) ? TIM_CHANNEL_2 : TIM_CHANNEL_1;
 4720              		.loc 1 1831 1 is_stmt 0 view .LVU1333
 4721 0000 38B5     		push	{r3, r4, r5, lr}
 4722              	.LCFI29:
 4723              		.cfi_def_cfa_offset 16
 4724              		.cfi_offset 3, -16
 4725              		.cfi_offset 4, -12
 4726              		.cfi_offset 5, -8
 4727              		.cfi_offset 14, -4
 4728 0002 0446     		mov	r4, r0
1832:Drivers/STM32G4xx_HAL_Driver/Src/stm32g4xx_hal_tim_ex.c **** 
 4729              		.loc 1 1832 3 is_stmt 1 view .LVU1334
1832:Drivers/STM32G4xx_HAL_Driver/Src/stm32g4xx_hal_tim_ex.c **** 
 4730              		.loc 1 1832 77 is_stmt 0 view .LVU1335
 4731 0004 0029     		cmp	r1, #0
 4732 0006 3CD1     		bne	.L395
 4733 0008 0425     		movs	r5, #4
 4734              	.L392:
 4735              	.LVL327:
1835:Drivers/STM32G4xx_HAL_Driver/Src/stm32g4xx_hal_tim_ex.c **** 
 4736              		.loc 1 1835 3 is_stmt 1 discriminator 4 view .LVU1336
1838:Drivers/STM32G4xx_HAL_Driver/Src/stm32g4xx_hal_tim_ex.c **** 
 4737              		.loc 1 1838 3 discriminator 4 view .LVU1337
 4738 000a 2268     		ldr	r2, [r4]
 4739 000c D368     		ldr	r3, [r2, #12]
 4740 000e 23F00203 		bic	r3, r3, #2
 4741 0012 D360     		str	r3, [r2, #12]
1841:Drivers/STM32G4xx_HAL_Driver/Src/stm32g4xx_hal_tim_ex.c **** 
 4742              		.loc 1 1841 3 discriminator 4 view .LVU1338
 4743 0014 2268     		ldr	r2, [r4]
 4744 0016 D368     		ldr	r3, [r2, #12]
 4745 0018 23F00403 		bic	r3, r3, #4
 4746 001c D360     		str	r3, [r2, #12]
1844:Drivers/STM32G4xx_HAL_Driver/Src/stm32g4xx_hal_tim_ex.c ****   TIM_CCxChannelCmd(htim->Instance, input_channel, TIM_CCx_DISABLE);
 4747              		.loc 1 1844 3 discriminator 4 view .LVU1339
 4748 001e 0022     		movs	r2, #0
 4749 0020 2068     		ldr	r0, [r4]
 4750              	.LVL328:
ARM GAS  C:\Users\Booster\AppData\Local\Temp\ccs9w8jc.s 			page 171


1844:Drivers/STM32G4xx_HAL_Driver/Src/stm32g4xx_hal_tim_ex.c ****   TIM_CCxChannelCmd(htim->Instance, input_channel, TIM_CCx_DISABLE);
 4751              		.loc 1 1844 3 is_stmt 0 discriminator 4 view .LVU1340
 4752 0022 FFF7FEFF 		bl	TIM_CCxNChannelCmd
 4753              	.LVL329:
1845:Drivers/STM32G4xx_HAL_Driver/Src/stm32g4xx_hal_tim_ex.c **** 
 4754              		.loc 1 1845 3 is_stmt 1 discriminator 4 view .LVU1341
 4755 0026 0022     		movs	r2, #0
 4756 0028 2946     		mov	r1, r5
 4757 002a 2068     		ldr	r0, [r4]
 4758 002c FFF7FEFF 		bl	TIM_CCxChannelCmd
 4759              	.LVL330:
1848:Drivers/STM32G4xx_HAL_Driver/Src/stm32g4xx_hal_tim_ex.c **** 
 4760              		.loc 1 1848 3 discriminator 4 view .LVU1342
1848:Drivers/STM32G4xx_HAL_Driver/Src/stm32g4xx_hal_tim_ex.c **** 
 4761              		.loc 1 1848 3 discriminator 4 view .LVU1343
 4762 0030 2368     		ldr	r3, [r4]
 4763 0032 196A     		ldr	r1, [r3, #32]
 4764 0034 41F21112 		movw	r2, #4369
 4765 0038 1142     		tst	r1, r2
 4766 003a 08D1     		bne	.L393
1848:Drivers/STM32G4xx_HAL_Driver/Src/stm32g4xx_hal_tim_ex.c **** 
 4767              		.loc 1 1848 3 discriminator 1 view .LVU1344
 4768 003c 196A     		ldr	r1, [r3, #32]
 4769 003e 44F24442 		movw	r2, #17476
 4770 0042 1142     		tst	r1, r2
 4771 0044 03D1     		bne	.L393
1848:Drivers/STM32G4xx_HAL_Driver/Src/stm32g4xx_hal_tim_ex.c **** 
 4772              		.loc 1 1848 3 discriminator 3 view .LVU1345
 4773 0046 5A6C     		ldr	r2, [r3, #68]
 4774 0048 22F40042 		bic	r2, r2, #32768
 4775 004c 5A64     		str	r2, [r3, #68]
 4776              	.L393:
1848:Drivers/STM32G4xx_HAL_Driver/Src/stm32g4xx_hal_tim_ex.c **** 
 4777              		.loc 1 1848 3 discriminator 5 view .LVU1346
1851:Drivers/STM32G4xx_HAL_Driver/Src/stm32g4xx_hal_tim_ex.c **** 
 4778              		.loc 1 1851 3 discriminator 5 view .LVU1347
1851:Drivers/STM32G4xx_HAL_Driver/Src/stm32g4xx_hal_tim_ex.c **** 
 4779              		.loc 1 1851 3 discriminator 5 view .LVU1348
 4780 004e 2368     		ldr	r3, [r4]
 4781 0050 196A     		ldr	r1, [r3, #32]
 4782 0052 41F21112 		movw	r2, #4369
 4783 0056 1142     		tst	r1, r2
 4784 0058 08D1     		bne	.L394
1851:Drivers/STM32G4xx_HAL_Driver/Src/stm32g4xx_hal_tim_ex.c **** 
 4785              		.loc 1 1851 3 discriminator 1 view .LVU1349
 4786 005a 196A     		ldr	r1, [r3, #32]
 4787 005c 44F24442 		movw	r2, #17476
 4788 0060 1142     		tst	r1, r2
 4789 0062 03D1     		bne	.L394
1851:Drivers/STM32G4xx_HAL_Driver/Src/stm32g4xx_hal_tim_ex.c **** 
 4790              		.loc 1 1851 3 discriminator 3 view .LVU1350
 4791 0064 1A68     		ldr	r2, [r3]
 4792 0066 22F00102 		bic	r2, r2, #1
 4793 006a 1A60     		str	r2, [r3]
 4794              	.L394:
1851:Drivers/STM32G4xx_HAL_Driver/Src/stm32g4xx_hal_tim_ex.c **** 
 4795              		.loc 1 1851 3 discriminator 5 view .LVU1351
ARM GAS  C:\Users\Booster\AppData\Local\Temp\ccs9w8jc.s 			page 172


1854:Drivers/STM32G4xx_HAL_Driver/Src/stm32g4xx_hal_tim_ex.c ****   TIM_CHANNEL_STATE_SET(htim, TIM_CHANNEL_2, HAL_TIM_CHANNEL_STATE_READY);
 4796              		.loc 1 1854 3 discriminator 5 view .LVU1352
 4797 006c 0123     		movs	r3, #1
 4798 006e 84F83E30 		strb	r3, [r4, #62]
1855:Drivers/STM32G4xx_HAL_Driver/Src/stm32g4xx_hal_tim_ex.c ****   TIM_CHANNEL_N_STATE_SET(htim, TIM_CHANNEL_1, HAL_TIM_CHANNEL_STATE_READY);
 4799              		.loc 1 1855 3 discriminator 5 view .LVU1353
 4800 0072 84F83F30 		strb	r3, [r4, #63]
1856:Drivers/STM32G4xx_HAL_Driver/Src/stm32g4xx_hal_tim_ex.c ****   TIM_CHANNEL_N_STATE_SET(htim, TIM_CHANNEL_2, HAL_TIM_CHANNEL_STATE_READY);
 4801              		.loc 1 1856 3 discriminator 5 view .LVU1354
 4802 0076 84F84430 		strb	r3, [r4, #68]
1857:Drivers/STM32G4xx_HAL_Driver/Src/stm32g4xx_hal_tim_ex.c **** 
 4803              		.loc 1 1857 3 discriminator 5 view .LVU1355
 4804 007a 84F84530 		strb	r3, [r4, #69]
1860:Drivers/STM32G4xx_HAL_Driver/Src/stm32g4xx_hal_tim_ex.c **** }
 4805              		.loc 1 1860 3 discriminator 5 view .LVU1356
1861:Drivers/STM32G4xx_HAL_Driver/Src/stm32g4xx_hal_tim_ex.c **** 
 4806              		.loc 1 1861 1 is_stmt 0 discriminator 5 view .LVU1357
 4807 007e 0020     		movs	r0, #0
 4808 0080 38BD     		pop	{r3, r4, r5, pc}
 4809              	.LVL331:
 4810              	.L395:
1832:Drivers/STM32G4xx_HAL_Driver/Src/stm32g4xx_hal_tim_ex.c **** 
 4811              		.loc 1 1832 77 view .LVU1358
 4812 0082 0025     		movs	r5, #0
 4813 0084 C1E7     		b	.L392
 4814              		.cfi_endproc
 4815              	.LFE354:
 4817              		.section	.text.HAL_TIMEx_ConfigCommutEvent,"ax",%progbits
 4818              		.align	1
 4819              		.global	HAL_TIMEx_ConfigCommutEvent
 4820              		.syntax unified
 4821              		.thumb
 4822              		.thumb_func
 4824              	HAL_TIMEx_ConfigCommutEvent:
 4825              	.LVL332:
 4826              	.LFB355:
1926:Drivers/STM32G4xx_HAL_Driver/Src/stm32g4xx_hal_tim_ex.c ****   /* Check the parameters */
 4827              		.loc 1 1926 1 is_stmt 1 view -0
 4828              		.cfi_startproc
 4829              		@ args = 0, pretend = 0, frame = 0
 4830              		@ frame_needed = 0, uses_anonymous_args = 0
 4831              		@ link register save eliminated.
1926:Drivers/STM32G4xx_HAL_Driver/Src/stm32g4xx_hal_tim_ex.c ****   /* Check the parameters */
 4832              		.loc 1 1926 1 is_stmt 0 view .LVU1360
 4833 0000 0346     		mov	r3, r0
1928:Drivers/STM32G4xx_HAL_Driver/Src/stm32g4xx_hal_tim_ex.c ****   assert_param(IS_TIM_INTERNAL_TRIGGEREVENT_INSTANCE(htim->Instance, InputTrigger));
 4834              		.loc 1 1928 3 is_stmt 1 view .LVU1361
1929:Drivers/STM32G4xx_HAL_Driver/Src/stm32g4xx_hal_tim_ex.c **** 
 4835              		.loc 1 1929 3 view .LVU1362
1931:Drivers/STM32G4xx_HAL_Driver/Src/stm32g4xx_hal_tim_ex.c **** 
 4836              		.loc 1 1931 3 view .LVU1363
1931:Drivers/STM32G4xx_HAL_Driver/Src/stm32g4xx_hal_tim_ex.c **** 
 4837              		.loc 1 1931 3 view .LVU1364
 4838 0002 90F83C00 		ldrb	r0, [r0, #60]	@ zero_extendqisi2
 4839              	.LVL333:
1931:Drivers/STM32G4xx_HAL_Driver/Src/stm32g4xx_hal_tim_ex.c **** 
 4840              		.loc 1 1931 3 is_stmt 0 view .LVU1365
ARM GAS  C:\Users\Booster\AppData\Local\Temp\ccs9w8jc.s 			page 173


 4841 0006 0128     		cmp	r0, #1
 4842 0008 46D0     		beq	.L403
1926:Drivers/STM32G4xx_HAL_Driver/Src/stm32g4xx_hal_tim_ex.c ****   /* Check the parameters */
 4843              		.loc 1 1926 1 discriminator 2 view .LVU1366
 4844 000a 10B4     		push	{r4}
 4845              	.LCFI30:
 4846              		.cfi_def_cfa_offset 4
 4847              		.cfi_offset 4, -4
1931:Drivers/STM32G4xx_HAL_Driver/Src/stm32g4xx_hal_tim_ex.c **** 
 4848              		.loc 1 1931 3 is_stmt 1 discriminator 2 view .LVU1367
 4849 000c 0120     		movs	r0, #1
 4850 000e 83F83C00 		strb	r0, [r3, #60]
1931:Drivers/STM32G4xx_HAL_Driver/Src/stm32g4xx_hal_tim_ex.c **** 
 4851              		.loc 1 1931 3 discriminator 2 view .LVU1368
1953:Drivers/STM32G4xx_HAL_Driver/Src/stm32g4xx_hal_tim_ex.c ****       (InputTrigger == TIM_TS_ITR2)  || (InputTrigger == TIM_TS_ITR3) ||
 4852              		.loc 1 1953 3 discriminator 2 view .LVU1369
1953:Drivers/STM32G4xx_HAL_Driver/Src/stm32g4xx_hal_tim_ex.c ****       (InputTrigger == TIM_TS_ITR2)  || (InputTrigger == TIM_TS_ITR3) ||
 4853              		.loc 1 1953 6 is_stmt 0 discriminator 2 view .LVU1370
 4854 0012 51B1     		cbz	r1, .L399
 4855 0014 2148     		ldr	r0, .L408
 4856 0016 8142     		cmp	r1, r0
 4857 0018 07D0     		beq	.L399
 4858 001a 33D8     		bhi	.L400
 4859 001c 3029     		cmp	r1, #48
 4860 001e 04D0     		beq	.L399
 4861 0020 2CD8     		bhi	.L401
 4862 0022 1029     		cmp	r1, #16
 4863 0024 01D0     		beq	.L399
 4864 0026 2029     		cmp	r1, #32
 4865 0028 0AD1     		bne	.L402
 4866              	.L399:
1961:Drivers/STM32G4xx_HAL_Driver/Src/stm32g4xx_hal_tim_ex.c ****     htim->Instance->SMCR |= InputTrigger;
 4867              		.loc 1 1961 5 is_stmt 1 view .LVU1371
1961:Drivers/STM32G4xx_HAL_Driver/Src/stm32g4xx_hal_tim_ex.c ****     htim->Instance->SMCR |= InputTrigger;
 4868              		.loc 1 1961 9 is_stmt 0 view .LVU1372
 4869 002a 1C68     		ldr	r4, [r3]
1961:Drivers/STM32G4xx_HAL_Driver/Src/stm32g4xx_hal_tim_ex.c ****     htim->Instance->SMCR |= InputTrigger;
 4870              		.loc 1 1961 19 view .LVU1373
 4871 002c A068     		ldr	r0, [r4, #8]
1961:Drivers/STM32G4xx_HAL_Driver/Src/stm32g4xx_hal_tim_ex.c ****     htim->Instance->SMCR |= InputTrigger;
 4872              		.loc 1 1961 26 view .LVU1374
 4873 002e 20F44010 		bic	r0, r0, #3145728
 4874 0032 20F07000 		bic	r0, r0, #112
 4875 0036 A060     		str	r0, [r4, #8]
1962:Drivers/STM32G4xx_HAL_Driver/Src/stm32g4xx_hal_tim_ex.c ****   }
 4876              		.loc 1 1962 5 is_stmt 1 view .LVU1375
1962:Drivers/STM32G4xx_HAL_Driver/Src/stm32g4xx_hal_tim_ex.c ****   }
 4877              		.loc 1 1962 9 is_stmt 0 view .LVU1376
 4878 0038 1C68     		ldr	r4, [r3]
1962:Drivers/STM32G4xx_HAL_Driver/Src/stm32g4xx_hal_tim_ex.c ****   }
 4879              		.loc 1 1962 19 view .LVU1377
 4880 003a A068     		ldr	r0, [r4, #8]
1962:Drivers/STM32G4xx_HAL_Driver/Src/stm32g4xx_hal_tim_ex.c ****   }
 4881              		.loc 1 1962 26 view .LVU1378
 4882 003c 0143     		orrs	r1, r1, r0
 4883              	.LVL334:
1962:Drivers/STM32G4xx_HAL_Driver/Src/stm32g4xx_hal_tim_ex.c ****   }
ARM GAS  C:\Users\Booster\AppData\Local\Temp\ccs9w8jc.s 			page 174


 4884              		.loc 1 1962 26 view .LVU1379
 4885 003e A160     		str	r1, [r4, #8]
 4886              	.L402:
1966:Drivers/STM32G4xx_HAL_Driver/Src/stm32g4xx_hal_tim_ex.c ****   /* Select the Commutation event source */
 4887              		.loc 1 1966 3 is_stmt 1 view .LVU1380
1966:Drivers/STM32G4xx_HAL_Driver/Src/stm32g4xx_hal_tim_ex.c ****   /* Select the Commutation event source */
 4888              		.loc 1 1966 7 is_stmt 0 view .LVU1381
 4889 0040 1868     		ldr	r0, [r3]
1966:Drivers/STM32G4xx_HAL_Driver/Src/stm32g4xx_hal_tim_ex.c ****   /* Select the Commutation event source */
 4890              		.loc 1 1966 17 view .LVU1382
 4891 0042 4168     		ldr	r1, [r0, #4]
1966:Drivers/STM32G4xx_HAL_Driver/Src/stm32g4xx_hal_tim_ex.c ****   /* Select the Commutation event source */
 4892              		.loc 1 1966 23 view .LVU1383
 4893 0044 41F00101 		orr	r1, r1, #1
 4894 0048 4160     		str	r1, [r0, #4]
1968:Drivers/STM32G4xx_HAL_Driver/Src/stm32g4xx_hal_tim_ex.c ****   htim->Instance->CR2 |= CommutationSource;
 4895              		.loc 1 1968 3 is_stmt 1 view .LVU1384
1968:Drivers/STM32G4xx_HAL_Driver/Src/stm32g4xx_hal_tim_ex.c ****   htim->Instance->CR2 |= CommutationSource;
 4896              		.loc 1 1968 7 is_stmt 0 view .LVU1385
 4897 004a 1868     		ldr	r0, [r3]
1968:Drivers/STM32G4xx_HAL_Driver/Src/stm32g4xx_hal_tim_ex.c ****   htim->Instance->CR2 |= CommutationSource;
 4898              		.loc 1 1968 17 view .LVU1386
 4899 004c 4168     		ldr	r1, [r0, #4]
1968:Drivers/STM32G4xx_HAL_Driver/Src/stm32g4xx_hal_tim_ex.c ****   htim->Instance->CR2 |= CommutationSource;
 4900              		.loc 1 1968 23 view .LVU1387
 4901 004e 21F00401 		bic	r1, r1, #4
 4902 0052 4160     		str	r1, [r0, #4]
1969:Drivers/STM32G4xx_HAL_Driver/Src/stm32g4xx_hal_tim_ex.c **** 
 4903              		.loc 1 1969 3 is_stmt 1 view .LVU1388
1969:Drivers/STM32G4xx_HAL_Driver/Src/stm32g4xx_hal_tim_ex.c **** 
 4904              		.loc 1 1969 7 is_stmt 0 view .LVU1389
 4905 0054 1868     		ldr	r0, [r3]
1969:Drivers/STM32G4xx_HAL_Driver/Src/stm32g4xx_hal_tim_ex.c **** 
 4906              		.loc 1 1969 17 view .LVU1390
 4907 0056 4168     		ldr	r1, [r0, #4]
1969:Drivers/STM32G4xx_HAL_Driver/Src/stm32g4xx_hal_tim_ex.c **** 
 4908              		.loc 1 1969 23 view .LVU1391
 4909 0058 0A43     		orrs	r2, r2, r1
 4910              	.LVL335:
1969:Drivers/STM32G4xx_HAL_Driver/Src/stm32g4xx_hal_tim_ex.c **** 
 4911              		.loc 1 1969 23 view .LVU1392
 4912 005a 4260     		str	r2, [r0, #4]
1972:Drivers/STM32G4xx_HAL_Driver/Src/stm32g4xx_hal_tim_ex.c **** 
 4913              		.loc 1 1972 3 is_stmt 1 view .LVU1393
 4914 005c 1968     		ldr	r1, [r3]
 4915 005e CA68     		ldr	r2, [r1, #12]
 4916 0060 22F02002 		bic	r2, r2, #32
 4917 0064 CA60     		str	r2, [r1, #12]
1975:Drivers/STM32G4xx_HAL_Driver/Src/stm32g4xx_hal_tim_ex.c **** 
 4918              		.loc 1 1975 3 view .LVU1394
 4919 0066 1968     		ldr	r1, [r3]
 4920 0068 CA68     		ldr	r2, [r1, #12]
 4921 006a 22F40052 		bic	r2, r2, #8192
 4922 006e CA60     		str	r2, [r1, #12]
1977:Drivers/STM32G4xx_HAL_Driver/Src/stm32g4xx_hal_tim_ex.c **** 
 4923              		.loc 1 1977 3 view .LVU1395
1977:Drivers/STM32G4xx_HAL_Driver/Src/stm32g4xx_hal_tim_ex.c **** 
ARM GAS  C:\Users\Booster\AppData\Local\Temp\ccs9w8jc.s 			page 175


 4924              		.loc 1 1977 3 view .LVU1396
 4925 0070 0020     		movs	r0, #0
 4926 0072 83F83C00 		strb	r0, [r3, #60]
1977:Drivers/STM32G4xx_HAL_Driver/Src/stm32g4xx_hal_tim_ex.c **** 
 4927              		.loc 1 1977 3 view .LVU1397
1979:Drivers/STM32G4xx_HAL_Driver/Src/stm32g4xx_hal_tim_ex.c **** }
 4928              		.loc 1 1979 3 view .LVU1398
1980:Drivers/STM32G4xx_HAL_Driver/Src/stm32g4xx_hal_tim_ex.c **** 
 4929              		.loc 1 1980 1 is_stmt 0 view .LVU1399
 4930 0076 5DF8044B 		ldr	r4, [sp], #4
 4931              	.LCFI31:
 4932              		.cfi_remember_state
 4933              		.cfi_restore 4
 4934              		.cfi_def_cfa_offset 0
 4935 007a 7047     		bx	lr
 4936              	.LVL336:
 4937              	.L401:
 4938              	.LCFI32:
 4939              		.cfi_restore_state
1980:Drivers/STM32G4xx_HAL_Driver/Src/stm32g4xx_hal_tim_ex.c **** 
 4940              		.loc 1 1980 1 view .LVU1400
 4941 007c B1F1101F 		cmp	r1, #1048592
 4942 0080 DED1     		bne	.L402
 4943 0082 D2E7     		b	.L399
 4944              	.L400:
1980:Drivers/STM32G4xx_HAL_Driver/Src/stm32g4xx_hal_tim_ex.c **** 
 4945              		.loc 1 1980 1 view .LVU1401
 4946 0084 0648     		ldr	r0, .L408+4
 4947 0086 8142     		cmp	r1, r0
 4948 0088 CFD0     		beq	.L399
 4949 008a 3030     		adds	r0, r0, #48
 4950 008c 8142     		cmp	r1, r0
 4951 008e CCD0     		beq	.L399
 4952 0090 4038     		subs	r0, r0, #64
 4953 0092 8142     		cmp	r1, r0
 4954 0094 D4D1     		bne	.L402
 4955 0096 C8E7     		b	.L399
 4956              	.L403:
 4957              	.LCFI33:
 4958              		.cfi_def_cfa_offset 0
 4959              		.cfi_restore 4
1931:Drivers/STM32G4xx_HAL_Driver/Src/stm32g4xx_hal_tim_ex.c **** 
 4960              		.loc 1 1931 3 view .LVU1402
 4961 0098 0220     		movs	r0, #2
1980:Drivers/STM32G4xx_HAL_Driver/Src/stm32g4xx_hal_tim_ex.c **** 
 4962              		.loc 1 1980 1 view .LVU1403
 4963 009a 7047     		bx	lr
 4964              	.L409:
 4965              		.align	2
 4966              	.L408:
 4967 009c 20001000 		.word	1048608
 4968 00a0 40001000 		.word	1048640
 4969              		.cfi_endproc
 4970              	.LFE355:
 4972              		.section	.text.HAL_TIMEx_ConfigCommutEvent_IT,"ax",%progbits
 4973              		.align	1
 4974              		.global	HAL_TIMEx_ConfigCommutEvent_IT
ARM GAS  C:\Users\Booster\AppData\Local\Temp\ccs9w8jc.s 			page 176


 4975              		.syntax unified
 4976              		.thumb
 4977              		.thumb_func
 4979              	HAL_TIMEx_ConfigCommutEvent_IT:
 4980              	.LVL337:
 4981              	.LFB356:
2017:Drivers/STM32G4xx_HAL_Driver/Src/stm32g4xx_hal_tim_ex.c ****   /* Check the parameters */
 4982              		.loc 1 2017 1 is_stmt 1 view -0
 4983              		.cfi_startproc
 4984              		@ args = 0, pretend = 0, frame = 0
 4985              		@ frame_needed = 0, uses_anonymous_args = 0
 4986              		@ link register save eliminated.
2017:Drivers/STM32G4xx_HAL_Driver/Src/stm32g4xx_hal_tim_ex.c ****   /* Check the parameters */
 4987              		.loc 1 2017 1 is_stmt 0 view .LVU1405
 4988 0000 0346     		mov	r3, r0
2019:Drivers/STM32G4xx_HAL_Driver/Src/stm32g4xx_hal_tim_ex.c ****   assert_param(IS_TIM_INTERNAL_TRIGGEREVENT_INSTANCE(htim->Instance, InputTrigger));
 4989              		.loc 1 2019 3 is_stmt 1 view .LVU1406
2020:Drivers/STM32G4xx_HAL_Driver/Src/stm32g4xx_hal_tim_ex.c **** 
 4990              		.loc 1 2020 3 view .LVU1407
2022:Drivers/STM32G4xx_HAL_Driver/Src/stm32g4xx_hal_tim_ex.c **** 
 4991              		.loc 1 2022 3 view .LVU1408
2022:Drivers/STM32G4xx_HAL_Driver/Src/stm32g4xx_hal_tim_ex.c **** 
 4992              		.loc 1 2022 3 view .LVU1409
 4993 0002 90F83C00 		ldrb	r0, [r0, #60]	@ zero_extendqisi2
 4994              	.LVL338:
2022:Drivers/STM32G4xx_HAL_Driver/Src/stm32g4xx_hal_tim_ex.c **** 
 4995              		.loc 1 2022 3 is_stmt 0 view .LVU1410
 4996 0006 0128     		cmp	r0, #1
 4997 0008 46D0     		beq	.L416
2017:Drivers/STM32G4xx_HAL_Driver/Src/stm32g4xx_hal_tim_ex.c ****   /* Check the parameters */
 4998              		.loc 1 2017 1 discriminator 2 view .LVU1411
 4999 000a 10B4     		push	{r4}
 5000              	.LCFI34:
 5001              		.cfi_def_cfa_offset 4
 5002              		.cfi_offset 4, -4
2022:Drivers/STM32G4xx_HAL_Driver/Src/stm32g4xx_hal_tim_ex.c **** 
 5003              		.loc 1 2022 3 is_stmt 1 discriminator 2 view .LVU1412
 5004 000c 0120     		movs	r0, #1
 5005 000e 83F83C00 		strb	r0, [r3, #60]
2022:Drivers/STM32G4xx_HAL_Driver/Src/stm32g4xx_hal_tim_ex.c **** 
 5006              		.loc 1 2022 3 discriminator 2 view .LVU1413
2044:Drivers/STM32G4xx_HAL_Driver/Src/stm32g4xx_hal_tim_ex.c ****       (InputTrigger == TIM_TS_ITR2)  || (InputTrigger == TIM_TS_ITR3) ||
 5007              		.loc 1 2044 3 discriminator 2 view .LVU1414
2044:Drivers/STM32G4xx_HAL_Driver/Src/stm32g4xx_hal_tim_ex.c ****       (InputTrigger == TIM_TS_ITR2)  || (InputTrigger == TIM_TS_ITR3) ||
 5008              		.loc 1 2044 6 is_stmt 0 discriminator 2 view .LVU1415
 5009 0012 51B1     		cbz	r1, .L412
 5010 0014 2148     		ldr	r0, .L421
 5011 0016 8142     		cmp	r1, r0
 5012 0018 07D0     		beq	.L412
 5013 001a 33D8     		bhi	.L413
 5014 001c 3029     		cmp	r1, #48
 5015 001e 04D0     		beq	.L412
 5016 0020 2CD8     		bhi	.L414
 5017 0022 1029     		cmp	r1, #16
 5018 0024 01D0     		beq	.L412
 5019 0026 2029     		cmp	r1, #32
 5020 0028 0AD1     		bne	.L415
ARM GAS  C:\Users\Booster\AppData\Local\Temp\ccs9w8jc.s 			page 177


 5021              	.L412:
2052:Drivers/STM32G4xx_HAL_Driver/Src/stm32g4xx_hal_tim_ex.c ****     htim->Instance->SMCR |= InputTrigger;
 5022              		.loc 1 2052 5 is_stmt 1 view .LVU1416
2052:Drivers/STM32G4xx_HAL_Driver/Src/stm32g4xx_hal_tim_ex.c ****     htim->Instance->SMCR |= InputTrigger;
 5023              		.loc 1 2052 9 is_stmt 0 view .LVU1417
 5024 002a 1C68     		ldr	r4, [r3]
2052:Drivers/STM32G4xx_HAL_Driver/Src/stm32g4xx_hal_tim_ex.c ****     htim->Instance->SMCR |= InputTrigger;
 5025              		.loc 1 2052 19 view .LVU1418
 5026 002c A068     		ldr	r0, [r4, #8]
2052:Drivers/STM32G4xx_HAL_Driver/Src/stm32g4xx_hal_tim_ex.c ****     htim->Instance->SMCR |= InputTrigger;
 5027              		.loc 1 2052 26 view .LVU1419
 5028 002e 20F44010 		bic	r0, r0, #3145728
 5029 0032 20F07000 		bic	r0, r0, #112
 5030 0036 A060     		str	r0, [r4, #8]
2053:Drivers/STM32G4xx_HAL_Driver/Src/stm32g4xx_hal_tim_ex.c ****   }
 5031              		.loc 1 2053 5 is_stmt 1 view .LVU1420
2053:Drivers/STM32G4xx_HAL_Driver/Src/stm32g4xx_hal_tim_ex.c ****   }
 5032              		.loc 1 2053 9 is_stmt 0 view .LVU1421
 5033 0038 1C68     		ldr	r4, [r3]
2053:Drivers/STM32G4xx_HAL_Driver/Src/stm32g4xx_hal_tim_ex.c ****   }
 5034              		.loc 1 2053 19 view .LVU1422
 5035 003a A068     		ldr	r0, [r4, #8]
2053:Drivers/STM32G4xx_HAL_Driver/Src/stm32g4xx_hal_tim_ex.c ****   }
 5036              		.loc 1 2053 26 view .LVU1423
 5037 003c 0143     		orrs	r1, r1, r0
 5038              	.LVL339:
2053:Drivers/STM32G4xx_HAL_Driver/Src/stm32g4xx_hal_tim_ex.c ****   }
 5039              		.loc 1 2053 26 view .LVU1424
 5040 003e A160     		str	r1, [r4, #8]
 5041              	.L415:
2057:Drivers/STM32G4xx_HAL_Driver/Src/stm32g4xx_hal_tim_ex.c ****   /* Select the Commutation event source */
 5042              		.loc 1 2057 3 is_stmt 1 view .LVU1425
2057:Drivers/STM32G4xx_HAL_Driver/Src/stm32g4xx_hal_tim_ex.c ****   /* Select the Commutation event source */
 5043              		.loc 1 2057 7 is_stmt 0 view .LVU1426
 5044 0040 1868     		ldr	r0, [r3]
2057:Drivers/STM32G4xx_HAL_Driver/Src/stm32g4xx_hal_tim_ex.c ****   /* Select the Commutation event source */
 5045              		.loc 1 2057 17 view .LVU1427
 5046 0042 4168     		ldr	r1, [r0, #4]
2057:Drivers/STM32G4xx_HAL_Driver/Src/stm32g4xx_hal_tim_ex.c ****   /* Select the Commutation event source */
 5047              		.loc 1 2057 23 view .LVU1428
 5048 0044 41F00101 		orr	r1, r1, #1
 5049 0048 4160     		str	r1, [r0, #4]
2059:Drivers/STM32G4xx_HAL_Driver/Src/stm32g4xx_hal_tim_ex.c ****   htim->Instance->CR2 |= CommutationSource;
 5050              		.loc 1 2059 3 is_stmt 1 view .LVU1429
2059:Drivers/STM32G4xx_HAL_Driver/Src/stm32g4xx_hal_tim_ex.c ****   htim->Instance->CR2 |= CommutationSource;
 5051              		.loc 1 2059 7 is_stmt 0 view .LVU1430
 5052 004a 1868     		ldr	r0, [r3]
2059:Drivers/STM32G4xx_HAL_Driver/Src/stm32g4xx_hal_tim_ex.c ****   htim->Instance->CR2 |= CommutationSource;
 5053              		.loc 1 2059 17 view .LVU1431
 5054 004c 4168     		ldr	r1, [r0, #4]
2059:Drivers/STM32G4xx_HAL_Driver/Src/stm32g4xx_hal_tim_ex.c ****   htim->Instance->CR2 |= CommutationSource;
 5055              		.loc 1 2059 23 view .LVU1432
 5056 004e 21F00401 		bic	r1, r1, #4
 5057 0052 4160     		str	r1, [r0, #4]
2060:Drivers/STM32G4xx_HAL_Driver/Src/stm32g4xx_hal_tim_ex.c **** 
 5058              		.loc 1 2060 3 is_stmt 1 view .LVU1433
2060:Drivers/STM32G4xx_HAL_Driver/Src/stm32g4xx_hal_tim_ex.c **** 
ARM GAS  C:\Users\Booster\AppData\Local\Temp\ccs9w8jc.s 			page 178


 5059              		.loc 1 2060 7 is_stmt 0 view .LVU1434
 5060 0054 1868     		ldr	r0, [r3]
2060:Drivers/STM32G4xx_HAL_Driver/Src/stm32g4xx_hal_tim_ex.c **** 
 5061              		.loc 1 2060 17 view .LVU1435
 5062 0056 4168     		ldr	r1, [r0, #4]
2060:Drivers/STM32G4xx_HAL_Driver/Src/stm32g4xx_hal_tim_ex.c **** 
 5063              		.loc 1 2060 23 view .LVU1436
 5064 0058 0A43     		orrs	r2, r2, r1
 5065              	.LVL340:
2060:Drivers/STM32G4xx_HAL_Driver/Src/stm32g4xx_hal_tim_ex.c **** 
 5066              		.loc 1 2060 23 view .LVU1437
 5067 005a 4260     		str	r2, [r0, #4]
2063:Drivers/STM32G4xx_HAL_Driver/Src/stm32g4xx_hal_tim_ex.c **** 
 5068              		.loc 1 2063 3 is_stmt 1 view .LVU1438
 5069 005c 1968     		ldr	r1, [r3]
 5070 005e CA68     		ldr	r2, [r1, #12]
 5071 0060 22F40052 		bic	r2, r2, #8192
 5072 0064 CA60     		str	r2, [r1, #12]
2066:Drivers/STM32G4xx_HAL_Driver/Src/stm32g4xx_hal_tim_ex.c **** 
 5073              		.loc 1 2066 3 view .LVU1439
 5074 0066 1968     		ldr	r1, [r3]
 5075 0068 CA68     		ldr	r2, [r1, #12]
 5076 006a 42F02002 		orr	r2, r2, #32
 5077 006e CA60     		str	r2, [r1, #12]
2068:Drivers/STM32G4xx_HAL_Driver/Src/stm32g4xx_hal_tim_ex.c **** 
 5078              		.loc 1 2068 3 view .LVU1440
2068:Drivers/STM32G4xx_HAL_Driver/Src/stm32g4xx_hal_tim_ex.c **** 
 5079              		.loc 1 2068 3 view .LVU1441
 5080 0070 0020     		movs	r0, #0
 5081 0072 83F83C00 		strb	r0, [r3, #60]
2068:Drivers/STM32G4xx_HAL_Driver/Src/stm32g4xx_hal_tim_ex.c **** 
 5082              		.loc 1 2068 3 view .LVU1442
2070:Drivers/STM32G4xx_HAL_Driver/Src/stm32g4xx_hal_tim_ex.c **** }
 5083              		.loc 1 2070 3 view .LVU1443
2071:Drivers/STM32G4xx_HAL_Driver/Src/stm32g4xx_hal_tim_ex.c **** 
 5084              		.loc 1 2071 1 is_stmt 0 view .LVU1444
 5085 0076 5DF8044B 		ldr	r4, [sp], #4
 5086              	.LCFI35:
 5087              		.cfi_remember_state
 5088              		.cfi_restore 4
 5089              		.cfi_def_cfa_offset 0
 5090 007a 7047     		bx	lr
 5091              	.LVL341:
 5092              	.L414:
 5093              	.LCFI36:
 5094              		.cfi_restore_state
2071:Drivers/STM32G4xx_HAL_Driver/Src/stm32g4xx_hal_tim_ex.c **** 
 5095              		.loc 1 2071 1 view .LVU1445
 5096 007c B1F1101F 		cmp	r1, #1048592
 5097 0080 DED1     		bne	.L415
 5098 0082 D2E7     		b	.L412
 5099              	.L413:
2071:Drivers/STM32G4xx_HAL_Driver/Src/stm32g4xx_hal_tim_ex.c **** 
 5100              		.loc 1 2071 1 view .LVU1446
 5101 0084 0648     		ldr	r0, .L421+4
 5102 0086 8142     		cmp	r1, r0
 5103 0088 CFD0     		beq	.L412
ARM GAS  C:\Users\Booster\AppData\Local\Temp\ccs9w8jc.s 			page 179


 5104 008a 3030     		adds	r0, r0, #48
 5105 008c 8142     		cmp	r1, r0
 5106 008e CCD0     		beq	.L412
 5107 0090 4038     		subs	r0, r0, #64
 5108 0092 8142     		cmp	r1, r0
 5109 0094 D4D1     		bne	.L415
 5110 0096 C8E7     		b	.L412
 5111              	.L416:
 5112              	.LCFI37:
 5113              		.cfi_def_cfa_offset 0
 5114              		.cfi_restore 4
2022:Drivers/STM32G4xx_HAL_Driver/Src/stm32g4xx_hal_tim_ex.c **** 
 5115              		.loc 1 2022 3 view .LVU1447
 5116 0098 0220     		movs	r0, #2
2071:Drivers/STM32G4xx_HAL_Driver/Src/stm32g4xx_hal_tim_ex.c **** 
 5117              		.loc 1 2071 1 view .LVU1448
 5118 009a 7047     		bx	lr
 5119              	.L422:
 5120              		.align	2
 5121              	.L421:
 5122 009c 20001000 		.word	1048608
 5123 00a0 40001000 		.word	1048640
 5124              		.cfi_endproc
 5125              	.LFE356:
 5127              		.section	.text.HAL_TIMEx_ConfigCommutEvent_DMA,"ax",%progbits
 5128              		.align	1
 5129              		.global	HAL_TIMEx_ConfigCommutEvent_DMA
 5130              		.syntax unified
 5131              		.thumb
 5132              		.thumb_func
 5134              	HAL_TIMEx_ConfigCommutEvent_DMA:
 5135              	.LVL342:
 5136              	.LFB357:
2109:Drivers/STM32G4xx_HAL_Driver/Src/stm32g4xx_hal_tim_ex.c ****   /* Check the parameters */
 5137              		.loc 1 2109 1 is_stmt 1 view -0
 5138              		.cfi_startproc
 5139              		@ args = 0, pretend = 0, frame = 0
 5140              		@ frame_needed = 0, uses_anonymous_args = 0
 5141              		@ link register save eliminated.
2109:Drivers/STM32G4xx_HAL_Driver/Src/stm32g4xx_hal_tim_ex.c ****   /* Check the parameters */
 5142              		.loc 1 2109 1 is_stmt 0 view .LVU1450
 5143 0000 0346     		mov	r3, r0
2111:Drivers/STM32G4xx_HAL_Driver/Src/stm32g4xx_hal_tim_ex.c ****   assert_param(IS_TIM_INTERNAL_TRIGGEREVENT_INSTANCE(htim->Instance, InputTrigger));
 5144              		.loc 1 2111 3 is_stmt 1 view .LVU1451
2112:Drivers/STM32G4xx_HAL_Driver/Src/stm32g4xx_hal_tim_ex.c **** 
 5145              		.loc 1 2112 3 view .LVU1452
2114:Drivers/STM32G4xx_HAL_Driver/Src/stm32g4xx_hal_tim_ex.c **** 
 5146              		.loc 1 2114 3 view .LVU1453
2114:Drivers/STM32G4xx_HAL_Driver/Src/stm32g4xx_hal_tim_ex.c **** 
 5147              		.loc 1 2114 3 view .LVU1454
 5148 0002 90F83C00 		ldrb	r0, [r0, #60]	@ zero_extendqisi2
 5149              	.LVL343:
2114:Drivers/STM32G4xx_HAL_Driver/Src/stm32g4xx_hal_tim_ex.c **** 
 5150              		.loc 1 2114 3 is_stmt 0 view .LVU1455
 5151 0006 0128     		cmp	r0, #1
 5152 0008 4FD0     		beq	.L429
2109:Drivers/STM32G4xx_HAL_Driver/Src/stm32g4xx_hal_tim_ex.c ****   /* Check the parameters */
ARM GAS  C:\Users\Booster\AppData\Local\Temp\ccs9w8jc.s 			page 180


 5153              		.loc 1 2109 1 discriminator 2 view .LVU1456
 5154 000a 10B4     		push	{r4}
 5155              	.LCFI38:
 5156              		.cfi_def_cfa_offset 4
 5157              		.cfi_offset 4, -4
2114:Drivers/STM32G4xx_HAL_Driver/Src/stm32g4xx_hal_tim_ex.c **** 
 5158              		.loc 1 2114 3 is_stmt 1 discriminator 2 view .LVU1457
 5159 000c 0120     		movs	r0, #1
 5160 000e 83F83C00 		strb	r0, [r3, #60]
2114:Drivers/STM32G4xx_HAL_Driver/Src/stm32g4xx_hal_tim_ex.c **** 
 5161              		.loc 1 2114 3 discriminator 2 view .LVU1458
2136:Drivers/STM32G4xx_HAL_Driver/Src/stm32g4xx_hal_tim_ex.c ****       (InputTrigger == TIM_TS_ITR2)  || (InputTrigger == TIM_TS_ITR3) ||
 5162              		.loc 1 2136 3 discriminator 2 view .LVU1459
2136:Drivers/STM32G4xx_HAL_Driver/Src/stm32g4xx_hal_tim_ex.c ****       (InputTrigger == TIM_TS_ITR2)  || (InputTrigger == TIM_TS_ITR3) ||
 5163              		.loc 1 2136 6 is_stmt 0 discriminator 2 view .LVU1460
 5164 0012 51B1     		cbz	r1, .L425
 5165 0014 2648     		ldr	r0, .L434
 5166 0016 8142     		cmp	r1, r0
 5167 0018 07D0     		beq	.L425
 5168 001a 3CD8     		bhi	.L426
 5169 001c 3029     		cmp	r1, #48
 5170 001e 04D0     		beq	.L425
 5171 0020 35D8     		bhi	.L427
 5172 0022 1029     		cmp	r1, #16
 5173 0024 01D0     		beq	.L425
 5174 0026 2029     		cmp	r1, #32
 5175 0028 0AD1     		bne	.L428
 5176              	.L425:
2144:Drivers/STM32G4xx_HAL_Driver/Src/stm32g4xx_hal_tim_ex.c ****     htim->Instance->SMCR |= InputTrigger;
 5177              		.loc 1 2144 5 is_stmt 1 view .LVU1461
2144:Drivers/STM32G4xx_HAL_Driver/Src/stm32g4xx_hal_tim_ex.c ****     htim->Instance->SMCR |= InputTrigger;
 5178              		.loc 1 2144 9 is_stmt 0 view .LVU1462
 5179 002a 1C68     		ldr	r4, [r3]
2144:Drivers/STM32G4xx_HAL_Driver/Src/stm32g4xx_hal_tim_ex.c ****     htim->Instance->SMCR |= InputTrigger;
 5180              		.loc 1 2144 19 view .LVU1463
 5181 002c A068     		ldr	r0, [r4, #8]
2144:Drivers/STM32G4xx_HAL_Driver/Src/stm32g4xx_hal_tim_ex.c ****     htim->Instance->SMCR |= InputTrigger;
 5182              		.loc 1 2144 26 view .LVU1464
 5183 002e 20F44010 		bic	r0, r0, #3145728
 5184 0032 20F07000 		bic	r0, r0, #112
 5185 0036 A060     		str	r0, [r4, #8]
2145:Drivers/STM32G4xx_HAL_Driver/Src/stm32g4xx_hal_tim_ex.c ****   }
 5186              		.loc 1 2145 5 is_stmt 1 view .LVU1465
2145:Drivers/STM32G4xx_HAL_Driver/Src/stm32g4xx_hal_tim_ex.c ****   }
 5187              		.loc 1 2145 9 is_stmt 0 view .LVU1466
 5188 0038 1C68     		ldr	r4, [r3]
2145:Drivers/STM32G4xx_HAL_Driver/Src/stm32g4xx_hal_tim_ex.c ****   }
 5189              		.loc 1 2145 19 view .LVU1467
 5190 003a A068     		ldr	r0, [r4, #8]
2145:Drivers/STM32G4xx_HAL_Driver/Src/stm32g4xx_hal_tim_ex.c ****   }
 5191              		.loc 1 2145 26 view .LVU1468
 5192 003c 0143     		orrs	r1, r1, r0
 5193              	.LVL344:
2145:Drivers/STM32G4xx_HAL_Driver/Src/stm32g4xx_hal_tim_ex.c ****   }
 5194              		.loc 1 2145 26 view .LVU1469
 5195 003e A160     		str	r1, [r4, #8]
 5196              	.L428:
ARM GAS  C:\Users\Booster\AppData\Local\Temp\ccs9w8jc.s 			page 181


2149:Drivers/STM32G4xx_HAL_Driver/Src/stm32g4xx_hal_tim_ex.c ****   /* Select the Commutation event source */
 5197              		.loc 1 2149 3 is_stmt 1 view .LVU1470
2149:Drivers/STM32G4xx_HAL_Driver/Src/stm32g4xx_hal_tim_ex.c ****   /* Select the Commutation event source */
 5198              		.loc 1 2149 7 is_stmt 0 view .LVU1471
 5199 0040 1868     		ldr	r0, [r3]
2149:Drivers/STM32G4xx_HAL_Driver/Src/stm32g4xx_hal_tim_ex.c ****   /* Select the Commutation event source */
 5200              		.loc 1 2149 17 view .LVU1472
 5201 0042 4168     		ldr	r1, [r0, #4]
2149:Drivers/STM32G4xx_HAL_Driver/Src/stm32g4xx_hal_tim_ex.c ****   /* Select the Commutation event source */
 5202              		.loc 1 2149 23 view .LVU1473
 5203 0044 41F00101 		orr	r1, r1, #1
 5204 0048 4160     		str	r1, [r0, #4]
2151:Drivers/STM32G4xx_HAL_Driver/Src/stm32g4xx_hal_tim_ex.c ****   htim->Instance->CR2 |= CommutationSource;
 5205              		.loc 1 2151 3 is_stmt 1 view .LVU1474
2151:Drivers/STM32G4xx_HAL_Driver/Src/stm32g4xx_hal_tim_ex.c ****   htim->Instance->CR2 |= CommutationSource;
 5206              		.loc 1 2151 7 is_stmt 0 view .LVU1475
 5207 004a 1868     		ldr	r0, [r3]
2151:Drivers/STM32G4xx_HAL_Driver/Src/stm32g4xx_hal_tim_ex.c ****   htim->Instance->CR2 |= CommutationSource;
 5208              		.loc 1 2151 17 view .LVU1476
 5209 004c 4168     		ldr	r1, [r0, #4]
2151:Drivers/STM32G4xx_HAL_Driver/Src/stm32g4xx_hal_tim_ex.c ****   htim->Instance->CR2 |= CommutationSource;
 5210              		.loc 1 2151 23 view .LVU1477
 5211 004e 21F00401 		bic	r1, r1, #4
 5212 0052 4160     		str	r1, [r0, #4]
2152:Drivers/STM32G4xx_HAL_Driver/Src/stm32g4xx_hal_tim_ex.c **** 
 5213              		.loc 1 2152 3 is_stmt 1 view .LVU1478
2152:Drivers/STM32G4xx_HAL_Driver/Src/stm32g4xx_hal_tim_ex.c **** 
 5214              		.loc 1 2152 7 is_stmt 0 view .LVU1479
 5215 0054 1868     		ldr	r0, [r3]
2152:Drivers/STM32G4xx_HAL_Driver/Src/stm32g4xx_hal_tim_ex.c **** 
 5216              		.loc 1 2152 17 view .LVU1480
 5217 0056 4168     		ldr	r1, [r0, #4]
2152:Drivers/STM32G4xx_HAL_Driver/Src/stm32g4xx_hal_tim_ex.c **** 
 5218              		.loc 1 2152 23 view .LVU1481
 5219 0058 0A43     		orrs	r2, r2, r1
 5220              	.LVL345:
2152:Drivers/STM32G4xx_HAL_Driver/Src/stm32g4xx_hal_tim_ex.c **** 
 5221              		.loc 1 2152 23 view .LVU1482
 5222 005a 4260     		str	r2, [r0, #4]
2156:Drivers/STM32G4xx_HAL_Driver/Src/stm32g4xx_hal_tim_ex.c ****   htim->hdma[TIM_DMA_ID_COMMUTATION]->XferHalfCpltCallback = TIMEx_DMACommutationHalfCplt;
 5223              		.loc 1 2156 3 is_stmt 1 view .LVU1483
2156:Drivers/STM32G4xx_HAL_Driver/Src/stm32g4xx_hal_tim_ex.c ****   htim->hdma[TIM_DMA_ID_COMMUTATION]->XferHalfCpltCallback = TIMEx_DMACommutationHalfCplt;
 5224              		.loc 1 2156 13 is_stmt 0 view .LVU1484
 5225 005c 5A6B     		ldr	r2, [r3, #52]
2156:Drivers/STM32G4xx_HAL_Driver/Src/stm32g4xx_hal_tim_ex.c ****   htim->hdma[TIM_DMA_ID_COMMUTATION]->XferHalfCpltCallback = TIMEx_DMACommutationHalfCplt;
 5226              		.loc 1 2156 56 view .LVU1485
 5227 005e 1549     		ldr	r1, .L434+4
 5228 0060 D162     		str	r1, [r2, #44]
2157:Drivers/STM32G4xx_HAL_Driver/Src/stm32g4xx_hal_tim_ex.c ****   /* Set the DMA error callback */
 5229              		.loc 1 2157 3 is_stmt 1 view .LVU1486
2157:Drivers/STM32G4xx_HAL_Driver/Src/stm32g4xx_hal_tim_ex.c ****   /* Set the DMA error callback */
 5230              		.loc 1 2157 13 is_stmt 0 view .LVU1487
 5231 0062 5A6B     		ldr	r2, [r3, #52]
2157:Drivers/STM32G4xx_HAL_Driver/Src/stm32g4xx_hal_tim_ex.c ****   /* Set the DMA error callback */
 5232              		.loc 1 2157 60 view .LVU1488
 5233 0064 1449     		ldr	r1, .L434+8
 5234 0066 1163     		str	r1, [r2, #48]
ARM GAS  C:\Users\Booster\AppData\Local\Temp\ccs9w8jc.s 			page 182


2159:Drivers/STM32G4xx_HAL_Driver/Src/stm32g4xx_hal_tim_ex.c **** 
 5235              		.loc 1 2159 3 is_stmt 1 view .LVU1489
2159:Drivers/STM32G4xx_HAL_Driver/Src/stm32g4xx_hal_tim_ex.c **** 
 5236              		.loc 1 2159 13 is_stmt 0 view .LVU1490
 5237 0068 5A6B     		ldr	r2, [r3, #52]
2159:Drivers/STM32G4xx_HAL_Driver/Src/stm32g4xx_hal_tim_ex.c **** 
 5238              		.loc 1 2159 57 view .LVU1491
 5239 006a 1449     		ldr	r1, .L434+12
 5240 006c 5163     		str	r1, [r2, #52]
2162:Drivers/STM32G4xx_HAL_Driver/Src/stm32g4xx_hal_tim_ex.c **** 
 5241              		.loc 1 2162 3 is_stmt 1 view .LVU1492
 5242 006e 1968     		ldr	r1, [r3]
 5243 0070 CA68     		ldr	r2, [r1, #12]
 5244 0072 22F02002 		bic	r2, r2, #32
 5245 0076 CA60     		str	r2, [r1, #12]
2165:Drivers/STM32G4xx_HAL_Driver/Src/stm32g4xx_hal_tim_ex.c **** 
 5246              		.loc 1 2165 3 view .LVU1493
 5247 0078 1968     		ldr	r1, [r3]
 5248 007a CA68     		ldr	r2, [r1, #12]
 5249 007c 42F40052 		orr	r2, r2, #8192
 5250 0080 CA60     		str	r2, [r1, #12]
2167:Drivers/STM32G4xx_HAL_Driver/Src/stm32g4xx_hal_tim_ex.c **** 
 5251              		.loc 1 2167 3 view .LVU1494
2167:Drivers/STM32G4xx_HAL_Driver/Src/stm32g4xx_hal_tim_ex.c **** 
 5252              		.loc 1 2167 3 view .LVU1495
 5253 0082 0020     		movs	r0, #0
 5254 0084 83F83C00 		strb	r0, [r3, #60]
2167:Drivers/STM32G4xx_HAL_Driver/Src/stm32g4xx_hal_tim_ex.c **** 
 5255              		.loc 1 2167 3 view .LVU1496
2169:Drivers/STM32G4xx_HAL_Driver/Src/stm32g4xx_hal_tim_ex.c **** }
 5256              		.loc 1 2169 3 view .LVU1497
2170:Drivers/STM32G4xx_HAL_Driver/Src/stm32g4xx_hal_tim_ex.c **** 
 5257              		.loc 1 2170 1 is_stmt 0 view .LVU1498
 5258 0088 5DF8044B 		ldr	r4, [sp], #4
 5259              	.LCFI39:
 5260              		.cfi_remember_state
 5261              		.cfi_restore 4
 5262              		.cfi_def_cfa_offset 0
 5263 008c 7047     		bx	lr
 5264              	.LVL346:
 5265              	.L427:
 5266              	.LCFI40:
 5267              		.cfi_restore_state
2170:Drivers/STM32G4xx_HAL_Driver/Src/stm32g4xx_hal_tim_ex.c **** 
 5268              		.loc 1 2170 1 view .LVU1499
 5269 008e B1F1101F 		cmp	r1, #1048592
 5270 0092 D5D1     		bne	.L428
 5271 0094 C9E7     		b	.L425
 5272              	.L426:
2170:Drivers/STM32G4xx_HAL_Driver/Src/stm32g4xx_hal_tim_ex.c **** 
 5273              		.loc 1 2170 1 view .LVU1500
 5274 0096 0A48     		ldr	r0, .L434+16
 5275 0098 8142     		cmp	r1, r0
 5276 009a C6D0     		beq	.L425
 5277 009c 3030     		adds	r0, r0, #48
 5278 009e 8142     		cmp	r1, r0
 5279 00a0 C3D0     		beq	.L425
ARM GAS  C:\Users\Booster\AppData\Local\Temp\ccs9w8jc.s 			page 183


 5280 00a2 4038     		subs	r0, r0, #64
 5281 00a4 8142     		cmp	r1, r0
 5282 00a6 CBD1     		bne	.L428
 5283 00a8 BFE7     		b	.L425
 5284              	.L429:
 5285              	.LCFI41:
 5286              		.cfi_def_cfa_offset 0
 5287              		.cfi_restore 4
2114:Drivers/STM32G4xx_HAL_Driver/Src/stm32g4xx_hal_tim_ex.c **** 
 5288              		.loc 1 2114 3 view .LVU1501
 5289 00aa 0220     		movs	r0, #2
2170:Drivers/STM32G4xx_HAL_Driver/Src/stm32g4xx_hal_tim_ex.c **** 
 5290              		.loc 1 2170 1 view .LVU1502
 5291 00ac 7047     		bx	lr
 5292              	.L435:
 5293 00ae 00BF     		.align	2
 5294              	.L434:
 5295 00b0 20001000 		.word	1048608
 5296 00b4 00000000 		.word	TIMEx_DMACommutationCplt
 5297 00b8 00000000 		.word	TIMEx_DMACommutationHalfCplt
 5298 00bc 00000000 		.word	TIM_DMAError
 5299 00c0 40001000 		.word	1048640
 5300              		.cfi_endproc
 5301              	.LFE357:
 5303              		.section	.text.HAL_TIMEx_MasterConfigSynchronization,"ax",%progbits
 5304              		.align	1
 5305              		.global	HAL_TIMEx_MasterConfigSynchronization
 5306              		.syntax unified
 5307              		.thumb
 5308              		.thumb_func
 5310              	HAL_TIMEx_MasterConfigSynchronization:
 5311              	.LVL347:
 5312              	.LFB358:
2182:Drivers/STM32G4xx_HAL_Driver/Src/stm32g4xx_hal_tim_ex.c ****   uint32_t tmpcr2;
 5313              		.loc 1 2182 1 is_stmt 1 view -0
 5314              		.cfi_startproc
 5315              		@ args = 0, pretend = 0, frame = 0
 5316              		@ frame_needed = 0, uses_anonymous_args = 0
 5317              		@ link register save eliminated.
2183:Drivers/STM32G4xx_HAL_Driver/Src/stm32g4xx_hal_tim_ex.c ****   uint32_t tmpsmcr;
 5318              		.loc 1 2183 3 view .LVU1504
2184:Drivers/STM32G4xx_HAL_Driver/Src/stm32g4xx_hal_tim_ex.c **** 
 5319              		.loc 1 2184 3 view .LVU1505
2187:Drivers/STM32G4xx_HAL_Driver/Src/stm32g4xx_hal_tim_ex.c ****   assert_param(IS_TIM_TRGO_SOURCE(sMasterConfig->MasterOutputTrigger));
 5320              		.loc 1 2187 3 view .LVU1506
2188:Drivers/STM32G4xx_HAL_Driver/Src/stm32g4xx_hal_tim_ex.c ****   assert_param(IS_TIM_MSM_STATE(sMasterConfig->MasterSlaveMode));
 5321              		.loc 1 2188 3 view .LVU1507
2189:Drivers/STM32G4xx_HAL_Driver/Src/stm32g4xx_hal_tim_ex.c **** 
 5322              		.loc 1 2189 3 view .LVU1508
2192:Drivers/STM32G4xx_HAL_Driver/Src/stm32g4xx_hal_tim_ex.c **** 
 5323              		.loc 1 2192 3 view .LVU1509
2192:Drivers/STM32G4xx_HAL_Driver/Src/stm32g4xx_hal_tim_ex.c **** 
 5324              		.loc 1 2192 3 view .LVU1510
 5325 0000 90F83C20 		ldrb	r2, [r0, #60]	@ zero_extendqisi2
 5326 0004 012A     		cmp	r2, #1
 5327 0006 40D0     		beq	.L442
2182:Drivers/STM32G4xx_HAL_Driver/Src/stm32g4xx_hal_tim_ex.c ****   uint32_t tmpcr2;
ARM GAS  C:\Users\Booster\AppData\Local\Temp\ccs9w8jc.s 			page 184


 5328              		.loc 1 2182 1 is_stmt 0 discriminator 2 view .LVU1511
 5329 0008 30B4     		push	{r4, r5}
 5330              	.LCFI42:
 5331              		.cfi_def_cfa_offset 8
 5332              		.cfi_offset 4, -8
 5333              		.cfi_offset 5, -4
 5334 000a 0346     		mov	r3, r0
2192:Drivers/STM32G4xx_HAL_Driver/Src/stm32g4xx_hal_tim_ex.c **** 
 5335              		.loc 1 2192 3 is_stmt 1 discriminator 2 view .LVU1512
 5336 000c 0122     		movs	r2, #1
 5337 000e 80F83C20 		strb	r2, [r0, #60]
2192:Drivers/STM32G4xx_HAL_Driver/Src/stm32g4xx_hal_tim_ex.c **** 
 5338              		.loc 1 2192 3 discriminator 2 view .LVU1513
2195:Drivers/STM32G4xx_HAL_Driver/Src/stm32g4xx_hal_tim_ex.c **** 
 5339              		.loc 1 2195 3 discriminator 2 view .LVU1514
2195:Drivers/STM32G4xx_HAL_Driver/Src/stm32g4xx_hal_tim_ex.c **** 
 5340              		.loc 1 2195 15 is_stmt 0 discriminator 2 view .LVU1515
 5341 0012 0222     		movs	r2, #2
 5342 0014 80F83D20 		strb	r2, [r0, #61]
2198:Drivers/STM32G4xx_HAL_Driver/Src/stm32g4xx_hal_tim_ex.c **** 
 5343              		.loc 1 2198 3 is_stmt 1 discriminator 2 view .LVU1516
2198:Drivers/STM32G4xx_HAL_Driver/Src/stm32g4xx_hal_tim_ex.c **** 
 5344              		.loc 1 2198 16 is_stmt 0 discriminator 2 view .LVU1517
 5345 0018 0068     		ldr	r0, [r0]
 5346              	.LVL348:
2198:Drivers/STM32G4xx_HAL_Driver/Src/stm32g4xx_hal_tim_ex.c **** 
 5347              		.loc 1 2198 10 discriminator 2 view .LVU1518
 5348 001a 4268     		ldr	r2, [r0, #4]
 5349              	.LVL349:
2201:Drivers/STM32G4xx_HAL_Driver/Src/stm32g4xx_hal_tim_ex.c **** 
 5350              		.loc 1 2201 3 is_stmt 1 discriminator 2 view .LVU1519
2201:Drivers/STM32G4xx_HAL_Driver/Src/stm32g4xx_hal_tim_ex.c **** 
 5351              		.loc 1 2201 11 is_stmt 0 discriminator 2 view .LVU1520
 5352 001c 8468     		ldr	r4, [r0, #8]
 5353              	.LVL350:
2204:Drivers/STM32G4xx_HAL_Driver/Src/stm32g4xx_hal_tim_ex.c ****   {
 5354              		.loc 1 2204 3 is_stmt 1 discriminator 2 view .LVU1521
2204:Drivers/STM32G4xx_HAL_Driver/Src/stm32g4xx_hal_tim_ex.c ****   {
 5355              		.loc 1 2204 6 is_stmt 0 discriminator 2 view .LVU1522
 5356 001e 1C4D     		ldr	r5, .L447
 5357 0020 A842     		cmp	r0, r5
 5358 0022 03D0     		beq	.L438
2204:Drivers/STM32G4xx_HAL_Driver/Src/stm32g4xx_hal_tim_ex.c ****   {
 5359              		.loc 1 2204 7 discriminator 1 view .LVU1523
 5360 0024 05F50065 		add	r5, r5, #2048
 5361 0028 A842     		cmp	r0, r5
 5362 002a 03D1     		bne	.L439
 5363              	.L438:
2207:Drivers/STM32G4xx_HAL_Driver/Src/stm32g4xx_hal_tim_ex.c **** 
 5364              		.loc 1 2207 5 is_stmt 1 view .LVU1524
2210:Drivers/STM32G4xx_HAL_Driver/Src/stm32g4xx_hal_tim_ex.c ****     /* Select the TRGO2 source*/
 5365              		.loc 1 2210 5 view .LVU1525
2210:Drivers/STM32G4xx_HAL_Driver/Src/stm32g4xx_hal_tim_ex.c ****     /* Select the TRGO2 source*/
 5366              		.loc 1 2210 12 is_stmt 0 view .LVU1526
 5367 002c 22F47002 		bic	r2, r2, #15728640
 5368              	.LVL351:
2212:Drivers/STM32G4xx_HAL_Driver/Src/stm32g4xx_hal_tim_ex.c ****   }
ARM GAS  C:\Users\Booster\AppData\Local\Temp\ccs9w8jc.s 			page 185


 5369              		.loc 1 2212 5 is_stmt 1 view .LVU1527
2212:Drivers/STM32G4xx_HAL_Driver/Src/stm32g4xx_hal_tim_ex.c ****   }
 5370              		.loc 1 2212 28 is_stmt 0 view .LVU1528
 5371 0030 4D68     		ldr	r5, [r1, #4]
2212:Drivers/STM32G4xx_HAL_Driver/Src/stm32g4xx_hal_tim_ex.c ****   }
 5372              		.loc 1 2212 12 view .LVU1529
 5373 0032 2A43     		orrs	r2, r2, r5
 5374              	.LVL352:
 5375              	.L439:
2216:Drivers/STM32G4xx_HAL_Driver/Src/stm32g4xx_hal_tim_ex.c ****   /* Select the TRGO source */
 5376              		.loc 1 2216 3 is_stmt 1 view .LVU1530
2216:Drivers/STM32G4xx_HAL_Driver/Src/stm32g4xx_hal_tim_ex.c ****   /* Select the TRGO source */
 5377              		.loc 1 2216 10 is_stmt 0 view .LVU1531
 5378 0034 22F00072 		bic	r2, r2, #33554432
 5379              	.LVL353:
2216:Drivers/STM32G4xx_HAL_Driver/Src/stm32g4xx_hal_tim_ex.c ****   /* Select the TRGO source */
 5380              		.loc 1 2216 10 view .LVU1532
 5381 0038 22F07002 		bic	r2, r2, #112
 5382              	.LVL354:
2218:Drivers/STM32G4xx_HAL_Driver/Src/stm32g4xx_hal_tim_ex.c **** 
 5383              		.loc 1 2218 3 is_stmt 1 view .LVU1533
2218:Drivers/STM32G4xx_HAL_Driver/Src/stm32g4xx_hal_tim_ex.c **** 
 5384              		.loc 1 2218 10 is_stmt 0 view .LVU1534
 5385 003c 0D68     		ldr	r5, [r1]
 5386 003e 2A43     		orrs	r2, r2, r5
 5387              	.LVL355:
2221:Drivers/STM32G4xx_HAL_Driver/Src/stm32g4xx_hal_tim_ex.c **** 
 5388              		.loc 1 2221 3 is_stmt 1 view .LVU1535
2221:Drivers/STM32G4xx_HAL_Driver/Src/stm32g4xx_hal_tim_ex.c **** 
 5389              		.loc 1 2221 23 is_stmt 0 view .LVU1536
 5390 0040 4260     		str	r2, [r0, #4]
2223:Drivers/STM32G4xx_HAL_Driver/Src/stm32g4xx_hal_tim_ex.c ****   {
 5391              		.loc 1 2223 3 is_stmt 1 view .LVU1537
2223:Drivers/STM32G4xx_HAL_Driver/Src/stm32g4xx_hal_tim_ex.c ****   {
 5392              		.loc 1 2223 7 is_stmt 0 view .LVU1538
 5393 0042 1A68     		ldr	r2, [r3]
 5394              	.LVL356:
2223:Drivers/STM32G4xx_HAL_Driver/Src/stm32g4xx_hal_tim_ex.c ****   {
 5395              		.loc 1 2223 6 view .LVU1539
 5396 0044 1248     		ldr	r0, .L447
 5397              	.LVL357:
2223:Drivers/STM32G4xx_HAL_Driver/Src/stm32g4xx_hal_tim_ex.c ****   {
 5398              		.loc 1 2223 6 view .LVU1540
 5399 0046 8242     		cmp	r2, r0
 5400 0048 12D0     		beq	.L440
2223:Drivers/STM32G4xx_HAL_Driver/Src/stm32g4xx_hal_tim_ex.c ****   {
 5401              		.loc 1 2223 7 discriminator 1 view .LVU1541
 5402 004a B2F1804F 		cmp	r2, #1073741824
 5403 004e 0FD0     		beq	.L440
2223:Drivers/STM32G4xx_HAL_Driver/Src/stm32g4xx_hal_tim_ex.c ****   {
 5404              		.loc 1 2223 7 discriminator 2 view .LVU1542
 5405 0050 A0F59430 		sub	r0, r0, #75776
 5406 0054 8242     		cmp	r2, r0
 5407 0056 0BD0     		beq	.L440
2223:Drivers/STM32G4xx_HAL_Driver/Src/stm32g4xx_hal_tim_ex.c ****   {
 5408              		.loc 1 2223 7 discriminator 3 view .LVU1543
 5409 0058 00F58060 		add	r0, r0, #1024
ARM GAS  C:\Users\Booster\AppData\Local\Temp\ccs9w8jc.s 			page 186


 5410 005c 8242     		cmp	r2, r0
 5411 005e 07D0     		beq	.L440
2223:Drivers/STM32G4xx_HAL_Driver/Src/stm32g4xx_hal_tim_ex.c ****   {
 5412              		.loc 1 2223 7 discriminator 4 view .LVU1544
 5413 0060 00F59630 		add	r0, r0, #76800
 5414 0064 8242     		cmp	r2, r0
 5415 0066 03D0     		beq	.L440
2223:Drivers/STM32G4xx_HAL_Driver/Src/stm32g4xx_hal_tim_ex.c ****   {
 5416              		.loc 1 2223 7 discriminator 5 view .LVU1545
 5417 0068 00F54060 		add	r0, r0, #3072
 5418 006c 8242     		cmp	r2, r0
 5419 006e 04D1     		bne	.L441
 5420              	.L440:
2226:Drivers/STM32G4xx_HAL_Driver/Src/stm32g4xx_hal_tim_ex.c ****     /* Set master mode */
 5421              		.loc 1 2226 5 is_stmt 1 view .LVU1546
2226:Drivers/STM32G4xx_HAL_Driver/Src/stm32g4xx_hal_tim_ex.c ****     /* Set master mode */
 5422              		.loc 1 2226 13 is_stmt 0 view .LVU1547
 5423 0070 24F08004 		bic	r4, r4, #128
 5424              	.LVL358:
2228:Drivers/STM32G4xx_HAL_Driver/Src/stm32g4xx_hal_tim_ex.c **** 
 5425              		.loc 1 2228 5 is_stmt 1 view .LVU1548
2228:Drivers/STM32G4xx_HAL_Driver/Src/stm32g4xx_hal_tim_ex.c **** 
 5426              		.loc 1 2228 29 is_stmt 0 view .LVU1549
 5427 0074 8968     		ldr	r1, [r1, #8]
 5428              	.LVL359:
2228:Drivers/STM32G4xx_HAL_Driver/Src/stm32g4xx_hal_tim_ex.c **** 
 5429              		.loc 1 2228 13 view .LVU1550
 5430 0076 2143     		orrs	r1, r1, r4
 5431              	.LVL360:
2231:Drivers/STM32G4xx_HAL_Driver/Src/stm32g4xx_hal_tim_ex.c ****   }
 5432              		.loc 1 2231 5 is_stmt 1 view .LVU1551
2231:Drivers/STM32G4xx_HAL_Driver/Src/stm32g4xx_hal_tim_ex.c ****   }
 5433              		.loc 1 2231 26 is_stmt 0 view .LVU1552
 5434 0078 9160     		str	r1, [r2, #8]
 5435              	.LVL361:
 5436              	.L441:
2235:Drivers/STM32G4xx_HAL_Driver/Src/stm32g4xx_hal_tim_ex.c **** 
 5437              		.loc 1 2235 3 is_stmt 1 view .LVU1553
2235:Drivers/STM32G4xx_HAL_Driver/Src/stm32g4xx_hal_tim_ex.c **** 
 5438              		.loc 1 2235 15 is_stmt 0 view .LVU1554
 5439 007a 0122     		movs	r2, #1
 5440 007c 83F83D20 		strb	r2, [r3, #61]
2237:Drivers/STM32G4xx_HAL_Driver/Src/stm32g4xx_hal_tim_ex.c **** 
 5441              		.loc 1 2237 3 is_stmt 1 view .LVU1555
2237:Drivers/STM32G4xx_HAL_Driver/Src/stm32g4xx_hal_tim_ex.c **** 
 5442              		.loc 1 2237 3 view .LVU1556
 5443 0080 0020     		movs	r0, #0
 5444 0082 83F83C00 		strb	r0, [r3, #60]
2237:Drivers/STM32G4xx_HAL_Driver/Src/stm32g4xx_hal_tim_ex.c **** 
 5445              		.loc 1 2237 3 view .LVU1557
2239:Drivers/STM32G4xx_HAL_Driver/Src/stm32g4xx_hal_tim_ex.c **** }
 5446              		.loc 1 2239 3 view .LVU1558
2240:Drivers/STM32G4xx_HAL_Driver/Src/stm32g4xx_hal_tim_ex.c **** 
 5447              		.loc 1 2240 1 is_stmt 0 view .LVU1559
 5448 0086 30BC     		pop	{r4, r5}
 5449              	.LCFI43:
 5450              		.cfi_restore 5
ARM GAS  C:\Users\Booster\AppData\Local\Temp\ccs9w8jc.s 			page 187


 5451              		.cfi_restore 4
 5452              		.cfi_def_cfa_offset 0
 5453 0088 7047     		bx	lr
 5454              	.LVL362:
 5455              	.L442:
2192:Drivers/STM32G4xx_HAL_Driver/Src/stm32g4xx_hal_tim_ex.c **** 
 5456              		.loc 1 2192 3 view .LVU1560
 5457 008a 0220     		movs	r0, #2
 5458              	.LVL363:
2240:Drivers/STM32G4xx_HAL_Driver/Src/stm32g4xx_hal_tim_ex.c **** 
 5459              		.loc 1 2240 1 view .LVU1561
 5460 008c 7047     		bx	lr
 5461              	.L448:
 5462 008e 00BF     		.align	2
 5463              	.L447:
 5464 0090 002C0140 		.word	1073818624
 5465              		.cfi_endproc
 5466              	.LFE358:
 5468              		.section	.text.HAL_TIMEx_ConfigBreakDeadTime,"ax",%progbits
 5469              		.align	1
 5470              		.global	HAL_TIMEx_ConfigBreakDeadTime
 5471              		.syntax unified
 5472              		.thumb
 5473              		.thumb_func
 5475              	HAL_TIMEx_ConfigBreakDeadTime:
 5476              	.LVL364:
 5477              	.LFB359:
2255:Drivers/STM32G4xx_HAL_Driver/Src/stm32g4xx_hal_tim_ex.c ****   /* Keep this variable initialized to 0 as it is used to configure BDTR register */
 5478              		.loc 1 2255 1 is_stmt 1 view -0
 5479              		.cfi_startproc
 5480              		@ args = 0, pretend = 0, frame = 0
 5481              		@ frame_needed = 0, uses_anonymous_args = 0
 5482              		@ link register save eliminated.
2257:Drivers/STM32G4xx_HAL_Driver/Src/stm32g4xx_hal_tim_ex.c **** 
 5483              		.loc 1 2257 3 view .LVU1563
2260:Drivers/STM32G4xx_HAL_Driver/Src/stm32g4xx_hal_tim_ex.c ****   assert_param(IS_TIM_OSSR_STATE(sBreakDeadTimeConfig->OffStateRunMode));
 5484              		.loc 1 2260 3 view .LVU1564
2261:Drivers/STM32G4xx_HAL_Driver/Src/stm32g4xx_hal_tim_ex.c ****   assert_param(IS_TIM_OSSI_STATE(sBreakDeadTimeConfig->OffStateIDLEMode));
 5485              		.loc 1 2261 3 view .LVU1565
2262:Drivers/STM32G4xx_HAL_Driver/Src/stm32g4xx_hal_tim_ex.c ****   assert_param(IS_TIM_LOCK_LEVEL(sBreakDeadTimeConfig->LockLevel));
 5486              		.loc 1 2262 3 view .LVU1566
2263:Drivers/STM32G4xx_HAL_Driver/Src/stm32g4xx_hal_tim_ex.c ****   assert_param(IS_TIM_DEADTIME(sBreakDeadTimeConfig->DeadTime));
 5487              		.loc 1 2263 3 view .LVU1567
2264:Drivers/STM32G4xx_HAL_Driver/Src/stm32g4xx_hal_tim_ex.c ****   assert_param(IS_TIM_BREAK_STATE(sBreakDeadTimeConfig->BreakState));
 5488              		.loc 1 2264 3 view .LVU1568
2265:Drivers/STM32G4xx_HAL_Driver/Src/stm32g4xx_hal_tim_ex.c ****   assert_param(IS_TIM_BREAK_POLARITY(sBreakDeadTimeConfig->BreakPolarity));
 5489              		.loc 1 2265 3 view .LVU1569
2266:Drivers/STM32G4xx_HAL_Driver/Src/stm32g4xx_hal_tim_ex.c ****   assert_param(IS_TIM_BREAK_FILTER(sBreakDeadTimeConfig->BreakFilter));
 5490              		.loc 1 2266 3 view .LVU1570
2267:Drivers/STM32G4xx_HAL_Driver/Src/stm32g4xx_hal_tim_ex.c ****   assert_param(IS_TIM_AUTOMATIC_OUTPUT_STATE(sBreakDeadTimeConfig->AutomaticOutput));
 5491              		.loc 1 2267 3 view .LVU1571
2268:Drivers/STM32G4xx_HAL_Driver/Src/stm32g4xx_hal_tim_ex.c ****   assert_param(IS_TIM_BREAK_AFMODE(sBreakDeadTimeConfig->BreakAFMode));
 5492              		.loc 1 2268 3 view .LVU1572
2269:Drivers/STM32G4xx_HAL_Driver/Src/stm32g4xx_hal_tim_ex.c **** 
 5493              		.loc 1 2269 3 view .LVU1573
2272:Drivers/STM32G4xx_HAL_Driver/Src/stm32g4xx_hal_tim_ex.c **** 
 5494              		.loc 1 2272 3 view .LVU1574
ARM GAS  C:\Users\Booster\AppData\Local\Temp\ccs9w8jc.s 			page 188


2272:Drivers/STM32G4xx_HAL_Driver/Src/stm32g4xx_hal_tim_ex.c **** 
 5495              		.loc 1 2272 3 view .LVU1575
 5496 0000 90F83C30 		ldrb	r3, [r0, #60]	@ zero_extendqisi2
 5497 0004 012B     		cmp	r3, #1
 5498 0006 46D0     		beq	.L453
2255:Drivers/STM32G4xx_HAL_Driver/Src/stm32g4xx_hal_tim_ex.c ****   /* Keep this variable initialized to 0 as it is used to configure BDTR register */
 5499              		.loc 1 2255 1 is_stmt 0 discriminator 2 view .LVU1576
 5500 0008 10B4     		push	{r4}
 5501              	.LCFI44:
 5502              		.cfi_def_cfa_offset 4
 5503              		.cfi_offset 4, -4
 5504 000a 0246     		mov	r2, r0
2272:Drivers/STM32G4xx_HAL_Driver/Src/stm32g4xx_hal_tim_ex.c **** 
 5505              		.loc 1 2272 3 is_stmt 1 discriminator 2 view .LVU1577
 5506 000c 0123     		movs	r3, #1
 5507 000e 80F83C30 		strb	r3, [r0, #60]
2272:Drivers/STM32G4xx_HAL_Driver/Src/stm32g4xx_hal_tim_ex.c **** 
 5508              		.loc 1 2272 3 discriminator 2 view .LVU1578
2278:Drivers/STM32G4xx_HAL_Driver/Src/stm32g4xx_hal_tim_ex.c ****   MODIFY_REG(tmpbdtr, TIM_BDTR_LOCK, sBreakDeadTimeConfig->LockLevel);
 5509              		.loc 1 2278 3 discriminator 2 view .LVU1579
 5510 0012 CB68     		ldr	r3, [r1, #12]
 5511              	.LVL365:
2279:Drivers/STM32G4xx_HAL_Driver/Src/stm32g4xx_hal_tim_ex.c ****   MODIFY_REG(tmpbdtr, TIM_BDTR_OSSI, sBreakDeadTimeConfig->OffStateIDLEMode);
 5512              		.loc 1 2279 3 discriminator 2 view .LVU1580
 5513 0014 23F44073 		bic	r3, r3, #768
 5514              	.LVL366:
2279:Drivers/STM32G4xx_HAL_Driver/Src/stm32g4xx_hal_tim_ex.c ****   MODIFY_REG(tmpbdtr, TIM_BDTR_OSSI, sBreakDeadTimeConfig->OffStateIDLEMode);
 5515              		.loc 1 2279 3 is_stmt 0 discriminator 2 view .LVU1581
 5516 0018 8868     		ldr	r0, [r1, #8]
 5517              	.LVL367:
2279:Drivers/STM32G4xx_HAL_Driver/Src/stm32g4xx_hal_tim_ex.c ****   MODIFY_REG(tmpbdtr, TIM_BDTR_OSSI, sBreakDeadTimeConfig->OffStateIDLEMode);
 5518              		.loc 1 2279 3 discriminator 2 view .LVU1582
 5519 001a 0343     		orrs	r3, r3, r0
 5520              	.LVL368:
2280:Drivers/STM32G4xx_HAL_Driver/Src/stm32g4xx_hal_tim_ex.c ****   MODIFY_REG(tmpbdtr, TIM_BDTR_OSSR, sBreakDeadTimeConfig->OffStateRunMode);
 5521              		.loc 1 2280 3 is_stmt 1 discriminator 2 view .LVU1583
 5522 001c 23F48063 		bic	r3, r3, #1024
 5523              	.LVL369:
2280:Drivers/STM32G4xx_HAL_Driver/Src/stm32g4xx_hal_tim_ex.c ****   MODIFY_REG(tmpbdtr, TIM_BDTR_OSSR, sBreakDeadTimeConfig->OffStateRunMode);
 5524              		.loc 1 2280 3 is_stmt 0 discriminator 2 view .LVU1584
 5525 0020 4868     		ldr	r0, [r1, #4]
 5526              	.LVL370:
2280:Drivers/STM32G4xx_HAL_Driver/Src/stm32g4xx_hal_tim_ex.c ****   MODIFY_REG(tmpbdtr, TIM_BDTR_OSSR, sBreakDeadTimeConfig->OffStateRunMode);
 5527              		.loc 1 2280 3 discriminator 2 view .LVU1585
 5528 0022 0343     		orrs	r3, r3, r0
 5529              	.LVL371:
2281:Drivers/STM32G4xx_HAL_Driver/Src/stm32g4xx_hal_tim_ex.c ****   MODIFY_REG(tmpbdtr, TIM_BDTR_BKE, sBreakDeadTimeConfig->BreakState);
 5530              		.loc 1 2281 3 is_stmt 1 discriminator 2 view .LVU1586
 5531 0024 23F40063 		bic	r3, r3, #2048
 5532              	.LVL372:
2281:Drivers/STM32G4xx_HAL_Driver/Src/stm32g4xx_hal_tim_ex.c ****   MODIFY_REG(tmpbdtr, TIM_BDTR_BKE, sBreakDeadTimeConfig->BreakState);
 5533              		.loc 1 2281 3 is_stmt 0 discriminator 2 view .LVU1587
 5534 0028 0868     		ldr	r0, [r1]
 5535              	.LVL373:
2281:Drivers/STM32G4xx_HAL_Driver/Src/stm32g4xx_hal_tim_ex.c ****   MODIFY_REG(tmpbdtr, TIM_BDTR_BKE, sBreakDeadTimeConfig->BreakState);
 5536              		.loc 1 2281 3 discriminator 2 view .LVU1588
 5537 002a 0343     		orrs	r3, r3, r0
ARM GAS  C:\Users\Booster\AppData\Local\Temp\ccs9w8jc.s 			page 189


 5538              	.LVL374:
2282:Drivers/STM32G4xx_HAL_Driver/Src/stm32g4xx_hal_tim_ex.c ****   MODIFY_REG(tmpbdtr, TIM_BDTR_BKP, sBreakDeadTimeConfig->BreakPolarity);
 5539              		.loc 1 2282 3 is_stmt 1 discriminator 2 view .LVU1589
 5540 002c 23F48053 		bic	r3, r3, #4096
 5541              	.LVL375:
2282:Drivers/STM32G4xx_HAL_Driver/Src/stm32g4xx_hal_tim_ex.c ****   MODIFY_REG(tmpbdtr, TIM_BDTR_BKP, sBreakDeadTimeConfig->BreakPolarity);
 5542              		.loc 1 2282 3 is_stmt 0 discriminator 2 view .LVU1590
 5543 0030 0869     		ldr	r0, [r1, #16]
 5544              	.LVL376:
2282:Drivers/STM32G4xx_HAL_Driver/Src/stm32g4xx_hal_tim_ex.c ****   MODIFY_REG(tmpbdtr, TIM_BDTR_BKP, sBreakDeadTimeConfig->BreakPolarity);
 5545              		.loc 1 2282 3 discriminator 2 view .LVU1591
 5546 0032 0343     		orrs	r3, r3, r0
 5547              	.LVL377:
2283:Drivers/STM32G4xx_HAL_Driver/Src/stm32g4xx_hal_tim_ex.c ****   MODIFY_REG(tmpbdtr, TIM_BDTR_AOE, sBreakDeadTimeConfig->AutomaticOutput);
 5548              		.loc 1 2283 3 is_stmt 1 discriminator 2 view .LVU1592
 5549 0034 23F40053 		bic	r3, r3, #8192
 5550              	.LVL378:
2283:Drivers/STM32G4xx_HAL_Driver/Src/stm32g4xx_hal_tim_ex.c ****   MODIFY_REG(tmpbdtr, TIM_BDTR_AOE, sBreakDeadTimeConfig->AutomaticOutput);
 5551              		.loc 1 2283 3 is_stmt 0 discriminator 2 view .LVU1593
 5552 0038 4869     		ldr	r0, [r1, #20]
 5553              	.LVL379:
2283:Drivers/STM32G4xx_HAL_Driver/Src/stm32g4xx_hal_tim_ex.c ****   MODIFY_REG(tmpbdtr, TIM_BDTR_AOE, sBreakDeadTimeConfig->AutomaticOutput);
 5554              		.loc 1 2283 3 discriminator 2 view .LVU1594
 5555 003a 0343     		orrs	r3, r3, r0
 5556              	.LVL380:
2284:Drivers/STM32G4xx_HAL_Driver/Src/stm32g4xx_hal_tim_ex.c ****   MODIFY_REG(tmpbdtr, TIM_BDTR_BKF, (sBreakDeadTimeConfig->BreakFilter << TIM_BDTR_BKF_Pos));
 5557              		.loc 1 2284 3 is_stmt 1 discriminator 2 view .LVU1595
 5558 003c 23F48043 		bic	r3, r3, #16384
 5559              	.LVL381:
2284:Drivers/STM32G4xx_HAL_Driver/Src/stm32g4xx_hal_tim_ex.c ****   MODIFY_REG(tmpbdtr, TIM_BDTR_BKF, (sBreakDeadTimeConfig->BreakFilter << TIM_BDTR_BKF_Pos));
 5560              		.loc 1 2284 3 is_stmt 0 discriminator 2 view .LVU1596
 5561 0040 086B     		ldr	r0, [r1, #48]
 5562              	.LVL382:
2284:Drivers/STM32G4xx_HAL_Driver/Src/stm32g4xx_hal_tim_ex.c ****   MODIFY_REG(tmpbdtr, TIM_BDTR_BKF, (sBreakDeadTimeConfig->BreakFilter << TIM_BDTR_BKF_Pos));
 5563              		.loc 1 2284 3 discriminator 2 view .LVU1597
 5564 0042 0343     		orrs	r3, r3, r0
 5565              	.LVL383:
2285:Drivers/STM32G4xx_HAL_Driver/Src/stm32g4xx_hal_tim_ex.c ****   MODIFY_REG(tmpbdtr, TIM_BDTR_BKBID, sBreakDeadTimeConfig->BreakAFMode);
 5566              		.loc 1 2285 3 is_stmt 1 discriminator 2 view .LVU1598
 5567 0044 23F47023 		bic	r3, r3, #983040
 5568              	.LVL384:
2285:Drivers/STM32G4xx_HAL_Driver/Src/stm32g4xx_hal_tim_ex.c ****   MODIFY_REG(tmpbdtr, TIM_BDTR_BKBID, sBreakDeadTimeConfig->BreakAFMode);
 5569              		.loc 1 2285 3 is_stmt 0 discriminator 2 view .LVU1599
 5570 0048 8869     		ldr	r0, [r1, #24]
 5571              	.LVL385:
2285:Drivers/STM32G4xx_HAL_Driver/Src/stm32g4xx_hal_tim_ex.c ****   MODIFY_REG(tmpbdtr, TIM_BDTR_BKBID, sBreakDeadTimeConfig->BreakAFMode);
 5572              		.loc 1 2285 3 discriminator 2 view .LVU1600
 5573 004a 43EA0043 		orr	r3, r3, r0, lsl #16
 5574              	.LVL386:
2286:Drivers/STM32G4xx_HAL_Driver/Src/stm32g4xx_hal_tim_ex.c **** 
 5575              		.loc 1 2286 3 is_stmt 1 discriminator 2 view .LVU1601
 5576 004e 23F08053 		bic	r3, r3, #268435456
 5577              	.LVL387:
2286:Drivers/STM32G4xx_HAL_Driver/Src/stm32g4xx_hal_tim_ex.c **** 
 5578              		.loc 1 2286 3 is_stmt 0 discriminator 2 view .LVU1602
 5579 0052 C869     		ldr	r0, [r1, #28]
 5580              	.LVL388:
ARM GAS  C:\Users\Booster\AppData\Local\Temp\ccs9w8jc.s 			page 190


2286:Drivers/STM32G4xx_HAL_Driver/Src/stm32g4xx_hal_tim_ex.c **** 
 5581              		.loc 1 2286 3 discriminator 2 view .LVU1603
 5582 0054 0343     		orrs	r3, r3, r0
 5583              	.LVL389:
2288:Drivers/STM32G4xx_HAL_Driver/Src/stm32g4xx_hal_tim_ex.c ****   {
 5584              		.loc 1 2288 3 is_stmt 1 discriminator 2 view .LVU1604
2288:Drivers/STM32G4xx_HAL_Driver/Src/stm32g4xx_hal_tim_ex.c ****   {
 5585              		.loc 1 2288 7 is_stmt 0 discriminator 2 view .LVU1605
 5586 0056 1068     		ldr	r0, [r2]
2288:Drivers/STM32G4xx_HAL_Driver/Src/stm32g4xx_hal_tim_ex.c ****   {
 5587              		.loc 1 2288 6 discriminator 2 view .LVU1606
 5588 0058 104C     		ldr	r4, .L458
 5589 005a A042     		cmp	r0, r4
 5590 005c 03D0     		beq	.L451
2288:Drivers/STM32G4xx_HAL_Driver/Src/stm32g4xx_hal_tim_ex.c ****   {
 5591              		.loc 1 2288 7 discriminator 1 view .LVU1607
 5592 005e 04F50064 		add	r4, r4, #2048
 5593 0062 A042     		cmp	r0, r4
 5594 0064 10D1     		bne	.L452
 5595              	.L451:
2291:Drivers/STM32G4xx_HAL_Driver/Src/stm32g4xx_hal_tim_ex.c ****     assert_param(IS_TIM_BREAK2_POLARITY(sBreakDeadTimeConfig->Break2Polarity));
 5596              		.loc 1 2291 5 is_stmt 1 view .LVU1608
2292:Drivers/STM32G4xx_HAL_Driver/Src/stm32g4xx_hal_tim_ex.c ****     assert_param(IS_TIM_BREAK_FILTER(sBreakDeadTimeConfig->Break2Filter));
 5597              		.loc 1 2292 5 view .LVU1609
2293:Drivers/STM32G4xx_HAL_Driver/Src/stm32g4xx_hal_tim_ex.c ****     assert_param(IS_TIM_BREAK2_AFMODE(sBreakDeadTimeConfig->Break2AFMode));
 5598              		.loc 1 2293 5 view .LVU1610
2294:Drivers/STM32G4xx_HAL_Driver/Src/stm32g4xx_hal_tim_ex.c **** 
 5599              		.loc 1 2294 5 view .LVU1611
2297:Drivers/STM32G4xx_HAL_Driver/Src/stm32g4xx_hal_tim_ex.c ****     MODIFY_REG(tmpbdtr, TIM_BDTR_BK2E, sBreakDeadTimeConfig->Break2State);
 5600              		.loc 1 2297 5 view .LVU1612
 5601 0066 23F47003 		bic	r3, r3, #15728640
 5602              	.LVL390:
2297:Drivers/STM32G4xx_HAL_Driver/Src/stm32g4xx_hal_tim_ex.c ****     MODIFY_REG(tmpbdtr, TIM_BDTR_BK2E, sBreakDeadTimeConfig->Break2State);
 5603              		.loc 1 2297 5 is_stmt 0 view .LVU1613
 5604 006a 8C6A     		ldr	r4, [r1, #40]
 5605 006c 43EA0453 		orr	r3, r3, r4, lsl #20
 5606              	.LVL391:
2298:Drivers/STM32G4xx_HAL_Driver/Src/stm32g4xx_hal_tim_ex.c ****     MODIFY_REG(tmpbdtr, TIM_BDTR_BK2P, sBreakDeadTimeConfig->Break2Polarity);
 5607              		.loc 1 2298 5 is_stmt 1 view .LVU1614
 5608 0070 23F08073 		bic	r3, r3, #16777216
 5609              	.LVL392:
2298:Drivers/STM32G4xx_HAL_Driver/Src/stm32g4xx_hal_tim_ex.c ****     MODIFY_REG(tmpbdtr, TIM_BDTR_BK2P, sBreakDeadTimeConfig->Break2Polarity);
 5610              		.loc 1 2298 5 is_stmt 0 view .LVU1615
 5611 0074 0C6A     		ldr	r4, [r1, #32]
 5612              	.LVL393:
2298:Drivers/STM32G4xx_HAL_Driver/Src/stm32g4xx_hal_tim_ex.c ****     MODIFY_REG(tmpbdtr, TIM_BDTR_BK2P, sBreakDeadTimeConfig->Break2Polarity);
 5613              		.loc 1 2298 5 view .LVU1616
 5614 0076 2343     		orrs	r3, r3, r4
 5615              	.LVL394:
2299:Drivers/STM32G4xx_HAL_Driver/Src/stm32g4xx_hal_tim_ex.c ****     MODIFY_REG(tmpbdtr, TIM_BDTR_BK2BID, sBreakDeadTimeConfig->Break2AFMode);
 5616              		.loc 1 2299 5 is_stmt 1 view .LVU1617
 5617 0078 23F00073 		bic	r3, r3, #33554432
 5618              	.LVL395:
2299:Drivers/STM32G4xx_HAL_Driver/Src/stm32g4xx_hal_tim_ex.c ****     MODIFY_REG(tmpbdtr, TIM_BDTR_BK2BID, sBreakDeadTimeConfig->Break2AFMode);
 5619              		.loc 1 2299 5 is_stmt 0 view .LVU1618
 5620 007c 4C6A     		ldr	r4, [r1, #36]
 5621              	.LVL396:
ARM GAS  C:\Users\Booster\AppData\Local\Temp\ccs9w8jc.s 			page 191


2299:Drivers/STM32G4xx_HAL_Driver/Src/stm32g4xx_hal_tim_ex.c ****     MODIFY_REG(tmpbdtr, TIM_BDTR_BK2BID, sBreakDeadTimeConfig->Break2AFMode);
 5622              		.loc 1 2299 5 view .LVU1619
 5623 007e 2343     		orrs	r3, r3, r4
 5624              	.LVL397:
2300:Drivers/STM32G4xx_HAL_Driver/Src/stm32g4xx_hal_tim_ex.c ****   }
 5625              		.loc 1 2300 5 is_stmt 1 view .LVU1620
 5626 0080 23F00053 		bic	r3, r3, #536870912
 5627              	.LVL398:
2300:Drivers/STM32G4xx_HAL_Driver/Src/stm32g4xx_hal_tim_ex.c ****   }
 5628              		.loc 1 2300 5 is_stmt 0 view .LVU1621
 5629 0084 C96A     		ldr	r1, [r1, #44]
 5630              	.LVL399:
2300:Drivers/STM32G4xx_HAL_Driver/Src/stm32g4xx_hal_tim_ex.c ****   }
 5631              		.loc 1 2300 5 view .LVU1622
 5632 0086 0B43     		orrs	r3, r3, r1
 5633              	.LVL400:
 5634              	.L452:
2304:Drivers/STM32G4xx_HAL_Driver/Src/stm32g4xx_hal_tim_ex.c **** 
 5635              		.loc 1 2304 3 is_stmt 1 view .LVU1623
2304:Drivers/STM32G4xx_HAL_Driver/Src/stm32g4xx_hal_tim_ex.c **** 
 5636              		.loc 1 2304 24 is_stmt 0 view .LVU1624
 5637 0088 4364     		str	r3, [r0, #68]
2306:Drivers/STM32G4xx_HAL_Driver/Src/stm32g4xx_hal_tim_ex.c **** 
 5638              		.loc 1 2306 3 is_stmt 1 view .LVU1625
2306:Drivers/STM32G4xx_HAL_Driver/Src/stm32g4xx_hal_tim_ex.c **** 
 5639              		.loc 1 2306 3 view .LVU1626
 5640 008a 0020     		movs	r0, #0
 5641 008c 82F83C00 		strb	r0, [r2, #60]
2306:Drivers/STM32G4xx_HAL_Driver/Src/stm32g4xx_hal_tim_ex.c **** 
 5642              		.loc 1 2306 3 view .LVU1627
2308:Drivers/STM32G4xx_HAL_Driver/Src/stm32g4xx_hal_tim_ex.c **** }
 5643              		.loc 1 2308 3 view .LVU1628
2309:Drivers/STM32G4xx_HAL_Driver/Src/stm32g4xx_hal_tim_ex.c **** 
 5644              		.loc 1 2309 1 is_stmt 0 view .LVU1629
 5645 0090 5DF8044B 		ldr	r4, [sp], #4
 5646              	.LCFI45:
 5647              		.cfi_restore 4
 5648              		.cfi_def_cfa_offset 0
 5649 0094 7047     		bx	lr
 5650              	.LVL401:
 5651              	.L453:
2272:Drivers/STM32G4xx_HAL_Driver/Src/stm32g4xx_hal_tim_ex.c **** 
 5652              		.loc 1 2272 3 view .LVU1630
 5653 0096 0220     		movs	r0, #2
 5654              	.LVL402:
2309:Drivers/STM32G4xx_HAL_Driver/Src/stm32g4xx_hal_tim_ex.c **** 
 5655              		.loc 1 2309 1 view .LVU1631
 5656 0098 7047     		bx	lr
 5657              	.L459:
 5658 009a 00BF     		.align	2
 5659              	.L458:
 5660 009c 002C0140 		.word	1073818624
 5661              		.cfi_endproc
 5662              	.LFE359:
 5664              		.section	.text.HAL_TIMEx_ConfigBreakInput,"ax",%progbits
 5665              		.align	1
 5666              		.global	HAL_TIMEx_ConfigBreakInput
ARM GAS  C:\Users\Booster\AppData\Local\Temp\ccs9w8jc.s 			page 192


 5667              		.syntax unified
 5668              		.thumb
 5669              		.thumb_func
 5671              	HAL_TIMEx_ConfigBreakInput:
 5672              	.LVL403:
 5673              	.LFB360:
2324:Drivers/STM32G4xx_HAL_Driver/Src/stm32g4xx_hal_tim_ex.c ****   HAL_StatusTypeDef status = HAL_OK;
 5674              		.loc 1 2324 1 is_stmt 1 view -0
 5675              		.cfi_startproc
 5676              		@ args = 0, pretend = 0, frame = 0
 5677              		@ frame_needed = 0, uses_anonymous_args = 0
2324:Drivers/STM32G4xx_HAL_Driver/Src/stm32g4xx_hal_tim_ex.c ****   HAL_StatusTypeDef status = HAL_OK;
 5678              		.loc 1 2324 1 is_stmt 0 view .LVU1633
 5679 0000 0346     		mov	r3, r0
2325:Drivers/STM32G4xx_HAL_Driver/Src/stm32g4xx_hal_tim_ex.c ****   uint32_t tmporx;
 5680              		.loc 1 2325 3 is_stmt 1 view .LVU1634
 5681              	.LVL404:
2326:Drivers/STM32G4xx_HAL_Driver/Src/stm32g4xx_hal_tim_ex.c ****   uint32_t bkin_enable_mask;
 5682              		.loc 1 2326 3 view .LVU1635
2327:Drivers/STM32G4xx_HAL_Driver/Src/stm32g4xx_hal_tim_ex.c ****   uint32_t bkin_polarity_mask;
 5683              		.loc 1 2327 3 view .LVU1636
2328:Drivers/STM32G4xx_HAL_Driver/Src/stm32g4xx_hal_tim_ex.c ****   uint32_t bkin_enable_bitpos;
 5684              		.loc 1 2328 3 view .LVU1637
2329:Drivers/STM32G4xx_HAL_Driver/Src/stm32g4xx_hal_tim_ex.c ****   uint32_t bkin_polarity_bitpos;
 5685              		.loc 1 2329 3 view .LVU1638
2330:Drivers/STM32G4xx_HAL_Driver/Src/stm32g4xx_hal_tim_ex.c **** 
 5686              		.loc 1 2330 3 view .LVU1639
2333:Drivers/STM32G4xx_HAL_Driver/Src/stm32g4xx_hal_tim_ex.c ****   assert_param(IS_TIM_BREAKINPUT(BreakInput));
 5687              		.loc 1 2333 3 view .LVU1640
2334:Drivers/STM32G4xx_HAL_Driver/Src/stm32g4xx_hal_tim_ex.c ****   assert_param(IS_TIM_BREAKINPUTSOURCE(sBreakInputConfig->Source));
 5688              		.loc 1 2334 3 view .LVU1641
2335:Drivers/STM32G4xx_HAL_Driver/Src/stm32g4xx_hal_tim_ex.c ****   assert_param(IS_TIM_BREAKINPUTSOURCE_STATE(sBreakInputConfig->Enable));
 5689              		.loc 1 2335 3 view .LVU1642
2336:Drivers/STM32G4xx_HAL_Driver/Src/stm32g4xx_hal_tim_ex.c ****   assert_param(IS_TIM_BREAKINPUTSOURCE_POLARITY(sBreakInputConfig->Polarity));
 5690              		.loc 1 2336 3 view .LVU1643
2337:Drivers/STM32G4xx_HAL_Driver/Src/stm32g4xx_hal_tim_ex.c **** 
 5691              		.loc 1 2337 3 view .LVU1644
2340:Drivers/STM32G4xx_HAL_Driver/Src/stm32g4xx_hal_tim_ex.c **** 
 5692              		.loc 1 2340 3 view .LVU1645
2340:Drivers/STM32G4xx_HAL_Driver/Src/stm32g4xx_hal_tim_ex.c **** 
 5693              		.loc 1 2340 3 view .LVU1646
 5694 0002 90F83C00 		ldrb	r0, [r0, #60]	@ zero_extendqisi2
 5695              	.LVL405:
2340:Drivers/STM32G4xx_HAL_Driver/Src/stm32g4xx_hal_tim_ex.c **** 
 5696              		.loc 1 2340 3 is_stmt 0 view .LVU1647
 5697 0006 0128     		cmp	r0, #1
 5698 0008 5ED0     		beq	.L472
2324:Drivers/STM32G4xx_HAL_Driver/Src/stm32g4xx_hal_tim_ex.c ****   HAL_StatusTypeDef status = HAL_OK;
 5699              		.loc 1 2324 1 discriminator 2 view .LVU1648
 5700 000a 70B5     		push	{r4, r5, r6, lr}
 5701              	.LCFI46:
 5702              		.cfi_def_cfa_offset 16
 5703              		.cfi_offset 4, -16
 5704              		.cfi_offset 5, -12
 5705              		.cfi_offset 6, -8
 5706              		.cfi_offset 14, -4
2340:Drivers/STM32G4xx_HAL_Driver/Src/stm32g4xx_hal_tim_ex.c **** 
ARM GAS  C:\Users\Booster\AppData\Local\Temp\ccs9w8jc.s 			page 193


 5707              		.loc 1 2340 3 is_stmt 1 discriminator 2 view .LVU1649
 5708 000c 0120     		movs	r0, #1
 5709 000e 83F83C00 		strb	r0, [r3, #60]
2340:Drivers/STM32G4xx_HAL_Driver/Src/stm32g4xx_hal_tim_ex.c **** 
 5710              		.loc 1 2340 3 discriminator 2 view .LVU1650
2342:Drivers/STM32G4xx_HAL_Driver/Src/stm32g4xx_hal_tim_ex.c ****   {
 5711              		.loc 1 2342 3 discriminator 2 view .LVU1651
2342:Drivers/STM32G4xx_HAL_Driver/Src/stm32g4xx_hal_tim_ex.c ****   {
 5712              		.loc 1 2342 28 is_stmt 0 discriminator 2 view .LVU1652
 5713 0012 1568     		ldr	r5, [r2]
2342:Drivers/STM32G4xx_HAL_Driver/Src/stm32g4xx_hal_tim_ex.c ****   {
 5714              		.loc 1 2342 3 discriminator 2 view .LVU1653
 5715 0014 681E     		subs	r0, r5, #1
 5716 0016 0F28     		cmp	r0, #15
 5717 0018 29D8     		bhi	.L462
 5718 001a DFE800F0 		tbb	[pc, r0]
 5719              	.L464:
 5720 001e 08       		.byte	(.L468-.L464)/2
 5721 001f 2D       		.byte	(.L473-.L464)/2
 5722 0020 28       		.byte	(.L462-.L464)/2
 5723 0021 0E       		.byte	(.L466-.L464)/2
 5724 0022 28       		.byte	(.L462-.L464)/2
 5725 0023 28       		.byte	(.L462-.L464)/2
 5726 0024 28       		.byte	(.L462-.L464)/2
 5727 0025 1C       		.byte	(.L465-.L464)/2
 5728 0026 28       		.byte	(.L462-.L464)/2
 5729 0027 28       		.byte	(.L462-.L464)/2
 5730 0028 28       		.byte	(.L462-.L464)/2
 5731 0029 28       		.byte	(.L462-.L464)/2
 5732 002a 28       		.byte	(.L462-.L464)/2
 5733 002b 28       		.byte	(.L462-.L464)/2
 5734 002c 28       		.byte	(.L462-.L464)/2
 5735 002d 22       		.byte	(.L463-.L464)/2
 5736              		.p2align 1
 5737              	.L468:
2342:Drivers/STM32G4xx_HAL_Driver/Src/stm32g4xx_hal_tim_ex.c ****   {
 5738              		.loc 1 2342 3 view .LVU1654
 5739 002e 0920     		movs	r0, #9
 5740 0030 4FF0000E 		mov	lr, #0
 5741 0034 4FF4007C 		mov	ip, #512
 5742 0038 04E0     		b	.L467
 5743              	.L466:
2362:Drivers/STM32G4xx_HAL_Driver/Src/stm32g4xx_hal_tim_ex.c ****       bkin_enable_bitpos = TIM1_AF1_BKCMP2E_Pos;
 5744              		.loc 1 2362 7 is_stmt 1 view .LVU1655
 5745              	.LVL406:
2363:Drivers/STM32G4xx_HAL_Driver/Src/stm32g4xx_hal_tim_ex.c ****       bkin_polarity_mask = TIM1_AF1_BKCMP2P;
 5746              		.loc 1 2363 7 view .LVU1656
2364:Drivers/STM32G4xx_HAL_Driver/Src/stm32g4xx_hal_tim_ex.c ****       bkin_polarity_bitpos = TIM1_AF1_BKCMP2P_Pos;
 5747              		.loc 1 2364 7 view .LVU1657
2365:Drivers/STM32G4xx_HAL_Driver/Src/stm32g4xx_hal_tim_ex.c ****       break;
 5748              		.loc 1 2365 7 view .LVU1658
2366:Drivers/STM32G4xx_HAL_Driver/Src/stm32g4xx_hal_tim_ex.c ****     }
 5749              		.loc 1 2366 7 view .LVU1659
2365:Drivers/STM32G4xx_HAL_Driver/Src/stm32g4xx_hal_tim_ex.c ****       break;
 5750              		.loc 1 2365 28 is_stmt 0 view .LVU1660
 5751 003a 0B20     		movs	r0, #11
2363:Drivers/STM32G4xx_HAL_Driver/Src/stm32g4xx_hal_tim_ex.c ****       bkin_polarity_mask = TIM1_AF1_BKCMP2P;
ARM GAS  C:\Users\Booster\AppData\Local\Temp\ccs9w8jc.s 			page 194


 5752              		.loc 1 2363 26 view .LVU1661
 5753 003c 4FF0020E 		mov	lr, #2
2364:Drivers/STM32G4xx_HAL_Driver/Src/stm32g4xx_hal_tim_ex.c ****       bkin_polarity_bitpos = TIM1_AF1_BKCMP2P_Pos;
 5754              		.loc 1 2364 26 view .LVU1662
 5755 0040 4FF4006C 		mov	ip, #2048
 5756              	.LVL407:
 5757              	.L467:
2428:Drivers/STM32G4xx_HAL_Driver/Src/stm32g4xx_hal_tim_ex.c ****   {
 5758              		.loc 1 2428 3 is_stmt 1 view .LVU1663
 5759 0044 0129     		cmp	r1, #1
 5760 0046 1DD0     		beq	.L469
 5761 0048 0229     		cmp	r1, #2
 5762 004a 2CD0     		beq	.L470
 5763 004c 0120     		movs	r0, #1
 5764              	.LVL408:
 5765              	.L471:
2469:Drivers/STM32G4xx_HAL_Driver/Src/stm32g4xx_hal_tim_ex.c **** 
 5766              		.loc 1 2469 3 view .LVU1664
2469:Drivers/STM32G4xx_HAL_Driver/Src/stm32g4xx_hal_tim_ex.c **** 
 5767              		.loc 1 2469 3 view .LVU1665
 5768 004e 0022     		movs	r2, #0
 5769 0050 83F83C20 		strb	r2, [r3, #60]
2469:Drivers/STM32G4xx_HAL_Driver/Src/stm32g4xx_hal_tim_ex.c **** 
 5770              		.loc 1 2469 3 view .LVU1666
2471:Drivers/STM32G4xx_HAL_Driver/Src/stm32g4xx_hal_tim_ex.c **** }
 5771              		.loc 1 2471 3 view .LVU1667
2472:Drivers/STM32G4xx_HAL_Driver/Src/stm32g4xx_hal_tim_ex.c **** 
 5772              		.loc 1 2472 1 is_stmt 0 view .LVU1668
 5773 0054 70BD     		pop	{r4, r5, r6, pc}
 5774              	.LVL409:
 5775              	.L465:
2370:Drivers/STM32G4xx_HAL_Driver/Src/stm32g4xx_hal_tim_ex.c ****       bkin_enable_bitpos = TIM1_AF1_BKCMP3E_Pos;
 5776              		.loc 1 2370 7 is_stmt 1 view .LVU1669
2371:Drivers/STM32G4xx_HAL_Driver/Src/stm32g4xx_hal_tim_ex.c ****       bkin_polarity_mask = TIM1_AF1_BKCMP3P;
 5777              		.loc 1 2371 7 view .LVU1670
2372:Drivers/STM32G4xx_HAL_Driver/Src/stm32g4xx_hal_tim_ex.c ****       bkin_polarity_bitpos = TIM1_AF1_BKCMP3P_Pos;
 5778              		.loc 1 2372 7 view .LVU1671
2373:Drivers/STM32G4xx_HAL_Driver/Src/stm32g4xx_hal_tim_ex.c ****       break;
 5779              		.loc 1 2373 7 view .LVU1672
2374:Drivers/STM32G4xx_HAL_Driver/Src/stm32g4xx_hal_tim_ex.c ****     }
 5780              		.loc 1 2374 7 view .LVU1673
2373:Drivers/STM32G4xx_HAL_Driver/Src/stm32g4xx_hal_tim_ex.c ****       break;
 5781              		.loc 1 2373 28 is_stmt 0 view .LVU1674
 5782 0056 0C20     		movs	r0, #12
2371:Drivers/STM32G4xx_HAL_Driver/Src/stm32g4xx_hal_tim_ex.c ****       bkin_polarity_mask = TIM1_AF1_BKCMP3P;
 5783              		.loc 1 2371 26 view .LVU1675
 5784 0058 4FF0030E 		mov	lr, #3
2372:Drivers/STM32G4xx_HAL_Driver/Src/stm32g4xx_hal_tim_ex.c ****       bkin_polarity_bitpos = TIM1_AF1_BKCMP3P_Pos;
 5785              		.loc 1 2372 26 view .LVU1676
 5786 005c 4FF4805C 		mov	ip, #4096
2374:Drivers/STM32G4xx_HAL_Driver/Src/stm32g4xx_hal_tim_ex.c ****     }
 5787              		.loc 1 2374 7 view .LVU1677
 5788 0060 F0E7     		b	.L467
 5789              	.LVL410:
 5790              	.L463:
2378:Drivers/STM32G4xx_HAL_Driver/Src/stm32g4xx_hal_tim_ex.c ****       bkin_enable_bitpos = TIM1_AF1_BKCMP4E_Pos;
 5791              		.loc 1 2378 7 is_stmt 1 view .LVU1678
ARM GAS  C:\Users\Booster\AppData\Local\Temp\ccs9w8jc.s 			page 195


2379:Drivers/STM32G4xx_HAL_Driver/Src/stm32g4xx_hal_tim_ex.c ****       bkin_polarity_mask = TIM1_AF1_BKCMP4P;
 5792              		.loc 1 2379 7 view .LVU1679
2380:Drivers/STM32G4xx_HAL_Driver/Src/stm32g4xx_hal_tim_ex.c ****       bkin_polarity_bitpos = TIM1_AF1_BKCMP4P_Pos;
 5793              		.loc 1 2380 7 view .LVU1680
2381:Drivers/STM32G4xx_HAL_Driver/Src/stm32g4xx_hal_tim_ex.c ****       break;
 5794              		.loc 1 2381 7 view .LVU1681
2382:Drivers/STM32G4xx_HAL_Driver/Src/stm32g4xx_hal_tim_ex.c ****     }
 5795              		.loc 1 2382 7 view .LVU1682
2381:Drivers/STM32G4xx_HAL_Driver/Src/stm32g4xx_hal_tim_ex.c ****       break;
 5796              		.loc 1 2381 28 is_stmt 0 view .LVU1683
 5797 0062 0D20     		movs	r0, #13
2379:Drivers/STM32G4xx_HAL_Driver/Src/stm32g4xx_hal_tim_ex.c ****       bkin_polarity_mask = TIM1_AF1_BKCMP4P;
 5798              		.loc 1 2379 26 view .LVU1684
 5799 0064 4FF0040E 		mov	lr, #4
2380:Drivers/STM32G4xx_HAL_Driver/Src/stm32g4xx_hal_tim_ex.c ****       bkin_polarity_bitpos = TIM1_AF1_BKCMP4P_Pos;
 5800              		.loc 1 2380 26 view .LVU1685
 5801 0068 4FF4005C 		mov	ip, #8192
2382:Drivers/STM32G4xx_HAL_Driver/Src/stm32g4xx_hal_tim_ex.c ****     }
 5802              		.loc 1 2382 7 view .LVU1686
 5803 006c EAE7     		b	.L467
 5804              	.LVL411:
 5805              	.L462:
2420:Drivers/STM32G4xx_HAL_Driver/Src/stm32g4xx_hal_tim_ex.c ****       bkin_polarity_mask = 0U;
 5806              		.loc 1 2420 7 is_stmt 1 view .LVU1687
2421:Drivers/STM32G4xx_HAL_Driver/Src/stm32g4xx_hal_tim_ex.c ****       bkin_enable_bitpos = 0U;
 5807              		.loc 1 2421 7 view .LVU1688
2422:Drivers/STM32G4xx_HAL_Driver/Src/stm32g4xx_hal_tim_ex.c ****       bkin_polarity_bitpos = 0U;
 5808              		.loc 1 2422 7 view .LVU1689
2423:Drivers/STM32G4xx_HAL_Driver/Src/stm32g4xx_hal_tim_ex.c ****       break;
 5809              		.loc 1 2423 7 view .LVU1690
2424:Drivers/STM32G4xx_HAL_Driver/Src/stm32g4xx_hal_tim_ex.c ****     }
 5810              		.loc 1 2424 7 view .LVU1691
2423:Drivers/STM32G4xx_HAL_Driver/Src/stm32g4xx_hal_tim_ex.c ****       break;
 5811              		.loc 1 2423 28 is_stmt 0 view .LVU1692
 5812 006e 0020     		movs	r0, #0
2422:Drivers/STM32G4xx_HAL_Driver/Src/stm32g4xx_hal_tim_ex.c ****       bkin_polarity_bitpos = 0U;
 5813              		.loc 1 2422 26 view .LVU1693
 5814 0070 8646     		mov	lr, r0
2421:Drivers/STM32G4xx_HAL_Driver/Src/stm32g4xx_hal_tim_ex.c ****       bkin_enable_bitpos = 0U;
 5815              		.loc 1 2421 26 view .LVU1694
 5816 0072 8446     		mov	ip, r0
2420:Drivers/STM32G4xx_HAL_Driver/Src/stm32g4xx_hal_tim_ex.c ****       bkin_polarity_mask = 0U;
 5817              		.loc 1 2420 24 view .LVU1695
 5818 0074 0546     		mov	r5, r0
2424:Drivers/STM32G4xx_HAL_Driver/Src/stm32g4xx_hal_tim_ex.c ****     }
 5819              		.loc 1 2424 7 view .LVU1696
 5820 0076 E5E7     		b	.L467
 5821              	.LVL412:
 5822              	.L473:
2357:Drivers/STM32G4xx_HAL_Driver/Src/stm32g4xx_hal_tim_ex.c ****       break;
 5823              		.loc 1 2357 28 view .LVU1697
 5824 0078 0A20     		movs	r0, #10
2355:Drivers/STM32G4xx_HAL_Driver/Src/stm32g4xx_hal_tim_ex.c ****       bkin_polarity_mask = TIM1_AF1_BKCMP1P;
 5825              		.loc 1 2355 26 view .LVU1698
 5826 007a 4FF0010E 		mov	lr, #1
2356:Drivers/STM32G4xx_HAL_Driver/Src/stm32g4xx_hal_tim_ex.c ****       bkin_polarity_bitpos = TIM1_AF1_BKCMP1P_Pos;
 5827              		.loc 1 2356 26 view .LVU1699
ARM GAS  C:\Users\Booster\AppData\Local\Temp\ccs9w8jc.s 			page 196


 5828 007e 4FF4806C 		mov	ip, #1024
 5829 0082 DFE7     		b	.L467
 5830              	.LVL413:
 5831              	.L469:
2433:Drivers/STM32G4xx_HAL_Driver/Src/stm32g4xx_hal_tim_ex.c **** 
 5832              		.loc 1 2433 7 is_stmt 1 view .LVU1700
2433:Drivers/STM32G4xx_HAL_Driver/Src/stm32g4xx_hal_tim_ex.c **** 
 5833              		.loc 1 2433 20 is_stmt 0 view .LVU1701
 5834 0084 1C68     		ldr	r4, [r3]
2433:Drivers/STM32G4xx_HAL_Driver/Src/stm32g4xx_hal_tim_ex.c **** 
 5835              		.loc 1 2433 14 view .LVU1702
 5836 0086 266E     		ldr	r6, [r4, #96]
 5837              	.LVL414:
2436:Drivers/STM32G4xx_HAL_Driver/Src/stm32g4xx_hal_tim_ex.c ****       tmporx |= (sBreakInputConfig->Enable << bkin_enable_bitpos) & bkin_enable_mask;
 5838              		.loc 1 2436 7 is_stmt 1 view .LVU1703
2437:Drivers/STM32G4xx_HAL_Driver/Src/stm32g4xx_hal_tim_ex.c **** 
 5839              		.loc 1 2437 7 view .LVU1704
2437:Drivers/STM32G4xx_HAL_Driver/Src/stm32g4xx_hal_tim_ex.c **** 
 5840              		.loc 1 2437 35 is_stmt 0 view .LVU1705
 5841 0088 5168     		ldr	r1, [r2, #4]
 5842              	.LVL415:
2437:Drivers/STM32G4xx_HAL_Driver/Src/stm32g4xx_hal_tim_ex.c **** 
 5843              		.loc 1 2437 44 view .LVU1706
 5844 008a 01FA0EF1 		lsl	r1, r1, lr
 5845 008e 7140     		eors	r1, r1, r6
 5846 0090 2940     		ands	r1, r1, r5
2437:Drivers/STM32G4xx_HAL_Driver/Src/stm32g4xx_hal_tim_ex.c **** 
 5847              		.loc 1 2437 14 view .LVU1707
 5848 0092 7140     		eors	r1, r1, r6
 5849              	.LVL416:
2440:Drivers/STM32G4xx_HAL_Driver/Src/stm32g4xx_hal_tim_ex.c ****       tmporx |= (sBreakInputConfig->Polarity << bkin_polarity_bitpos) & bkin_polarity_mask;
 5850              		.loc 1 2440 7 is_stmt 1 view .LVU1708
2441:Drivers/STM32G4xx_HAL_Driver/Src/stm32g4xx_hal_tim_ex.c **** 
 5851              		.loc 1 2441 7 view .LVU1709
2441:Drivers/STM32G4xx_HAL_Driver/Src/stm32g4xx_hal_tim_ex.c **** 
 5852              		.loc 1 2441 35 is_stmt 0 view .LVU1710
 5853 0094 9268     		ldr	r2, [r2, #8]
 5854              	.LVL417:
2441:Drivers/STM32G4xx_HAL_Driver/Src/stm32g4xx_hal_tim_ex.c **** 
 5855              		.loc 1 2441 46 view .LVU1711
 5856 0096 8240     		lsls	r2, r2, r0
 5857 0098 4A40     		eors	r2, r2, r1
 5858 009a 02EA0C02 		and	r2, r2, ip
2441:Drivers/STM32G4xx_HAL_Driver/Src/stm32g4xx_hal_tim_ex.c **** 
 5859              		.loc 1 2441 14 view .LVU1712
 5860 009e 4A40     		eors	r2, r2, r1
 5861              	.LVL418:
2444:Drivers/STM32G4xx_HAL_Driver/Src/stm32g4xx_hal_tim_ex.c ****       break;
 5862              		.loc 1 2444 7 is_stmt 1 view .LVU1713
2444:Drivers/STM32G4xx_HAL_Driver/Src/stm32g4xx_hal_tim_ex.c ****       break;
 5863              		.loc 1 2444 27 is_stmt 0 view .LVU1714
 5864 00a0 2266     		str	r2, [r4, #96]
2445:Drivers/STM32G4xx_HAL_Driver/Src/stm32g4xx_hal_tim_ex.c ****     }
 5865              		.loc 1 2445 7 is_stmt 1 view .LVU1715
2325:Drivers/STM32G4xx_HAL_Driver/Src/stm32g4xx_hal_tim_ex.c ****   uint32_t tmporx;
 5866              		.loc 1 2325 21 is_stmt 0 view .LVU1716
 5867 00a2 0020     		movs	r0, #0
ARM GAS  C:\Users\Booster\AppData\Local\Temp\ccs9w8jc.s 			page 197


 5868              	.LVL419:
2445:Drivers/STM32G4xx_HAL_Driver/Src/stm32g4xx_hal_tim_ex.c ****     }
 5869              		.loc 1 2445 7 view .LVU1717
 5870 00a4 D3E7     		b	.L471
 5871              	.LVL420:
 5872              	.L470:
2450:Drivers/STM32G4xx_HAL_Driver/Src/stm32g4xx_hal_tim_ex.c **** 
 5873              		.loc 1 2450 7 is_stmt 1 view .LVU1718
2450:Drivers/STM32G4xx_HAL_Driver/Src/stm32g4xx_hal_tim_ex.c **** 
 5874              		.loc 1 2450 20 is_stmt 0 view .LVU1719
 5875 00a6 1C68     		ldr	r4, [r3]
2450:Drivers/STM32G4xx_HAL_Driver/Src/stm32g4xx_hal_tim_ex.c **** 
 5876              		.loc 1 2450 14 view .LVU1720
 5877 00a8 666E     		ldr	r6, [r4, #100]
 5878              	.LVL421:
2453:Drivers/STM32G4xx_HAL_Driver/Src/stm32g4xx_hal_tim_ex.c ****       tmporx |= (sBreakInputConfig->Enable << bkin_enable_bitpos) & bkin_enable_mask;
 5879              		.loc 1 2453 7 is_stmt 1 view .LVU1721
2454:Drivers/STM32G4xx_HAL_Driver/Src/stm32g4xx_hal_tim_ex.c **** 
 5880              		.loc 1 2454 7 view .LVU1722
2454:Drivers/STM32G4xx_HAL_Driver/Src/stm32g4xx_hal_tim_ex.c **** 
 5881              		.loc 1 2454 35 is_stmt 0 view .LVU1723
 5882 00aa 5168     		ldr	r1, [r2, #4]
 5883              	.LVL422:
2454:Drivers/STM32G4xx_HAL_Driver/Src/stm32g4xx_hal_tim_ex.c **** 
 5884              		.loc 1 2454 44 view .LVU1724
 5885 00ac 01FA0EF1 		lsl	r1, r1, lr
 5886 00b0 7140     		eors	r1, r1, r6
 5887 00b2 2940     		ands	r1, r1, r5
2454:Drivers/STM32G4xx_HAL_Driver/Src/stm32g4xx_hal_tim_ex.c **** 
 5888              		.loc 1 2454 14 view .LVU1725
 5889 00b4 7140     		eors	r1, r1, r6
 5890              	.LVL423:
2457:Drivers/STM32G4xx_HAL_Driver/Src/stm32g4xx_hal_tim_ex.c ****       tmporx |= (sBreakInputConfig->Polarity << bkin_polarity_bitpos) & bkin_polarity_mask;
 5891              		.loc 1 2457 7 is_stmt 1 view .LVU1726
2458:Drivers/STM32G4xx_HAL_Driver/Src/stm32g4xx_hal_tim_ex.c **** 
 5892              		.loc 1 2458 7 view .LVU1727
2458:Drivers/STM32G4xx_HAL_Driver/Src/stm32g4xx_hal_tim_ex.c **** 
 5893              		.loc 1 2458 35 is_stmt 0 view .LVU1728
 5894 00b6 9268     		ldr	r2, [r2, #8]
 5895              	.LVL424:
2458:Drivers/STM32G4xx_HAL_Driver/Src/stm32g4xx_hal_tim_ex.c **** 
 5896              		.loc 1 2458 46 view .LVU1729
 5897 00b8 8240     		lsls	r2, r2, r0
 5898 00ba 4A40     		eors	r2, r2, r1
 5899 00bc 02EA0C02 		and	r2, r2, ip
2458:Drivers/STM32G4xx_HAL_Driver/Src/stm32g4xx_hal_tim_ex.c **** 
 5900              		.loc 1 2458 14 view .LVU1730
 5901 00c0 4A40     		eors	r2, r2, r1
 5902              	.LVL425:
2461:Drivers/STM32G4xx_HAL_Driver/Src/stm32g4xx_hal_tim_ex.c ****       break;
 5903              		.loc 1 2461 7 is_stmt 1 view .LVU1731
2461:Drivers/STM32G4xx_HAL_Driver/Src/stm32g4xx_hal_tim_ex.c ****       break;
 5904              		.loc 1 2461 27 is_stmt 0 view .LVU1732
 5905 00c2 6266     		str	r2, [r4, #100]
2462:Drivers/STM32G4xx_HAL_Driver/Src/stm32g4xx_hal_tim_ex.c ****     }
 5906              		.loc 1 2462 7 is_stmt 1 view .LVU1733
2325:Drivers/STM32G4xx_HAL_Driver/Src/stm32g4xx_hal_tim_ex.c ****   uint32_t tmporx;
ARM GAS  C:\Users\Booster\AppData\Local\Temp\ccs9w8jc.s 			page 198


 5907              		.loc 1 2325 21 is_stmt 0 view .LVU1734
 5908 00c4 0020     		movs	r0, #0
 5909              	.LVL426:
2462:Drivers/STM32G4xx_HAL_Driver/Src/stm32g4xx_hal_tim_ex.c ****     }
 5910              		.loc 1 2462 7 view .LVU1735
 5911 00c6 C2E7     		b	.L471
 5912              	.LVL427:
 5913              	.L472:
 5914              	.LCFI47:
 5915              		.cfi_def_cfa_offset 0
 5916              		.cfi_restore 4
 5917              		.cfi_restore 5
 5918              		.cfi_restore 6
 5919              		.cfi_restore 14
2340:Drivers/STM32G4xx_HAL_Driver/Src/stm32g4xx_hal_tim_ex.c **** 
 5920              		.loc 1 2340 3 view .LVU1736
 5921 00c8 0220     		movs	r0, #2
2472:Drivers/STM32G4xx_HAL_Driver/Src/stm32g4xx_hal_tim_ex.c **** 
 5922              		.loc 1 2472 1 view .LVU1737
 5923 00ca 7047     		bx	lr
 5924              		.cfi_endproc
 5925              	.LFE360:
 5927              		.section	.text.HAL_TIMEx_RemapConfig,"ax",%progbits
 5928              		.align	1
 5929              		.global	HAL_TIMEx_RemapConfig
 5930              		.syntax unified
 5931              		.thumb
 5932              		.thumb_func
 5934              	HAL_TIMEx_RemapConfig:
 5935              	.LVL428:
 5936              	.LFB361:
2585:Drivers/STM32G4xx_HAL_Driver/Src/stm32g4xx_hal_tim_ex.c ****   /* Check parameters */
 5937              		.loc 1 2585 1 is_stmt 1 view -0
 5938              		.cfi_startproc
 5939              		@ args = 0, pretend = 0, frame = 0
 5940              		@ frame_needed = 0, uses_anonymous_args = 0
 5941              		@ link register save eliminated.
2587:Drivers/STM32G4xx_HAL_Driver/Src/stm32g4xx_hal_tim_ex.c ****   assert_param(IS_TIM_REMAP(Remap));
 5942              		.loc 1 2587 3 view .LVU1739
2588:Drivers/STM32G4xx_HAL_Driver/Src/stm32g4xx_hal_tim_ex.c **** 
 5943              		.loc 1 2588 3 view .LVU1740
2590:Drivers/STM32G4xx_HAL_Driver/Src/stm32g4xx_hal_tim_ex.c **** 
 5944              		.loc 1 2590 3 view .LVU1741
2590:Drivers/STM32G4xx_HAL_Driver/Src/stm32g4xx_hal_tim_ex.c **** 
 5945              		.loc 1 2590 3 view .LVU1742
 5946 0000 90F83C30 		ldrb	r3, [r0, #60]	@ zero_extendqisi2
 5947 0004 012B     		cmp	r3, #1
 5948 0006 0DD0     		beq	.L480
2590:Drivers/STM32G4xx_HAL_Driver/Src/stm32g4xx_hal_tim_ex.c **** 
 5949              		.loc 1 2590 3 discriminator 2 view .LVU1743
 5950 0008 0123     		movs	r3, #1
 5951 000a 80F83C30 		strb	r3, [r0, #60]
2590:Drivers/STM32G4xx_HAL_Driver/Src/stm32g4xx_hal_tim_ex.c **** 
 5952              		.loc 1 2590 3 discriminator 2 view .LVU1744
2592:Drivers/STM32G4xx_HAL_Driver/Src/stm32g4xx_hal_tim_ex.c **** 
 5953              		.loc 1 2592 3 discriminator 2 view .LVU1745
 5954 000e 0268     		ldr	r2, [r0]
ARM GAS  C:\Users\Booster\AppData\Local\Temp\ccs9w8jc.s 			page 199


 5955 0010 136E     		ldr	r3, [r2, #96]
 5956 0012 23F47033 		bic	r3, r3, #245760
 5957 0016 1943     		orrs	r1, r1, r3
 5958              	.LVL429:
2592:Drivers/STM32G4xx_HAL_Driver/Src/stm32g4xx_hal_tim_ex.c **** 
 5959              		.loc 1 2592 3 is_stmt 0 discriminator 2 view .LVU1746
 5960 0018 1166     		str	r1, [r2, #96]
2594:Drivers/STM32G4xx_HAL_Driver/Src/stm32g4xx_hal_tim_ex.c **** 
 5961              		.loc 1 2594 3 is_stmt 1 discriminator 2 view .LVU1747
2594:Drivers/STM32G4xx_HAL_Driver/Src/stm32g4xx_hal_tim_ex.c **** 
 5962              		.loc 1 2594 3 discriminator 2 view .LVU1748
 5963 001a 0023     		movs	r3, #0
 5964 001c 80F83C30 		strb	r3, [r0, #60]
2594:Drivers/STM32G4xx_HAL_Driver/Src/stm32g4xx_hal_tim_ex.c **** 
 5965              		.loc 1 2594 3 discriminator 2 view .LVU1749
2596:Drivers/STM32G4xx_HAL_Driver/Src/stm32g4xx_hal_tim_ex.c **** }
 5966              		.loc 1 2596 3 discriminator 2 view .LVU1750
2596:Drivers/STM32G4xx_HAL_Driver/Src/stm32g4xx_hal_tim_ex.c **** }
 5967              		.loc 1 2596 10 is_stmt 0 discriminator 2 view .LVU1751
 5968 0020 1846     		mov	r0, r3
 5969              	.LVL430:
2596:Drivers/STM32G4xx_HAL_Driver/Src/stm32g4xx_hal_tim_ex.c **** }
 5970              		.loc 1 2596 10 discriminator 2 view .LVU1752
 5971 0022 7047     		bx	lr
 5972              	.LVL431:
 5973              	.L480:
2590:Drivers/STM32G4xx_HAL_Driver/Src/stm32g4xx_hal_tim_ex.c **** 
 5974              		.loc 1 2590 3 view .LVU1753
 5975 0024 0220     		movs	r0, #2
 5976              	.LVL432:
2597:Drivers/STM32G4xx_HAL_Driver/Src/stm32g4xx_hal_tim_ex.c **** 
 5977              		.loc 1 2597 1 view .LVU1754
 5978 0026 7047     		bx	lr
 5979              		.cfi_endproc
 5980              	.LFE361:
 5982              		.section	.text.HAL_TIMEx_TISelection,"ax",%progbits
 5983              		.align	1
 5984              		.global	HAL_TIMEx_TISelection
 5985              		.syntax unified
 5986              		.thumb
 5987              		.thumb_func
 5989              	HAL_TIMEx_TISelection:
 5990              	.LVL433:
 5991              	.LFB362:
2759:Drivers/STM32G4xx_HAL_Driver/Src/stm32g4xx_hal_tim_ex.c ****   HAL_StatusTypeDef status = HAL_OK;
 5992              		.loc 1 2759 1 is_stmt 1 view -0
 5993              		.cfi_startproc
 5994              		@ args = 0, pretend = 0, frame = 0
 5995              		@ frame_needed = 0, uses_anonymous_args = 0
 5996              		@ link register save eliminated.
2759:Drivers/STM32G4xx_HAL_Driver/Src/stm32g4xx_hal_tim_ex.c ****   HAL_StatusTypeDef status = HAL_OK;
 5997              		.loc 1 2759 1 is_stmt 0 view .LVU1756
 5998 0000 0346     		mov	r3, r0
2760:Drivers/STM32G4xx_HAL_Driver/Src/stm32g4xx_hal_tim_ex.c **** 
 5999              		.loc 1 2760 3 is_stmt 1 view .LVU1757
 6000              	.LVL434:
2763:Drivers/STM32G4xx_HAL_Driver/Src/stm32g4xx_hal_tim_ex.c ****   assert_param(IS_TIM_TISEL(TISelection));
ARM GAS  C:\Users\Booster\AppData\Local\Temp\ccs9w8jc.s 			page 200


 6001              		.loc 1 2763 3 view .LVU1758
2764:Drivers/STM32G4xx_HAL_Driver/Src/stm32g4xx_hal_tim_ex.c **** 
 6002              		.loc 1 2764 3 view .LVU1759
2766:Drivers/STM32G4xx_HAL_Driver/Src/stm32g4xx_hal_tim_ex.c **** 
 6003              		.loc 1 2766 3 view .LVU1760
2766:Drivers/STM32G4xx_HAL_Driver/Src/stm32g4xx_hal_tim_ex.c **** 
 6004              		.loc 1 2766 3 view .LVU1761
 6005 0002 90F83C00 		ldrb	r0, [r0, #60]	@ zero_extendqisi2
 6006              	.LVL435:
2766:Drivers/STM32G4xx_HAL_Driver/Src/stm32g4xx_hal_tim_ex.c **** 
 6007              		.loc 1 2766 3 is_stmt 0 view .LVU1762
 6008 0006 0128     		cmp	r0, #1
 6009 0008 44D0     		beq	.L491
2766:Drivers/STM32G4xx_HAL_Driver/Src/stm32g4xx_hal_tim_ex.c **** 
 6010              		.loc 1 2766 3 is_stmt 1 discriminator 2 view .LVU1763
 6011 000a 0120     		movs	r0, #1
 6012 000c 83F83C00 		strb	r0, [r3, #60]
2766:Drivers/STM32G4xx_HAL_Driver/Src/stm32g4xx_hal_tim_ex.c **** 
 6013              		.loc 1 2766 3 discriminator 2 view .LVU1764
2768:Drivers/STM32G4xx_HAL_Driver/Src/stm32g4xx_hal_tim_ex.c ****   {
 6014              		.loc 1 2768 3 discriminator 2 view .LVU1765
 6015 0010 0C2A     		cmp	r2, #12
 6016 0012 3AD8     		bhi	.L492
 6017 0014 DFE802F0 		tbb	[pc, r2]
 6018              	.L485:
 6019 0018 07       		.byte	(.L488-.L485)/2
 6020 0019 39       		.byte	(.L492-.L485)/2
 6021 001a 39       		.byte	(.L492-.L485)/2
 6022 001b 39       		.byte	(.L492-.L485)/2
 6023 001c 21       		.byte	(.L487-.L485)/2
 6024 001d 39       		.byte	(.L492-.L485)/2
 6025 001e 39       		.byte	(.L492-.L485)/2
 6026 001f 39       		.byte	(.L492-.L485)/2
 6027 0020 29       		.byte	(.L486-.L485)/2
 6028 0021 39       		.byte	(.L492-.L485)/2
 6029 0022 39       		.byte	(.L492-.L485)/2
 6030 0023 39       		.byte	(.L492-.L485)/2
 6031 0024 31       		.byte	(.L484-.L485)/2
 6032 0025 00       		.p2align 1
 6033              	.L488:
2771:Drivers/STM32G4xx_HAL_Driver/Src/stm32g4xx_hal_tim_ex.c **** 
 6034              		.loc 1 2771 7 view .LVU1766
 6035 0026 1868     		ldr	r0, [r3]
 6036 0028 C26D     		ldr	r2, [r0, #92]
 6037              	.LVL436:
2771:Drivers/STM32G4xx_HAL_Driver/Src/stm32g4xx_hal_tim_ex.c **** 
 6038              		.loc 1 2771 7 is_stmt 0 view .LVU1767
 6039 002a 22F00F02 		bic	r2, r2, #15
 6040 002e 0A43     		orrs	r2, r2, r1
 6041 0030 C265     		str	r2, [r0, #92]
2774:Drivers/STM32G4xx_HAL_Driver/Src/stm32g4xx_hal_tim_ex.c ****       {
 6042              		.loc 1 2774 7 is_stmt 1 view .LVU1768
2774:Drivers/STM32G4xx_HAL_Driver/Src/stm32g4xx_hal_tim_ex.c ****       {
 6043              		.loc 1 2774 11 is_stmt 0 view .LVU1769
 6044 0032 1A68     		ldr	r2, [r3]
2774:Drivers/STM32G4xx_HAL_Driver/Src/stm32g4xx_hal_tim_ex.c ****       {
 6045              		.loc 1 2774 10 view .LVU1770
ARM GAS  C:\Users\Booster\AppData\Local\Temp\ccs9w8jc.s 			page 201


 6046 0034 1849     		ldr	r1, .L493
 6047              	.LVL437:
2774:Drivers/STM32G4xx_HAL_Driver/Src/stm32g4xx_hal_tim_ex.c ****       {
 6048              		.loc 1 2774 10 view .LVU1771
 6049 0036 8A42     		cmp	r2, r1
 6050 0038 09D0     		beq	.L489
2774:Drivers/STM32G4xx_HAL_Driver/Src/stm32g4xx_hal_tim_ex.c ****       {
 6051              		.loc 1 2774 11 discriminator 1 view .LVU1772
 6052 003a 01F58061 		add	r1, r1, #1024
 6053 003e 8A42     		cmp	r2, r1
 6054 0040 05D0     		beq	.L489
2780:Drivers/STM32G4xx_HAL_Driver/Src/stm32g4xx_hal_tim_ex.c ****       }
 6055              		.loc 1 2780 9 is_stmt 1 view .LVU1773
 6056 0042 916E     		ldr	r1, [r2, #104]
 6057 0044 21F00101 		bic	r1, r1, #1
 6058 0048 9166     		str	r1, [r2, #104]
2760:Drivers/STM32G4xx_HAL_Driver/Src/stm32g4xx_hal_tim_ex.c **** 
 6059              		.loc 1 2760 21 is_stmt 0 view .LVU1774
 6060 004a 0020     		movs	r0, #0
 6061 004c 1EE0     		b	.L483
 6062              	.L489:
2776:Drivers/STM32G4xx_HAL_Driver/Src/stm32g4xx_hal_tim_ex.c ****       }
 6063              		.loc 1 2776 9 is_stmt 1 view .LVU1775
 6064 004e 916E     		ldr	r1, [r2, #104]
 6065 0050 41F00101 		orr	r1, r1, #1
 6066 0054 9166     		str	r1, [r2, #104]
2760:Drivers/STM32G4xx_HAL_Driver/Src/stm32g4xx_hal_tim_ex.c **** 
 6067              		.loc 1 2760 21 is_stmt 0 view .LVU1776
 6068 0056 0020     		movs	r0, #0
2776:Drivers/STM32G4xx_HAL_Driver/Src/stm32g4xx_hal_tim_ex.c ****       }
 6069              		.loc 1 2776 9 view .LVU1777
 6070 0058 18E0     		b	.L483
 6071              	.LVL438:
 6072              	.L487:
2784:Drivers/STM32G4xx_HAL_Driver/Src/stm32g4xx_hal_tim_ex.c ****       break;
 6073              		.loc 1 2784 7 is_stmt 1 view .LVU1778
 6074 005a 1868     		ldr	r0, [r3]
 6075 005c C26D     		ldr	r2, [r0, #92]
 6076              	.LVL439:
2784:Drivers/STM32G4xx_HAL_Driver/Src/stm32g4xx_hal_tim_ex.c ****       break;
 6077              		.loc 1 2784 7 is_stmt 0 view .LVU1779
 6078 005e 22F47062 		bic	r2, r2, #3840
 6079 0062 0A43     		orrs	r2, r2, r1
 6080 0064 C265     		str	r2, [r0, #92]
2785:Drivers/STM32G4xx_HAL_Driver/Src/stm32g4xx_hal_tim_ex.c ****     case TIM_CHANNEL_3:
 6081              		.loc 1 2785 7 is_stmt 1 view .LVU1780
2760:Drivers/STM32G4xx_HAL_Driver/Src/stm32g4xx_hal_tim_ex.c **** 
 6082              		.loc 1 2760 21 is_stmt 0 view .LVU1781
 6083 0066 0020     		movs	r0, #0
2785:Drivers/STM32G4xx_HAL_Driver/Src/stm32g4xx_hal_tim_ex.c ****     case TIM_CHANNEL_3:
 6084              		.loc 1 2785 7 view .LVU1782
 6085 0068 10E0     		b	.L483
 6086              	.LVL440:
 6087              	.L486:
2787:Drivers/STM32G4xx_HAL_Driver/Src/stm32g4xx_hal_tim_ex.c ****       break;
 6088              		.loc 1 2787 7 is_stmt 1 view .LVU1783
 6089 006a 1868     		ldr	r0, [r3]
ARM GAS  C:\Users\Booster\AppData\Local\Temp\ccs9w8jc.s 			page 202


 6090 006c C26D     		ldr	r2, [r0, #92]
 6091              	.LVL441:
2787:Drivers/STM32G4xx_HAL_Driver/Src/stm32g4xx_hal_tim_ex.c ****       break;
 6092              		.loc 1 2787 7 is_stmt 0 view .LVU1784
 6093 006e 22F47022 		bic	r2, r2, #983040
 6094 0072 0A43     		orrs	r2, r2, r1
 6095 0074 C265     		str	r2, [r0, #92]
2788:Drivers/STM32G4xx_HAL_Driver/Src/stm32g4xx_hal_tim_ex.c ****     case TIM_CHANNEL_4:
 6096              		.loc 1 2788 7 is_stmt 1 view .LVU1785
2760:Drivers/STM32G4xx_HAL_Driver/Src/stm32g4xx_hal_tim_ex.c **** 
 6097              		.loc 1 2760 21 is_stmt 0 view .LVU1786
 6098 0076 0020     		movs	r0, #0
2788:Drivers/STM32G4xx_HAL_Driver/Src/stm32g4xx_hal_tim_ex.c ****     case TIM_CHANNEL_4:
 6099              		.loc 1 2788 7 view .LVU1787
 6100 0078 08E0     		b	.L483
 6101              	.LVL442:
 6102              	.L484:
2790:Drivers/STM32G4xx_HAL_Driver/Src/stm32g4xx_hal_tim_ex.c ****       break;
 6103              		.loc 1 2790 7 is_stmt 1 view .LVU1788
 6104 007a 1868     		ldr	r0, [r3]
 6105 007c C26D     		ldr	r2, [r0, #92]
 6106              	.LVL443:
2790:Drivers/STM32G4xx_HAL_Driver/Src/stm32g4xx_hal_tim_ex.c ****       break;
 6107              		.loc 1 2790 7 is_stmt 0 view .LVU1789
 6108 007e 22F07062 		bic	r2, r2, #251658240
 6109 0082 0A43     		orrs	r2, r2, r1
 6110 0084 C265     		str	r2, [r0, #92]
2791:Drivers/STM32G4xx_HAL_Driver/Src/stm32g4xx_hal_tim_ex.c ****     default:
 6111              		.loc 1 2791 7 is_stmt 1 view .LVU1790
2760:Drivers/STM32G4xx_HAL_Driver/Src/stm32g4xx_hal_tim_ex.c **** 
 6112              		.loc 1 2760 21 is_stmt 0 view .LVU1791
 6113 0086 0020     		movs	r0, #0
2791:Drivers/STM32G4xx_HAL_Driver/Src/stm32g4xx_hal_tim_ex.c ****     default:
 6114              		.loc 1 2791 7 view .LVU1792
 6115 0088 00E0     		b	.L483
 6116              	.LVL444:
 6117              	.L492:
2768:Drivers/STM32G4xx_HAL_Driver/Src/stm32g4xx_hal_tim_ex.c ****   {
 6118              		.loc 1 2768 3 view .LVU1793
 6119 008a 0120     		movs	r0, #1
 6120              	.LVL445:
 6121              	.L483:
2797:Drivers/STM32G4xx_HAL_Driver/Src/stm32g4xx_hal_tim_ex.c **** 
 6122              		.loc 1 2797 3 is_stmt 1 view .LVU1794
2797:Drivers/STM32G4xx_HAL_Driver/Src/stm32g4xx_hal_tim_ex.c **** 
 6123              		.loc 1 2797 3 view .LVU1795
 6124 008c 0022     		movs	r2, #0
 6125 008e 83F83C20 		strb	r2, [r3, #60]
2797:Drivers/STM32G4xx_HAL_Driver/Src/stm32g4xx_hal_tim_ex.c **** 
 6126              		.loc 1 2797 3 view .LVU1796
2799:Drivers/STM32G4xx_HAL_Driver/Src/stm32g4xx_hal_tim_ex.c **** }
 6127              		.loc 1 2799 3 view .LVU1797
2799:Drivers/STM32G4xx_HAL_Driver/Src/stm32g4xx_hal_tim_ex.c **** }
 6128              		.loc 1 2799 10 is_stmt 0 view .LVU1798
 6129 0092 7047     		bx	lr
 6130              	.LVL446:
 6131              	.L491:
ARM GAS  C:\Users\Booster\AppData\Local\Temp\ccs9w8jc.s 			page 203


2766:Drivers/STM32G4xx_HAL_Driver/Src/stm32g4xx_hal_tim_ex.c **** 
 6132              		.loc 1 2766 3 view .LVU1799
 6133 0094 0220     		movs	r0, #2
2800:Drivers/STM32G4xx_HAL_Driver/Src/stm32g4xx_hal_tim_ex.c **** 
 6134              		.loc 1 2800 1 view .LVU1800
 6135 0096 7047     		bx	lr
 6136              	.L494:
 6137              		.align	2
 6138              	.L493:
 6139 0098 00440140 		.word	1073824768
 6140              		.cfi_endproc
 6141              	.LFE362:
 6143              		.section	.text.HAL_TIMEx_GroupChannel5,"ax",%progbits
 6144              		.align	1
 6145              		.global	HAL_TIMEx_GroupChannel5
 6146              		.syntax unified
 6147              		.thumb
 6148              		.thumb_func
 6150              	HAL_TIMEx_GroupChannel5:
 6151              	.LVL447:
 6152              	.LFB363:
2814:Drivers/STM32G4xx_HAL_Driver/Src/stm32g4xx_hal_tim_ex.c ****   /* Check parameters */
 6153              		.loc 1 2814 1 is_stmt 1 view -0
 6154              		.cfi_startproc
 6155              		@ args = 0, pretend = 0, frame = 0
 6156              		@ frame_needed = 0, uses_anonymous_args = 0
 6157              		@ link register save eliminated.
2816:Drivers/STM32G4xx_HAL_Driver/Src/stm32g4xx_hal_tim_ex.c ****   assert_param(IS_TIM_GROUPCH5(Channels));
 6158              		.loc 1 2816 3 view .LVU1802
2817:Drivers/STM32G4xx_HAL_Driver/Src/stm32g4xx_hal_tim_ex.c **** 
 6159              		.loc 1 2817 3 view .LVU1803
2820:Drivers/STM32G4xx_HAL_Driver/Src/stm32g4xx_hal_tim_ex.c **** 
 6160              		.loc 1 2820 3 view .LVU1804
2820:Drivers/STM32G4xx_HAL_Driver/Src/stm32g4xx_hal_tim_ex.c **** 
 6161              		.loc 1 2820 3 view .LVU1805
 6162 0000 90F83C30 		ldrb	r3, [r0, #60]	@ zero_extendqisi2
 6163 0004 012B     		cmp	r3, #1
 6164 0006 18D0     		beq	.L497
2814:Drivers/STM32G4xx_HAL_Driver/Src/stm32g4xx_hal_tim_ex.c ****   /* Check parameters */
 6165              		.loc 1 2814 1 is_stmt 0 discriminator 2 view .LVU1806
 6166 0008 10B4     		push	{r4}
 6167              	.LCFI48:
 6168              		.cfi_def_cfa_offset 4
 6169              		.cfi_offset 4, -4
2820:Drivers/STM32G4xx_HAL_Driver/Src/stm32g4xx_hal_tim_ex.c **** 
 6170              		.loc 1 2820 3 is_stmt 1 discriminator 2 view .LVU1807
 6171 000a 0122     		movs	r2, #1
 6172 000c 80F83C20 		strb	r2, [r0, #60]
2820:Drivers/STM32G4xx_HAL_Driver/Src/stm32g4xx_hal_tim_ex.c **** 
 6173              		.loc 1 2820 3 discriminator 2 view .LVU1808
2822:Drivers/STM32G4xx_HAL_Driver/Src/stm32g4xx_hal_tim_ex.c **** 
 6174              		.loc 1 2822 3 discriminator 2 view .LVU1809
2822:Drivers/STM32G4xx_HAL_Driver/Src/stm32g4xx_hal_tim_ex.c **** 
 6175              		.loc 1 2822 15 is_stmt 0 discriminator 2 view .LVU1810
 6176 0010 0223     		movs	r3, #2
 6177 0012 80F83D30 		strb	r3, [r0, #61]
2825:Drivers/STM32G4xx_HAL_Driver/Src/stm32g4xx_hal_tim_ex.c **** 
ARM GAS  C:\Users\Booster\AppData\Local\Temp\ccs9w8jc.s 			page 204


 6178              		.loc 1 2825 3 is_stmt 1 discriminator 2 view .LVU1811
2825:Drivers/STM32G4xx_HAL_Driver/Src/stm32g4xx_hal_tim_ex.c **** 
 6179              		.loc 1 2825 7 is_stmt 0 discriminator 2 view .LVU1812
 6180 0016 0468     		ldr	r4, [r0]
2825:Drivers/STM32G4xx_HAL_Driver/Src/stm32g4xx_hal_tim_ex.c **** 
 6181              		.loc 1 2825 17 discriminator 2 view .LVU1813
 6182 0018 A36C     		ldr	r3, [r4, #72]
2825:Drivers/STM32G4xx_HAL_Driver/Src/stm32g4xx_hal_tim_ex.c **** 
 6183              		.loc 1 2825 24 discriminator 2 view .LVU1814
 6184 001a 23F06043 		bic	r3, r3, #-536870912
 6185 001e A364     		str	r3, [r4, #72]
2828:Drivers/STM32G4xx_HAL_Driver/Src/stm32g4xx_hal_tim_ex.c **** 
 6186              		.loc 1 2828 3 is_stmt 1 discriminator 2 view .LVU1815
2828:Drivers/STM32G4xx_HAL_Driver/Src/stm32g4xx_hal_tim_ex.c **** 
 6187              		.loc 1 2828 7 is_stmt 0 discriminator 2 view .LVU1816
 6188 0020 0468     		ldr	r4, [r0]
2828:Drivers/STM32G4xx_HAL_Driver/Src/stm32g4xx_hal_tim_ex.c **** 
 6189              		.loc 1 2828 17 discriminator 2 view .LVU1817
 6190 0022 A36C     		ldr	r3, [r4, #72]
2828:Drivers/STM32G4xx_HAL_Driver/Src/stm32g4xx_hal_tim_ex.c **** 
 6191              		.loc 1 2828 24 discriminator 2 view .LVU1818
 6192 0024 0B43     		orrs	r3, r3, r1
 6193 0026 A364     		str	r3, [r4, #72]
2831:Drivers/STM32G4xx_HAL_Driver/Src/stm32g4xx_hal_tim_ex.c **** 
 6194              		.loc 1 2831 3 is_stmt 1 discriminator 2 view .LVU1819
2831:Drivers/STM32G4xx_HAL_Driver/Src/stm32g4xx_hal_tim_ex.c **** 
 6195              		.loc 1 2831 15 is_stmt 0 discriminator 2 view .LVU1820
 6196 0028 80F83D20 		strb	r2, [r0, #61]
2833:Drivers/STM32G4xx_HAL_Driver/Src/stm32g4xx_hal_tim_ex.c **** 
 6197              		.loc 1 2833 3 is_stmt 1 discriminator 2 view .LVU1821
2833:Drivers/STM32G4xx_HAL_Driver/Src/stm32g4xx_hal_tim_ex.c **** 
 6198              		.loc 1 2833 3 discriminator 2 view .LVU1822
 6199 002c 0023     		movs	r3, #0
 6200 002e 80F83C30 		strb	r3, [r0, #60]
2833:Drivers/STM32G4xx_HAL_Driver/Src/stm32g4xx_hal_tim_ex.c **** 
 6201              		.loc 1 2833 3 discriminator 2 view .LVU1823
2835:Drivers/STM32G4xx_HAL_Driver/Src/stm32g4xx_hal_tim_ex.c **** }
 6202              		.loc 1 2835 3 discriminator 2 view .LVU1824
2835:Drivers/STM32G4xx_HAL_Driver/Src/stm32g4xx_hal_tim_ex.c **** }
 6203              		.loc 1 2835 10 is_stmt 0 discriminator 2 view .LVU1825
 6204 0032 1846     		mov	r0, r3
 6205              	.LVL448:
2836:Drivers/STM32G4xx_HAL_Driver/Src/stm32g4xx_hal_tim_ex.c **** 
 6206              		.loc 1 2836 1 discriminator 2 view .LVU1826
 6207 0034 5DF8044B 		ldr	r4, [sp], #4
 6208              	.LCFI49:
 6209              		.cfi_restore 4
 6210              		.cfi_def_cfa_offset 0
 6211 0038 7047     		bx	lr
 6212              	.LVL449:
 6213              	.L497:
2820:Drivers/STM32G4xx_HAL_Driver/Src/stm32g4xx_hal_tim_ex.c **** 
 6214              		.loc 1 2820 3 view .LVU1827
 6215 003a 0220     		movs	r0, #2
 6216              	.LVL450:
2836:Drivers/STM32G4xx_HAL_Driver/Src/stm32g4xx_hal_tim_ex.c **** 
 6217              		.loc 1 2836 1 view .LVU1828
ARM GAS  C:\Users\Booster\AppData\Local\Temp\ccs9w8jc.s 			page 205


 6218 003c 7047     		bx	lr
 6219              		.cfi_endproc
 6220              	.LFE363:
 6222              		.section	.text.HAL_TIMEx_DisarmBreakInput,"ax",%progbits
 6223              		.align	1
 6224              		.global	HAL_TIMEx_DisarmBreakInput
 6225              		.syntax unified
 6226              		.thumb
 6227              		.thumb_func
 6229              	HAL_TIMEx_DisarmBreakInput:
 6230              	.LVL451:
 6231              	.LFB364:
2852:Drivers/STM32G4xx_HAL_Driver/Src/stm32g4xx_hal_tim_ex.c ****   HAL_StatusTypeDef status = HAL_OK;
 6232              		.loc 1 2852 1 is_stmt 1 view -0
 6233              		.cfi_startproc
 6234              		@ args = 0, pretend = 0, frame = 0
 6235              		@ frame_needed = 0, uses_anonymous_args = 0
 6236              		@ link register save eliminated.
2853:Drivers/STM32G4xx_HAL_Driver/Src/stm32g4xx_hal_tim_ex.c ****   uint32_t tmpbdtr;
 6237              		.loc 1 2853 3 view .LVU1830
2854:Drivers/STM32G4xx_HAL_Driver/Src/stm32g4xx_hal_tim_ex.c **** 
 6238              		.loc 1 2854 3 view .LVU1831
2857:Drivers/STM32G4xx_HAL_Driver/Src/stm32g4xx_hal_tim_ex.c ****   assert_param(IS_TIM_BREAKINPUT(BreakInput));
 6239              		.loc 1 2857 3 view .LVU1832
2858:Drivers/STM32G4xx_HAL_Driver/Src/stm32g4xx_hal_tim_ex.c **** 
 6240              		.loc 1 2858 3 view .LVU1833
2860:Drivers/STM32G4xx_HAL_Driver/Src/stm32g4xx_hal_tim_ex.c ****   {
 6241              		.loc 1 2860 3 view .LVU1834
 6242 0000 0129     		cmp	r1, #1
 6243 0002 03D0     		beq	.L503
 6244 0004 0229     		cmp	r1, #2
 6245 0006 10D0     		beq	.L504
 6246 0008 0120     		movs	r0, #1
 6247              	.LVL452:
2860:Drivers/STM32G4xx_HAL_Driver/Src/stm32g4xx_hal_tim_ex.c ****   {
 6248              		.loc 1 2860 3 is_stmt 0 view .LVU1835
 6249 000a 7047     		bx	lr
 6250              	.LVL453:
 6251              	.L503:
2865:Drivers/STM32G4xx_HAL_Driver/Src/stm32g4xx_hal_tim_ex.c ****       if ((READ_BIT(tmpbdtr, TIM_BDTR_BKBID) == TIM_BDTR_BKBID) &&
 6252              		.loc 1 2865 7 is_stmt 1 view .LVU1836
2865:Drivers/STM32G4xx_HAL_Driver/Src/stm32g4xx_hal_tim_ex.c ****       if ((READ_BIT(tmpbdtr, TIM_BDTR_BKBID) == TIM_BDTR_BKBID) &&
 6253              		.loc 1 2865 17 is_stmt 0 view .LVU1837
 6254 000c 0268     		ldr	r2, [r0]
2865:Drivers/STM32G4xx_HAL_Driver/Src/stm32g4xx_hal_tim_ex.c ****       if ((READ_BIT(tmpbdtr, TIM_BDTR_BKBID) == TIM_BDTR_BKBID) &&
 6255              		.loc 1 2865 15 view .LVU1838
 6256 000e 516C     		ldr	r1, [r2, #68]
 6257              	.LVL454:
2866:Drivers/STM32G4xx_HAL_Driver/Src/stm32g4xx_hal_tim_ex.c ****           (READ_BIT(tmpbdtr, TIM_BDTR_MOE) == 0U))
 6258              		.loc 1 2866 7 is_stmt 1 view .LVU1839
2866:Drivers/STM32G4xx_HAL_Driver/Src/stm32g4xx_hal_tim_ex.c ****           (READ_BIT(tmpbdtr, TIM_BDTR_MOE) == 0U))
 6259              		.loc 1 2866 65 is_stmt 0 view .LVU1840
 6260 0010 0D4B     		ldr	r3, .L510
 6261 0012 0B40     		ands	r3, r3, r1
2866:Drivers/STM32G4xx_HAL_Driver/Src/stm32g4xx_hal_tim_ex.c ****           (READ_BIT(tmpbdtr, TIM_BDTR_MOE) == 0U))
 6262              		.loc 1 2866 10 view .LVU1841
 6263 0014 B3F1805F 		cmp	r3, #268435456
ARM GAS  C:\Users\Booster\AppData\Local\Temp\ccs9w8jc.s 			page 206


 6264 0018 01D0     		beq	.L508
2853:Drivers/STM32G4xx_HAL_Driver/Src/stm32g4xx_hal_tim_ex.c ****   uint32_t tmpbdtr;
 6265              		.loc 1 2853 21 view .LVU1842
 6266 001a 0020     		movs	r0, #0
 6267              	.LVL455:
2853:Drivers/STM32G4xx_HAL_Driver/Src/stm32g4xx_hal_tim_ex.c ****   uint32_t tmpbdtr;
 6268              		.loc 1 2853 21 view .LVU1843
 6269 001c 7047     		bx	lr
 6270              	.LVL456:
 6271              	.L508:
2870:Drivers/STM32G4xx_HAL_Driver/Src/stm32g4xx_hal_tim_ex.c ****       }
 6272              		.loc 1 2870 9 is_stmt 1 view .LVU1844
 6273 001e 536C     		ldr	r3, [r2, #68]
 6274 0020 43F08063 		orr	r3, r3, #67108864
 6275 0024 5364     		str	r3, [r2, #68]
2853:Drivers/STM32G4xx_HAL_Driver/Src/stm32g4xx_hal_tim_ex.c ****   uint32_t tmpbdtr;
 6276              		.loc 1 2853 21 is_stmt 0 view .LVU1845
 6277 0026 0020     		movs	r0, #0
 6278              	.LVL457:
2853:Drivers/STM32G4xx_HAL_Driver/Src/stm32g4xx_hal_tim_ex.c ****   uint32_t tmpbdtr;
 6279              		.loc 1 2853 21 view .LVU1846
 6280 0028 7047     		bx	lr
 6281              	.LVL458:
 6282              	.L504:
2877:Drivers/STM32G4xx_HAL_Driver/Src/stm32g4xx_hal_tim_ex.c ****       if ((READ_BIT(tmpbdtr, TIM_BDTR_BK2BID) == TIM_BDTR_BK2BID) &&
 6283              		.loc 1 2877 7 is_stmt 1 view .LVU1847
2877:Drivers/STM32G4xx_HAL_Driver/Src/stm32g4xx_hal_tim_ex.c ****       if ((READ_BIT(tmpbdtr, TIM_BDTR_BK2BID) == TIM_BDTR_BK2BID) &&
 6284              		.loc 1 2877 17 is_stmt 0 view .LVU1848
 6285 002a 0268     		ldr	r2, [r0]
2877:Drivers/STM32G4xx_HAL_Driver/Src/stm32g4xx_hal_tim_ex.c ****       if ((READ_BIT(tmpbdtr, TIM_BDTR_BK2BID) == TIM_BDTR_BK2BID) &&
 6286              		.loc 1 2877 15 view .LVU1849
 6287 002c 516C     		ldr	r1, [r2, #68]
 6288              	.LVL459:
2878:Drivers/STM32G4xx_HAL_Driver/Src/stm32g4xx_hal_tim_ex.c ****           (READ_BIT(tmpbdtr, TIM_BDTR_MOE) == 0U))
 6289              		.loc 1 2878 7 is_stmt 1 view .LVU1850
2878:Drivers/STM32G4xx_HAL_Driver/Src/stm32g4xx_hal_tim_ex.c ****           (READ_BIT(tmpbdtr, TIM_BDTR_MOE) == 0U))
 6290              		.loc 1 2878 67 is_stmt 0 view .LVU1851
 6291 002e 074B     		ldr	r3, .L510+4
 6292 0030 0B40     		ands	r3, r3, r1
2878:Drivers/STM32G4xx_HAL_Driver/Src/stm32g4xx_hal_tim_ex.c ****           (READ_BIT(tmpbdtr, TIM_BDTR_MOE) == 0U))
 6293              		.loc 1 2878 10 view .LVU1852
 6294 0032 B3F1005F 		cmp	r3, #536870912
 6295 0036 01D0     		beq	.L509
2853:Drivers/STM32G4xx_HAL_Driver/Src/stm32g4xx_hal_tim_ex.c ****   uint32_t tmpbdtr;
 6296              		.loc 1 2853 21 view .LVU1853
 6297 0038 0020     		movs	r0, #0
 6298              	.LVL460:
2891:Drivers/STM32G4xx_HAL_Driver/Src/stm32g4xx_hal_tim_ex.c **** }
 6299              		.loc 1 2891 3 is_stmt 1 view .LVU1854
2892:Drivers/STM32G4xx_HAL_Driver/Src/stm32g4xx_hal_tim_ex.c **** 
 6300              		.loc 1 2892 1 is_stmt 0 view .LVU1855
 6301 003a 7047     		bx	lr
 6302              	.LVL461:
 6303              	.L509:
2882:Drivers/STM32G4xx_HAL_Driver/Src/stm32g4xx_hal_tim_ex.c ****       }
 6304              		.loc 1 2882 9 is_stmt 1 view .LVU1856
 6305 003c 536C     		ldr	r3, [r2, #68]
ARM GAS  C:\Users\Booster\AppData\Local\Temp\ccs9w8jc.s 			page 207


 6306 003e 43F00063 		orr	r3, r3, #134217728
 6307 0042 5364     		str	r3, [r2, #68]
2853:Drivers/STM32G4xx_HAL_Driver/Src/stm32g4xx_hal_tim_ex.c ****   uint32_t tmpbdtr;
 6308              		.loc 1 2853 21 is_stmt 0 view .LVU1857
 6309 0044 0020     		movs	r0, #0
 6310              	.LVL462:
2853:Drivers/STM32G4xx_HAL_Driver/Src/stm32g4xx_hal_tim_ex.c ****   uint32_t tmpbdtr;
 6311              		.loc 1 2853 21 view .LVU1858
 6312 0046 7047     		bx	lr
 6313              	.L511:
 6314              		.align	2
 6315              	.L510:
 6316 0048 00800010 		.word	268468224
 6317 004c 00800020 		.word	536903680
 6318              		.cfi_endproc
 6319              	.LFE364:
 6321              		.section	.text.HAL_TIMEx_ReArmBreakInput,"ax",%progbits
 6322              		.align	1
 6323              		.global	HAL_TIMEx_ReArmBreakInput
 6324              		.syntax unified
 6325              		.thumb
 6326              		.thumb_func
 6328              	HAL_TIMEx_ReArmBreakInput:
 6329              	.LVL463:
 6330              	.LFB365:
2906:Drivers/STM32G4xx_HAL_Driver/Src/stm32g4xx_hal_tim_ex.c ****   HAL_StatusTypeDef status = HAL_OK;
 6331              		.loc 1 2906 1 is_stmt 1 view -0
 6332              		.cfi_startproc
 6333              		@ args = 0, pretend = 0, frame = 0
 6334              		@ frame_needed = 0, uses_anonymous_args = 0
2906:Drivers/STM32G4xx_HAL_Driver/Src/stm32g4xx_hal_tim_ex.c ****   HAL_StatusTypeDef status = HAL_OK;
 6335              		.loc 1 2906 1 is_stmt 0 view .LVU1860
 6336 0000 38B5     		push	{r3, r4, r5, lr}
 6337              	.LCFI50:
 6338              		.cfi_def_cfa_offset 16
 6339              		.cfi_offset 3, -16
 6340              		.cfi_offset 4, -12
 6341              		.cfi_offset 5, -8
 6342              		.cfi_offset 14, -4
 6343 0002 0446     		mov	r4, r0
2907:Drivers/STM32G4xx_HAL_Driver/Src/stm32g4xx_hal_tim_ex.c ****   uint32_t tickstart;
 6344              		.loc 1 2907 3 is_stmt 1 view .LVU1861
 6345              	.LVL464:
2908:Drivers/STM32G4xx_HAL_Driver/Src/stm32g4xx_hal_tim_ex.c **** 
 6346              		.loc 1 2908 3 view .LVU1862
2911:Drivers/STM32G4xx_HAL_Driver/Src/stm32g4xx_hal_tim_ex.c ****   assert_param(IS_TIM_BREAKINPUT(BreakInput));
 6347              		.loc 1 2911 3 view .LVU1863
2912:Drivers/STM32G4xx_HAL_Driver/Src/stm32g4xx_hal_tim_ex.c **** 
 6348              		.loc 1 2912 3 view .LVU1864
2914:Drivers/STM32G4xx_HAL_Driver/Src/stm32g4xx_hal_tim_ex.c ****   {
 6349              		.loc 1 2914 3 view .LVU1865
 6350 0004 0129     		cmp	r1, #1
 6351 0006 03D0     		beq	.L513
 6352 0008 0229     		cmp	r1, #2
 6353 000a 1ED0     		beq	.L514
 6354 000c 0120     		movs	r0, #1
 6355              	.LVL465:
ARM GAS  C:\Users\Booster\AppData\Local\Temp\ccs9w8jc.s 			page 208


 6356              	.L515:
2967:Drivers/STM32G4xx_HAL_Driver/Src/stm32g4xx_hal_tim_ex.c **** 
 6357              		.loc 1 2967 1 is_stmt 0 view .LVU1866
 6358 000e 38BD     		pop	{r3, r4, r5, pc}
 6359              	.LVL466:
 6360              	.L513:
2919:Drivers/STM32G4xx_HAL_Driver/Src/stm32g4xx_hal_tim_ex.c ****       {
 6361              		.loc 1 2919 7 is_stmt 1 view .LVU1867
2919:Drivers/STM32G4xx_HAL_Driver/Src/stm32g4xx_hal_tim_ex.c ****       {
 6362              		.loc 1 2919 11 is_stmt 0 view .LVU1868
 6363 0010 0368     		ldr	r3, [r0]
 6364 0012 5B6C     		ldr	r3, [r3, #68]
2919:Drivers/STM32G4xx_HAL_Driver/Src/stm32g4xx_hal_tim_ex.c ****       {
 6365              		.loc 1 2919 10 view .LVU1869
 6366 0014 13F0805F 		tst	r3, #268435456
 6367 0018 01D1     		bne	.L525
2907:Drivers/STM32G4xx_HAL_Driver/Src/stm32g4xx_hal_tim_ex.c ****   uint32_t tickstart;
 6368              		.loc 1 2907 21 view .LVU1870
 6369 001a 0020     		movs	r0, #0
 6370              	.LVL467:
2907:Drivers/STM32G4xx_HAL_Driver/Src/stm32g4xx_hal_tim_ex.c ****   uint32_t tickstart;
 6371              		.loc 1 2907 21 view .LVU1871
 6372 001c F7E7     		b	.L515
 6373              	.LVL468:
 6374              	.L525:
2923:Drivers/STM32G4xx_HAL_Driver/Src/stm32g4xx_hal_tim_ex.c ****         while (READ_BIT(htim->Instance->BDTR, TIM_BDTR_BKDSRM) != 0UL)
 6375              		.loc 1 2923 9 is_stmt 1 view .LVU1872
2923:Drivers/STM32G4xx_HAL_Driver/Src/stm32g4xx_hal_tim_ex.c ****         while (READ_BIT(htim->Instance->BDTR, TIM_BDTR_BKDSRM) != 0UL)
 6376              		.loc 1 2923 21 is_stmt 0 view .LVU1873
 6377 001e FFF7FEFF 		bl	HAL_GetTick
 6378              	.LVL469:
2923:Drivers/STM32G4xx_HAL_Driver/Src/stm32g4xx_hal_tim_ex.c ****         while (READ_BIT(htim->Instance->BDTR, TIM_BDTR_BKDSRM) != 0UL)
 6379              		.loc 1 2923 21 view .LVU1874
 6380 0022 0546     		mov	r5, r0
 6381              	.LVL470:
2924:Drivers/STM32G4xx_HAL_Driver/Src/stm32g4xx_hal_tim_ex.c ****         {
 6382              		.loc 1 2924 9 is_stmt 1 view .LVU1875
 6383              	.L516:
2924:Drivers/STM32G4xx_HAL_Driver/Src/stm32g4xx_hal_tim_ex.c ****         {
 6384              		.loc 1 2924 64 view .LVU1876
2924:Drivers/STM32G4xx_HAL_Driver/Src/stm32g4xx_hal_tim_ex.c ****         {
 6385              		.loc 1 2924 16 is_stmt 0 view .LVU1877
 6386 0024 2368     		ldr	r3, [r4]
 6387 0026 5B6C     		ldr	r3, [r3, #68]
2924:Drivers/STM32G4xx_HAL_Driver/Src/stm32g4xx_hal_tim_ex.c ****         {
 6388              		.loc 1 2924 64 view .LVU1878
 6389 0028 13F0806F 		tst	r3, #67108864
 6390 002c 0BD0     		beq	.L526
2926:Drivers/STM32G4xx_HAL_Driver/Src/stm32g4xx_hal_tim_ex.c ****           {
 6391              		.loc 1 2926 11 is_stmt 1 view .LVU1879
2926:Drivers/STM32G4xx_HAL_Driver/Src/stm32g4xx_hal_tim_ex.c ****           {
 6392              		.loc 1 2926 16 is_stmt 0 view .LVU1880
 6393 002e FFF7FEFF 		bl	HAL_GetTick
 6394              	.LVL471:
2926:Drivers/STM32G4xx_HAL_Driver/Src/stm32g4xx_hal_tim_ex.c ****           {
 6395              		.loc 1 2926 30 view .LVU1881
 6396 0032 401B     		subs	r0, r0, r5
ARM GAS  C:\Users\Booster\AppData\Local\Temp\ccs9w8jc.s 			page 209


2926:Drivers/STM32G4xx_HAL_Driver/Src/stm32g4xx_hal_tim_ex.c ****           {
 6397              		.loc 1 2926 14 view .LVU1882
 6398 0034 0528     		cmp	r0, #5
 6399 0036 F5D9     		bls	.L516
2929:Drivers/STM32G4xx_HAL_Driver/Src/stm32g4xx_hal_tim_ex.c ****             {
 6400              		.loc 1 2929 13 is_stmt 1 view .LVU1883
2929:Drivers/STM32G4xx_HAL_Driver/Src/stm32g4xx_hal_tim_ex.c ****             {
 6401              		.loc 1 2929 17 is_stmt 0 view .LVU1884
 6402 0038 2368     		ldr	r3, [r4]
 6403 003a 5B6C     		ldr	r3, [r3, #68]
2929:Drivers/STM32G4xx_HAL_Driver/Src/stm32g4xx_hal_tim_ex.c ****             {
 6404              		.loc 1 2929 16 view .LVU1885
 6405 003c 13F0806F 		tst	r3, #67108864
 6406 0040 F0D0     		beq	.L516
2931:Drivers/STM32G4xx_HAL_Driver/Src/stm32g4xx_hal_tim_ex.c ****             }
 6407              		.loc 1 2931 22 view .LVU1886
 6408 0042 0320     		movs	r0, #3
 6409 0044 E3E7     		b	.L515
 6410              	.L526:
2907:Drivers/STM32G4xx_HAL_Driver/Src/stm32g4xx_hal_tim_ex.c ****   uint32_t tickstart;
 6411              		.loc 1 2907 21 view .LVU1887
 6412 0046 0020     		movs	r0, #0
 6413 0048 E1E7     		b	.L515
 6414              	.LVL472:
 6415              	.L514:
2942:Drivers/STM32G4xx_HAL_Driver/Src/stm32g4xx_hal_tim_ex.c ****       {
 6416              		.loc 1 2942 7 is_stmt 1 view .LVU1888
2942:Drivers/STM32G4xx_HAL_Driver/Src/stm32g4xx_hal_tim_ex.c ****       {
 6417              		.loc 1 2942 11 is_stmt 0 view .LVU1889
 6418 004a 0368     		ldr	r3, [r0]
 6419 004c 5B6C     		ldr	r3, [r3, #68]
2942:Drivers/STM32G4xx_HAL_Driver/Src/stm32g4xx_hal_tim_ex.c ****       {
 6420              		.loc 1 2942 10 view .LVU1890
 6421 004e 13F0005F 		tst	r3, #536870912
 6422 0052 01D1     		bne	.L527
2907:Drivers/STM32G4xx_HAL_Driver/Src/stm32g4xx_hal_tim_ex.c ****   uint32_t tickstart;
 6423              		.loc 1 2907 21 view .LVU1891
 6424 0054 0020     		movs	r0, #0
 6425              	.LVL473:
2907:Drivers/STM32G4xx_HAL_Driver/Src/stm32g4xx_hal_tim_ex.c ****   uint32_t tickstart;
 6426              		.loc 1 2907 21 view .LVU1892
 6427 0056 DAE7     		b	.L515
 6428              	.LVL474:
 6429              	.L527:
2946:Drivers/STM32G4xx_HAL_Driver/Src/stm32g4xx_hal_tim_ex.c ****         while (READ_BIT(htim->Instance->BDTR, TIM_BDTR_BK2DSRM) != 0UL)
 6430              		.loc 1 2946 9 is_stmt 1 view .LVU1893
2946:Drivers/STM32G4xx_HAL_Driver/Src/stm32g4xx_hal_tim_ex.c ****         while (READ_BIT(htim->Instance->BDTR, TIM_BDTR_BK2DSRM) != 0UL)
 6431              		.loc 1 2946 21 is_stmt 0 view .LVU1894
 6432 0058 FFF7FEFF 		bl	HAL_GetTick
 6433              	.LVL475:
2946:Drivers/STM32G4xx_HAL_Driver/Src/stm32g4xx_hal_tim_ex.c ****         while (READ_BIT(htim->Instance->BDTR, TIM_BDTR_BK2DSRM) != 0UL)
 6434              		.loc 1 2946 21 view .LVU1895
 6435 005c 0546     		mov	r5, r0
 6436              	.LVL476:
2947:Drivers/STM32G4xx_HAL_Driver/Src/stm32g4xx_hal_tim_ex.c ****         {
 6437              		.loc 1 2947 9 is_stmt 1 view .LVU1896
 6438              	.L518:
ARM GAS  C:\Users\Booster\AppData\Local\Temp\ccs9w8jc.s 			page 210


2947:Drivers/STM32G4xx_HAL_Driver/Src/stm32g4xx_hal_tim_ex.c ****         {
 6439              		.loc 1 2947 65 view .LVU1897
2947:Drivers/STM32G4xx_HAL_Driver/Src/stm32g4xx_hal_tim_ex.c ****         {
 6440              		.loc 1 2947 16 is_stmt 0 view .LVU1898
 6441 005e 2368     		ldr	r3, [r4]
 6442 0060 5B6C     		ldr	r3, [r3, #68]
2947:Drivers/STM32G4xx_HAL_Driver/Src/stm32g4xx_hal_tim_ex.c ****         {
 6443              		.loc 1 2947 65 view .LVU1899
 6444 0062 13F0006F 		tst	r3, #134217728
 6445 0066 0BD0     		beq	.L528
2949:Drivers/STM32G4xx_HAL_Driver/Src/stm32g4xx_hal_tim_ex.c ****           {
 6446              		.loc 1 2949 11 is_stmt 1 view .LVU1900
2949:Drivers/STM32G4xx_HAL_Driver/Src/stm32g4xx_hal_tim_ex.c ****           {
 6447              		.loc 1 2949 16 is_stmt 0 view .LVU1901
 6448 0068 FFF7FEFF 		bl	HAL_GetTick
 6449              	.LVL477:
2949:Drivers/STM32G4xx_HAL_Driver/Src/stm32g4xx_hal_tim_ex.c ****           {
 6450              		.loc 1 2949 30 view .LVU1902
 6451 006c 401B     		subs	r0, r0, r5
2949:Drivers/STM32G4xx_HAL_Driver/Src/stm32g4xx_hal_tim_ex.c ****           {
 6452              		.loc 1 2949 14 view .LVU1903
 6453 006e 0528     		cmp	r0, #5
 6454 0070 F5D9     		bls	.L518
2952:Drivers/STM32G4xx_HAL_Driver/Src/stm32g4xx_hal_tim_ex.c ****             {
 6455              		.loc 1 2952 13 is_stmt 1 view .LVU1904
2952:Drivers/STM32G4xx_HAL_Driver/Src/stm32g4xx_hal_tim_ex.c ****             {
 6456              		.loc 1 2952 17 is_stmt 0 view .LVU1905
 6457 0072 2368     		ldr	r3, [r4]
 6458 0074 5B6C     		ldr	r3, [r3, #68]
2952:Drivers/STM32G4xx_HAL_Driver/Src/stm32g4xx_hal_tim_ex.c ****             {
 6459              		.loc 1 2952 16 view .LVU1906
 6460 0076 13F0006F 		tst	r3, #134217728
 6461 007a F0D0     		beq	.L518
2954:Drivers/STM32G4xx_HAL_Driver/Src/stm32g4xx_hal_tim_ex.c ****             }
 6462              		.loc 1 2954 22 view .LVU1907
 6463 007c 0320     		movs	r0, #3
 6464 007e C6E7     		b	.L515
 6465              	.L528:
2907:Drivers/STM32G4xx_HAL_Driver/Src/stm32g4xx_hal_tim_ex.c ****   uint32_t tickstart;
 6466              		.loc 1 2907 21 view .LVU1908
 6467 0080 0020     		movs	r0, #0
 6468 0082 C4E7     		b	.L515
 6469              		.cfi_endproc
 6470              	.LFE365:
 6472              		.section	.text.HAL_TIMEx_DitheringEnable,"ax",%progbits
 6473              		.align	1
 6474              		.global	HAL_TIMEx_DitheringEnable
 6475              		.syntax unified
 6476              		.thumb
 6477              		.thumb_func
 6479              	HAL_TIMEx_DitheringEnable:
 6480              	.LVL478:
 6481              	.LFB366:
2989:Drivers/STM32G4xx_HAL_Driver/Src/stm32g4xx_hal_tim_ex.c ****   /* Check the parameters */
 6482              		.loc 1 2989 1 is_stmt 1 view -0
 6483              		.cfi_startproc
 6484              		@ args = 0, pretend = 0, frame = 0
ARM GAS  C:\Users\Booster\AppData\Local\Temp\ccs9w8jc.s 			page 211


 6485              		@ frame_needed = 0, uses_anonymous_args = 0
 6486              		@ link register save eliminated.
2991:Drivers/STM32G4xx_HAL_Driver/Src/stm32g4xx_hal_tim_ex.c **** 
 6487              		.loc 1 2991 3 view .LVU1910
2993:Drivers/STM32G4xx_HAL_Driver/Src/stm32g4xx_hal_tim_ex.c ****   return HAL_OK;
 6488              		.loc 1 2993 3 view .LVU1911
 6489 0000 0268     		ldr	r2, [r0]
 6490 0002 1368     		ldr	r3, [r2]
 6491 0004 43F48053 		orr	r3, r3, #4096
 6492 0008 1360     		str	r3, [r2]
2994:Drivers/STM32G4xx_HAL_Driver/Src/stm32g4xx_hal_tim_ex.c **** }
 6493              		.loc 1 2994 3 view .LVU1912
2995:Drivers/STM32G4xx_HAL_Driver/Src/stm32g4xx_hal_tim_ex.c **** 
 6494              		.loc 1 2995 1 is_stmt 0 view .LVU1913
 6495 000a 0020     		movs	r0, #0
 6496              	.LVL479:
2995:Drivers/STM32G4xx_HAL_Driver/Src/stm32g4xx_hal_tim_ex.c **** 
 6497              		.loc 1 2995 1 view .LVU1914
 6498 000c 7047     		bx	lr
 6499              		.cfi_endproc
 6500              	.LFE366:
 6502              		.section	.text.HAL_TIMEx_DitheringDisable,"ax",%progbits
 6503              		.align	1
 6504              		.global	HAL_TIMEx_DitheringDisable
 6505              		.syntax unified
 6506              		.thumb
 6507              		.thumb_func
 6509              	HAL_TIMEx_DitheringDisable:
 6510              	.LVL480:
 6511              	.LFB367:
3013:Drivers/STM32G4xx_HAL_Driver/Src/stm32g4xx_hal_tim_ex.c ****   /* Check the parameters */
 6512              		.loc 1 3013 1 is_stmt 1 view -0
 6513              		.cfi_startproc
 6514              		@ args = 0, pretend = 0, frame = 0
 6515              		@ frame_needed = 0, uses_anonymous_args = 0
 6516              		@ link register save eliminated.
3015:Drivers/STM32G4xx_HAL_Driver/Src/stm32g4xx_hal_tim_ex.c **** 
 6517              		.loc 1 3015 3 view .LVU1916
3017:Drivers/STM32G4xx_HAL_Driver/Src/stm32g4xx_hal_tim_ex.c ****   return HAL_OK;
 6518              		.loc 1 3017 3 view .LVU1917
 6519 0000 0268     		ldr	r2, [r0]
 6520 0002 1368     		ldr	r3, [r2]
 6521 0004 23F48053 		bic	r3, r3, #4096
 6522 0008 1360     		str	r3, [r2]
3018:Drivers/STM32G4xx_HAL_Driver/Src/stm32g4xx_hal_tim_ex.c **** }
 6523              		.loc 1 3018 3 view .LVU1918
3019:Drivers/STM32G4xx_HAL_Driver/Src/stm32g4xx_hal_tim_ex.c **** 
 6524              		.loc 1 3019 1 is_stmt 0 view .LVU1919
 6525 000a 0020     		movs	r0, #0
 6526              	.LVL481:
3019:Drivers/STM32G4xx_HAL_Driver/Src/stm32g4xx_hal_tim_ex.c **** 
 6527              		.loc 1 3019 1 view .LVU1920
 6528 000c 7047     		bx	lr
 6529              		.cfi_endproc
 6530              	.LFE367:
 6532              		.section	.text.HAL_TIMEx_OC_ConfigPulseOnCompare,"ax",%progbits
 6533              		.align	1
ARM GAS  C:\Users\Booster\AppData\Local\Temp\ccs9w8jc.s 			page 212


 6534              		.global	HAL_TIMEx_OC_ConfigPulseOnCompare
 6535              		.syntax unified
 6536              		.thumb
 6537              		.thumb_func
 6539              	HAL_TIMEx_OC_ConfigPulseOnCompare:
 6540              	.LVL482:
 6541              	.LFB368:
3033:Drivers/STM32G4xx_HAL_Driver/Src/stm32g4xx_hal_tim_ex.c ****   uint32_t tmpecr;
 6542              		.loc 1 3033 1 is_stmt 1 view -0
 6543              		.cfi_startproc
 6544              		@ args = 0, pretend = 0, frame = 0
 6545              		@ frame_needed = 0, uses_anonymous_args = 0
 6546              		@ link register save eliminated.
3034:Drivers/STM32G4xx_HAL_Driver/Src/stm32g4xx_hal_tim_ex.c **** 
 6547              		.loc 1 3034 3 view .LVU1922
3037:Drivers/STM32G4xx_HAL_Driver/Src/stm32g4xx_hal_tim_ex.c ****   assert_param(IS_TIM_PULSEONCOMPARE_WIDTH(PulseWidth));
 6548              		.loc 1 3037 3 view .LVU1923
3038:Drivers/STM32G4xx_HAL_Driver/Src/stm32g4xx_hal_tim_ex.c ****   assert_param(IS_TIM_PULSEONCOMPARE_WIDTHPRESCALER(PulseWidthPrescaler));
 6549              		.loc 1 3038 3 view .LVU1924
3039:Drivers/STM32G4xx_HAL_Driver/Src/stm32g4xx_hal_tim_ex.c **** 
 6550              		.loc 1 3039 3 view .LVU1925
3042:Drivers/STM32G4xx_HAL_Driver/Src/stm32g4xx_hal_tim_ex.c **** 
 6551              		.loc 1 3042 3 view .LVU1926
3042:Drivers/STM32G4xx_HAL_Driver/Src/stm32g4xx_hal_tim_ex.c **** 
 6552              		.loc 1 3042 3 view .LVU1927
 6553 0000 90F83C30 		ldrb	r3, [r0, #60]	@ zero_extendqisi2
 6554 0004 012B     		cmp	r3, #1
 6555 0006 1BD0     		beq	.L533
3033:Drivers/STM32G4xx_HAL_Driver/Src/stm32g4xx_hal_tim_ex.c ****   uint32_t tmpecr;
 6556              		.loc 1 3033 1 is_stmt 0 discriminator 2 view .LVU1928
 6557 0008 10B4     		push	{r4}
 6558              	.LCFI51:
 6559              		.cfi_def_cfa_offset 4
 6560              		.cfi_offset 4, -4
 6561 000a 8446     		mov	ip, r0
3042:Drivers/STM32G4xx_HAL_Driver/Src/stm32g4xx_hal_tim_ex.c **** 
 6562              		.loc 1 3042 3 is_stmt 1 discriminator 2 view .LVU1929
 6563 000c 0120     		movs	r0, #1
 6564              	.LVL483:
3042:Drivers/STM32G4xx_HAL_Driver/Src/stm32g4xx_hal_tim_ex.c **** 
 6565              		.loc 1 3042 3 is_stmt 0 discriminator 2 view .LVU1930
 6566 000e 8CF83C00 		strb	r0, [ip, #60]
3042:Drivers/STM32G4xx_HAL_Driver/Src/stm32g4xx_hal_tim_ex.c **** 
 6567              		.loc 1 3042 3 is_stmt 1 discriminator 2 view .LVU1931
3045:Drivers/STM32G4xx_HAL_Driver/Src/stm32g4xx_hal_tim_ex.c **** 
 6568              		.loc 1 3045 3 discriminator 2 view .LVU1932
3045:Drivers/STM32G4xx_HAL_Driver/Src/stm32g4xx_hal_tim_ex.c **** 
 6569              		.loc 1 3045 15 is_stmt 0 discriminator 2 view .LVU1933
 6570 0012 0223     		movs	r3, #2
 6571 0014 8CF83D30 		strb	r3, [ip, #61]
3048:Drivers/STM32G4xx_HAL_Driver/Src/stm32g4xx_hal_tim_ex.c ****   /* Reset the Pulse width prescaler and the Pulse width */
 6572              		.loc 1 3048 3 is_stmt 1 discriminator 2 view .LVU1934
3048:Drivers/STM32G4xx_HAL_Driver/Src/stm32g4xx_hal_tim_ex.c ****   /* Reset the Pulse width prescaler and the Pulse width */
 6573              		.loc 1 3048 16 is_stmt 0 discriminator 2 view .LVU1935
 6574 0018 DCF80040 		ldr	r4, [ip]
3048:Drivers/STM32G4xx_HAL_Driver/Src/stm32g4xx_hal_tim_ex.c ****   /* Reset the Pulse width prescaler and the Pulse width */
 6575              		.loc 1 3048 10 discriminator 2 view .LVU1936
ARM GAS  C:\Users\Booster\AppData\Local\Temp\ccs9w8jc.s 			page 213


 6576 001c A36D     		ldr	r3, [r4, #88]
 6577              	.LVL484:
3050:Drivers/STM32G4xx_HAL_Driver/Src/stm32g4xx_hal_tim_ex.c ****   /* Set the Pulse width prescaler and Pulse width*/
 6578              		.loc 1 3050 3 is_stmt 1 discriminator 2 view .LVU1937
3050:Drivers/STM32G4xx_HAL_Driver/Src/stm32g4xx_hal_tim_ex.c ****   /* Set the Pulse width prescaler and Pulse width*/
 6579              		.loc 1 3050 10 is_stmt 0 discriminator 2 view .LVU1938
 6580 001e 23F0FF63 		bic	r3, r3, #133693440
 6581              	.LVL485:
3050:Drivers/STM32G4xx_HAL_Driver/Src/stm32g4xx_hal_tim_ex.c ****   /* Set the Pulse width prescaler and Pulse width*/
 6582              		.loc 1 3050 10 discriminator 2 view .LVU1939
 6583 0022 23F4E023 		bic	r3, r3, #458752
 6584              	.LVL486:
3052:Drivers/STM32G4xx_HAL_Driver/Src/stm32g4xx_hal_tim_ex.c ****   tmpecr |= PulseWidth << TIM_ECR_PW_Pos;
 6585              		.loc 1 3052 3 is_stmt 1 discriminator 2 view .LVU1940
3052:Drivers/STM32G4xx_HAL_Driver/Src/stm32g4xx_hal_tim_ex.c ****   tmpecr |= PulseWidth << TIM_ECR_PW_Pos;
 6586              		.loc 1 3052 10 is_stmt 0 discriminator 2 view .LVU1941
 6587 0026 43EA0163 		orr	r3, r3, r1, lsl #24
 6588              	.LVL487:
3053:Drivers/STM32G4xx_HAL_Driver/Src/stm32g4xx_hal_tim_ex.c ****   /* Write to TIMx ECR */
 6589              		.loc 1 3053 3 is_stmt 1 discriminator 2 view .LVU1942
3053:Drivers/STM32G4xx_HAL_Driver/Src/stm32g4xx_hal_tim_ex.c ****   /* Write to TIMx ECR */
 6590              		.loc 1 3053 10 is_stmt 0 discriminator 2 view .LVU1943
 6591 002a 43EA0242 		orr	r2, r3, r2, lsl #16
 6592              	.LVL488:
3055:Drivers/STM32G4xx_HAL_Driver/Src/stm32g4xx_hal_tim_ex.c **** 
 6593              		.loc 1 3055 3 is_stmt 1 discriminator 2 view .LVU1944
3055:Drivers/STM32G4xx_HAL_Driver/Src/stm32g4xx_hal_tim_ex.c **** 
 6594              		.loc 1 3055 23 is_stmt 0 discriminator 2 view .LVU1945
 6595 002e A265     		str	r2, [r4, #88]
3058:Drivers/STM32G4xx_HAL_Driver/Src/stm32g4xx_hal_tim_ex.c **** 
 6596              		.loc 1 3058 3 is_stmt 1 discriminator 2 view .LVU1946
3058:Drivers/STM32G4xx_HAL_Driver/Src/stm32g4xx_hal_tim_ex.c **** 
 6597              		.loc 1 3058 15 is_stmt 0 discriminator 2 view .LVU1947
 6598 0030 8CF83D00 		strb	r0, [ip, #61]
3061:Drivers/STM32G4xx_HAL_Driver/Src/stm32g4xx_hal_tim_ex.c **** 
 6599              		.loc 1 3061 3 is_stmt 1 discriminator 2 view .LVU1948
3061:Drivers/STM32G4xx_HAL_Driver/Src/stm32g4xx_hal_tim_ex.c **** 
 6600              		.loc 1 3061 3 discriminator 2 view .LVU1949
 6601 0034 0020     		movs	r0, #0
 6602 0036 8CF83C00 		strb	r0, [ip, #60]
3061:Drivers/STM32G4xx_HAL_Driver/Src/stm32g4xx_hal_tim_ex.c **** 
 6603              		.loc 1 3061 3 discriminator 2 view .LVU1950
3063:Drivers/STM32G4xx_HAL_Driver/Src/stm32g4xx_hal_tim_ex.c **** }
 6604              		.loc 1 3063 3 discriminator 2 view .LVU1951
3064:Drivers/STM32G4xx_HAL_Driver/Src/stm32g4xx_hal_tim_ex.c **** 
 6605              		.loc 1 3064 1 is_stmt 0 discriminator 2 view .LVU1952
 6606 003a 5DF8044B 		ldr	r4, [sp], #4
 6607              	.LCFI52:
 6608              		.cfi_restore 4
 6609              		.cfi_def_cfa_offset 0
 6610 003e 7047     		bx	lr
 6611              	.LVL489:
 6612              	.L533:
3042:Drivers/STM32G4xx_HAL_Driver/Src/stm32g4xx_hal_tim_ex.c **** 
 6613              		.loc 1 3042 3 view .LVU1953
 6614 0040 0220     		movs	r0, #2
 6615              	.LVL490:
ARM GAS  C:\Users\Booster\AppData\Local\Temp\ccs9w8jc.s 			page 214


3064:Drivers/STM32G4xx_HAL_Driver/Src/stm32g4xx_hal_tim_ex.c **** 
 6616              		.loc 1 3064 1 view .LVU1954
 6617 0042 7047     		bx	lr
 6618              		.cfi_endproc
 6619              	.LFE368:
 6621              		.section	.text.HAL_TIMEx_ConfigSlaveModePreload,"ax",%progbits
 6622              		.align	1
 6623              		.global	HAL_TIMEx_ConfigSlaveModePreload
 6624              		.syntax unified
 6625              		.thumb
 6626              		.thumb_func
 6628              	HAL_TIMEx_ConfigSlaveModePreload:
 6629              	.LVL491:
 6630              	.LFB369:
3076:Drivers/STM32G4xx_HAL_Driver/Src/stm32g4xx_hal_tim_ex.c ****   /* Check the parameters */
 6631              		.loc 1 3076 1 is_stmt 1 view -0
 6632              		.cfi_startproc
 6633              		@ args = 0, pretend = 0, frame = 0
 6634              		@ frame_needed = 0, uses_anonymous_args = 0
 6635              		@ link register save eliminated.
3078:Drivers/STM32G4xx_HAL_Driver/Src/stm32g4xx_hal_tim_ex.c ****   assert_param(IS_TIM_SLAVE_PRELOAD_SOURCE(Source));
 6636              		.loc 1 3078 3 view .LVU1956
3079:Drivers/STM32G4xx_HAL_Driver/Src/stm32g4xx_hal_tim_ex.c **** 
 6637              		.loc 1 3079 3 view .LVU1957
3081:Drivers/STM32G4xx_HAL_Driver/Src/stm32g4xx_hal_tim_ex.c ****   return HAL_OK;
 6638              		.loc 1 3081 3 view .LVU1958
 6639 0000 0268     		ldr	r2, [r0]
 6640 0002 9368     		ldr	r3, [r2, #8]
 6641 0004 23F00073 		bic	r3, r3, #33554432
 6642 0008 0B43     		orrs	r3, r3, r1
 6643 000a 9360     		str	r3, [r2, #8]
3082:Drivers/STM32G4xx_HAL_Driver/Src/stm32g4xx_hal_tim_ex.c **** }
 6644              		.loc 1 3082 3 view .LVU1959
3083:Drivers/STM32G4xx_HAL_Driver/Src/stm32g4xx_hal_tim_ex.c **** 
 6645              		.loc 1 3083 1 is_stmt 0 view .LVU1960
 6646 000c 0020     		movs	r0, #0
 6647              	.LVL492:
3083:Drivers/STM32G4xx_HAL_Driver/Src/stm32g4xx_hal_tim_ex.c **** 
 6648              		.loc 1 3083 1 view .LVU1961
 6649 000e 7047     		bx	lr
 6650              		.cfi_endproc
 6651              	.LFE369:
 6653              		.section	.text.HAL_TIMEx_EnableSlaveModePreload,"ax",%progbits
 6654              		.align	1
 6655              		.global	HAL_TIMEx_EnableSlaveModePreload
 6656              		.syntax unified
 6657              		.thumb
 6658              		.thumb_func
 6660              	HAL_TIMEx_EnableSlaveModePreload:
 6661              	.LVL493:
 6662              	.LFB370:
3091:Drivers/STM32G4xx_HAL_Driver/Src/stm32g4xx_hal_tim_ex.c ****   /* Check the parameters */
 6663              		.loc 1 3091 1 is_stmt 1 view -0
 6664              		.cfi_startproc
 6665              		@ args = 0, pretend = 0, frame = 0
 6666              		@ frame_needed = 0, uses_anonymous_args = 0
 6667              		@ link register save eliminated.
ARM GAS  C:\Users\Booster\AppData\Local\Temp\ccs9w8jc.s 			page 215


3093:Drivers/STM32G4xx_HAL_Driver/Src/stm32g4xx_hal_tim_ex.c **** 
 6668              		.loc 1 3093 3 view .LVU1963
3095:Drivers/STM32G4xx_HAL_Driver/Src/stm32g4xx_hal_tim_ex.c ****   return HAL_OK;
 6669              		.loc 1 3095 3 view .LVU1964
 6670 0000 0268     		ldr	r2, [r0]
 6671 0002 9368     		ldr	r3, [r2, #8]
 6672 0004 43F08073 		orr	r3, r3, #16777216
 6673 0008 9360     		str	r3, [r2, #8]
3096:Drivers/STM32G4xx_HAL_Driver/Src/stm32g4xx_hal_tim_ex.c **** }
 6674              		.loc 1 3096 3 view .LVU1965
3097:Drivers/STM32G4xx_HAL_Driver/Src/stm32g4xx_hal_tim_ex.c **** 
 6675              		.loc 1 3097 1 is_stmt 0 view .LVU1966
 6676 000a 0020     		movs	r0, #0
 6677              	.LVL494:
3097:Drivers/STM32G4xx_HAL_Driver/Src/stm32g4xx_hal_tim_ex.c **** 
 6678              		.loc 1 3097 1 view .LVU1967
 6679 000c 7047     		bx	lr
 6680              		.cfi_endproc
 6681              	.LFE370:
 6683              		.section	.text.HAL_TIMEx_DisableSlaveModePreload,"ax",%progbits
 6684              		.align	1
 6685              		.global	HAL_TIMEx_DisableSlaveModePreload
 6686              		.syntax unified
 6687              		.thumb
 6688              		.thumb_func
 6690              	HAL_TIMEx_DisableSlaveModePreload:
 6691              	.LVL495:
 6692              	.LFB371:
3105:Drivers/STM32G4xx_HAL_Driver/Src/stm32g4xx_hal_tim_ex.c ****   /* Check the parameters */
 6693              		.loc 1 3105 1 is_stmt 1 view -0
 6694              		.cfi_startproc
 6695              		@ args = 0, pretend = 0, frame = 0
 6696              		@ frame_needed = 0, uses_anonymous_args = 0
 6697              		@ link register save eliminated.
3107:Drivers/STM32G4xx_HAL_Driver/Src/stm32g4xx_hal_tim_ex.c **** 
 6698              		.loc 1 3107 3 view .LVU1969
3109:Drivers/STM32G4xx_HAL_Driver/Src/stm32g4xx_hal_tim_ex.c ****   return HAL_OK;
 6699              		.loc 1 3109 3 view .LVU1970
 6700 0000 0268     		ldr	r2, [r0]
 6701 0002 9368     		ldr	r3, [r2, #8]
 6702 0004 23F08073 		bic	r3, r3, #16777216
 6703 0008 9360     		str	r3, [r2, #8]
3110:Drivers/STM32G4xx_HAL_Driver/Src/stm32g4xx_hal_tim_ex.c **** }
 6704              		.loc 1 3110 3 view .LVU1971
3111:Drivers/STM32G4xx_HAL_Driver/Src/stm32g4xx_hal_tim_ex.c **** 
 6705              		.loc 1 3111 1 is_stmt 0 view .LVU1972
 6706 000a 0020     		movs	r0, #0
 6707              	.LVL496:
3111:Drivers/STM32G4xx_HAL_Driver/Src/stm32g4xx_hal_tim_ex.c **** 
 6708              		.loc 1 3111 1 view .LVU1973
 6709 000c 7047     		bx	lr
 6710              		.cfi_endproc
 6711              	.LFE371:
 6713              		.section	.text.HAL_TIMEx_EnableDeadTimePreload,"ax",%progbits
 6714              		.align	1
 6715              		.global	HAL_TIMEx_EnableDeadTimePreload
 6716              		.syntax unified
ARM GAS  C:\Users\Booster\AppData\Local\Temp\ccs9w8jc.s 			page 216


 6717              		.thumb
 6718              		.thumb_func
 6720              	HAL_TIMEx_EnableDeadTimePreload:
 6721              	.LVL497:
 6722              	.LFB372:
3119:Drivers/STM32G4xx_HAL_Driver/Src/stm32g4xx_hal_tim_ex.c ****   /* Check the parameters */
 6723              		.loc 1 3119 1 is_stmt 1 view -0
 6724              		.cfi_startproc
 6725              		@ args = 0, pretend = 0, frame = 0
 6726              		@ frame_needed = 0, uses_anonymous_args = 0
 6727              		@ link register save eliminated.
3121:Drivers/STM32G4xx_HAL_Driver/Src/stm32g4xx_hal_tim_ex.c **** 
 6728              		.loc 1 3121 3 view .LVU1975
3123:Drivers/STM32G4xx_HAL_Driver/Src/stm32g4xx_hal_tim_ex.c ****   return HAL_OK;
 6729              		.loc 1 3123 3 view .LVU1976
 6730 0000 0268     		ldr	r2, [r0]
 6731 0002 536D     		ldr	r3, [r2, #84]
 6732 0004 43F40033 		orr	r3, r3, #131072
 6733 0008 5365     		str	r3, [r2, #84]
3124:Drivers/STM32G4xx_HAL_Driver/Src/stm32g4xx_hal_tim_ex.c **** }
 6734              		.loc 1 3124 3 view .LVU1977
3125:Drivers/STM32G4xx_HAL_Driver/Src/stm32g4xx_hal_tim_ex.c **** 
 6735              		.loc 1 3125 1 is_stmt 0 view .LVU1978
 6736 000a 0020     		movs	r0, #0
 6737              	.LVL498:
3125:Drivers/STM32G4xx_HAL_Driver/Src/stm32g4xx_hal_tim_ex.c **** 
 6738              		.loc 1 3125 1 view .LVU1979
 6739 000c 7047     		bx	lr
 6740              		.cfi_endproc
 6741              	.LFE372:
 6743              		.section	.text.HAL_TIMEx_DisableDeadTimePreload,"ax",%progbits
 6744              		.align	1
 6745              		.global	HAL_TIMEx_DisableDeadTimePreload
 6746              		.syntax unified
 6747              		.thumb
 6748              		.thumb_func
 6750              	HAL_TIMEx_DisableDeadTimePreload:
 6751              	.LVL499:
 6752              	.LFB373:
3133:Drivers/STM32G4xx_HAL_Driver/Src/stm32g4xx_hal_tim_ex.c ****   /* Check the parameters */
 6753              		.loc 1 3133 1 is_stmt 1 view -0
 6754              		.cfi_startproc
 6755              		@ args = 0, pretend = 0, frame = 0
 6756              		@ frame_needed = 0, uses_anonymous_args = 0
 6757              		@ link register save eliminated.
3135:Drivers/STM32G4xx_HAL_Driver/Src/stm32g4xx_hal_tim_ex.c **** 
 6758              		.loc 1 3135 3 view .LVU1981
3137:Drivers/STM32G4xx_HAL_Driver/Src/stm32g4xx_hal_tim_ex.c ****   return HAL_OK;
 6759              		.loc 1 3137 3 view .LVU1982
 6760 0000 0268     		ldr	r2, [r0]
 6761 0002 536D     		ldr	r3, [r2, #84]
 6762 0004 23F40033 		bic	r3, r3, #131072
 6763 0008 5365     		str	r3, [r2, #84]
3138:Drivers/STM32G4xx_HAL_Driver/Src/stm32g4xx_hal_tim_ex.c **** }
 6764              		.loc 1 3138 3 view .LVU1983
3139:Drivers/STM32G4xx_HAL_Driver/Src/stm32g4xx_hal_tim_ex.c **** 
 6765              		.loc 1 3139 1 is_stmt 0 view .LVU1984
ARM GAS  C:\Users\Booster\AppData\Local\Temp\ccs9w8jc.s 			page 217


 6766 000a 0020     		movs	r0, #0
 6767              	.LVL500:
3139:Drivers/STM32G4xx_HAL_Driver/Src/stm32g4xx_hal_tim_ex.c **** 
 6768              		.loc 1 3139 1 view .LVU1985
 6769 000c 7047     		bx	lr
 6770              		.cfi_endproc
 6771              	.LFE373:
 6773              		.section	.text.HAL_TIMEx_ConfigDeadTime,"ax",%progbits
 6774              		.align	1
 6775              		.global	HAL_TIMEx_ConfigDeadTime
 6776              		.syntax unified
 6777              		.thumb
 6778              		.thumb_func
 6780              	HAL_TIMEx_ConfigDeadTime:
 6781              	.LVL501:
 6782              	.LFB374:
3149:Drivers/STM32G4xx_HAL_Driver/Src/stm32g4xx_hal_tim_ex.c ****   /* Check the parameters */
 6783              		.loc 1 3149 1 is_stmt 1 view -0
 6784              		.cfi_startproc
 6785              		@ args = 0, pretend = 0, frame = 0
 6786              		@ frame_needed = 0, uses_anonymous_args = 0
 6787              		@ link register save eliminated.
3151:Drivers/STM32G4xx_HAL_Driver/Src/stm32g4xx_hal_tim_ex.c ****   assert_param(IS_TIM_DEADTIME(Deadtime));
 6788              		.loc 1 3151 3 view .LVU1987
3152:Drivers/STM32G4xx_HAL_Driver/Src/stm32g4xx_hal_tim_ex.c **** 
 6789              		.loc 1 3152 3 view .LVU1988
3154:Drivers/STM32G4xx_HAL_Driver/Src/stm32g4xx_hal_tim_ex.c ****   return HAL_OK;
 6790              		.loc 1 3154 3 view .LVU1989
 6791 0000 0268     		ldr	r2, [r0]
 6792 0002 536C     		ldr	r3, [r2, #68]
 6793 0004 23F0FF03 		bic	r3, r3, #255
 6794 0008 0B43     		orrs	r3, r3, r1
 6795 000a 5364     		str	r3, [r2, #68]
3155:Drivers/STM32G4xx_HAL_Driver/Src/stm32g4xx_hal_tim_ex.c **** }
 6796              		.loc 1 3155 3 view .LVU1990
3156:Drivers/STM32G4xx_HAL_Driver/Src/stm32g4xx_hal_tim_ex.c **** 
 6797              		.loc 1 3156 1 is_stmt 0 view .LVU1991
 6798 000c 0020     		movs	r0, #0
 6799              	.LVL502:
3156:Drivers/STM32G4xx_HAL_Driver/Src/stm32g4xx_hal_tim_ex.c **** 
 6800              		.loc 1 3156 1 view .LVU1992
 6801 000e 7047     		bx	lr
 6802              		.cfi_endproc
 6803              	.LFE374:
 6805              		.section	.text.HAL_TIMEx_ConfigAsymmetricalDeadTime,"ax",%progbits
 6806              		.align	1
 6807              		.global	HAL_TIMEx_ConfigAsymmetricalDeadTime
 6808              		.syntax unified
 6809              		.thumb
 6810              		.thumb_func
 6812              	HAL_TIMEx_ConfigAsymmetricalDeadTime:
 6813              	.LVL503:
 6814              	.LFB375:
3166:Drivers/STM32G4xx_HAL_Driver/Src/stm32g4xx_hal_tim_ex.c ****   /* Check the parameters */
 6815              		.loc 1 3166 1 is_stmt 1 view -0
 6816              		.cfi_startproc
 6817              		@ args = 0, pretend = 0, frame = 0
ARM GAS  C:\Users\Booster\AppData\Local\Temp\ccs9w8jc.s 			page 218


 6818              		@ frame_needed = 0, uses_anonymous_args = 0
 6819              		@ link register save eliminated.
3168:Drivers/STM32G4xx_HAL_Driver/Src/stm32g4xx_hal_tim_ex.c ****   assert_param(IS_TIM_DEADTIME(FallingDeadtime));
 6820              		.loc 1 3168 3 view .LVU1994
3169:Drivers/STM32G4xx_HAL_Driver/Src/stm32g4xx_hal_tim_ex.c **** 
 6821              		.loc 1 3169 3 view .LVU1995
3171:Drivers/STM32G4xx_HAL_Driver/Src/stm32g4xx_hal_tim_ex.c ****   return HAL_OK;
 6822              		.loc 1 3171 3 view .LVU1996
 6823 0000 0268     		ldr	r2, [r0]
 6824 0002 536D     		ldr	r3, [r2, #84]
 6825 0004 23F0FF03 		bic	r3, r3, #255
 6826 0008 0B43     		orrs	r3, r3, r1
 6827 000a 5365     		str	r3, [r2, #84]
3172:Drivers/STM32G4xx_HAL_Driver/Src/stm32g4xx_hal_tim_ex.c **** }
 6828              		.loc 1 3172 3 view .LVU1997
3173:Drivers/STM32G4xx_HAL_Driver/Src/stm32g4xx_hal_tim_ex.c **** 
 6829              		.loc 1 3173 1 is_stmt 0 view .LVU1998
 6830 000c 0020     		movs	r0, #0
 6831              	.LVL504:
3173:Drivers/STM32G4xx_HAL_Driver/Src/stm32g4xx_hal_tim_ex.c **** 
 6832              		.loc 1 3173 1 view .LVU1999
 6833 000e 7047     		bx	lr
 6834              		.cfi_endproc
 6835              	.LFE375:
 6837              		.section	.text.HAL_TIMEx_EnableAsymmetricalDeadTime,"ax",%progbits
 6838              		.align	1
 6839              		.global	HAL_TIMEx_EnableAsymmetricalDeadTime
 6840              		.syntax unified
 6841              		.thumb
 6842              		.thumb_func
 6844              	HAL_TIMEx_EnableAsymmetricalDeadTime:
 6845              	.LVL505:
 6846              	.LFB376:
3181:Drivers/STM32G4xx_HAL_Driver/Src/stm32g4xx_hal_tim_ex.c ****   /* Check the parameters */
 6847              		.loc 1 3181 1 is_stmt 1 view -0
 6848              		.cfi_startproc
 6849              		@ args = 0, pretend = 0, frame = 0
 6850              		@ frame_needed = 0, uses_anonymous_args = 0
 6851              		@ link register save eliminated.
3183:Drivers/STM32G4xx_HAL_Driver/Src/stm32g4xx_hal_tim_ex.c **** 
 6852              		.loc 1 3183 3 view .LVU2001
3185:Drivers/STM32G4xx_HAL_Driver/Src/stm32g4xx_hal_tim_ex.c ****   return HAL_OK;
 6853              		.loc 1 3185 3 view .LVU2002
 6854 0000 0268     		ldr	r2, [r0]
 6855 0002 536D     		ldr	r3, [r2, #84]
 6856 0004 43F48033 		orr	r3, r3, #65536
 6857 0008 5365     		str	r3, [r2, #84]
3186:Drivers/STM32G4xx_HAL_Driver/Src/stm32g4xx_hal_tim_ex.c **** }
 6858              		.loc 1 3186 3 view .LVU2003
3187:Drivers/STM32G4xx_HAL_Driver/Src/stm32g4xx_hal_tim_ex.c **** 
 6859              		.loc 1 3187 1 is_stmt 0 view .LVU2004
 6860 000a 0020     		movs	r0, #0
 6861              	.LVL506:
3187:Drivers/STM32G4xx_HAL_Driver/Src/stm32g4xx_hal_tim_ex.c **** 
 6862              		.loc 1 3187 1 view .LVU2005
 6863 000c 7047     		bx	lr
 6864              		.cfi_endproc
ARM GAS  C:\Users\Booster\AppData\Local\Temp\ccs9w8jc.s 			page 219


 6865              	.LFE376:
 6867              		.section	.text.HAL_TIMEx_DisableAsymmetricalDeadTime,"ax",%progbits
 6868              		.align	1
 6869              		.global	HAL_TIMEx_DisableAsymmetricalDeadTime
 6870              		.syntax unified
 6871              		.thumb
 6872              		.thumb_func
 6874              	HAL_TIMEx_DisableAsymmetricalDeadTime:
 6875              	.LVL507:
 6876              	.LFB377:
3195:Drivers/STM32G4xx_HAL_Driver/Src/stm32g4xx_hal_tim_ex.c ****   /* Check the parameters */
 6877              		.loc 1 3195 1 is_stmt 1 view -0
 6878              		.cfi_startproc
 6879              		@ args = 0, pretend = 0, frame = 0
 6880              		@ frame_needed = 0, uses_anonymous_args = 0
 6881              		@ link register save eliminated.
3197:Drivers/STM32G4xx_HAL_Driver/Src/stm32g4xx_hal_tim_ex.c **** 
 6882              		.loc 1 3197 3 view .LVU2007
3199:Drivers/STM32G4xx_HAL_Driver/Src/stm32g4xx_hal_tim_ex.c ****   return HAL_OK;
 6883              		.loc 1 3199 3 view .LVU2008
 6884 0000 0268     		ldr	r2, [r0]
 6885 0002 536D     		ldr	r3, [r2, #84]
 6886 0004 23F48033 		bic	r3, r3, #65536
 6887 0008 5365     		str	r3, [r2, #84]
3200:Drivers/STM32G4xx_HAL_Driver/Src/stm32g4xx_hal_tim_ex.c **** }
 6888              		.loc 1 3200 3 view .LVU2009
3201:Drivers/STM32G4xx_HAL_Driver/Src/stm32g4xx_hal_tim_ex.c **** 
 6889              		.loc 1 3201 1 is_stmt 0 view .LVU2010
 6890 000a 0020     		movs	r0, #0
 6891              	.LVL508:
3201:Drivers/STM32G4xx_HAL_Driver/Src/stm32g4xx_hal_tim_ex.c **** 
 6892              		.loc 1 3201 1 view .LVU2011
 6893 000c 7047     		bx	lr
 6894              		.cfi_endproc
 6895              	.LFE377:
 6897              		.section	.text.HAL_TIMEx_ConfigEncoderIndex,"ax",%progbits
 6898              		.align	1
 6899              		.global	HAL_TIMEx_ConfigEncoderIndex
 6900              		.syntax unified
 6901              		.thumb
 6902              		.thumb_func
 6904              	HAL_TIMEx_ConfigEncoderIndex:
 6905              	.LVL509:
 6906              	.LFB378:
3214:Drivers/STM32G4xx_HAL_Driver/Src/stm32g4xx_hal_tim_ex.c ****   /* Check the parameters */
 6907              		.loc 1 3214 1 is_stmt 1 view -0
 6908              		.cfi_startproc
 6909              		@ args = 0, pretend = 0, frame = 0
 6910              		@ frame_needed = 0, uses_anonymous_args = 0
3214:Drivers/STM32G4xx_HAL_Driver/Src/stm32g4xx_hal_tim_ex.c ****   /* Check the parameters */
 6911              		.loc 1 3214 1 is_stmt 0 view .LVU2013
 6912 0000 38B5     		push	{r3, r4, r5, lr}
 6913              	.LCFI53:
 6914              		.cfi_def_cfa_offset 16
 6915              		.cfi_offset 3, -16
 6916              		.cfi_offset 4, -12
 6917              		.cfi_offset 5, -8
ARM GAS  C:\Users\Booster\AppData\Local\Temp\ccs9w8jc.s 			page 220


 6918              		.cfi_offset 14, -4
3216:Drivers/STM32G4xx_HAL_Driver/Src/stm32g4xx_hal_tim_ex.c ****   assert_param(IS_TIM_ENCODERINDEX_POLARITY(sEncoderIndexConfig->Polarity));
 6919              		.loc 1 3216 3 is_stmt 1 view .LVU2014
3217:Drivers/STM32G4xx_HAL_Driver/Src/stm32g4xx_hal_tim_ex.c ****   assert_param(IS_TIM_ENCODERINDEX_PRESCALER(sEncoderIndexConfig->Prescaler));
 6920              		.loc 1 3217 3 view .LVU2015
3218:Drivers/STM32G4xx_HAL_Driver/Src/stm32g4xx_hal_tim_ex.c ****   assert_param(IS_TIM_ENCODERINDEX_FILTER(sEncoderIndexConfig->Filter));
 6921              		.loc 1 3218 3 view .LVU2016
3219:Drivers/STM32G4xx_HAL_Driver/Src/stm32g4xx_hal_tim_ex.c ****   assert_param(IS_FUNCTIONAL_STATE(sEncoderIndexConfig->FirstIndexEnable));
 6922              		.loc 1 3219 3 view .LVU2017
3220:Drivers/STM32G4xx_HAL_Driver/Src/stm32g4xx_hal_tim_ex.c ****   assert_param(IS_TIM_ENCODERINDEX_POSITION(sEncoderIndexConfig->Position));
 6923              		.loc 1 3220 3 view .LVU2018
3221:Drivers/STM32G4xx_HAL_Driver/Src/stm32g4xx_hal_tim_ex.c ****   assert_param(IS_TIM_ENCODERINDEX_DIRECTION(sEncoderIndexConfig->Direction));
 6924              		.loc 1 3221 3 view .LVU2019
3222:Drivers/STM32G4xx_HAL_Driver/Src/stm32g4xx_hal_tim_ex.c **** 
 6925              		.loc 1 3222 3 view .LVU2020
3225:Drivers/STM32G4xx_HAL_Driver/Src/stm32g4xx_hal_tim_ex.c **** 
 6926              		.loc 1 3225 3 view .LVU2021
3225:Drivers/STM32G4xx_HAL_Driver/Src/stm32g4xx_hal_tim_ex.c **** 
 6927              		.loc 1 3225 3 view .LVU2022
 6928 0002 90F83C30 		ldrb	r3, [r0, #60]	@ zero_extendqisi2
 6929 0006 012B     		cmp	r3, #1
 6930 0008 20D0     		beq	.L550
 6931 000a 0546     		mov	r5, r0
 6932 000c 0C46     		mov	r4, r1
3225:Drivers/STM32G4xx_HAL_Driver/Src/stm32g4xx_hal_tim_ex.c **** 
 6933              		.loc 1 3225 3 discriminator 2 view .LVU2023
 6934 000e 0123     		movs	r3, #1
 6935 0010 80F83C30 		strb	r3, [r0, #60]
3225:Drivers/STM32G4xx_HAL_Driver/Src/stm32g4xx_hal_tim_ex.c **** 
 6936              		.loc 1 3225 3 discriminator 2 view .LVU2024
3228:Drivers/STM32G4xx_HAL_Driver/Src/stm32g4xx_hal_tim_ex.c ****                     sEncoderIndexConfig->Prescaler,
 6937              		.loc 1 3228 3 discriminator 2 view .LVU2025
 6938 0014 8B68     		ldr	r3, [r1, #8]
 6939 0016 0A68     		ldr	r2, [r1]
 6940 0018 4968     		ldr	r1, [r1, #4]
 6941              	.LVL510:
3228:Drivers/STM32G4xx_HAL_Driver/Src/stm32g4xx_hal_tim_ex.c ****                     sEncoderIndexConfig->Prescaler,
 6942              		.loc 1 3228 3 is_stmt 0 discriminator 2 view .LVU2026
 6943 001a 0068     		ldr	r0, [r0]
 6944              	.LVL511:
3228:Drivers/STM32G4xx_HAL_Driver/Src/stm32g4xx_hal_tim_ex.c ****                     sEncoderIndexConfig->Prescaler,
 6945              		.loc 1 3228 3 discriminator 2 view .LVU2027
 6946 001c FFF7FEFF 		bl	TIM_ETR_SetConfig
 6947              	.LVL512:
3234:Drivers/STM32G4xx_HAL_Driver/Src/stm32g4xx_hal_tim_ex.c ****              TIM_ECR_IDIR_Msk | TIM_ECR_FIDX_Msk | TIM_ECR_IPOS_Msk,
 6948              		.loc 1 3234 3 is_stmt 1 discriminator 2 view .LVU2028
 6949 0020 2968     		ldr	r1, [r5]
 6950 0022 8B6D     		ldr	r3, [r1, #88]
 6951 0024 23F0E603 		bic	r3, r3, #230
 6952 0028 6269     		ldr	r2, [r4, #20]
 6953 002a 207B     		ldrb	r0, [r4, #12]	@ zero_extendqisi2
 6954 002c 0128     		cmp	r0, #1
 6955 002e 0BD0     		beq	.L553
3234:Drivers/STM32G4xx_HAL_Driver/Src/stm32g4xx_hal_tim_ex.c ****              TIM_ECR_IDIR_Msk | TIM_ECR_FIDX_Msk | TIM_ECR_IPOS_Msk,
 6956              		.loc 1 3234 3 is_stmt 0 view .LVU2029
 6957 0030 0020     		movs	r0, #0
 6958              	.L549:
ARM GAS  C:\Users\Booster\AppData\Local\Temp\ccs9w8jc.s 			page 221


3234:Drivers/STM32G4xx_HAL_Driver/Src/stm32g4xx_hal_tim_ex.c ****              TIM_ECR_IDIR_Msk | TIM_ECR_FIDX_Msk | TIM_ECR_IPOS_Msk,
 6959              		.loc 1 3234 3 discriminator 4 view .LVU2030
 6960 0032 0243     		orrs	r2, r2, r0
 6961 0034 2069     		ldr	r0, [r4, #16]
 6962 0036 0243     		orrs	r2, r2, r0
 6963 0038 1343     		orrs	r3, r3, r2
 6964 003a 43F00103 		orr	r3, r3, #1
 6965 003e 8B65     		str	r3, [r1, #88]
3241:Drivers/STM32G4xx_HAL_Driver/Src/stm32g4xx_hal_tim_ex.c **** 
 6966              		.loc 1 3241 3 is_stmt 1 discriminator 4 view .LVU2031
3241:Drivers/STM32G4xx_HAL_Driver/Src/stm32g4xx_hal_tim_ex.c **** 
 6967              		.loc 1 3241 3 discriminator 4 view .LVU2032
 6968 0040 0020     		movs	r0, #0
 6969 0042 85F83C00 		strb	r0, [r5, #60]
3241:Drivers/STM32G4xx_HAL_Driver/Src/stm32g4xx_hal_tim_ex.c **** 
 6970              		.loc 1 3241 3 discriminator 4 view .LVU2033
3243:Drivers/STM32G4xx_HAL_Driver/Src/stm32g4xx_hal_tim_ex.c **** }
 6971              		.loc 1 3243 3 discriminator 4 view .LVU2034
 6972              	.LVL513:
 6973              	.L548:
3244:Drivers/STM32G4xx_HAL_Driver/Src/stm32g4xx_hal_tim_ex.c **** 
 6974              		.loc 1 3244 1 is_stmt 0 view .LVU2035
 6975 0046 38BD     		pop	{r3, r4, r5, pc}
 6976              	.LVL514:
 6977              	.L553:
3234:Drivers/STM32G4xx_HAL_Driver/Src/stm32g4xx_hal_tim_ex.c ****              TIM_ECR_IDIR_Msk | TIM_ECR_FIDX_Msk | TIM_ECR_IPOS_Msk,
 6978              		.loc 1 3234 3 view .LVU2036
 6979 0048 2020     		movs	r0, #32
 6980 004a F2E7     		b	.L549
 6981              	.LVL515:
 6982              	.L550:
3225:Drivers/STM32G4xx_HAL_Driver/Src/stm32g4xx_hal_tim_ex.c **** 
 6983              		.loc 1 3225 3 view .LVU2037
 6984 004c 0220     		movs	r0, #2
 6985              	.LVL516:
3225:Drivers/STM32G4xx_HAL_Driver/Src/stm32g4xx_hal_tim_ex.c **** 
 6986              		.loc 1 3225 3 view .LVU2038
 6987 004e FAE7     		b	.L548
 6988              		.cfi_endproc
 6989              	.LFE378:
 6991              		.section	.text.HAL_TIMEx_EnableEncoderIndex,"ax",%progbits
 6992              		.align	1
 6993              		.global	HAL_TIMEx_EnableEncoderIndex
 6994              		.syntax unified
 6995              		.thumb
 6996              		.thumb_func
 6998              	HAL_TIMEx_EnableEncoderIndex:
 6999              	.LVL517:
 7000              	.LFB379:
3252:Drivers/STM32G4xx_HAL_Driver/Src/stm32g4xx_hal_tim_ex.c ****   /* Check the parameters */
 7001              		.loc 1 3252 1 is_stmt 1 view -0
 7002              		.cfi_startproc
 7003              		@ args = 0, pretend = 0, frame = 0
 7004              		@ frame_needed = 0, uses_anonymous_args = 0
 7005              		@ link register save eliminated.
3254:Drivers/STM32G4xx_HAL_Driver/Src/stm32g4xx_hal_tim_ex.c **** 
 7006              		.loc 1 3254 3 view .LVU2040
ARM GAS  C:\Users\Booster\AppData\Local\Temp\ccs9w8jc.s 			page 222


3256:Drivers/STM32G4xx_HAL_Driver/Src/stm32g4xx_hal_tim_ex.c ****   return HAL_OK;
 7007              		.loc 1 3256 3 view .LVU2041
 7008 0000 0268     		ldr	r2, [r0]
 7009 0002 936D     		ldr	r3, [r2, #88]
 7010 0004 43F00103 		orr	r3, r3, #1
 7011 0008 9365     		str	r3, [r2, #88]
3257:Drivers/STM32G4xx_HAL_Driver/Src/stm32g4xx_hal_tim_ex.c **** }
 7012              		.loc 1 3257 3 view .LVU2042
3258:Drivers/STM32G4xx_HAL_Driver/Src/stm32g4xx_hal_tim_ex.c **** 
 7013              		.loc 1 3258 1 is_stmt 0 view .LVU2043
 7014 000a 0020     		movs	r0, #0
 7015              	.LVL518:
3258:Drivers/STM32G4xx_HAL_Driver/Src/stm32g4xx_hal_tim_ex.c **** 
 7016              		.loc 1 3258 1 view .LVU2044
 7017 000c 7047     		bx	lr
 7018              		.cfi_endproc
 7019              	.LFE379:
 7021              		.section	.text.HAL_TIMEx_DisableEncoderIndex,"ax",%progbits
 7022              		.align	1
 7023              		.global	HAL_TIMEx_DisableEncoderIndex
 7024              		.syntax unified
 7025              		.thumb
 7026              		.thumb_func
 7028              	HAL_TIMEx_DisableEncoderIndex:
 7029              	.LVL519:
 7030              	.LFB380:
3266:Drivers/STM32G4xx_HAL_Driver/Src/stm32g4xx_hal_tim_ex.c ****   /* Check the parameters */
 7031              		.loc 1 3266 1 is_stmt 1 view -0
 7032              		.cfi_startproc
 7033              		@ args = 0, pretend = 0, frame = 0
 7034              		@ frame_needed = 0, uses_anonymous_args = 0
 7035              		@ link register save eliminated.
3268:Drivers/STM32G4xx_HAL_Driver/Src/stm32g4xx_hal_tim_ex.c **** 
 7036              		.loc 1 3268 3 view .LVU2046
3270:Drivers/STM32G4xx_HAL_Driver/Src/stm32g4xx_hal_tim_ex.c ****   return HAL_OK;
 7037              		.loc 1 3270 3 view .LVU2047
 7038 0000 0268     		ldr	r2, [r0]
 7039 0002 936D     		ldr	r3, [r2, #88]
 7040 0004 23F00103 		bic	r3, r3, #1
 7041 0008 9365     		str	r3, [r2, #88]
3271:Drivers/STM32G4xx_HAL_Driver/Src/stm32g4xx_hal_tim_ex.c **** }
 7042              		.loc 1 3271 3 view .LVU2048
3272:Drivers/STM32G4xx_HAL_Driver/Src/stm32g4xx_hal_tim_ex.c **** 
 7043              		.loc 1 3272 1 is_stmt 0 view .LVU2049
 7044 000a 0020     		movs	r0, #0
 7045              	.LVL520:
3272:Drivers/STM32G4xx_HAL_Driver/Src/stm32g4xx_hal_tim_ex.c **** 
 7046              		.loc 1 3272 1 view .LVU2050
 7047 000c 7047     		bx	lr
 7048              		.cfi_endproc
 7049              	.LFE380:
 7051              		.section	.text.HAL_TIMEx_EnableEncoderFirstIndex,"ax",%progbits
 7052              		.align	1
 7053              		.global	HAL_TIMEx_EnableEncoderFirstIndex
 7054              		.syntax unified
 7055              		.thumb
 7056              		.thumb_func
ARM GAS  C:\Users\Booster\AppData\Local\Temp\ccs9w8jc.s 			page 223


 7058              	HAL_TIMEx_EnableEncoderFirstIndex:
 7059              	.LVL521:
 7060              	.LFB381:
3280:Drivers/STM32G4xx_HAL_Driver/Src/stm32g4xx_hal_tim_ex.c ****   /* Check the parameters */
 7061              		.loc 1 3280 1 is_stmt 1 view -0
 7062              		.cfi_startproc
 7063              		@ args = 0, pretend = 0, frame = 0
 7064              		@ frame_needed = 0, uses_anonymous_args = 0
 7065              		@ link register save eliminated.
3282:Drivers/STM32G4xx_HAL_Driver/Src/stm32g4xx_hal_tim_ex.c **** 
 7066              		.loc 1 3282 3 view .LVU2052
3284:Drivers/STM32G4xx_HAL_Driver/Src/stm32g4xx_hal_tim_ex.c ****   return HAL_OK;
 7067              		.loc 1 3284 3 view .LVU2053
 7068 0000 0268     		ldr	r2, [r0]
 7069 0002 936D     		ldr	r3, [r2, #88]
 7070 0004 43F02003 		orr	r3, r3, #32
 7071 0008 9365     		str	r3, [r2, #88]
3285:Drivers/STM32G4xx_HAL_Driver/Src/stm32g4xx_hal_tim_ex.c **** }
 7072              		.loc 1 3285 3 view .LVU2054
3286:Drivers/STM32G4xx_HAL_Driver/Src/stm32g4xx_hal_tim_ex.c **** 
 7073              		.loc 1 3286 1 is_stmt 0 view .LVU2055
 7074 000a 0020     		movs	r0, #0
 7075              	.LVL522:
3286:Drivers/STM32G4xx_HAL_Driver/Src/stm32g4xx_hal_tim_ex.c **** 
 7076              		.loc 1 3286 1 view .LVU2056
 7077 000c 7047     		bx	lr
 7078              		.cfi_endproc
 7079              	.LFE381:
 7081              		.section	.text.HAL_TIMEx_DisableEncoderFirstIndex,"ax",%progbits
 7082              		.align	1
 7083              		.global	HAL_TIMEx_DisableEncoderFirstIndex
 7084              		.syntax unified
 7085              		.thumb
 7086              		.thumb_func
 7088              	HAL_TIMEx_DisableEncoderFirstIndex:
 7089              	.LVL523:
 7090              	.LFB382:
3294:Drivers/STM32G4xx_HAL_Driver/Src/stm32g4xx_hal_tim_ex.c ****   /* Check the parameters */
 7091              		.loc 1 3294 1 is_stmt 1 view -0
 7092              		.cfi_startproc
 7093              		@ args = 0, pretend = 0, frame = 0
 7094              		@ frame_needed = 0, uses_anonymous_args = 0
 7095              		@ link register save eliminated.
3296:Drivers/STM32G4xx_HAL_Driver/Src/stm32g4xx_hal_tim_ex.c **** 
 7096              		.loc 1 3296 3 view .LVU2058
3298:Drivers/STM32G4xx_HAL_Driver/Src/stm32g4xx_hal_tim_ex.c ****   return HAL_OK;
 7097              		.loc 1 3298 3 view .LVU2059
 7098 0000 0268     		ldr	r2, [r0]
 7099 0002 936D     		ldr	r3, [r2, #88]
 7100 0004 23F02003 		bic	r3, r3, #32
 7101 0008 9365     		str	r3, [r2, #88]
3299:Drivers/STM32G4xx_HAL_Driver/Src/stm32g4xx_hal_tim_ex.c **** }
 7102              		.loc 1 3299 3 view .LVU2060
3300:Drivers/STM32G4xx_HAL_Driver/Src/stm32g4xx_hal_tim_ex.c **** 
 7103              		.loc 1 3300 1 is_stmt 0 view .LVU2061
 7104 000a 0020     		movs	r0, #0
 7105              	.LVL524:
ARM GAS  C:\Users\Booster\AppData\Local\Temp\ccs9w8jc.s 			page 224


3300:Drivers/STM32G4xx_HAL_Driver/Src/stm32g4xx_hal_tim_ex.c **** 
 7106              		.loc 1 3300 1 view .LVU2062
 7107 000c 7047     		bx	lr
 7108              		.cfi_endproc
 7109              	.LFE382:
 7111              		.section	.text.HAL_TIMEx_CommutCallback,"ax",%progbits
 7112              		.align	1
 7113              		.weak	HAL_TIMEx_CommutCallback
 7114              		.syntax unified
 7115              		.thumb
 7116              		.thumb_func
 7118              	HAL_TIMEx_CommutCallback:
 7119              	.LVL525:
 7120              	.LFB383:
3328:Drivers/STM32G4xx_HAL_Driver/Src/stm32g4xx_hal_tim_ex.c ****   /* Prevent unused argument(s) compilation warning */
 7121              		.loc 1 3328 1 is_stmt 1 view -0
 7122              		.cfi_startproc
 7123              		@ args = 0, pretend = 0, frame = 0
 7124              		@ frame_needed = 0, uses_anonymous_args = 0
 7125              		@ link register save eliminated.
3330:Drivers/STM32G4xx_HAL_Driver/Src/stm32g4xx_hal_tim_ex.c **** 
 7126              		.loc 1 3330 3 view .LVU2064
3335:Drivers/STM32G4xx_HAL_Driver/Src/stm32g4xx_hal_tim_ex.c **** /**
 7127              		.loc 1 3335 1 is_stmt 0 view .LVU2065
 7128 0000 7047     		bx	lr
 7129              		.cfi_endproc
 7130              	.LFE383:
 7132              		.section	.text.TIMEx_DMACommutationCplt,"ax",%progbits
 7133              		.align	1
 7134              		.global	TIMEx_DMACommutationCplt
 7135              		.syntax unified
 7136              		.thumb
 7137              		.thumb_func
 7139              	TIMEx_DMACommutationCplt:
 7140              	.LVL526:
 7141              	.LFB393:
3511:Drivers/STM32G4xx_HAL_Driver/Src/stm32g4xx_hal_tim_ex.c ****   TIM_HandleTypeDef *htim = (TIM_HandleTypeDef *)((DMA_HandleTypeDef *)hdma)->Parent;
 7142              		.loc 1 3511 1 is_stmt 1 view -0
 7143              		.cfi_startproc
 7144              		@ args = 0, pretend = 0, frame = 0
 7145              		@ frame_needed = 0, uses_anonymous_args = 0
3511:Drivers/STM32G4xx_HAL_Driver/Src/stm32g4xx_hal_tim_ex.c ****   TIM_HandleTypeDef *htim = (TIM_HandleTypeDef *)((DMA_HandleTypeDef *)hdma)->Parent;
 7146              		.loc 1 3511 1 is_stmt 0 view .LVU2067
 7147 0000 08B5     		push	{r3, lr}
 7148              	.LCFI54:
 7149              		.cfi_def_cfa_offset 8
 7150              		.cfi_offset 3, -8
 7151              		.cfi_offset 14, -4
3512:Drivers/STM32G4xx_HAL_Driver/Src/stm32g4xx_hal_tim_ex.c **** 
 7152              		.loc 1 3512 3 is_stmt 1 view .LVU2068
3512:Drivers/STM32G4xx_HAL_Driver/Src/stm32g4xx_hal_tim_ex.c **** 
 7153              		.loc 1 3512 22 is_stmt 0 view .LVU2069
 7154 0002 806A     		ldr	r0, [r0, #40]
 7155              	.LVL527:
3515:Drivers/STM32G4xx_HAL_Driver/Src/stm32g4xx_hal_tim_ex.c **** 
 7156              		.loc 1 3515 3 is_stmt 1 view .LVU2070
3515:Drivers/STM32G4xx_HAL_Driver/Src/stm32g4xx_hal_tim_ex.c **** 
ARM GAS  C:\Users\Booster\AppData\Local\Temp\ccs9w8jc.s 			page 225


 7157              		.loc 1 3515 15 is_stmt 0 view .LVU2071
 7158 0004 0123     		movs	r3, #1
 7159 0006 80F83D30 		strb	r3, [r0, #61]
3520:Drivers/STM32G4xx_HAL_Driver/Src/stm32g4xx_hal_tim_ex.c **** #endif /* USE_HAL_TIM_REGISTER_CALLBACKS */
 7160              		.loc 1 3520 3 is_stmt 1 view .LVU2072
 7161 000a FFF7FEFF 		bl	HAL_TIMEx_CommutCallback
 7162              	.LVL528:
3522:Drivers/STM32G4xx_HAL_Driver/Src/stm32g4xx_hal_tim_ex.c **** 
 7163              		.loc 1 3522 1 is_stmt 0 view .LVU2073
 7164 000e 08BD     		pop	{r3, pc}
 7165              		.cfi_endproc
 7166              	.LFE393:
 7168              		.section	.text.HAL_TIMEx_CommutHalfCpltCallback,"ax",%progbits
 7169              		.align	1
 7170              		.weak	HAL_TIMEx_CommutHalfCpltCallback
 7171              		.syntax unified
 7172              		.thumb
 7173              		.thumb_func
 7175              	HAL_TIMEx_CommutHalfCpltCallback:
 7176              	.LVL529:
 7177              	.LFB384:
3342:Drivers/STM32G4xx_HAL_Driver/Src/stm32g4xx_hal_tim_ex.c ****   /* Prevent unused argument(s) compilation warning */
 7178              		.loc 1 3342 1 is_stmt 1 view -0
 7179              		.cfi_startproc
 7180              		@ args = 0, pretend = 0, frame = 0
 7181              		@ frame_needed = 0, uses_anonymous_args = 0
 7182              		@ link register save eliminated.
3344:Drivers/STM32G4xx_HAL_Driver/Src/stm32g4xx_hal_tim_ex.c **** 
 7183              		.loc 1 3344 3 view .LVU2075
3349:Drivers/STM32G4xx_HAL_Driver/Src/stm32g4xx_hal_tim_ex.c **** 
 7184              		.loc 1 3349 1 is_stmt 0 view .LVU2076
 7185 0000 7047     		bx	lr
 7186              		.cfi_endproc
 7187              	.LFE384:
 7189              		.section	.text.TIMEx_DMACommutationHalfCplt,"ax",%progbits
 7190              		.align	1
 7191              		.global	TIMEx_DMACommutationHalfCplt
 7192              		.syntax unified
 7193              		.thumb
 7194              		.thumb_func
 7196              	TIMEx_DMACommutationHalfCplt:
 7197              	.LVL530:
 7198              	.LFB394:
3530:Drivers/STM32G4xx_HAL_Driver/Src/stm32g4xx_hal_tim_ex.c ****   TIM_HandleTypeDef *htim = (TIM_HandleTypeDef *)((DMA_HandleTypeDef *)hdma)->Parent;
 7199              		.loc 1 3530 1 is_stmt 1 view -0
 7200              		.cfi_startproc
 7201              		@ args = 0, pretend = 0, frame = 0
 7202              		@ frame_needed = 0, uses_anonymous_args = 0
3530:Drivers/STM32G4xx_HAL_Driver/Src/stm32g4xx_hal_tim_ex.c ****   TIM_HandleTypeDef *htim = (TIM_HandleTypeDef *)((DMA_HandleTypeDef *)hdma)->Parent;
 7203              		.loc 1 3530 1 is_stmt 0 view .LVU2078
 7204 0000 08B5     		push	{r3, lr}
 7205              	.LCFI55:
 7206              		.cfi_def_cfa_offset 8
 7207              		.cfi_offset 3, -8
 7208              		.cfi_offset 14, -4
3531:Drivers/STM32G4xx_HAL_Driver/Src/stm32g4xx_hal_tim_ex.c **** 
 7209              		.loc 1 3531 3 is_stmt 1 view .LVU2079
ARM GAS  C:\Users\Booster\AppData\Local\Temp\ccs9w8jc.s 			page 226


3531:Drivers/STM32G4xx_HAL_Driver/Src/stm32g4xx_hal_tim_ex.c **** 
 7210              		.loc 1 3531 22 is_stmt 0 view .LVU2080
 7211 0002 806A     		ldr	r0, [r0, #40]
 7212              	.LVL531:
3534:Drivers/STM32G4xx_HAL_Driver/Src/stm32g4xx_hal_tim_ex.c **** 
 7213              		.loc 1 3534 3 is_stmt 1 view .LVU2081
3534:Drivers/STM32G4xx_HAL_Driver/Src/stm32g4xx_hal_tim_ex.c **** 
 7214              		.loc 1 3534 15 is_stmt 0 view .LVU2082
 7215 0004 0123     		movs	r3, #1
 7216 0006 80F83D30 		strb	r3, [r0, #61]
3539:Drivers/STM32G4xx_HAL_Driver/Src/stm32g4xx_hal_tim_ex.c **** #endif /* USE_HAL_TIM_REGISTER_CALLBACKS */
 7217              		.loc 1 3539 3 is_stmt 1 view .LVU2083
 7218 000a FFF7FEFF 		bl	HAL_TIMEx_CommutHalfCpltCallback
 7219              	.LVL532:
3541:Drivers/STM32G4xx_HAL_Driver/Src/stm32g4xx_hal_tim_ex.c **** 
 7220              		.loc 1 3541 1 is_stmt 0 view .LVU2084
 7221 000e 08BD     		pop	{r3, pc}
 7222              		.cfi_endproc
 7223              	.LFE394:
 7225              		.section	.text.HAL_TIMEx_BreakCallback,"ax",%progbits
 7226              		.align	1
 7227              		.weak	HAL_TIMEx_BreakCallback
 7228              		.syntax unified
 7229              		.thumb
 7230              		.thumb_func
 7232              	HAL_TIMEx_BreakCallback:
 7233              	.LVL533:
 7234              	.LFB385:
3357:Drivers/STM32G4xx_HAL_Driver/Src/stm32g4xx_hal_tim_ex.c ****   /* Prevent unused argument(s) compilation warning */
 7235              		.loc 1 3357 1 is_stmt 1 view -0
 7236              		.cfi_startproc
 7237              		@ args = 0, pretend = 0, frame = 0
 7238              		@ frame_needed = 0, uses_anonymous_args = 0
 7239              		@ link register save eliminated.
3359:Drivers/STM32G4xx_HAL_Driver/Src/stm32g4xx_hal_tim_ex.c **** 
 7240              		.loc 1 3359 3 view .LVU2086
3364:Drivers/STM32G4xx_HAL_Driver/Src/stm32g4xx_hal_tim_ex.c **** 
 7241              		.loc 1 3364 1 is_stmt 0 view .LVU2087
 7242 0000 7047     		bx	lr
 7243              		.cfi_endproc
 7244              	.LFE385:
 7246              		.section	.text.HAL_TIMEx_Break2Callback,"ax",%progbits
 7247              		.align	1
 7248              		.weak	HAL_TIMEx_Break2Callback
 7249              		.syntax unified
 7250              		.thumb
 7251              		.thumb_func
 7253              	HAL_TIMEx_Break2Callback:
 7254              	.LVL534:
 7255              	.LFB386:
3372:Drivers/STM32G4xx_HAL_Driver/Src/stm32g4xx_hal_tim_ex.c ****   /* Prevent unused argument(s) compilation warning */
 7256              		.loc 1 3372 1 is_stmt 1 view -0
 7257              		.cfi_startproc
 7258              		@ args = 0, pretend = 0, frame = 0
 7259              		@ frame_needed = 0, uses_anonymous_args = 0
 7260              		@ link register save eliminated.
3374:Drivers/STM32G4xx_HAL_Driver/Src/stm32g4xx_hal_tim_ex.c **** 
ARM GAS  C:\Users\Booster\AppData\Local\Temp\ccs9w8jc.s 			page 227


 7261              		.loc 1 3374 3 view .LVU2089
3379:Drivers/STM32G4xx_HAL_Driver/Src/stm32g4xx_hal_tim_ex.c **** 
 7262              		.loc 1 3379 1 is_stmt 0 view .LVU2090
 7263 0000 7047     		bx	lr
 7264              		.cfi_endproc
 7265              	.LFE386:
 7267              		.section	.text.HAL_TIMEx_EncoderIndexCallback,"ax",%progbits
 7268              		.align	1
 7269              		.weak	HAL_TIMEx_EncoderIndexCallback
 7270              		.syntax unified
 7271              		.thumb
 7272              		.thumb_func
 7274              	HAL_TIMEx_EncoderIndexCallback:
 7275              	.LVL535:
 7276              	.LFB387:
3387:Drivers/STM32G4xx_HAL_Driver/Src/stm32g4xx_hal_tim_ex.c ****   /* Prevent unused argument(s) compilation warning */
 7277              		.loc 1 3387 1 is_stmt 1 view -0
 7278              		.cfi_startproc
 7279              		@ args = 0, pretend = 0, frame = 0
 7280              		@ frame_needed = 0, uses_anonymous_args = 0
 7281              		@ link register save eliminated.
3389:Drivers/STM32G4xx_HAL_Driver/Src/stm32g4xx_hal_tim_ex.c **** 
 7282              		.loc 1 3389 3 view .LVU2092
3394:Drivers/STM32G4xx_HAL_Driver/Src/stm32g4xx_hal_tim_ex.c **** 
 7283              		.loc 1 3394 1 is_stmt 0 view .LVU2093
 7284 0000 7047     		bx	lr
 7285              		.cfi_endproc
 7286              	.LFE387:
 7288              		.section	.text.HAL_TIMEx_DirectionChangeCallback,"ax",%progbits
 7289              		.align	1
 7290              		.weak	HAL_TIMEx_DirectionChangeCallback
 7291              		.syntax unified
 7292              		.thumb
 7293              		.thumb_func
 7295              	HAL_TIMEx_DirectionChangeCallback:
 7296              	.LVL536:
 7297              	.LFB388:
3402:Drivers/STM32G4xx_HAL_Driver/Src/stm32g4xx_hal_tim_ex.c ****   /* Prevent unused argument(s) compilation warning */
 7298              		.loc 1 3402 1 is_stmt 1 view -0
 7299              		.cfi_startproc
 7300              		@ args = 0, pretend = 0, frame = 0
 7301              		@ frame_needed = 0, uses_anonymous_args = 0
 7302              		@ link register save eliminated.
3404:Drivers/STM32G4xx_HAL_Driver/Src/stm32g4xx_hal_tim_ex.c **** 
 7303              		.loc 1 3404 3 view .LVU2095
3409:Drivers/STM32G4xx_HAL_Driver/Src/stm32g4xx_hal_tim_ex.c **** 
 7304              		.loc 1 3409 1 is_stmt 0 view .LVU2096
 7305 0000 7047     		bx	lr
 7306              		.cfi_endproc
 7307              	.LFE388:
 7309              		.section	.text.HAL_TIMEx_IndexErrorCallback,"ax",%progbits
 7310              		.align	1
 7311              		.weak	HAL_TIMEx_IndexErrorCallback
 7312              		.syntax unified
 7313              		.thumb
 7314              		.thumb_func
 7316              	HAL_TIMEx_IndexErrorCallback:
ARM GAS  C:\Users\Booster\AppData\Local\Temp\ccs9w8jc.s 			page 228


 7317              	.LVL537:
 7318              	.LFB389:
3417:Drivers/STM32G4xx_HAL_Driver/Src/stm32g4xx_hal_tim_ex.c ****   /* Prevent unused argument(s) compilation warning */
 7319              		.loc 1 3417 1 is_stmt 1 view -0
 7320              		.cfi_startproc
 7321              		@ args = 0, pretend = 0, frame = 0
 7322              		@ frame_needed = 0, uses_anonymous_args = 0
 7323              		@ link register save eliminated.
3419:Drivers/STM32G4xx_HAL_Driver/Src/stm32g4xx_hal_tim_ex.c **** 
 7324              		.loc 1 3419 3 view .LVU2098
3424:Drivers/STM32G4xx_HAL_Driver/Src/stm32g4xx_hal_tim_ex.c **** 
 7325              		.loc 1 3424 1 is_stmt 0 view .LVU2099
 7326 0000 7047     		bx	lr
 7327              		.cfi_endproc
 7328              	.LFE389:
 7330              		.section	.text.HAL_TIMEx_TransitionErrorCallback,"ax",%progbits
 7331              		.align	1
 7332              		.weak	HAL_TIMEx_TransitionErrorCallback
 7333              		.syntax unified
 7334              		.thumb
 7335              		.thumb_func
 7337              	HAL_TIMEx_TransitionErrorCallback:
 7338              	.LVL538:
 7339              	.LFB390:
3432:Drivers/STM32G4xx_HAL_Driver/Src/stm32g4xx_hal_tim_ex.c ****   /* Prevent unused argument(s) compilation warning */
 7340              		.loc 1 3432 1 is_stmt 1 view -0
 7341              		.cfi_startproc
 7342              		@ args = 0, pretend = 0, frame = 0
 7343              		@ frame_needed = 0, uses_anonymous_args = 0
 7344              		@ link register save eliminated.
3434:Drivers/STM32G4xx_HAL_Driver/Src/stm32g4xx_hal_tim_ex.c **** 
 7345              		.loc 1 3434 3 view .LVU2101
3439:Drivers/STM32G4xx_HAL_Driver/Src/stm32g4xx_hal_tim_ex.c **** 
 7346              		.loc 1 3439 1 is_stmt 0 view .LVU2102
 7347 0000 7047     		bx	lr
 7348              		.cfi_endproc
 7349              	.LFE390:
 7351              		.section	.text.HAL_TIMEx_HallSensor_GetState,"ax",%progbits
 7352              		.align	1
 7353              		.global	HAL_TIMEx_HallSensor_GetState
 7354              		.syntax unified
 7355              		.thumb
 7356              		.thumb_func
 7358              	HAL_TIMEx_HallSensor_GetState:
 7359              	.LVL539:
 7360              	.LFB391:
3466:Drivers/STM32G4xx_HAL_Driver/Src/stm32g4xx_hal_tim_ex.c ****   return htim->State;
 7361              		.loc 1 3466 1 is_stmt 1 view -0
 7362              		.cfi_startproc
 7363              		@ args = 0, pretend = 0, frame = 0
 7364              		@ frame_needed = 0, uses_anonymous_args = 0
 7365              		@ link register save eliminated.
3467:Drivers/STM32G4xx_HAL_Driver/Src/stm32g4xx_hal_tim_ex.c **** }
 7366              		.loc 1 3467 3 view .LVU2104
3467:Drivers/STM32G4xx_HAL_Driver/Src/stm32g4xx_hal_tim_ex.c **** }
 7367              		.loc 1 3467 14 is_stmt 0 view .LVU2105
 7368 0000 90F83D00 		ldrb	r0, [r0, #61]	@ zero_extendqisi2
ARM GAS  C:\Users\Booster\AppData\Local\Temp\ccs9w8jc.s 			page 229


 7369              	.LVL540:
3468:Drivers/STM32G4xx_HAL_Driver/Src/stm32g4xx_hal_tim_ex.c **** 
 7370              		.loc 1 3468 1 view .LVU2106
 7371 0004 7047     		bx	lr
 7372              		.cfi_endproc
 7373              	.LFE391:
 7375              		.section	.text.HAL_TIMEx_GetChannelNState,"ax",%progbits
 7376              		.align	1
 7377              		.global	HAL_TIMEx_GetChannelNState
 7378              		.syntax unified
 7379              		.thumb
 7380              		.thumb_func
 7382              	HAL_TIMEx_GetChannelNState:
 7383              	.LVL541:
 7384              	.LFB392:
3482:Drivers/STM32G4xx_HAL_Driver/Src/stm32g4xx_hal_tim_ex.c ****   HAL_TIM_ChannelStateTypeDef channel_state;
 7385              		.loc 1 3482 1 is_stmt 1 view -0
 7386              		.cfi_startproc
 7387              		@ args = 0, pretend = 0, frame = 0
 7388              		@ frame_needed = 0, uses_anonymous_args = 0
 7389              		@ link register save eliminated.
3483:Drivers/STM32G4xx_HAL_Driver/Src/stm32g4xx_hal_tim_ex.c **** 
 7390              		.loc 1 3483 3 view .LVU2108
3486:Drivers/STM32G4xx_HAL_Driver/Src/stm32g4xx_hal_tim_ex.c **** 
 7391              		.loc 1 3486 3 view .LVU2109
3488:Drivers/STM32G4xx_HAL_Driver/Src/stm32g4xx_hal_tim_ex.c **** 
 7392              		.loc 1 3488 3 view .LVU2110
3488:Drivers/STM32G4xx_HAL_Driver/Src/stm32g4xx_hal_tim_ex.c **** 
 7393              		.loc 1 3488 19 is_stmt 0 view .LVU2111
 7394 0000 19B9     		cbnz	r1, .L572
3488:Drivers/STM32G4xx_HAL_Driver/Src/stm32g4xx_hal_tim_ex.c **** 
 7395              		.loc 1 3488 19 discriminator 1 view .LVU2112
 7396 0002 90F84400 		ldrb	r0, [r0, #68]	@ zero_extendqisi2
 7397              	.LVL542:
3488:Drivers/STM32G4xx_HAL_Driver/Src/stm32g4xx_hal_tim_ex.c **** 
 7398              		.loc 1 3488 19 discriminator 1 view .LVU2113
 7399 0006 C0B2     		uxtb	r0, r0
 7400 0008 7047     		bx	lr
 7401              	.LVL543:
 7402              	.L572:
3488:Drivers/STM32G4xx_HAL_Driver/Src/stm32g4xx_hal_tim_ex.c **** 
 7403              		.loc 1 3488 19 discriminator 2 view .LVU2114
 7404 000a 0429     		cmp	r1, #4
 7405 000c 05D0     		beq	.L576
3488:Drivers/STM32G4xx_HAL_Driver/Src/stm32g4xx_hal_tim_ex.c **** 
 7406              		.loc 1 3488 19 discriminator 5 view .LVU2115
 7407 000e 0829     		cmp	r1, #8
 7408 0010 07D0     		beq	.L577
3488:Drivers/STM32G4xx_HAL_Driver/Src/stm32g4xx_hal_tim_ex.c **** 
 7409              		.loc 1 3488 19 discriminator 8 view .LVU2116
 7410 0012 90F84700 		ldrb	r0, [r0, #71]	@ zero_extendqisi2
 7411              	.LVL544:
3488:Drivers/STM32G4xx_HAL_Driver/Src/stm32g4xx_hal_tim_ex.c **** 
 7412              		.loc 1 3488 19 discriminator 8 view .LVU2117
 7413 0016 C0B2     		uxtb	r0, r0
 7414              	.LVL545:
3490:Drivers/STM32G4xx_HAL_Driver/Src/stm32g4xx_hal_tim_ex.c **** }
ARM GAS  C:\Users\Booster\AppData\Local\Temp\ccs9w8jc.s 			page 230


 7415              		.loc 1 3490 3 is_stmt 1 discriminator 8 view .LVU2118
3491:Drivers/STM32G4xx_HAL_Driver/Src/stm32g4xx_hal_tim_ex.c **** /**
 7416              		.loc 1 3491 1 is_stmt 0 discriminator 8 view .LVU2119
 7417 0018 7047     		bx	lr
 7418              	.LVL546:
 7419              	.L576:
3488:Drivers/STM32G4xx_HAL_Driver/Src/stm32g4xx_hal_tim_ex.c **** 
 7420              		.loc 1 3488 19 discriminator 4 view .LVU2120
 7421 001a 90F84500 		ldrb	r0, [r0, #69]	@ zero_extendqisi2
 7422              	.LVL547:
3488:Drivers/STM32G4xx_HAL_Driver/Src/stm32g4xx_hal_tim_ex.c **** 
 7423              		.loc 1 3488 19 discriminator 4 view .LVU2121
 7424 001e C0B2     		uxtb	r0, r0
 7425 0020 7047     		bx	lr
 7426              	.LVL548:
 7427              	.L577:
3488:Drivers/STM32G4xx_HAL_Driver/Src/stm32g4xx_hal_tim_ex.c **** 
 7428              		.loc 1 3488 19 discriminator 7 view .LVU2122
 7429 0022 90F84600 		ldrb	r0, [r0, #70]	@ zero_extendqisi2
 7430              	.LVL549:
3488:Drivers/STM32G4xx_HAL_Driver/Src/stm32g4xx_hal_tim_ex.c **** 
 7431              		.loc 1 3488 19 discriminator 7 view .LVU2123
 7432 0026 C0B2     		uxtb	r0, r0
 7433 0028 7047     		bx	lr
 7434              		.cfi_endproc
 7435              	.LFE392:
 7437              		.text
 7438              	.Letext0:
 7439              		.file 2 "c:\\program files (x86)\\arm gnu toolchain arm-none-eabi\\12.3 rel1\\arm-none-eabi\\inclu
 7440              		.file 3 "c:\\program files (x86)\\arm gnu toolchain arm-none-eabi\\12.3 rel1\\arm-none-eabi\\inclu
 7441              		.file 4 "Drivers/CMSIS/Device/ST/STM32G4xx/Include/stm32g431xx.h"
 7442              		.file 5 "Drivers/CMSIS/Device/ST/STM32G4xx/Include/stm32g4xx.h"
 7443              		.file 6 "Drivers/STM32G4xx_HAL_Driver/Inc/stm32g4xx_hal_def.h"
 7444              		.file 7 "Drivers/STM32G4xx_HAL_Driver/Inc/stm32g4xx_hal_dma.h"
 7445              		.file 8 "Drivers/STM32G4xx_HAL_Driver/Inc/stm32g4xx_hal_tim.h"
 7446              		.file 9 "Drivers/STM32G4xx_HAL_Driver/Inc/stm32g4xx_hal_tim_ex.h"
 7447              		.file 10 "Drivers/STM32G4xx_HAL_Driver/Inc/stm32g4xx_hal.h"
ARM GAS  C:\Users\Booster\AppData\Local\Temp\ccs9w8jc.s 			page 231


DEFINED SYMBOLS
                            *ABS*:00000000 stm32g4xx_hal_tim_ex.c
C:\Users\Booster\AppData\Local\Temp\ccs9w8jc.s:21     .text.TIM_CCxNChannelCmd:00000000 $t
C:\Users\Booster\AppData\Local\Temp\ccs9w8jc.s:26     .text.TIM_CCxNChannelCmd:00000000 TIM_CCxNChannelCmd
C:\Users\Booster\AppData\Local\Temp\ccs9w8jc.s:64     .text.TIM_DMAErrorCCxN:00000000 $t
C:\Users\Booster\AppData\Local\Temp\ccs9w8jc.s:69     .text.TIM_DMAErrorCCxN:00000000 TIM_DMAErrorCCxN
C:\Users\Booster\AppData\Local\Temp\ccs9w8jc.s:162    .text.TIM_DMADelayPulseNCplt:00000000 $t
C:\Users\Booster\AppData\Local\Temp\ccs9w8jc.s:167    .text.TIM_DMADelayPulseNCplt:00000000 TIM_DMADelayPulseNCplt
C:\Users\Booster\AppData\Local\Temp\ccs9w8jc.s:287    .text.HAL_TIMEx_HallSensor_MspInit:00000000 $t
C:\Users\Booster\AppData\Local\Temp\ccs9w8jc.s:293    .text.HAL_TIMEx_HallSensor_MspInit:00000000 HAL_TIMEx_HallSensor_MspInit
C:\Users\Booster\AppData\Local\Temp\ccs9w8jc.s:308    .text.HAL_TIMEx_HallSensor_Init:00000000 $t
C:\Users\Booster\AppData\Local\Temp\ccs9w8jc.s:314    .text.HAL_TIMEx_HallSensor_Init:00000000 HAL_TIMEx_HallSensor_Init
C:\Users\Booster\AppData\Local\Temp\ccs9w8jc.s:534    .text.HAL_TIMEx_HallSensor_MspDeInit:00000000 $t
C:\Users\Booster\AppData\Local\Temp\ccs9w8jc.s:540    .text.HAL_TIMEx_HallSensor_MspDeInit:00000000 HAL_TIMEx_HallSensor_MspDeInit
C:\Users\Booster\AppData\Local\Temp\ccs9w8jc.s:555    .text.HAL_TIMEx_HallSensor_DeInit:00000000 $t
C:\Users\Booster\AppData\Local\Temp\ccs9w8jc.s:561    .text.HAL_TIMEx_HallSensor_DeInit:00000000 HAL_TIMEx_HallSensor_DeInit
C:\Users\Booster\AppData\Local\Temp\ccs9w8jc.s:631    .text.HAL_TIMEx_HallSensor_Start:00000000 $t
C:\Users\Booster\AppData\Local\Temp\ccs9w8jc.s:637    .text.HAL_TIMEx_HallSensor_Start:00000000 HAL_TIMEx_HallSensor_Start
C:\Users\Booster\AppData\Local\Temp\ccs9w8jc.s:800    .text.HAL_TIMEx_HallSensor_Start:000000b0 $d
C:\Users\Booster\AppData\Local\Temp\ccs9w8jc.s:806    .text.HAL_TIMEx_HallSensor_Stop:00000000 $t
C:\Users\Booster\AppData\Local\Temp\ccs9w8jc.s:812    .text.HAL_TIMEx_HallSensor_Stop:00000000 HAL_TIMEx_HallSensor_Stop
C:\Users\Booster\AppData\Local\Temp\ccs9w8jc.s:871    .text.HAL_TIMEx_HallSensor_Start_IT:00000000 $t
C:\Users\Booster\AppData\Local\Temp\ccs9w8jc.s:877    .text.HAL_TIMEx_HallSensor_Start_IT:00000000 HAL_TIMEx_HallSensor_Start_IT
C:\Users\Booster\AppData\Local\Temp\ccs9w8jc.s:1048   .text.HAL_TIMEx_HallSensor_Start_IT:000000bc $d
C:\Users\Booster\AppData\Local\Temp\ccs9w8jc.s:1054   .text.HAL_TIMEx_HallSensor_Stop_IT:00000000 $t
C:\Users\Booster\AppData\Local\Temp\ccs9w8jc.s:1060   .text.HAL_TIMEx_HallSensor_Stop_IT:00000000 HAL_TIMEx_HallSensor_Stop_IT
C:\Users\Booster\AppData\Local\Temp\ccs9w8jc.s:1124   .text.HAL_TIMEx_HallSensor_Start_DMA:00000000 $t
C:\Users\Booster\AppData\Local\Temp\ccs9w8jc.s:1130   .text.HAL_TIMEx_HallSensor_Start_DMA:00000000 HAL_TIMEx_HallSensor_Start_DMA
C:\Users\Booster\AppData\Local\Temp\ccs9w8jc.s:1324   .text.HAL_TIMEx_HallSensor_Start_DMA:000000d4 $d
C:\Users\Booster\AppData\Local\Temp\ccs9w8jc.s:1333   .text.HAL_TIMEx_HallSensor_Stop_DMA:00000000 $t
C:\Users\Booster\AppData\Local\Temp\ccs9w8jc.s:1339   .text.HAL_TIMEx_HallSensor_Stop_DMA:00000000 HAL_TIMEx_HallSensor_Stop_DMA
C:\Users\Booster\AppData\Local\Temp\ccs9w8jc.s:1404   .text.HAL_TIMEx_OCN_Start:00000000 $t
C:\Users\Booster\AppData\Local\Temp\ccs9w8jc.s:1410   .text.HAL_TIMEx_OCN_Start:00000000 HAL_TIMEx_OCN_Start
C:\Users\Booster\AppData\Local\Temp\ccs9w8jc.s:1598   .text.HAL_TIMEx_OCN_Start:000000ec $d
C:\Users\Booster\AppData\Local\Temp\ccs9w8jc.s:1604   .text.HAL_TIMEx_OCN_Stop:00000000 $t
C:\Users\Booster\AppData\Local\Temp\ccs9w8jc.s:1610   .text.HAL_TIMEx_OCN_Stop:00000000 HAL_TIMEx_OCN_Stop
C:\Users\Booster\AppData\Local\Temp\ccs9w8jc.s:1707   .text.HAL_TIMEx_OCN_Start_IT:00000000 $t
C:\Users\Booster\AppData\Local\Temp\ccs9w8jc.s:1713   .text.HAL_TIMEx_OCN_Start_IT:00000000 HAL_TIMEx_OCN_Start_IT
C:\Users\Booster\AppData\Local\Temp\ccs9w8jc.s:1867   .text.HAL_TIMEx_OCN_Start_IT:000000d4 $d
C:\Users\Booster\AppData\Local\Temp\ccs9w8jc.s:1880   .text.HAL_TIMEx_OCN_Start_IT:00000108 $t
C:\Users\Booster\AppData\Local\Temp\ccs9w8jc.s:1968   .text.HAL_TIMEx_OCN_Start_IT:00000164 $d
C:\Users\Booster\AppData\Local\Temp\ccs9w8jc.s:1974   .text.HAL_TIMEx_OCN_Stop_IT:00000000 $t
C:\Users\Booster\AppData\Local\Temp\ccs9w8jc.s:1980   .text.HAL_TIMEx_OCN_Stop_IT:00000000 HAL_TIMEx_OCN_Stop_IT
C:\Users\Booster\AppData\Local\Temp\ccs9w8jc.s:2006   .text.HAL_TIMEx_OCN_Stop_IT:0000000e $d
C:\Users\Booster\AppData\Local\Temp\ccs9w8jc.s:2167   .text.HAL_TIMEx_OCN_Start_DMA:00000000 $t
C:\Users\Booster\AppData\Local\Temp\ccs9w8jc.s:2173   .text.HAL_TIMEx_OCN_Start_DMA:00000000 HAL_TIMEx_OCN_Start_DMA
C:\Users\Booster\AppData\Local\Temp\ccs9w8jc.s:2434   .text.HAL_TIMEx_OCN_Start_DMA:00000160 $d
C:\Users\Booster\AppData\Local\Temp\ccs9w8jc.s:2447   .text.HAL_TIMEx_OCN_Start_DMA:00000194 $t
C:\Users\Booster\AppData\Local\Temp\ccs9w8jc.s:2658   .text.HAL_TIMEx_OCN_Start_DMA:00000270 $d
C:\Users\Booster\AppData\Local\Temp\ccs9w8jc.s:2667   .text.HAL_TIMEx_OCN_Stop_DMA:00000000 $t
C:\Users\Booster\AppData\Local\Temp\ccs9w8jc.s:2673   .text.HAL_TIMEx_OCN_Stop_DMA:00000000 HAL_TIMEx_OCN_Stop_DMA
C:\Users\Booster\AppData\Local\Temp\ccs9w8jc.s:2698   .text.HAL_TIMEx_OCN_Stop_DMA:0000000e $d
C:\Users\Booster\AppData\Local\Temp\ccs9w8jc.s:2866   .text.HAL_TIMEx_PWMN_Start:00000000 $t
C:\Users\Booster\AppData\Local\Temp\ccs9w8jc.s:2872   .text.HAL_TIMEx_PWMN_Start:00000000 HAL_TIMEx_PWMN_Start
C:\Users\Booster\AppData\Local\Temp\ccs9w8jc.s:3060   .text.HAL_TIMEx_PWMN_Start:000000ec $d
C:\Users\Booster\AppData\Local\Temp\ccs9w8jc.s:3066   .text.HAL_TIMEx_PWMN_Stop:00000000 $t
C:\Users\Booster\AppData\Local\Temp\ccs9w8jc.s:3072   .text.HAL_TIMEx_PWMN_Stop:00000000 HAL_TIMEx_PWMN_Stop
ARM GAS  C:\Users\Booster\AppData\Local\Temp\ccs9w8jc.s 			page 232


C:\Users\Booster\AppData\Local\Temp\ccs9w8jc.s:3169   .text.HAL_TIMEx_PWMN_Start_IT:00000000 $t
C:\Users\Booster\AppData\Local\Temp\ccs9w8jc.s:3175   .text.HAL_TIMEx_PWMN_Start_IT:00000000 HAL_TIMEx_PWMN_Start_IT
C:\Users\Booster\AppData\Local\Temp\ccs9w8jc.s:3329   .text.HAL_TIMEx_PWMN_Start_IT:000000d4 $d
C:\Users\Booster\AppData\Local\Temp\ccs9w8jc.s:3342   .text.HAL_TIMEx_PWMN_Start_IT:00000108 $t
C:\Users\Booster\AppData\Local\Temp\ccs9w8jc.s:3430   .text.HAL_TIMEx_PWMN_Start_IT:00000164 $d
C:\Users\Booster\AppData\Local\Temp\ccs9w8jc.s:3436   .text.HAL_TIMEx_PWMN_Stop_IT:00000000 $t
C:\Users\Booster\AppData\Local\Temp\ccs9w8jc.s:3442   .text.HAL_TIMEx_PWMN_Stop_IT:00000000 HAL_TIMEx_PWMN_Stop_IT
C:\Users\Booster\AppData\Local\Temp\ccs9w8jc.s:3468   .text.HAL_TIMEx_PWMN_Stop_IT:0000000e $d
C:\Users\Booster\AppData\Local\Temp\ccs9w8jc.s:3629   .text.HAL_TIMEx_PWMN_Start_DMA:00000000 $t
C:\Users\Booster\AppData\Local\Temp\ccs9w8jc.s:3635   .text.HAL_TIMEx_PWMN_Start_DMA:00000000 HAL_TIMEx_PWMN_Start_DMA
C:\Users\Booster\AppData\Local\Temp\ccs9w8jc.s:3896   .text.HAL_TIMEx_PWMN_Start_DMA:00000160 $d
C:\Users\Booster\AppData\Local\Temp\ccs9w8jc.s:3909   .text.HAL_TIMEx_PWMN_Start_DMA:00000194 $t
C:\Users\Booster\AppData\Local\Temp\ccs9w8jc.s:4120   .text.HAL_TIMEx_PWMN_Start_DMA:00000270 $d
C:\Users\Booster\AppData\Local\Temp\ccs9w8jc.s:4129   .text.HAL_TIMEx_PWMN_Stop_DMA:00000000 $t
C:\Users\Booster\AppData\Local\Temp\ccs9w8jc.s:4135   .text.HAL_TIMEx_PWMN_Stop_DMA:00000000 HAL_TIMEx_PWMN_Stop_DMA
C:\Users\Booster\AppData\Local\Temp\ccs9w8jc.s:4160   .text.HAL_TIMEx_PWMN_Stop_DMA:0000000e $d
C:\Users\Booster\AppData\Local\Temp\ccs9w8jc.s:4328   .text.HAL_TIMEx_OnePulseN_Start:00000000 $t
C:\Users\Booster\AppData\Local\Temp\ccs9w8jc.s:4334   .text.HAL_TIMEx_OnePulseN_Start:00000000 HAL_TIMEx_OnePulseN_Start
C:\Users\Booster\AppData\Local\Temp\ccs9w8jc.s:4462   .text.HAL_TIMEx_OnePulseN_Stop:00000000 $t
C:\Users\Booster\AppData\Local\Temp\ccs9w8jc.s:4468   .text.HAL_TIMEx_OnePulseN_Stop:00000000 HAL_TIMEx_OnePulseN_Stop
C:\Users\Booster\AppData\Local\Temp\ccs9w8jc.s:4563   .text.HAL_TIMEx_OnePulseN_Start_IT:00000000 $t
C:\Users\Booster\AppData\Local\Temp\ccs9w8jc.s:4569   .text.HAL_TIMEx_OnePulseN_Start_IT:00000000 HAL_TIMEx_OnePulseN_Start_IT
C:\Users\Booster\AppData\Local\Temp\ccs9w8jc.s:4707   .text.HAL_TIMEx_OnePulseN_Stop_IT:00000000 $t
C:\Users\Booster\AppData\Local\Temp\ccs9w8jc.s:4713   .text.HAL_TIMEx_OnePulseN_Stop_IT:00000000 HAL_TIMEx_OnePulseN_Stop_IT
C:\Users\Booster\AppData\Local\Temp\ccs9w8jc.s:4818   .text.HAL_TIMEx_ConfigCommutEvent:00000000 $t
C:\Users\Booster\AppData\Local\Temp\ccs9w8jc.s:4824   .text.HAL_TIMEx_ConfigCommutEvent:00000000 HAL_TIMEx_ConfigCommutEvent
C:\Users\Booster\AppData\Local\Temp\ccs9w8jc.s:4967   .text.HAL_TIMEx_ConfigCommutEvent:0000009c $d
C:\Users\Booster\AppData\Local\Temp\ccs9w8jc.s:4973   .text.HAL_TIMEx_ConfigCommutEvent_IT:00000000 $t
C:\Users\Booster\AppData\Local\Temp\ccs9w8jc.s:4979   .text.HAL_TIMEx_ConfigCommutEvent_IT:00000000 HAL_TIMEx_ConfigCommutEvent_IT
C:\Users\Booster\AppData\Local\Temp\ccs9w8jc.s:5122   .text.HAL_TIMEx_ConfigCommutEvent_IT:0000009c $d
C:\Users\Booster\AppData\Local\Temp\ccs9w8jc.s:5128   .text.HAL_TIMEx_ConfigCommutEvent_DMA:00000000 $t
C:\Users\Booster\AppData\Local\Temp\ccs9w8jc.s:5134   .text.HAL_TIMEx_ConfigCommutEvent_DMA:00000000 HAL_TIMEx_ConfigCommutEvent_DMA
C:\Users\Booster\AppData\Local\Temp\ccs9w8jc.s:5295   .text.HAL_TIMEx_ConfigCommutEvent_DMA:000000b0 $d
C:\Users\Booster\AppData\Local\Temp\ccs9w8jc.s:7139   .text.TIMEx_DMACommutationCplt:00000000 TIMEx_DMACommutationCplt
C:\Users\Booster\AppData\Local\Temp\ccs9w8jc.s:7196   .text.TIMEx_DMACommutationHalfCplt:00000000 TIMEx_DMACommutationHalfCplt
C:\Users\Booster\AppData\Local\Temp\ccs9w8jc.s:5304   .text.HAL_TIMEx_MasterConfigSynchronization:00000000 $t
C:\Users\Booster\AppData\Local\Temp\ccs9w8jc.s:5310   .text.HAL_TIMEx_MasterConfigSynchronization:00000000 HAL_TIMEx_MasterConfigSynchronization
C:\Users\Booster\AppData\Local\Temp\ccs9w8jc.s:5464   .text.HAL_TIMEx_MasterConfigSynchronization:00000090 $d
C:\Users\Booster\AppData\Local\Temp\ccs9w8jc.s:5469   .text.HAL_TIMEx_ConfigBreakDeadTime:00000000 $t
C:\Users\Booster\AppData\Local\Temp\ccs9w8jc.s:5475   .text.HAL_TIMEx_ConfigBreakDeadTime:00000000 HAL_TIMEx_ConfigBreakDeadTime
C:\Users\Booster\AppData\Local\Temp\ccs9w8jc.s:5660   .text.HAL_TIMEx_ConfigBreakDeadTime:0000009c $d
C:\Users\Booster\AppData\Local\Temp\ccs9w8jc.s:5665   .text.HAL_TIMEx_ConfigBreakInput:00000000 $t
C:\Users\Booster\AppData\Local\Temp\ccs9w8jc.s:5671   .text.HAL_TIMEx_ConfigBreakInput:00000000 HAL_TIMEx_ConfigBreakInput
C:\Users\Booster\AppData\Local\Temp\ccs9w8jc.s:5720   .text.HAL_TIMEx_ConfigBreakInput:0000001e $d
C:\Users\Booster\AppData\Local\Temp\ccs9w8jc.s:5736   .text.HAL_TIMEx_ConfigBreakInput:0000002e $t
C:\Users\Booster\AppData\Local\Temp\ccs9w8jc.s:5928   .text.HAL_TIMEx_RemapConfig:00000000 $t
C:\Users\Booster\AppData\Local\Temp\ccs9w8jc.s:5934   .text.HAL_TIMEx_RemapConfig:00000000 HAL_TIMEx_RemapConfig
C:\Users\Booster\AppData\Local\Temp\ccs9w8jc.s:5983   .text.HAL_TIMEx_TISelection:00000000 $t
C:\Users\Booster\AppData\Local\Temp\ccs9w8jc.s:5989   .text.HAL_TIMEx_TISelection:00000000 HAL_TIMEx_TISelection
C:\Users\Booster\AppData\Local\Temp\ccs9w8jc.s:6019   .text.HAL_TIMEx_TISelection:00000018 $d
C:\Users\Booster\AppData\Local\Temp\ccs9w8jc.s:6139   .text.HAL_TIMEx_TISelection:00000098 $d
C:\Users\Booster\AppData\Local\Temp\ccs9w8jc.s:6144   .text.HAL_TIMEx_GroupChannel5:00000000 $t
C:\Users\Booster\AppData\Local\Temp\ccs9w8jc.s:6150   .text.HAL_TIMEx_GroupChannel5:00000000 HAL_TIMEx_GroupChannel5
C:\Users\Booster\AppData\Local\Temp\ccs9w8jc.s:6223   .text.HAL_TIMEx_DisarmBreakInput:00000000 $t
C:\Users\Booster\AppData\Local\Temp\ccs9w8jc.s:6229   .text.HAL_TIMEx_DisarmBreakInput:00000000 HAL_TIMEx_DisarmBreakInput
C:\Users\Booster\AppData\Local\Temp\ccs9w8jc.s:6316   .text.HAL_TIMEx_DisarmBreakInput:00000048 $d
C:\Users\Booster\AppData\Local\Temp\ccs9w8jc.s:6322   .text.HAL_TIMEx_ReArmBreakInput:00000000 $t
ARM GAS  C:\Users\Booster\AppData\Local\Temp\ccs9w8jc.s 			page 233


C:\Users\Booster\AppData\Local\Temp\ccs9w8jc.s:6328   .text.HAL_TIMEx_ReArmBreakInput:00000000 HAL_TIMEx_ReArmBreakInput
C:\Users\Booster\AppData\Local\Temp\ccs9w8jc.s:6473   .text.HAL_TIMEx_DitheringEnable:00000000 $t
C:\Users\Booster\AppData\Local\Temp\ccs9w8jc.s:6479   .text.HAL_TIMEx_DitheringEnable:00000000 HAL_TIMEx_DitheringEnable
C:\Users\Booster\AppData\Local\Temp\ccs9w8jc.s:6503   .text.HAL_TIMEx_DitheringDisable:00000000 $t
C:\Users\Booster\AppData\Local\Temp\ccs9w8jc.s:6509   .text.HAL_TIMEx_DitheringDisable:00000000 HAL_TIMEx_DitheringDisable
C:\Users\Booster\AppData\Local\Temp\ccs9w8jc.s:6533   .text.HAL_TIMEx_OC_ConfigPulseOnCompare:00000000 $t
C:\Users\Booster\AppData\Local\Temp\ccs9w8jc.s:6539   .text.HAL_TIMEx_OC_ConfigPulseOnCompare:00000000 HAL_TIMEx_OC_ConfigPulseOnCompare
C:\Users\Booster\AppData\Local\Temp\ccs9w8jc.s:6622   .text.HAL_TIMEx_ConfigSlaveModePreload:00000000 $t
C:\Users\Booster\AppData\Local\Temp\ccs9w8jc.s:6628   .text.HAL_TIMEx_ConfigSlaveModePreload:00000000 HAL_TIMEx_ConfigSlaveModePreload
C:\Users\Booster\AppData\Local\Temp\ccs9w8jc.s:6654   .text.HAL_TIMEx_EnableSlaveModePreload:00000000 $t
C:\Users\Booster\AppData\Local\Temp\ccs9w8jc.s:6660   .text.HAL_TIMEx_EnableSlaveModePreload:00000000 HAL_TIMEx_EnableSlaveModePreload
C:\Users\Booster\AppData\Local\Temp\ccs9w8jc.s:6684   .text.HAL_TIMEx_DisableSlaveModePreload:00000000 $t
C:\Users\Booster\AppData\Local\Temp\ccs9w8jc.s:6690   .text.HAL_TIMEx_DisableSlaveModePreload:00000000 HAL_TIMEx_DisableSlaveModePreload
C:\Users\Booster\AppData\Local\Temp\ccs9w8jc.s:6714   .text.HAL_TIMEx_EnableDeadTimePreload:00000000 $t
C:\Users\Booster\AppData\Local\Temp\ccs9w8jc.s:6720   .text.HAL_TIMEx_EnableDeadTimePreload:00000000 HAL_TIMEx_EnableDeadTimePreload
C:\Users\Booster\AppData\Local\Temp\ccs9w8jc.s:6744   .text.HAL_TIMEx_DisableDeadTimePreload:00000000 $t
C:\Users\Booster\AppData\Local\Temp\ccs9w8jc.s:6750   .text.HAL_TIMEx_DisableDeadTimePreload:00000000 HAL_TIMEx_DisableDeadTimePreload
C:\Users\Booster\AppData\Local\Temp\ccs9w8jc.s:6774   .text.HAL_TIMEx_ConfigDeadTime:00000000 $t
C:\Users\Booster\AppData\Local\Temp\ccs9w8jc.s:6780   .text.HAL_TIMEx_ConfigDeadTime:00000000 HAL_TIMEx_ConfigDeadTime
C:\Users\Booster\AppData\Local\Temp\ccs9w8jc.s:6806   .text.HAL_TIMEx_ConfigAsymmetricalDeadTime:00000000 $t
C:\Users\Booster\AppData\Local\Temp\ccs9w8jc.s:6812   .text.HAL_TIMEx_ConfigAsymmetricalDeadTime:00000000 HAL_TIMEx_ConfigAsymmetricalDeadTime
C:\Users\Booster\AppData\Local\Temp\ccs9w8jc.s:6838   .text.HAL_TIMEx_EnableAsymmetricalDeadTime:00000000 $t
C:\Users\Booster\AppData\Local\Temp\ccs9w8jc.s:6844   .text.HAL_TIMEx_EnableAsymmetricalDeadTime:00000000 HAL_TIMEx_EnableAsymmetricalDeadTime
C:\Users\Booster\AppData\Local\Temp\ccs9w8jc.s:6868   .text.HAL_TIMEx_DisableAsymmetricalDeadTime:00000000 $t
C:\Users\Booster\AppData\Local\Temp\ccs9w8jc.s:6874   .text.HAL_TIMEx_DisableAsymmetricalDeadTime:00000000 HAL_TIMEx_DisableAsymmetricalDeadTime
C:\Users\Booster\AppData\Local\Temp\ccs9w8jc.s:6898   .text.HAL_TIMEx_ConfigEncoderIndex:00000000 $t
C:\Users\Booster\AppData\Local\Temp\ccs9w8jc.s:6904   .text.HAL_TIMEx_ConfigEncoderIndex:00000000 HAL_TIMEx_ConfigEncoderIndex
C:\Users\Booster\AppData\Local\Temp\ccs9w8jc.s:6992   .text.HAL_TIMEx_EnableEncoderIndex:00000000 $t
C:\Users\Booster\AppData\Local\Temp\ccs9w8jc.s:6998   .text.HAL_TIMEx_EnableEncoderIndex:00000000 HAL_TIMEx_EnableEncoderIndex
C:\Users\Booster\AppData\Local\Temp\ccs9w8jc.s:7022   .text.HAL_TIMEx_DisableEncoderIndex:00000000 $t
C:\Users\Booster\AppData\Local\Temp\ccs9w8jc.s:7028   .text.HAL_TIMEx_DisableEncoderIndex:00000000 HAL_TIMEx_DisableEncoderIndex
C:\Users\Booster\AppData\Local\Temp\ccs9w8jc.s:7052   .text.HAL_TIMEx_EnableEncoderFirstIndex:00000000 $t
C:\Users\Booster\AppData\Local\Temp\ccs9w8jc.s:7058   .text.HAL_TIMEx_EnableEncoderFirstIndex:00000000 HAL_TIMEx_EnableEncoderFirstIndex
C:\Users\Booster\AppData\Local\Temp\ccs9w8jc.s:7082   .text.HAL_TIMEx_DisableEncoderFirstIndex:00000000 $t
C:\Users\Booster\AppData\Local\Temp\ccs9w8jc.s:7088   .text.HAL_TIMEx_DisableEncoderFirstIndex:00000000 HAL_TIMEx_DisableEncoderFirstIndex
C:\Users\Booster\AppData\Local\Temp\ccs9w8jc.s:7112   .text.HAL_TIMEx_CommutCallback:00000000 $t
C:\Users\Booster\AppData\Local\Temp\ccs9w8jc.s:7118   .text.HAL_TIMEx_CommutCallback:00000000 HAL_TIMEx_CommutCallback
C:\Users\Booster\AppData\Local\Temp\ccs9w8jc.s:7133   .text.TIMEx_DMACommutationCplt:00000000 $t
C:\Users\Booster\AppData\Local\Temp\ccs9w8jc.s:7169   .text.HAL_TIMEx_CommutHalfCpltCallback:00000000 $t
C:\Users\Booster\AppData\Local\Temp\ccs9w8jc.s:7175   .text.HAL_TIMEx_CommutHalfCpltCallback:00000000 HAL_TIMEx_CommutHalfCpltCallback
C:\Users\Booster\AppData\Local\Temp\ccs9w8jc.s:7190   .text.TIMEx_DMACommutationHalfCplt:00000000 $t
C:\Users\Booster\AppData\Local\Temp\ccs9w8jc.s:7226   .text.HAL_TIMEx_BreakCallback:00000000 $t
C:\Users\Booster\AppData\Local\Temp\ccs9w8jc.s:7232   .text.HAL_TIMEx_BreakCallback:00000000 HAL_TIMEx_BreakCallback
C:\Users\Booster\AppData\Local\Temp\ccs9w8jc.s:7247   .text.HAL_TIMEx_Break2Callback:00000000 $t
C:\Users\Booster\AppData\Local\Temp\ccs9w8jc.s:7253   .text.HAL_TIMEx_Break2Callback:00000000 HAL_TIMEx_Break2Callback
C:\Users\Booster\AppData\Local\Temp\ccs9w8jc.s:7268   .text.HAL_TIMEx_EncoderIndexCallback:00000000 $t
C:\Users\Booster\AppData\Local\Temp\ccs9w8jc.s:7274   .text.HAL_TIMEx_EncoderIndexCallback:00000000 HAL_TIMEx_EncoderIndexCallback
C:\Users\Booster\AppData\Local\Temp\ccs9w8jc.s:7289   .text.HAL_TIMEx_DirectionChangeCallback:00000000 $t
C:\Users\Booster\AppData\Local\Temp\ccs9w8jc.s:7295   .text.HAL_TIMEx_DirectionChangeCallback:00000000 HAL_TIMEx_DirectionChangeCallback
C:\Users\Booster\AppData\Local\Temp\ccs9w8jc.s:7310   .text.HAL_TIMEx_IndexErrorCallback:00000000 $t
C:\Users\Booster\AppData\Local\Temp\ccs9w8jc.s:7316   .text.HAL_TIMEx_IndexErrorCallback:00000000 HAL_TIMEx_IndexErrorCallback
C:\Users\Booster\AppData\Local\Temp\ccs9w8jc.s:7331   .text.HAL_TIMEx_TransitionErrorCallback:00000000 $t
C:\Users\Booster\AppData\Local\Temp\ccs9w8jc.s:7337   .text.HAL_TIMEx_TransitionErrorCallback:00000000 HAL_TIMEx_TransitionErrorCallback
C:\Users\Booster\AppData\Local\Temp\ccs9w8jc.s:7352   .text.HAL_TIMEx_HallSensor_GetState:00000000 $t
C:\Users\Booster\AppData\Local\Temp\ccs9w8jc.s:7358   .text.HAL_TIMEx_HallSensor_GetState:00000000 HAL_TIMEx_HallSensor_GetState
C:\Users\Booster\AppData\Local\Temp\ccs9w8jc.s:7376   .text.HAL_TIMEx_GetChannelNState:00000000 $t
C:\Users\Booster\AppData\Local\Temp\ccs9w8jc.s:7382   .text.HAL_TIMEx_GetChannelNState:00000000 HAL_TIMEx_GetChannelNState
ARM GAS  C:\Users\Booster\AppData\Local\Temp\ccs9w8jc.s 			page 234


C:\Users\Booster\AppData\Local\Temp\ccs9w8jc.s:2019   .text.HAL_TIMEx_OCN_Stop_IT:0000001b $d
C:\Users\Booster\AppData\Local\Temp\ccs9w8jc.s:2019   .text.HAL_TIMEx_OCN_Stop_IT:0000001c $t
C:\Users\Booster\AppData\Local\Temp\ccs9w8jc.s:2711   .text.HAL_TIMEx_OCN_Stop_DMA:0000001b $d
C:\Users\Booster\AppData\Local\Temp\ccs9w8jc.s:2711   .text.HAL_TIMEx_OCN_Stop_DMA:0000001c $t
C:\Users\Booster\AppData\Local\Temp\ccs9w8jc.s:3481   .text.HAL_TIMEx_PWMN_Stop_IT:0000001b $d
C:\Users\Booster\AppData\Local\Temp\ccs9w8jc.s:3481   .text.HAL_TIMEx_PWMN_Stop_IT:0000001c $t
C:\Users\Booster\AppData\Local\Temp\ccs9w8jc.s:4173   .text.HAL_TIMEx_PWMN_Stop_DMA:0000001b $d
C:\Users\Booster\AppData\Local\Temp\ccs9w8jc.s:4173   .text.HAL_TIMEx_PWMN_Stop_DMA:0000001c $t
C:\Users\Booster\AppData\Local\Temp\ccs9w8jc.s:6032   .text.HAL_TIMEx_TISelection:00000025 $d
C:\Users\Booster\AppData\Local\Temp\ccs9w8jc.s:6032   .text.HAL_TIMEx_TISelection:00000026 $t

UNDEFINED SYMBOLS
HAL_TIM_ErrorCallback
HAL_TIM_PWM_PulseFinishedCallback
TIM_Base_SetConfig
TIM_TI1_SetConfig
TIM_OC2_SetConfig
TIM_CCxChannelCmd
HAL_DMA_Start_IT
TIM_DMACaptureCplt
TIM_DMACaptureHalfCplt
TIM_DMAError
HAL_DMA_Abort_IT
TIM_DMADelayPulseHalfCplt
HAL_GetTick
TIM_ETR_SetConfig
